timestamp,auditId,actorId,action,targetType,targetId,metadata
2026-09-01T09:41:12.652Z,,MKGoW62Iuaf5KXTj3a4LyRxrsaa2,user_created,user,885rM8HENeSRjlNx2RStlKShsb02,"{""email"":""seth.afful@emma.gov.gh"",""role"":""mda_user"",""institutionId"":""mamprusi-east-municipal""}"
2026-09-01T13:43:13.725Z,,bulk-import-script,user_created,user,qo47Xs3iC1auHcD0JnpcoTzT13n2,"{""email"":""philip.eklu@bcma.gov.gh"",""role"":""mda_user"",""institutionId"":""birim-central-municipal"",""source"":""volta_serene_group56_users_import""}"
2026-09-01T13:43:17.181Z,,bulk-import-script,user_created,user,fiSruna8goZSHdYXyFiX6b8YVrS2,"{""email"":""desowu@yahoo.com"",""role"":""mda_user"",""institutionId"":""birim-central-municipal"",""source"":""volta_serene_group56_users_import""}"
2026-09-01T13:43:20.565Z,,bulk-import-script,user_created,user,wCxgVitfA4TW3Ii7rMvKMHtb8Zc2,"{""email"":""bright.owusu@bcma.gov.gh"",""role"":""mda_user"",""institutionId"":""birim-central-municipal"",""source"":""volta_serene_group56_users_import""}"
2026-09-01T13:43:23.278Z,,bulk-import-script,user_created,user,bkuVJ8Q9G7N6EMtsrEYaqjmoKjG2,"{""email"":""lord.asante@bcma.gov.gh"",""role"":""mda_user"",""institutionId"":""birim-central-municipal"",""source"":""volta_serene_group56_users_import""}"
2026-09-01T13:43:25.749Z,,bulk-import-script,user_created,user,MS5tD7aOdcRUqB8QjSLpieJqaez2,"{""email"":""victoria.lokko@bnda.gov.gh"",""role"":""mda_user"",""institutionId"":""birim-north-district"",""source"":""volta_serene_group56_users_import""}"
2026-09-01T13:43:28.234Z,,bulk-import-script,user_created,user,rkDn422iQKbbMLOJq8McSUpIYYR2,"{""email"":""emmanuel.adjalo@bnda.gov.gh"",""role"":""mda_user"",""institutionId"":""birim-north-district"",""source"":""volta_serene_group56_users_import""}"
2026-09-01T13:43:31.482Z,,bulk-import-script,user_created,user,FNGUzM3OtkgQb2IIE6GYZCOnLig1,"{""email"":""wahabu.amidu@bnda.gov.gh"",""role"":""mda_user"",""institutionId"":""birim-north-district"",""source"":""volta_serene_group56_users_import""}"
2026-09-01T13:43:34.065Z,,bulk-import-script,user_created,user,nLMOs1k3MVZJN5RyQy6quExmI9e2,"{""email"":""andytwum20@gmail.com"",""role"":""mda_user"",""institutionId"":""birim-north-district"",""source"":""volta_serene_group56_users_import""}"
2026-09-01T13:43:36.997Z,,bulk-import-script,user_created,user,1c2Iec8vcKaoaW1BeeTuhuiBfhw2,"{""email"":""gadohabib07@gmail.com"",""role"":""mda_user"",""institutionId"":""birim-south-district"",""source"":""volta_serene_group56_users_import""}"
2026-09-01T13:43:40.723Z,,bulk-import-script,user_created,user,pM3h878X9JWlwN7iDK9lCTJqt7r2,"{""email"":""adolphus.dotse@bsda.gov.gh"",""role"":""mda_user"",""institutionId"":""birim-south-district"",""source"":""volta_serene_group56_users_import""}"
2026-09-01T13:43:43.649Z,,bulk-import-script,user_created,user,iQk5kHaFTob1hrfiCMZBrw5UQJJ3,"{""email"":""mansah.oduro@bsda.gov.gh"",""role"":""mda_user"",""institutionId"":""birim-south-district"",""source"":""volta_serene_group56_users_import""}"
2026-09-01T13:43:48.255Z,,bulk-import-script,user_created,user,h93NHzsRe2bSWL3lnHAi8F0EfzB2,"{""email"":""andyadjewi@gmail.com"",""role"":""mda_user"",""institutionId"":""birim-south-district"",""source"":""volta_serene_group56_users_import""}"
2026-09-01T13:43:51.527Z,,bulk-import-script,user_created,user,KWdkiqOAWDcH9ztcVIXOnTTzM243,"{""email"":""samuel.ampoma@dda.gov.gh"",""role"":""mda_user"",""institutionId"":""denkyembuor-district"",""source"":""volta_serene_group56_users_import""}"
2026-09-01T13:43:54.050Z,,bulk-import-script,user_created,user,ZnQaSuRkzHVbXlHWrf8TLyNxV0K3,"{""email"":""danielafenya@gmail.com"",""role"":""mda_user"",""institutionId"":""denkyembuor-district"",""source"":""volta_serene_group56_users_import""}"
2026-09-01T13:43:56.590Z,,bulk-import-script,user_created,user,gSjno7EbYiff2ERc4fOZ0odLHbw2,"{""email"":""patrick.amanu@dda.gov.gh"",""role"":""mda_user"",""institutionId"":""denkyembuor-district"",""source"":""volta_serene_group56_users_import""}"
2026-09-01T13:43:58.927Z,,bulk-import-script,user_created,user,WW5ouEJWjqQ0C7YULIwfR43wn9w1,"{""email"":""eric.sackey@dda.gov.gh"",""role"":""mda_user"",""institutionId"":""denkyembuor-district"",""source"":""volta_serene_group56_users_import""}"
2026-09-01T13:44:01.250Z,,bulk-import-script,user_created,user,clzBSS9Ln4e1H1hBpdGfbMKU1Jl2,"{""email"":""joseph.bakah@fnda.gov.gh"",""role"":""mda_user"",""institutionId"":""fanteakwa-north-district"",""source"":""volta_serene_group56_users_import""}"
2026-09-01T13:44:03.654Z,,bulk-import-script,user_created,user,HUKPGvSQKjVW91b9hwl46Z0vYHF3,"{""email"":""kingsley.tetteh@fnda.gov.gh"",""role"":""mda_user"",""institutionId"":""fanteakwa-north-district"",""source"":""volta_serene_group56_users_import""}"
2026-09-01T13:44:06.063Z,,bulk-import-script,user_created,user,jHnKcbMErvRTvjWtCqP6sk34nKP2,"{""email"":""raymond.tetteh@fnda.gov.gh"",""role"":""mda_user"",""institutionId"":""fanteakwa-north-district"",""source"":""volta_serene_group56_users_import""}"
2026-09-01T13:44:08.437Z,,bulk-import-script,user_created,user,KgjlJFnbT5SrOMoOkuXAILIEZRX2,"{""email"":""michael.affanyi@fnda.gov.gh"",""role"":""mda_user"",""institutionId"":""fanteakwa-north-district"",""source"":""volta_serene_group56_users_import""}"
2026-09-01T13:44:10.696Z,,bulk-import-script,user_created,user,OtSQus7aYqb9JN0Sy270AasvQVp2,"{""email"":""daniel.boakye@fsda.gov.gh"",""role"":""mda_user"",""institutionId"":""fanteakwa-south-district"",""source"":""volta_serene_group56_users_import""}"
2026-09-01T13:44:13.134Z,,bulk-import-script,user_created,user,Tn6yRCtB0nRJY5r6rHWHZ3slv5d2,"{""email"":""ernest.yeboah@fsda.gov.gh"",""role"":""mda_user"",""institutionId"":""fanteakwa-south-district"",""source"":""volta_serene_group56_users_import""}"
2026-09-01T13:44:15.467Z,,bulk-import-script,user_created,user,y1CMUjR4B1dUrGIPla8ZzDnfIFA2,"{""email"":""mavis.dadebo@fsda.gov.gh"",""role"":""mda_user"",""institutionId"":""fanteakwa-south-district"",""source"":""volta_serene_group56_users_import""}"
2026-09-01T13:44:18.346Z,,bulk-import-script,user_created,user,pJ7klLNzpLRIYQ19xp0wN2lGOek2,"{""email"":""bertha.kafui@fsda.gov.gh"",""role"":""mda_user"",""institutionId"":""fanteakwa-south-district"",""source"":""volta_serene_group56_users_import""}"
2026-09-01T13:44:20.763Z,,bulk-import-script,user_created,user,CL1coviB0mXUphEmC1v19aamP5E3,"{""email"":""eric.eshun@kbma.gov.gh"",""role"":""mda_user"",""institutionId"":""kwaebibirem-district"",""source"":""volta_serene_group56_users_import""}"
2026-09-01T13:44:23.014Z,,bulk-import-script,user_created,user,VsmsF6QbqAVx9mXQ0rLaHLIjNrX2,"{""email"":""joana.tismark@kbma.gov.gh"",""role"":""mda_user"",""institutionId"":""kwsebibirem-district"",""source"":""volta_serene_group56_users_import""}"
2026-09-01T13:44:25.404Z,,bulk-import-script,user_created,user,3rIs75l2sGNDnJlwdvzfMeJmjPG2,"{""email"":""kojo.ayisi@kbma.gov.gh"",""role"":""mda_user"",""institutionId"":""kwaebibirem-district"",""source"":""volta_serene_group56_users_import""}"
2026-09-01T13:44:27.936Z,,bulk-import-script,user_created,user,ywKuHi9RkQOi3zZuuAmBCU7chSH3,"{""email"":""vivian.forkuoh@kbma.gov.gh"",""role"":""mda_user"",""institutionId"":""kwaebibirem-district"",""source"":""volta_serene_group56_users_import""}"
2026-09-01T13:44:30.292Z,,bulk-import-script,user_created,user,Y5YSJ5DZ4bbQQhfpRfiRd5fFm0J2,"{""email"":""prince.osei-gyamfi@kapnda.gov.gh"",""role"":""mda_user"",""institutionId"":""kwahu-afram-plains-north-district"",""source"":""volta_serene_group56_users_import""}"
2026-09-01T13:44:32.711Z,,bulk-import-script,user_created,user,P5fAw2uruQMhUf7ABVdnFrThUH92,"{""email"":""carindaddy123@gmail.com"",""role"":""mda_user"",""institutionId"":""kwahu-afram-plains-north-district"",""source"":""volta_serene_group56_users_import""}"
2026-09-01T13:44:35.889Z,,bulk-import-script,user_created,user,AY0tqo3PgAYakZRFYeiylh5OZpk2,"{""email"":""philip.adongo@kapsda.gov.gh"",""role"":""mda_user"",""institutionId"":""kwahu-afram-plains-south-district"",""source"":""volta_serene_group56_users_import""}"
2026-09-01T13:44:39.990Z,,bulk-import-script,user_created,user,ZyRbgbS7fbRNGxabq0Y1763RhFM2,"{""email"":""stephen.adomako@kapsda.gov.gh"",""role"":""mda_user"",""institutionId"":""kwahu-afram-plains-south-district"",""source"":""volta_serene_group56_users_import""}"
2026-09-01T13:44:48.833Z,,bulk-import-script,user_created,user,v77w3WtstBQCKB1LnIk5BWOwsCh2,"{""email"":""tetteh.felix@kapsda.gov.gh"",""role"":""mda_user"",""institutionId"":""kwahu-afram-plains-south-district"",""source"":""volta_serene_group56_users_import""}"
2026-09-01T13:44:51.490Z,,bulk-import-script,user_created,user,Cus292KmFxQ8u1u1XLFPEbvCjMw2,"{""email"":""francis.sagoe@kapsda.gov.gh"",""role"":""mda_user"",""institutionId"":""kwahu-afram-plains-south-district"",""source"":""volta_serene_group56_users_import""}"
2026-09-01T13:44:54.591Z,,bulk-import-script,user_created,user,rcrnIFaib3Sx9dwY3de0cXbbHh82,"{""email"":""shaibu.awudu@keda.gov.gh"",""role"":""mda_user"",""institutionId"":""kwahu-east-district"",""source"":""volta_serene_group56_users_import""}"
2026-09-01T13:44:58.038Z,,bulk-import-script,user_created,user,2FMe5Q1rCedwpeECHQxqO4THRPj2,"{""email"":""kwekustevegh@yahoo.com"",""role"":""mda_user"",""institutionId"":""kwahu-east-district"",""source"":""volta_serene_group56_users_import""}"
2026-09-01T13:45:01.346Z,,bulk-import-script,user_created,user,ze3QCHO0rbaxycrNKkpH68mH7aY2,"{""email"":""christiana.asamoah@keda.gov.gh"",""role"":""mda_user"",""institutionId"":""kwahu-east-district"",""source"":""volta_serene_group56_users_import""}"
2026-09-01T13:45:04.671Z,,bulk-import-script,user_created,user,hnFPvNd5kXfk9ndiwbMVLdzykcJ3,"{""email"":""excellencedadzie@gmail.com"",""role"":""mda_user"",""institutionId"":""kwahu-east-district"",""source"":""volta_serene_group56_users_import""}"
2026-09-01T13:45:07.866Z,,bulk-import-script,user_created,user,WjcaOLN5s7f3YX2AvArkRfn7iMv2,"{""email"":""fredua.agyemang@kwahusouth.gov.gh"",""role"":""mda_user"",""institutionId"":""kwahu-south-district"",""source"":""volta_serene_group56_users_import""}"
2026-09-01T13:45:11.020Z,,bulk-import-script,user_created,user,GaaHgLbgiSYoWo3h4LC9fFNVDen2,"{""email"":""john.boateng@kwahusouth.gov.gh"",""role"":""mda_user"",""institutionId"":""kwahu-south-district"",""source"":""volta_serene_group56_users_import""}"
2026-09-01T13:45:14.076Z,,bulk-import-script,user_created,user,al0SKVzEpEapsm3miRM7dTA19H82,"{""email"":""edemabednego@gmail.com"",""role"":""mda_user"",""institutionId"":""kwahu-south-district"",""source"":""volta_serene_group56_users_import""}"
2026-09-01T13:45:17.573Z,,bulk-import-script,user_created,user,mCfyPGG9jJN1kEP7CSGzzhjd03M2,"{""email"":""mary.quaye@kwahusouth.gov.gh"",""role"":""mda_user"",""institutionId"":""kwahu-south-district"",""source"":""volta_serene_group56_users_import""}"
2026-09-01T13:45:20.260Z,,bulk-import-script,user_created,user,BBBYoM8EybOoAQKuaHiGZUFDnPU2,"{""email"":""brightbosompim8@gmail.com"",""role"":""mda_user"",""institutionId"":""kwahu-west-district"",""source"":""volta_serene_group56_users_import""}"
2026-09-01T13:45:23.361Z,,bulk-import-script,user_created,user,SHcABLtpizg0UFcHBrYAKfPFWgI3,"{""email"":""bismark.agyei@kwahuwest.gov.gh"",""role"":""mda_user"",""institutionId"":""kwahu-west-district"",""source"":""volta_serene_group56_users_import""}"
2026-09-01T13:45:26.170Z,,bulk-import-script,user_created,user,Zd8wuL0eaBTME1opEnfnsavGI1j1,"{""email"":""abdulsalamkarim44@gmail.com"",""role"":""mda_user"",""institutionId"":""kwahu-west-district"",""source"":""volta_serene_group56_users_import""}"
2026-09-01T13:45:29.502Z,,bulk-import-script,user_created,user,0gcmyurs6dNu8eeUBBtBgVNDK9E2,"{""email"":""naalameleysheila@gmail.com"",""role"":""mda_user"",""institutionId"":""kwahu-west-district"",""source"":""volta_serene_group56_users_import""}"
2026-09-01T13:45:32.731Z,,bulk-import-script,user_created,user,667kDFFnKMQHzc06EHuToqYFK3U2,"{""email"":""sufian.mohammed@lmkma.gov.gh"",""role"":""mda_user"",""institutionId"":""lower-manya-krobo-district"",""source"":""volta_serene_group56_users_import""}"
2026-09-01T13:45:36.891Z,,bulk-import-script,user_created,user,mSeRW9lsOkQiG6n0GPYIP1bjzRE2,"{""email"":""rita.atikumah@lmkma.gov.gh"",""role"":""mda_user"",""institutionId"":""lower-manya-krobo-district"",""source"":""volta_serene_group56_users_import""}"
2026-09-01T13:45:40.229Z,,bulk-import-script,user_created,user,C8L1hKn4JtPrF8uqFaYJkBUYaak1,"{""email"":""augustina.dagbui@lmkma.gov.gh"",""role"":""mda_user"",""institutionId"":""lower-manya-krobo-district"",""source"":""volta_serene_group56_users_import""}"
2026-09-01T13:45:42.754Z,,bulk-import-script,user_created,user,1uowAMRwyzRhTfNr832miiIrupb2,"{""email"":""charlotte.obuo@lmkma.gov.gh"",""role"":""mda_user"",""institutionId"":""lower-manya-krobo-district"",""source"":""volta_serene_group56_users_import""}"
2026-09-01T13:45:45.173Z,,bulk-import-script,user_created,user,L2mxWTsNPQWlfMz6fNWZ2TOmT782,"{""email"":""drjosephkojo@gmail.com"",""role"":""mda_user"",""institutionId"":""new-juaben-north-municipal"",""source"":""volta_serene_group56_users_import""}"
2026-09-01T13:45:47.458Z,,bulk-import-script,user_created,user,xMXG8YqOQeTJcU6w6NAixSaHukq2,"{""email"":""akuaoffeibea1990@gmail.com"",""role"":""mda_user"",""institutionId"":""new-juaben-north-municipal"",""source"":""volta_serene_group56_users_import""}"
2026-09-01T13:45:51.619Z,,bulk-import-script,user_created,user,ElmBAgC13aO0tW9TIYpxHycNvLJ3,"{""email"":""maamekwabs30@gmail.com"",""role"":""mda_user"",""institutionId"":""new-juaben-north-municipal"",""source"":""volta_serene_group56_users_import""}"
2026-09-01T13:45:54.154Z,,bulk-import-script,user_created,user,xek0HLnvdCZlXZADJNjrarXJYcn2,"{""email"":""feliciaaboagye874@gmail.com"",""role"":""mda_user"",""institutionId"":""new-juaben-north-municipal"",""source"":""volta_serene_group56_users_import""}"
2026-09-01T13:45:57.883Z,,bulk-import-script,user_created,user,QPNzbZJDglaaXbDX8b4ON3x7O9G2,"{""email"":""agyeibea27@gmail.com"",""role"":""mda_user"",""institutionId"":""new-juaben-south-municipal"",""source"":""volta_serene_group56_users_import""}"
2026-09-01T13:46:00.251Z,,bulk-import-script,user_created,user,KL63EO6c56XGXTe53IwvCTd03SQ2,"{""email"":""preciousagyei9@gmail.com"",""role"":""mda_user"",""institutionId"":""new-juaben-south-municipal"",""source"":""volta_serene_group56_users_import""}"
2026-09-01T13:46:02.725Z,,bulk-import-script,user_created,user,5ruuP9wHTGOvGFim4xkMmWxqkoz2,"{""email"":""medindeama@gmail.com"",""role"":""mda_user"",""institutionId"":""new-juaben-south-municipal"",""source"":""volta_serene_group56_users_import""}"
2026-09-01T13:46:05.276Z,,bulk-import-script,user_created,user,9vgItEW7EtOjXvu1HSQZVSXVXNh1,"{""email"":""joanphyliss@gmail.com"",""role"":""mda_user"",""institutionId"":""new-juaben-south-municipal"",""source"":""volta_serene_group56_users_import""}"
2026-09-01T13:46:07.672Z,,bulk-import-script,user_created,user,ejLkjRFgZ3OFOl4acGjWZGcszav2,"{""email"":""annettenyarko3@gmail.com"",""role"":""mda_user"",""institutionId"":""nsawam-adoagyiri-municipal"",""source"":""volta_serene_group56_users_import""}"
2026-09-01T13:46:10.817Z,,bulk-import-script,user_created,user,uY0hjXrsDPYOGpN6P6GPtiwOQOQ2,"{""email"":""adatoradjeidaniel@gmail.com"",""role"":""mda_user"",""institutionId"":""nsawam-adoagyiri-municipal"",""source"":""volta_serene_group56_users_import""}"
2026-09-01T13:46:13.963Z,,bulk-import-script,user_created,user,ZTNghs8fo5VBQjLITWTJdNA5lUS2,"{""email"":""samiratamim69@gmail.com"",""role"":""mda_user"",""institutionId"":""nsawam-adoagyiri-municipal"",""source"":""volta_serene_group56_users_import""}"
2026-09-01T13:46:16.579Z,,bulk-import-script,user_created,user,rAoOPeCtYLVdMksSPvCbcMX4PD72,"{""email"":""nyarkohans36@gmail.com"",""role"":""mda_user"",""institutionId"":""nsawam-adoagyiri-municipal"",""source"":""volta_serene_group56_users_import""}"
2026-09-01T13:46:18.799Z,,bulk-import-script,user_created,user,LruIeDRzIGTHeULvkdukEmfy0zi2,"{""email"":""kofi.eshun@okda.gov.gh"",""role"":""mda_user"",""institutionId"":""okere-district"",""source"":""volta_serene_group56_users_import""}"
2026-09-01T13:46:22.896Z,,bulk-import-script,user_created,user,qvIahuoOfGaf8t2RL2MS7b2vrtm1,"{""email"":""theophilus.asare@okda.gov.gh"",""role"":""mda_user"",""institutionId"":""okere-district"",""source"":""volta_serene_group56_users_import""}"
2026-09-01T13:46:26.002Z,,bulk-import-script,user_created,user,xeLR9x3rWbdqhi5vwHSTD8eXMH12,"{""email"":""lydia.adubea@okda.gov.gh"",""role"":""mda_user"",""institutionId"":""okere-district"",""source"":""volta_serene_group56_users_import""}"
2026-09-01T13:46:28.354Z,,bulk-import-script,user_created,user,5AvZcDK8iJc0JcUXRcC6vr2c0PN2,"{""email"":""emmanuel.adjei@okda.gov.gh"",""role"":""mda_user"",""institutionId"":""okere-district"",""source"":""volta_serene_group56_users_import""}"
2026-09-01T13:46:31.079Z,,bulk-import-script,user_created,user,sMvY0793tHcjAibZDKn1HBGPBBP2,"{""email"":""eric.donkor@suma.gov.gh"",""role"":""mda_user"",""institutionId"":""suhum-district"",""source"":""volta_serene_group56_users_import""}"
2026-09-01T13:46:33.560Z,,bulk-import-script,user_created,user,tdwMkW2tUmaOTp5kgjoYbQjeQGD3,"{""email"":""eunice.mensah@suma.gov.gh"",""role"":""mda_user"",""institutionId"":""suhum-district"",""source"":""volta_serene_group56_users_import""}"
2026-09-01T13:46:35.901Z,,bulk-import-script,user_created,user,14cDzolRevTF1edHAr5gADTlsmJ2,"{""email"":""ebo.kwakye@suma.gov.gh"",""role"":""mda_user"",""institutionId"":""suhum-district"",""source"":""volta_serene_group56_users_import""}"
2026-09-01T13:46:38.357Z,,bulk-import-script,user_created,user,L3tBabMaLWTE0BZYmWmFgxuVrSW2,"{""email"":""abraham.gyebi@suma.gov.gh"",""role"":""mda_user"",""institutionId"":""suhum-district"",""source"":""volta_serene_group56_users_import""}"
2026-09-01T13:46:41.317Z,,bulk-import-script,user_created,user,HOTvyjEP0qQrkpcGxrLriTrVnEE2,"{""email"":""owusujoycelyn69@gmail.com"",""role"":""mda_user"",""institutionId"":""upper-manya-krobo-district"",""source"":""volta_serene_group56_users_import""}"
2026-09-01T13:46:44.048Z,,bulk-import-script,user_created,user,MQMCJf4LPubOvOd8QW7O2mTeVDy2,"{""email"":""kofitioelvisprince@gmail.com"",""role"":""mda_user"",""institutionId"":""upper-manya-krobo-district"",""source"":""volta_serene_group56_users_import""}"
2026-09-01T13:46:46.402Z,,bulk-import-script,user_created,user,QZkLKJGn9Hel4hDAPZ6C6bxh90o2,"{""email"":""myjobsonlineglobal@gmail.com"",""role"":""mda_user"",""institutionId"":""upper-manya-krobo-district"",""source"":""volta_serene_group56_users_import""}"
2026-09-01T13:46:50.657Z,,bulk-import-script,user_created,user,14GUSWekd8MtOyN82e6Ry48Aynr2,"{""email"":""makafuiowulaku@gmail.com"",""role"":""mda_user"",""institutionId"":""upper-manya-krobo-district"",""source"":""volta_serene_group56_users_import""}"
2026-09-01T13:46:53.010Z,,bulk-import-script,user_created,user,89q79GzpfyaJwYBp1DcSwdKAwye2,"{""email"":""serwaamens@gmail.com"",""role"":""mda_user"",""institutionId"":""upper-west-akyem-district"",""source"":""volta_serene_group56_users_import""}"
2026-09-01T13:46:55.186Z,,bulk-import-script,user_created,user,Wt3ZBsy1eWbWxYTACC9bBM0lakD3,"{""email"":""bethmartey@yahoo.com"",""role"":""mda_user"",""institutionId"":""upper-west-akyem-district"",""source"":""volta_serene_group56_users_import""}"
2026-09-01T13:46:59.734Z,,bulk-import-script,user_created,user,lQGAsB3epbh2ZAtFFEq4Nv2g43r1,"{""email"":""dennisbosompem1@gmail.com"",""role"":""mda_user"",""institutionId"":""upper-west-akyem-district"",""source"":""volta_serene_group56_users_import""}"
2026-09-01T13:47:02.133Z,,bulk-import-script,user_created,user,BaBZ1AxSFnVVsoVyEKcmlRLOS832,"{""email"":""fdazugo@gmail.com"",""role"":""mda_user"",""institutionId"":""upper-west-akyem-district"",""source"":""volta_serene_group56_users_import""}"
2026-09-01T13:47:04.709Z,,bulk-import-script,user_created,user,CYrQ1IAO8YMT9YAa1S7fmqUshgT2,"{""email"":""billaiddi@yahoo.com"",""role"":""mda_user"",""institutionId"":""west-akim-municipal"",""source"":""volta_serene_group56_users_import""}"
2026-09-01T13:47:07.162Z,,bulk-import-script,user_created,user,vY9nzaAYJPgxmolGbQyX4mhOpyF2,"{""email"":""reddyx2016@gmail.com"",""role"":""mda_user"",""institutionId"":""west-akim-municipal"",""source"":""volta_serene_group56_users_import""}"
2026-09-01T13:47:10.171Z,,bulk-import-script,user_created,user,aQths37huaU6Iy0bSioYXrlgcoh1,"{""email"":""maximusmensah@yahoo.com"",""role"":""mda_user"",""institutionId"":""west-akim-municipal"",""source"":""volta_serene_group56_users_import""}"
2026-09-01T13:47:12.913Z,,bulk-import-script,user_created,user,lRzwnVViMeh1hLG92Gzz8XDtZNx1,"{""email"":""baffoemarvin@gmail.com"",""role"":""mda_user"",""institutionId"":""west-akim-municipal"",""source"":""volta_serene_group56_users_import""}"
2026-09-01T13:47:15.427Z,,bulk-import-script,user_created,user,r8JS4R9PoNS5w8MUKnMsIFCK9IN2,"{""email"":""alberta.appiah@ykma.gov.gh"",""role"":""mda_user"",""institutionId"":""yilo-krobo-district"",""source"":""volta_serene_group56_users_import""}"
2026-09-01T13:47:18.690Z,,bulk-import-script,user_created,user,21GLOmfJASYno3lZ0Ma5MGwSpsv2,"{""email"":""edward.antwi@ykma.gov.gh"",""role"":""mda_user"",""institutionId"":""yilo-krobo-district"",""source"":""volta_serene_group56_users_import""}"
2026-09-01T13:47:21.894Z,,bulk-import-script,user_created,user,YBgk5raulbMjLnIEaksSp1eBl3E2,"{""email"":""caleb.nartey@ykma.gov.gh"",""role"":""mda_user"",""institutionId"":""yilo-krobo-district"",""source"":""volta_serene_group56_users_import""}"
2026-09-01T13:47:24.513Z,,bulk-import-script,user_created,user,nY0KYrzRnYV3hO5pgHU55HpLKCE3,"{""email"":""davidanim970@gmail.com"",""role"":""mda_user"",""institutionId"":""yilo-krobo-district"",""source"":""volta_serene_group56_users_import""}"
2026-09-01T17:29:03.816Z,,MKGoW62Iuaf5KXTj3a4LyRxrsaa2,user_updated,user,nLMOs1k3MVZJN5RyQy6quExmI9e2,"{""email"":""andrews.agyapong@bnda.gov.gh""}"
2026-09-01T17:30:54.565Z,,MKGoW62Iuaf5KXTj3a4LyRxrsaa2,user_updated,user,ywKuHi9RkQOi3zZuuAmBCU7chSH3,"{""name"":""Vivian Forkuoh""}"
2026-09-01T17:33:13.349Z,,MKGoW62Iuaf5KXTj3a4LyRxrsaa2,user_updated,user,fiSruna8goZSHdYXyFiX6b8YVrS2,"{""email"":""delight.ena@bcma.gov.gh""}"
2026-09-02T21:13:43.446Z,,bulk-import-script,user_created,user,jJeRDo6gtvY53C9Dcch9XQLwPAk2,"{""email"":""benjamin.sumabe@audit.gov.gh"",""role"":""mda_user"",""institutionId"":""audit-service"",""source"":""mda_users_import""}"
2026-09-02T21:13:45.905Z,,bulk-import-script,user_created,user,RNNXHZY0WcRLEqcvaqsBXwoJ4du2,"{""email"":""emmanuel.awo@audit.gov.gh"",""role"":""mda_user"",""institutionId"":""audit-service"",""source"":""mda_users_import""}"
2026-09-02T21:13:48.201Z,,bulk-import-script,user_created,user,uQUOSAJHkagWkPN01lgY8NxBIA42,"{""email"":""eugenia.nortey@audit.gov.gh"",""role"":""mda_user"",""institutionId"":""audit-service"",""source"":""mda_users_import""}"
2026-09-02T21:13:50.628Z,,bulk-import-script,user_created,user,yoynEuYgfjbV76gQLQHD7Ao9fbo2,"{""email"":""bortey.isaac-newton@audit.gov.gh"",""role"":""mda_user"",""institutionId"":""audit-service"",""source"":""mda_users_import""}"
2026-09-02T21:14:11.097Z,,bulk-import-script,user_created,user,ok6EE0Mn6vZeShhHf9cMozN0d2s1,"{""email"":""jemima.arthur@audit.gov.gh"",""role"":""mda_user"",""institutionId"":""audit-service"",""source"":""mda_users_import""}"
2026-09-02T21:14:13.564Z,,bulk-import-script,user_created,user,4UaH9sWyNAQZYzNbhOo55nbvLPT2,"{""email"":""iabdulaziz67@yahoo.com"",""role"":""mda_user"",""institutionId"":""commission-on-human-rights-and-administrative-justice"",""source"":""mda_users_import""}"
2026-09-02T21:14:16.087Z,,bulk-import-script,user_created,user,ON3BrNeb29bsmASdVztSdPDyQwH2,"{""email"":""abigail.otoo@chraj.gov.gh"",""role"":""mda_user"",""institutionId"":""commission-on-human-rights-and-administrative-justice"",""source"":""mda_users_import""}"
2026-09-02T21:14:18.377Z,,bulk-import-script,user_created,user,84MEDv0abBexADN9s73fiZOblXc2,"{""email"":""josephwhittal09@gmail.com"",""role"":""mda_user"",""institutionId"":""commission-on-human-rights-and-administrative-justice"",""source"":""mda_users_import""}"
2026-09-02T21:14:20.687Z,,bulk-import-script,user_created,user,AwBP11h1HONSladkCJ1pqkdr0Hp2,"{""email"":""akuamoah.boateng24@gmail.com"",""role"":""mda_user"",""institutionId"":""commission-on-human-rights-and-administrative-justice"",""source"":""mda_users_import""}"
2026-09-02T21:14:23.026Z,,bulk-import-script,user_created,user,k5XKd5LXv0hOB8IFg82YYPvgGUy2,"{""email"":""chris.aryeh@commonfund.gov.gh"",""role"":""mda_user"",""institutionId"":""district-assemblies-common-fund"",""source"":""mda_users_import""}"
2026-09-02T21:14:25.380Z,,bulk-import-script,user_created,user,aHCHeKgBdbTASMImHnBTDdMg5V03,"{""email"":""eugenelartey@ymail.com"",""role"":""mda_user"",""institutionId"":""district-assemblies-common-fund"",""source"":""mda_users_import""}"
2026-09-02T21:15:26.563Z,,bulk-import-script,user_created,user,aHCHeKgBdbTASMImHnBTDdMg5V03,"{""email"":""eugenelartey@ymail.com"",""role"":""mda_user"",""institutionId"":""district-assemblies-common-fund"",""source"":""mda_users_import""}"
2026-09-02T21:15:29.017Z,,bulk-import-script,user_created,user,zYg6Kwqg3haBFCF0xRJjsk9AQix1,"{""email"":""edith.sigey@commonfund.gov.gh"",""role"":""mda_user"",""institutionId"":""district-assemblies-common-fund"",""source"":""mda_users_import""}"
2026-09-02T21:15:37.818Z,,bulk-import-script,user_created,user,Ihu5GSflbAYC7AxIH01FkWfFsL32,"{""email"":""uniperso_gh@yahoo.com"",""role"":""mda_user"",""institutionId"":""district-assemblies-common-fund"",""source"":""mda_users_import""}"
2026-09-02T21:15:40.210Z,,bulk-import-script,user_created,user,WqTyoOoRP8Pg4WTDcgiUxpNtvDt2,"{""email"":""iaddolartey30@gmail.com"",""role"":""mda_user"",""institutionId"":""district-assemblies-common-fund"",""source"":""mda_users_import""}"
2026-09-02T21:15:42.747Z,,bulk-import-script,user_created,user,OHNCMaGWmrQ7Bf65gSX3Zd1eiH43,"{""email"":""eweanam.mary@gmail.com"",""role"":""mda_user"",""institutionId"":""district-assemblies-common-fund"",""source"":""mda_users_import""}"
2026-09-02T21:15:45.084Z,,bulk-import-script,user_created,user,a3KLSGk7foZZUacWAVnSVfqsIB63,"{""email"":""tinaboat44@gmail.com"",""role"":""mda_user"",""institutionId"":""electoral-commission"",""source"":""mda_users_import""}"
2026-09-02T21:15:47.427Z,,bulk-import-script,user_created,user,2gZoIW4xi3dXEitghfogg7jvgq82,"{""email"":""voteng2002@yahoo.com"",""role"":""mda_user"",""institutionId"":""electoral-commission"",""source"":""mda_users_import""}"
2026-09-02T21:15:49.691Z,,bulk-import-script,user_created,user,y8RG2Ed82yTOH3gp9YhecoRvbLS2,"{""email"":""edgar.gyawu16@gmail.com"",""role"":""mda_user"",""institutionId"":""electoral-commission"",""source"":""mda_users_import""}"
2026-09-02T21:15:51.931Z,,bulk-import-script,user_created,user,oMi0cPMEY3SRRVEgkAFgtDGAzRK2,"{""email"":""evanssarpong60@gmail.com"",""role"":""mda_user"",""institutionId"":""electoral-commission"",""source"":""mda_users_import""}"
2026-09-02T21:15:54.224Z,,bulk-import-script,user_created,user,tfB6KCIycYSkZIYfgl0dD27ANtd2,"{""email"":""papaniiafarigyan@gmail.com"",""role"":""mda_user"",""institutionId"":""electoral-commission"",""source"":""mda_users_import""}"
2026-09-02T21:15:56.572Z,,bulk-import-script,user_created,user,NhXreEL3SrNzijda8f5jiLogGXJ3,"{""email"":""alexamoatey78@gmail.com"",""role"":""mda_user"",""institutionId"":""judicial-service"",""source"":""mda_users_import""}"
2026-09-02T21:15:58.905Z,,bulk-import-script,user_created,user,O0ZSNZJZRcdGmrzTQ9OXfFbEJRU2,"{""email"":""imeldadzisi1@gmail.com"",""role"":""mda_user"",""institutionId"":""judicial-service"",""source"":""mda_users_import""}"
2026-09-02T21:16:01.269Z,,bulk-import-script,user_created,user,N00PrBuOl9T3GLhwFiEuHotrBul1,"{""email"":""mbankrah11@gmail.com"",""role"":""mda_user"",""institutionId"":""judicial-service"",""source"":""mda_users_import""}"
2026-09-02T21:16:03.664Z,,bulk-import-script,user_created,user,Xh1DHqj4lRNyNRhGx1UW48NZ6UB2,"{""email"":""vofosu2001@yahoo.com"",""role"":""mda_user"",""institutionId"":""judicial-service"",""source"":""mda_users_import""}"
2026-09-02T21:16:05.954Z,,bulk-import-script,user_created,user,94IrM4nsuodRJrrbEaA0r8WMHvt2,"{""email"":""bertha.essah@lac.gov.gh"",""role"":""mda_user"",""institutionId"":""legal-aid-commission"",""source"":""mda_users_import""}"
2026-09-02T21:16:17.032Z,,bulk-import-script,user_created,user,NfRJt6wdtNfZAUen9TAlLtJixXz1,"{""email"":""edmund.foley@lac.gov.com"",""role"":""mda_user"",""institutionId"":""legal-aid-commission"",""source"":""mda_users_import""}"
2026-09-02T21:16:19.232Z,,bulk-import-script,user_created,user,HcKmrFg4a4UloUsDMOYEquztRva2,"{""email"":""loretta.lartey@lac.gov.gh"",""role"":""mda_user"",""institutionId"":""legal-aid-commission"",""source"":""mda_users_import""}"
2026-09-02T21:16:34.710Z,,bulk-import-script,user_created,user,ItnPBeQaAka2zS9iGbLYhYU5Mgk1,"{""email"":""sarah.abban@lac.gov.gh"",""role"":""mda_user"",""institutionId"":""legal-aid-commission"",""source"":""mda_users_import""}"
2026-09-02T21:16:36.993Z,,bulk-import-script,user_created,user,VutheVeydIUNTfkwLft03ZJhuLP2,"{""email"":""sammuel.apaw@lac.gov.gh"",""role"":""mda_user"",""institutionId"":""legal-aid-commission"",""source"":""mda_users_import""}"
2026-09-02T21:16:39.320Z,,bulk-import-script,user_created,user,fJrVt8wVVOhe2J14qAYm4EPXYQv1,"{""email"":""theodore.korley@lac.gov.gh"",""role"":""mda_user"",""institutionId"":""legal-aid-commission"",""source"":""mda_users_import""}"
2026-09-02T21:16:41.852Z,,bulk-import-script,user_created,user,taXcp6gSImeJoPAAs85aggNgtb02,"{""email"":""victor.bimah@lac.gov.gh"",""role"":""mda_user"",""institutionId"":""legal-aid-commission"",""source"":""mda_users_import""}"
2026-09-02T21:17:04.214Z,,bulk-import-script,user_created,user,CvvuBpzYAsUigtKeW2VNmMjRwaA3,"{""email"":""chiefdirector@moc.gov.gh"",""role"":""mda_user"",""institutionId"":""ministry-of-communication-and-decentralization"",""source"":""mda_users_import""}"
2026-09-02T21:17:06.457Z,,bulk-import-script,user_created,user,r8zpePtKVKPpB4XlBz9scxiXLuF2,"{""email"":""anthony.awuviri@meteo.gov.gh"",""role"":""mda_user"",""institutionId"":""ministry-of-communication-and-decentralization"",""source"":""mda_users_import""}"
2026-09-02T21:17:08.777Z,,bulk-import-script,user_created,user,0VnweSZup6UnZw6saPxTHeSDe852,"{""email"":""alfred.danso@moc.gov.gh"",""role"":""mda_user"",""institutionId"":""ministry-of-communication-and-decentralization"",""source"":""mda_users_import""}"
2026-09-02T21:17:11.107Z,,bulk-import-script,user_created,user,zZFuqihWgEhj8ogDyEZXFLy9rVb2,"{""email"":""austin.hesse@moc.gov.gh"",""role"":""mda_user"",""institutionId"":""ministry-of-communication-and-decentralization"",""source"":""mda_users_import""}"
2026-09-02T21:17:13.489Z,,bulk-import-script,user_created,user,IyHbalMiCRWCDZ3EtCzvisynYyD2,"{""email"":""bright.boateng@csa.gov.gh"",""role"":""mda_user"",""institutionId"":""ministry-of-communication-and-decentralization"",""source"":""mda_users_import""}"
2026-09-02T21:17:15.813Z,,bulk-import-script,user_created,user,tLrz9W0wrRbcW5b8zMWvNgPU28W2,"{""email"":""benedict.sagoe@gdnr.org.gh"",""role"":""mda_user"",""institutionId"":""ministry-of-communication-and-decentralization"",""source"":""mda_users_import""}"
2026-09-02T21:17:18.046Z,,bulk-import-script,user_created,user,Pgr7RESJiggr8Ra4FMgMgirFUUN2,"{""email"":""daniel.laryea@dataprotection.org.gh"",""role"":""mda_user"",""institutionId"":""ministry-of-communication-and-decentralization"",""source"":""mda_users_import""}"
2026-09-02T21:17:20.356Z,,bulk-import-script,user_created,user,ZYPnst2r9Vfy3jCmJbcUMIp7snp2,"{""email"":""daniel.ormano@dataprotection.org.gh"",""role"":""mda_user"",""institutionId"":""ministry-of-communication-and-decentralization"",""source"":""mda_users_import""}"
2026-09-02T21:17:29.774Z,,bulk-import-script,user_created,user,CwChUVVPoxOh2ss5fxCwOPAny613,"{""email"":""dickson.twumasi@nita.gov.gh"",""role"":""mda_user"",""institutionId"":""ministry-of-communication-and-decentralization"",""source"":""mda_users_import""}"
2026-09-02T21:17:31.900Z,,bulk-import-script,user_created,user,CTQAXB2tUXVkkiOVZpvfon0btsz2,"{""email"":""elham.gausu@gi-kace.gov.gh"",""role"":""mda_user"",""institutionId"":""ministry-of-communication-and-decentralization"",""source"":""mda_users_import""}"
2026-09-02T21:17:33.999Z,,bulk-import-script,user_created,user,AbNak3SgPkSAJcTZRuLJviAKliu1,"{""email"":""edmund.dsane@gi-kace.gov.gh"",""role"":""mda_user"",""institutionId"":""ministry-of-communication-and-decentralization"",""source"":""mda_users_import""}"
2026-09-02T21:17:49.373Z,,bulk-import-script,user_created,user,qSHHQbkP1nbOxbPtnQrGzX8NFNv1,"{""email"":""horatius.bekoe@gi-kace.gov.gh"",""role"":""mda_user"",""institutionId"":""ministry-of-communication-and-decentralization"",""source"":""mda_users_import""}"
2026-09-02T21:17:51.701Z,,bulk-import-script,user_created,user,7WujJR9N5Qce635D8Dntz8SgEN23,"{""email"":""irene.agyeman@moc.gov.gh"",""role"":""mda_user"",""institutionId"":""ministry-of-communication-and-decentralization"",""source"":""mda_users_import""}"
2026-09-02T21:17:53.789Z,,bulk-import-script,user_created,user,BSVyzYK4MzMiUit5WDSvVCJx7fJ3,"{""email"":""isaac.sam@csa.gov.gh"",""role"":""mda_user"",""institutionId"":""ministry-of-communication-and-decentralization"",""source"":""mda_users_import""}"
2026-09-02T21:17:55.893Z,,bulk-import-script,user_created,user,Z4Iu5YRx7GMCeFEaPs6pchxyQ522,"{""email"":""josephine.adams@moc.gov.gh"",""role"":""mda_user"",""institutionId"":""ministry-of-communication-and-decentralization"",""source"":""mda_users_import""}"
2026-09-02T21:18:04.832Z,,bulk-import-script,user_created,user,k0Up5oUqulNoM5cV76xDPj2ibQk2,"{""email"":""kwaku.antwi@gdnr.org.gh"",""role"":""mda_user"",""institutionId"":""ministry-of-communication-and-decentralization"",""source"":""mda_users_import""}"
2026-09-02T21:18:07.405Z,,bulk-import-script,user_created,user,Q5ueocPR1PUwm1FAnl3eWNcrY633,"{""email"":""kwadwo.boadu@gdnr.org.gh"",""role"":""mda_user"",""institutionId"":""ministry-of-communication-and-decentralization"",""source"":""mda_users_import""}"
2026-09-02T21:18:09.799Z,,bulk-import-script,user_created,user,iomf0rG1GKNxNRuVpjbocWZFuWx1,"{""email"":""magnus.amoa-bosompem@pcsrc.gov.gh"",""role"":""mda_user"",""institutionId"":""ministry-of-communication-and-decentralization"",""source"":""mda_users_import""}"
2026-09-02T21:18:12.641Z,,bulk-import-script,user_created,user,t7jcKb5lvmNP813FfvwelgHn0nZ2,"{""email"":""nana.ampomah@moc.gov.gh"",""role"":""mda_user"",""institutionId"":""ministry-of-communication-and-decentralization"",""source"":""mda_users_import""}"
2026-09-02T21:18:14.845Z,,bulk-import-script,user_created,user,Fq6qT0h4JDWa9l9bwe24EFoxRsu1,"{""email"":""nana.brempong@moc.gov.gh"",""role"":""mda_user"",""institutionId"":""ministry-of-communication-and-decentralization"",""source"":""mda_users_import""}"
2026-09-02T21:18:17.234Z,,bulk-import-script,user_created,user,K1JDFuqitLRRCiod1xjXCgUqsdB3,"{""email"":""nanayaaobuor@moc.gov.gh"",""role"":""mda_user"",""institutionId"":""ministry-of-communication-and-decentralization"",""source"":""mda_users_import""}"
2026-09-02T21:18:19.547Z,,bulk-import-script,user_created,user,BbSiFWKIScSCI8HpGqn7SNCgq852,"{""email"":""nancy.boakye-amankwah@csa.gov.gh"",""role"":""mda_user"",""institutionId"":""ministry-of-communication-and-decentralization"",""source"":""mda_users_import""}"
2026-09-02T21:18:22.060Z,,bulk-import-script,user_created,user,X0UJToifk5MGQV8A8zlWBa2f1Lr2,"{""email"":""naomi.yirenkyi@moc.gov.gh"",""role"":""mda_user"",""institutionId"":""ministry-of-communication-and-decentralization"",""source"":""mda_users_import""}"
2026-09-02T21:18:24.349Z,,bulk-import-script,user_created,user,fjbVsChJ33XUBEL3kxhxsnRBnwm1,"{""email"":""pmissinou@yahoo.com"",""role"":""mda_user"",""institutionId"":""ministry-of-communication-and-decentralization"",""source"":""mda_users_import""}"
2026-09-02T21:18:26.784Z,,bulk-import-script,user_created,user,QUEXTIjNG2VvDfiI1LV96tsn9qt2,"{""email"":""richardson.bortey@moc.gov.gh"",""role"":""mda_user"",""institutionId"":""ministry-of-communication-and-decentralization"",""source"":""mda_users_import""}"
2026-09-02T21:18:29.500Z,,bulk-import-script,user_created,user,tYCZZkPU5Udhkbz4OmsTrSkSAoi2,"{""email"":""rejoice.kwao-nmai@pcsrc.gov.gh"",""role"":""mda_user"",""institutionId"":""ministry-of-communication-and-decentralization"",""source"":""mda_users_import""}"
2026-09-02T21:18:31.709Z,,bulk-import-script,user_created,user,Jmv5N7X6OaNmuh3f8FSUDL5oMo63,"{""email"":""silvia.amoro@moc.gov.gh"",""role"":""mda_user"",""institutionId"":""ministry-of-communication-and-decentralization"",""source"":""mda_users_import""}"
2026-09-02T21:19:32.899Z,,bulk-import-script,user_created,user,Jmv5N7X6OaNmuh3f8FSUDL5oMo63,"{""email"":""silvia.amoro@moc.gov.gh"",""role"":""mda_user"",""institutionId"":""ministry-of-communication-and-decentralization"",""source"":""mda_users_import""}"
2026-09-02T21:19:35.473Z,,bulk-import-script,user_created,user,MM67gGtm4sVoiuEAKzMdC0s1YsH2,"{""email"":""samatigah@gmail.com"",""role"":""mda_user"",""institutionId"":""ministry-of-communication-and-decentralization"",""source"":""mda_users_import""}"
2026-09-02T21:19:37.824Z,,bulk-import-script,user_created,user,ZWNiGsNkzBSxzgQwldrFBg95vYd2,"{""email"":""samuel.newton@moc.gov.gh"",""role"":""mda_user"",""institutionId"":""ministry-of-communication-and-decentralization"",""source"":""mda_users_import""}"
2026-09-02T21:19:40.158Z,,bulk-import-script,user_created,user,c0kEwHntT0RoQ8CGsEhj5lrbz2F3,"{""email"":""thomas.assibi@csa.gov.gh"",""role"":""mda_user"",""institutionId"":""ministry-of-communication-and-decentralization"",""source"":""mda_users_import""}"
2026-09-02T21:19:42.662Z,,bulk-import-script,user_created,user,76MCUbOdKgfdqVkAF6qnXcnDRf63,"{""email"":""vida.opoku@nita.gov.gh"",""role"":""mda_user"",""institutionId"":""ministry-of-communication-and-decentralization"",""source"":""mda_users_import""}"
2026-09-02T21:19:45.109Z,,bulk-import-script,user_created,user,P1BZlnnkYeSw3s80iN4SBohmjUl1,"{""email"":""wisdom.donkor@gdnr.org.gh"",""role"":""mda_user"",""institutionId"":""ministry-of-communication-and-decentralization"",""source"":""mda_users_import""}"
2026-09-02T21:19:47.363Z,,bulk-import-script,user_created,user,yDfd5O56s4abi6FzfR04tejvcuZ2,"{""email"":""addotey.naa-ogoe@dataprotection.org.gh"",""role"":""mda_user"",""institutionId"":""ministry-of-communication-and-decentralization"",""source"":""mda_users_import""}"
2026-09-02T21:19:49.551Z,,bulk-import-script,user_created,user,5QdG4sO6HFUATFrFDtQAAuLHxwB3,"{""email"":""yaw.buadu@nita.gov.gh"",""role"":""mda_user"",""institutionId"":""ministry-of-communication-and-decentralization"",""source"":""mda_users_import""}"
2026-09-02T21:19:58.974Z,,bulk-import-script,user_created,user,fjSvupsk7zfjnkq50w5b3KomGoB2,"{""email"":""abena.dankwa@mod.gov.gh"",""role"":""mda_user"",""institutionId"":""ministry-of-defence"",""source"":""mda_users_import""}"
2026-09-02T21:20:01.384Z,,bulk-import-script,user_created,user,j7nZowIGwbUsAmoKuTMyb92OWPE3,"{""email"":""haruna_abdulsalam@yahoo.com"",""role"":""mda_user"",""institutionId"":""ministry-of-defence"",""source"":""mda_users_import""}"
2026-09-02T21:20:03.952Z,,bulk-import-script,user_created,user,E4fk7V6FX5fla8gnD2S072yWG9y1,"{""email"":""chrisma.trvl@yahoo.co.uk"",""role"":""mda_user"",""institutionId"":""ministry-of-defence"",""source"":""mda_users_import""}"
2026-09-02T21:20:06.205Z,,bulk-import-script,user_created,user,0JsK0lfN2ffRIlvBDBPHz6YXI893,"{""email"":""ckkpodo@gmail.com"",""role"":""mda_user"",""institutionId"":""ministry-of-defence"",""source"":""mda_users_import""}"
2026-09-02T21:20:08.508Z,,bulk-import-script,user_created,user,T3V0tldSPuYu5bJSYjOVBTDfeRy1,"{""email"":""emmanuel.kartey@mod.gov.gh"",""role"":""mda_user"",""institutionId"":""ministry-of-defence"",""source"":""mda_users_import""}"
2026-09-02T21:20:11.062Z,,bulk-import-script,user_created,user,qYD3GJJTJIVxQWwrCYtXBYMi5qn2,"{""email"":""isaac.nana-takyi@mod.gov.gh"",""role"":""mda_user"",""institutionId"":""ministry-of-defence"",""source"":""mda_users_import""}"
2026-09-02T21:20:13.639Z,,bulk-import-script,user_created,user,ivarCwxsueOqPF2SHdSWxOKIDEr2,"{""email"":""nanaamatenegyaa@gmail.com"",""role"":""mda_user"",""institutionId"":""ministry-of-defence"",""source"":""mda_users_import""}"
2026-09-02T21:20:15.960Z,,bulk-import-script,user_created,user,9gwv7NSRACYy7NcuXkRFVLAqV8v2,"{""email"":""mavis.adoko@mod.gov.gh"",""role"":""mda_user"",""institutionId"":""ministry-of-defence"",""source"":""mda_users_import""}"
2026-09-02T21:20:18.294Z,,bulk-import-script,user_created,user,lAhsVWiLenPZKRWRU6EPr0hNaJY2,"{""email"":""marvin.ankoma@mod.gov.gh"",""role"":""mda_user"",""institutionId"":""ministry-of-defence"",""source"":""mda_users_import""}"
2026-09-02T21:20:20.596Z,,bulk-import-script,user_created,user,cpaGqBURvoawPvlH76GsOpwrVt43,"{""email"":""itsmaame@gmail.com"",""role"":""mda_user"",""institutionId"":""ministry-of-defence"",""source"":""mda_users_import""}"
2026-09-02T21:20:22.952Z,,bulk-import-script,user_created,user,y1W9DCtHV4Wp0Q6ZhmCurpQ28t82,"{""email"":""monic1tee@gmail.com"",""role"":""mda_user"",""institutionId"":""ministry-of-defence"",""source"":""mda_users_import""}"
2026-09-02T21:20:25.332Z,,bulk-import-script,user_created,user,HQmdXFdMFRVPJe4a12BinGcXlht2,"{""email"":""edemtayukt@yahoo.co.uk"",""role"":""mda_user"",""institutionId"":""ministry-of-defence"",""source"":""mda_users_import""}"
2026-09-02T21:20:34.145Z,,bulk-import-script,user_created,user,139PEuZBAVdLPOn3sHa27GrSsz53,"{""email"":""jabokuro@yahoo.com"",""role"":""mda_user"",""institutionId"":""ministry-of-defence"",""source"":""mda_users_import""}"
2026-09-02T21:20:36.589Z,,bulk-import-script,user_created,user,Ju8HTvlTIeS7yz23nO9a0leAhOz1,"{""email"":""besahbuame@gmail.com"",""role"":""mda_user"",""institutionId"":""ministry-of-defence"",""source"":""mda_users_import""}"
2026-09-02T21:20:39.008Z,,bulk-import-script,user_created,user,MG4IYmaCRjfIcONLQIsHWfes4B72,"{""email"":""ajinapor@gtec.edu.gh"",""role"":""mda_user"",""institutionId"":""ministry-of-education"",""source"":""mda_users_import""}"
2026-09-02T21:20:41.367Z,,bulk-import-script,user_created,user,e5TB2wG2wTcj7PhJCZyZkAJxPg33,"{""email"":""abedenego.adomako@nacca.gov.gh"",""role"":""mda_user"",""institutionId"":""ministry-of-education"",""source"":""mda_users_import""}"
2026-09-02T21:20:43.713Z,,bulk-import-script,user_created,user,xEoNRO2S97OY5nfyANMnFlrZQQF2,"{""email"":""pomaa.antwi-dako@gbdc.gov.gh"",""role"":""mda_user"",""institutionId"":""ministry-of-education"",""source"":""mda_users_import""}"
2026-09-02T21:20:45.988Z,,bulk-import-script,user_created,user,QSnzqRmGgKOSXkzqXui7cDyjbtj1,"{""email"":""apollonius.asare@unescoghana.gov.gh"",""role"":""mda_user"",""institutionId"":""ministry-of-education"",""source"":""mda_users_import""}"
2026-09-02T21:20:48.318Z,,bulk-import-script,user_created,user,B9iHN0Y8AJay67w5uC6l6pKHW6v1,"{""email"":""anita.avad@moe.gov.gh"",""role"":""mda_user"",""institutionId"":""ministry-of-education"",""source"":""mda_users_import""}"
2026-09-02T21:20:50.672Z,,bulk-import-script,user_created,user,lCJqh6gY0SU9Z1Z6X5PrP3z5G4m2,"{""email"":""adominic@gtec.edu.gh"",""role"":""mda_user"",""institutionId"":""ministry-of-education"",""source"":""mda_users_import""}"
2026-09-02T21:20:53.069Z,,bulk-import-script,user_created,user,trDBZ5NW6KfrTaZC6LaGBmc5cm82,"{""email"":""albert.bill@ctvet.gov.gh"",""role"":""mda_user"",""institutionId"":""ministry-of-education"",""source"":""mda_users_import""}"
2026-09-02T21:20:55.462Z,,bulk-import-script,user_created,user,KuNM4wLMBGTzRXbJVczw4trXWeo1,"{""email"":""agama@gtec.edu.gh"",""role"":""mda_user"",""institutionId"":""ministry-of-education"",""source"":""mda_users_import""}"
2026-09-02T21:20:57.738Z,,bulk-import-script,user_created,user,M9a2JqecHWY61FWoHiQjZy5INa83,"{""email"":""isaac.appoh@ncca.gov.gh"",""role"":""mda_user"",""institutionId"":""ministry-of-education"",""source"":""mda_users_import""}"
2026-09-02T21:21:00.497Z,,bulk-import-script,user_created,user,FKGt9dxvZCUaYx8nLEadPXof6eb2,"{""email"":""amsaleh@waecgh.org"",""role"":""mda_user"",""institutionId"":""ministry-of-education"",""source"":""mda_users_import""}"
2026-09-02T21:21:02.774Z,,bulk-import-script,user_created,user,cfV3GG8FAKbgiDxxSA0R2Sbj1xA3,"{""email"":""prince.boateng@nacca.gov.gh"",""role"":""mda_user"",""institutionId"":""ministry-of-education"",""source"":""mda_users_import""}"
2026-09-02T21:21:05.113Z,,bulk-import-script,user_created,user,bOswD9WEsjavaUYLm0XTaQ80dqi2,"{""email"":""beatrice.sallah@ges.gov.gh"",""role"":""mda_user"",""institutionId"":""ministry-of-education"",""source"":""mda_users_import""}"
2026-09-02T21:21:07.541Z,,bulk-import-script,user_created,user,ls9q7G8m7rOQTnViApHMlBx2v2c2,"{""email"":""cephas.agboka@ctvet.gov.gh"",""role"":""mda_user"",""institutionId"":""ministry-of-education"",""source"":""mda_users_import""}"
2026-09-02T21:21:09.921Z,,bulk-import-script,user_created,user,oRQyZuaxAEanUvgp0klOOgBIOIu1,"{""email"":""budget@gtec.edu.gh"",""role"":""mda_user"",""institutionId"":""ministry-of-education"",""source"":""mda_users_import""}"
2026-09-02T21:21:12.289Z,,bulk-import-script,user_created,user,5EdzYZ9gWJTrLW4MYAa015Wewj42,"{""email"":""comfort.ofori@gtvet.gov.gh"",""role"":""mda_user"",""institutionId"":""ministry-of-education"",""source"":""mda_users_import""}"
2026-09-02T21:21:14.533Z,,bulk-import-script,user_created,user,KomWzMuS6mhquUtRTGOkUNxVppm2,"{""email"":""charity.asamoah@ctvet.gov.gh"",""role"":""mda_user"",""institutionId"":""ministry-of-education"",""source"":""mda_users_import""}"
2026-09-02T21:21:16.905Z,,bulk-import-script,user_created,user,WszW5bOnSMPzV89Hib0z8UHMEQF2,"{""email"":""catherine.ashley@gtvets.gov.gh"",""role"":""mda_user"",""institutionId"":""ministry-of-education"",""source"":""mda_users_import""}"
2026-09-02T21:21:19.133Z,,bulk-import-script,user_created,user,mw0w4E0le1NhQ1Ta9qdxVthuNmj1,"{""email"":""cazumah@waecgh.org"",""role"":""mda_user"",""institutionId"":""ministry-of-education"",""source"":""mda_users_import""}"
2026-09-02T21:21:21.536Z,,bulk-import-script,user_created,user,w9mfybKIAUU89jfHk2z7CTt1g362,"{""email"":""stella.brown@gtvets.gov.gh"",""role"":""mda_user"",""institutionId"":""ministry-of-education"",""source"":""mda_users_import""}"
2026-09-02T21:21:23.733Z,,bulk-import-script,user_created,user,nvj5zgkf43T7OF73ok9FY6ifCEt2,"{""email"":""cephas.gbekor@gtvets.gov.gh"",""role"":""mda_user"",""institutionId"":""ministry-of-education"",""source"":""mda_users_import""}"
2026-09-02T21:21:25.998Z,,bulk-import-script,user_created,user,zijp4MGE0yMLfuFgw2um31wMdEh1,"{""email"":""christian.koramoah@ges.gov.gh"",""role"":""mda_user"",""institutionId"":""ministry-of-education"",""source"":""mda_users_import""}"
2026-09-02T21:22:27.177Z,,bulk-import-script,user_created,user,zijp4MGE0yMLfuFgw2um31wMdEh1,"{""email"":""christian.koramoah@ges.gov.gh"",""role"":""mda_user"",""institutionId"":""ministry-of-education"",""source"":""mda_users_import""}"
2026-09-02T21:22:29.768Z,,bulk-import-script,user_created,user,BVXqmWh7pFYEi16u8yooYYwVFXG3,"{""email"":""caroline.kavison@gtvets.gov.gh"",""role"":""mda_user"",""institutionId"":""ministry-of-education"",""source"":""mda_users_import""}"
2026-09-02T21:22:32.014Z,,bulk-import-script,user_created,user,RogFs9oqfmNJBFPqOku2ZQOMQMl1,"{""email"":""christian.tetteh@moe.gov.gh"",""role"":""mda_user"",""institutionId"":""ministry-of-education"",""source"":""mda_users_import""}"
2026-09-02T21:22:34.285Z,,bulk-import-script,user_created,user,ofSyRtvYy4O5JwYdfYruCMW441E2,"{""email"":""charles.tetteh@cea.gov.gh"",""role"":""mda_user"",""institutionId"":""ministry-of-education"",""source"":""mda_users_import""}"
2026-09-02T21:22:36.557Z,,bulk-import-script,user_created,user,25EDKJQPB2hOmno1PKTeEYmqlml2,"{""email"":""david.amanorbrue@cea.gov.gh"",""role"":""mda_user"",""institutionId"":""ministry-of-education"",""source"":""mda_users_import""}"
2026-09-02T21:22:38.728Z,,bulk-import-script,user_created,user,pCysi7DRTAYuKI14p17c72gpGRH2,"{""email"":""emelia.akrofi-addo@cea.gov.gh"",""role"":""mda_user"",""institutionId"":""ministry-of-education"",""source"":""mda_users_import""}"
2026-09-02T21:23:39.949Z,,bulk-import-script,user_created,user,pCysi7DRTAYuKI14p17c72gpGRH2,"{""email"":""emelia.akrofi-addo@cea.gov.gh"",""role"":""mda_user"",""institutionId"":""ministry-of-education"",""source"":""mda_users_import""}"
2026-09-02T21:23:42.654Z,,bulk-import-script,user_created,user,3yojqPNRsNYfw6dlB61Nq3yMYLk1,"{""email"":""edith.ababio-amoah@unescoghana.gov.gh"",""role"":""mda_user"",""institutionId"":""ministry-of-education"",""source"":""mda_users_import""}"
2026-09-02T21:23:45.122Z,,bulk-import-script,user_created,user,EZekhs53Nyeonsjdsy30k6LyT4o2,"{""email"":""edward.appiah@nacca.gov.gh"",""role"":""mda_user"",""institutionId"":""ministry-of-education"",""source"":""mda_users_import""}"
2026-09-02T21:23:47.408Z,,bulk-import-script,user_created,user,HUdH3jzISkY9zUCF6n0p9y1ZBMo2,"{""email"":""asuinura.ernesticia@gbdc.gov.gh"",""role"":""mda_user"",""institutionId"":""ministry-of-education"",""source"":""mda_users_import""}"
2026-09-02T21:23:49.734Z,,bulk-import-script,user_created,user,AOFgPwjcTESkB6Y40L4GwLuIBrf1,"{""email"":""edoughan@gtec.edu.gh"",""role"":""mda_user"",""institutionId"":""ministry-of-education"",""source"":""mda_users_import""}"
2026-09-02T21:24:53.443Z,,bulk-import-script,user_created,user,bpe3P4hqSJOfWP0Tt2Fs5i6znZf2,"{""email"":""evert.frimpong@ges.gov.gh"",""role"":""mda_user"",""institutionId"":""ministry-of-education"",""source"":""mda_users_import""}"
2026-09-02T21:24:56.445Z,,bulk-import-script,user_created,user,REchf6cjMeY8iXXMcZUC0tABynp2,"{""email"":""egquayson@waecgh.org"",""role"":""mda_user"",""institutionId"":""ministry-of-education"",""source"":""mda_users_import""}"
2026-09-02T21:24:58.847Z,,bulk-import-script,user_created,user,7oU4xV1IIqeVssLBeFAhAyOShFC3,"{""email"":""eyeboah@gtec.edu.gh"",""role"":""mda_user"",""institutionId"":""ministry-of-education"",""source"":""mda_users_import""}"
2026-09-02T21:25:01.221Z,,bulk-import-script,user_created,user,DQfKNfEe6iSNUk3HsD4hueUw4zJ2,"{""email"":""fred.asamoah@ctvet.gov.gh"",""role"":""mda_user"",""institutionId"":""ministry-of-education"",""source"":""mda_users_import""}"
2026-09-02T21:25:03.679Z,,bulk-import-script,user_created,user,PkTbPoptWOMpQUtdl63L0W69QkK2,"{""email"":""fiifi.bruce-ghartey@gtvets.gov.gh"",""role"":""mda_user"",""institutionId"":""ministry-of-education"",""source"":""mda_users_import""}"
2026-09-02T21:25:05.995Z,,bulk-import-script,user_created,user,iZUdSRFC6kfHqIqw0DKBZ2xrBi23,"{""email"":""fnketia@gtec.edu.gh"",""role"":""mda_user"",""institutionId"":""ministry-of-education"",""source"":""mda_users_import""}"
2026-09-02T21:25:08.552Z,,bulk-import-script,user_created,user,tUc8FxDSLcf0RCElFPEg2cP0T0n2,"{""email"":""gloria.amoatey@ntc.gov.gh"",""role"":""mda_user"",""institutionId"":""ministry-of-education"",""source"":""mda_users_import""}"
2026-09-02T21:25:22.215Z,,bulk-import-script,user_created,user,u3SLKEqXndPLy6rnzlIOWYwwyFH3,"{""email"":""grace.ofosu@ges.gov.gh"",""role"":""mda_user"",""institutionId"":""ministry-of-education"",""source"":""mda_users_import""}"
2026-09-02T21:25:24.486Z,,bulk-import-script,user_created,user,ad7C8JL7lLNv4IpHsZZmICAU74P2,"{""email"":""grace.torvor@ges.gov.gh"",""role"":""mda_user"",""institutionId"":""ministry-of-education"",""source"":""mda_users_import""}"
2026-09-02T21:25:26.774Z,,bulk-import-script,user_created,user,iDI5oPDMLxVGVaQ2NC1sDCKyUTz2,"{""email"":""henrita.mensah@gtvets.gov.gh"",""role"":""mda_user"",""institutionId"":""ministry-of-education"",""source"":""mda_users_import""}"
2026-09-02T21:25:29.493Z,,bulk-import-script,user_created,user,BXtkg8oXmROb0qBYIQ7stYMeRq23,"{""email"":""jeremiah.ansah@ges.gov.gh"",""role"":""mda_user"",""institutionId"":""ministry-of-education"",""source"":""mda_users_import""}"
2026-09-02T21:25:31.771Z,,bulk-import-script,user_created,user,KmVXMWFU2OcHW1iUEZfd3nbqnX13,"{""email"":""john.asare@unescoghana.gov.gh"",""role"":""mda_user"",""institutionId"":""ministry-of-education"",""source"":""mda_users_import""}"
2026-09-02T21:25:33.989Z,,bulk-import-script,user_created,user,fai8qLVbjGU4tqf1wRHEWVfmM6C3,"{""email"":""james.omari@library.gov.gh"",""role"":""mda_user"",""institutionId"":""ministry-of-education"",""source"":""mda_users_import""}"
2026-09-02T21:25:36.302Z,,bulk-import-script,user_created,user,HHlXTdLlMvMpuVofdODNZhTxM2G3,"{""email"":""jeffrey.asiampong.baah@gtvets.gov.gh"",""role"":""mda_user"",""institutionId"":""ministry-of-education"",""source"":""mda_users_import""}"
2026-09-02T21:25:38.561Z,,bulk-import-script,user_created,user,ToBqrx80JcVX6sod0HqorOG0IHd2,"{""email"":""jemima.anokye@nss.gov.gh"",""role"":""mda_user"",""institutionId"":""ministry-of-education"",""source"":""mda_users_import""}"
2026-09-02T21:25:40.836Z,,bulk-import-script,user_created,user,fetSuZMsCgeAFPR86pCXUdLZ48p1,"{""email"":""joshua.kwawoo@gtvets.gov.gh"",""role"":""mda_user"",""institutionId"":""ministry-of-education"",""source"":""mda_users_import""}"
2026-09-02T21:25:43.135Z,,bulk-import-script,user_created,user,OQoQVivWhNf79EK5EqL39zs7Hgv1,"{""email"":""jemima.mantey@ntc.gov.gh"",""role"":""mda_user"",""institutionId"":""ministry-of-education"",""source"":""mda_users_import""}"
2026-09-02T21:25:45.341Z,,bulk-import-script,user_created,user,4J63Bo7A3KOMaeXGkoi5J80KQLj1,"{""email"":""kojo.acquah@nasia.gov.gh"",""role"":""mda_user"",""institutionId"":""ministry-of-education"",""source"":""mda_users_import""}"
2026-09-02T21:25:47.592Z,,bulk-import-script,user_created,user,shgCpq3ntBhEsVsLmlgREz81LOr1,"{""email"":""kelvin.tetteh@nss.gov.gh"",""role"":""mda_user"",""institutionId"":""ministry-of-education"",""source"":""mda_users_import""}"
2026-09-02T21:25:49.842Z,,bulk-import-script,user_created,user,AuS7Z2iRtlTHZfXEKUzh1AxyW343,"{""email"":""kennedy.wormi@gtvets.gov.gh"",""role"":""mda_user"",""institutionId"":""ministry-of-education"",""source"":""mda_users_import""}"
2026-09-02T21:25:59.848Z,,bulk-import-script,user_created,user,xDCYWQg0VlXAF5tMLciywJpKltC3,"{""email"":""lawrence.acolatse@cendlos.gov.gh"",""role"":""mda_user"",""institutionId"":""ministry-of-education"",""source"":""mda_users_import""}"
2026-09-02T21:26:02.230Z,,bulk-import-script,user_created,user,OxONCvVAMWVxvWLSJmuXqsksSIH2,"{""email"":""lawson.anaquah@ctevt.gov.gh"",""role"":""mda_user"",""institutionId"":""ministry-of-education"",""source"":""mda_users_import""}"
2026-09-02T21:26:04.528Z,,bulk-import-script,user_created,user,u7Au8oxTe4ZSjbj2IJIykjoVAnb2,"{""email"":""lois.dzamesi@ctvet.gov.gh"",""role"":""mda_user"",""institutionId"":""ministry-of-education"",""source"":""mda_users_import""}"
2026-09-02T21:26:06.791Z,,bulk-import-script,user_created,user,j5inAhEKXyOlg1KRtiQomS9c2xB2,"{""email"":""louisa.arthur@gtvets.gov.gh"",""role"":""mda_user"",""institutionId"":""ministry-of-education"",""source"":""mda_users_import""}"
2026-09-02T21:26:09.028Z,,bulk-import-script,user_created,user,S8Dur32fgmRBJz20SSdQezs3sxH2,"{""email"":""mark.benyih@ges.gov.gh"",""role"":""mda_user"",""institutionId"":""ministry-of-education"",""source"":""mda_users_import""}"
2026-09-02T21:26:11.372Z,,bulk-import-script,user_created,user,qrM9PxrFOdN1p5YEqlYYggPLQPi2,"{""email"":""marie.boateng@nasia.gov.gh"",""role"":""mda_user"",""institutionId"":""ministry-of-education"",""source"":""mda_users_import""}"
2026-09-02T21:26:13.585Z,,bulk-import-script,user_created,user,j69ZGRiMLMhJvh7JHwRSyKAU3pS2,"{""email"":""budgetsubmission@gtec.edu.gh"",""role"":""mda_user"",""institutionId"":""ministry-of-education"",""source"":""mda_users_import""}"
2026-09-02T21:26:15.824Z,,bulk-import-script,user_created,user,WHwgTAOf8BhaxyLrRRglUCy71sw2,"{""email"":""michael.kwakye@gbdc.gov.gh"",""role"":""mda_user"",""institutionId"":""ministry-of-education"",""source"":""mda_users_import""}"
2026-09-02T21:26:18.030Z,,bulk-import-script,user_created,user,n6doHdMmnCWeGtCMpFqMzjDsnkA2,"{""email"":""marian.nortey@unescoghana.gov.gh"",""role"":""mda_user"",""institutionId"":""ministry-of-education"",""source"":""mda_users_import""}"
2026-09-02T21:26:20.210Z,,bulk-import-script,user_created,user,lnUZiA43Q1NjalY6NcnInvyrutM2,"{""email"":""michael.quaique@nacca.gov.gh"",""role"":""mda_user"",""institutionId"":""ministry-of-education"",""source"":""mda_users_import""}"
2026-09-02T21:26:22.557Z,,bulk-import-script,user_created,user,0oVs7LiKIlN50kWm8tTImww9wLW2,"{""email"":""osei.assibey@nss.gov.gh"",""role"":""mda_user"",""institutionId"":""ministry-of-education"",""source"":""mda_users_import""}"
2026-09-02T21:26:24.855Z,,bulk-import-script,user_created,user,9s4eA7k222aL7E2hGiOOGCJONTi1,"{""email"":""patrick.arthur@moe.gov.gh"",""role"":""mda_user"",""institutionId"":""ministry-of-education"",""source"":""mda_users_import""}"
2026-09-02T21:26:27.122Z,,bulk-import-script,user_created,user,QnwOMBxxyVNdSqINrVpgu6T7WBY2,"{""email"":""rita.aboagye@ges.gov.gh"",""role"":""mda_user"",""institutionId"":""ministry-of-education"",""source"":""mda_users_import""}"
2026-09-02T21:26:50.533Z,,bulk-import-script,user_created,user,VUkrhmhv6lUY6D2URJwg5QTvprJ2,"{""email"":""richard.asare@library.gov.gh"",""role"":""mda_user"",""institutionId"":""ministry-of-education"",""source"":""mda_users_import""}"
2026-09-02T21:26:52.878Z,,bulk-import-script,user_created,user,Gbhko40XmkQ3GFrNaa2ammRT1Qz2,"{""email"":""rhoda.mensah@ntc.gov.gh"",""role"":""mda_user"",""institutionId"":""ministry-of-education"",""source"":""mda_users_import""}"
2026-09-02T21:26:55.222Z,,bulk-import-script,user_created,user,sV3Q6jkOwwXUzEsjrf0158TB5Ky2,"{""email"":""samoah@gtec.edu.gh"",""role"":""mda_user"",""institutionId"":""ministry-of-education"",""source"":""mda_users_import""}"
2026-09-02T21:26:57.500Z,,bulk-import-script,user_created,user,0DmGsAd4QSfnPuG3CYfIIr9Wi8u1,"{""email"":""samuel.ofori-arko@cendlos.gov.gh"",""role"":""mda_user"",""institutionId"":""ministry-of-education"",""source"":""mda_users_import""}"
2026-09-02T21:26:59.757Z,,bulk-import-script,user_created,user,7Es2HxwJdSVmXNB8JzN3rfDWAE72,"{""email"":""selorm.atsu@ges.gov.gh"",""role"":""mda_user"",""institutionId"":""ministry-of-education"",""source"":""mda_users_import""}"
2026-09-02T21:27:02.260Z,,bulk-import-script,user_created,user,U7iJXHt9RGaT80n3mGJQhPSUwdN2,"{""email"":""faith.laarie@moe.gov.gh"",""role"":""mda_user"",""institutionId"":""ministry-of-education"",""source"":""mda_users_import""}"
2026-09-02T21:27:04.677Z,,bulk-import-script,user_created,user,jAWVHFIMnuZdchviv3e62M4T6UR2,"{""email"":""stella.ntow@gtvets.gov.gh"",""role"":""mda_user"",""institutionId"":""ministry-of-education"",""source"":""mda_users_import""}"
2026-09-02T21:27:07.074Z,,bulk-import-script,user_created,user,lOd21Jbx3eX38UkpRqyzdkcGGMU2,"{""email"":""eagogo@gtec.edu.gh"",""role"":""mda_user"",""institutionId"":""ministry-of-education"",""source"":""mda_users_import""}"
2026-09-02T21:27:09.312Z,,bulk-import-script,user_created,user,6MEunTpntUhxUYf0KIFuggq1AL13,"{""email"":""yvonne.agyen-mensah@gtvets.gov.gh"",""role"":""mda_user"",""institutionId"":""ministry-of-education"",""source"":""mda_users_import""}"
2026-09-02T21:27:11.597Z,,bulk-import-script,user_created,user,yxDKQwgfb5fsOeikvyYNW1TeqE53,"{""email"":""anthony.ampong@melr.gov.gh"",""role"":""mda_user"",""institutionId"":""ministry-of-employment-and-labour-relations"",""source"":""mda_users_import""}"
2026-09-02T21:27:13.926Z,,bulk-import-script,user_created,user,5UoLYFvbHzNhGPuP1Rf0O1UkL9m2,"{""email"":""albertakwasiboakye@yahoo.com"",""role"":""mda_user"",""institutionId"":""ministry-of-employment-and-labour-relations"",""source"":""mda_users_import""}"
2026-09-02T21:28:15.623Z,,bulk-import-script,user_created,user,5UoLYFvbHzNhGPuP1Rf0O1UkL9m2,"{""email"":""albertakwasiboakye@yahoo.com"",""role"":""mda_user"",""institutionId"":""ministry-of-employment-and-labour-relations"",""source"":""mda_users_import""}"
2026-09-02T21:28:18.382Z,,bulk-import-script,user_created,user,mSpQnzoc3bN8VCSh23XLLluKHFK2,"{""email"":""alfred.kudzordzi@mdpi.gov.gh"",""role"":""mda_user"",""institutionId"":""ministry-of-employment-and-labour-relations"",""source"":""mda_users_import""}"
2026-09-02T21:28:27.727Z,,bulk-import-script,user_created,user,QLYkvvohBsO3F6DxrlArJPpkPJl2,"{""email"":""anthony.quansah@fairwages.gov.gh"",""role"":""mda_user"",""institutionId"":""ministry-of-employment-and-labour-relations"",""source"":""mda_users_import""}"
2026-09-02T21:28:30.036Z,,bulk-import-script,user_created,user,BAKOsFN0pcbl3Iakh5rqoJF97fk1,"{""email"":""charles.abbey@mdpi.gov.gh"",""role"":""mda_user"",""institutionId"":""ministry-of-employment-and-labour-relations"",""source"":""mda_users_import""}"
2026-09-02T21:28:32.833Z,,bulk-import-script,user_created,user,OOZwSsfwHvej5leEx3BjYTeNUOA2,"{""email"":""charles.agyei@dfi.gov.gh"",""role"":""mda_user"",""institutionId"":""ministry-of-employment-and-labour-relations"",""source"":""mda_users_import""}"
2026-09-02T21:28:35.541Z,,bulk-import-script,user_created,user,6QMMhW6R56OECJn3ur86sChBjYp1,"{""email"":""deborah.aboagye@melr.gov.gh"",""role"":""mda_user"",""institutionId"":""ministry-of-employment-and-labour-relations"",""source"":""mda_users_import""}"
2026-09-02T21:28:37.837Z,,bulk-import-script,user_created,user,fkpY6x2kMLTEAcjQzWrtpsty8xl1,"{""email"":""dollar.agbenu@fairwages.gov.gh"",""role"":""mda_user"",""institutionId"":""ministry-of-employment-and-labour-relations"",""source"":""mda_users_import""}"
2026-09-02T21:28:40.080Z,,bulk-import-script,user_created,user,GNb7PtnEnHRWqWoSnVojzqqXqdb2,"{""email"":""emmanuel.otutu@melr.gov.gh"",""role"":""mda_user"",""institutionId"":""ministry-of-employment-and-labour-relations"",""source"":""mda_users_import""}"
2026-09-02T21:28:42.335Z,,bulk-import-script,user_created,user,sLfGwqb5ZfSB7z5ofoThk2igzuJ2,"{""email"":""francinaad@gmail.com"",""role"":""mda_user"",""institutionId"":""ministry-of-employment-and-labour-relations"",""source"":""mda_users_import""}"
2026-09-02T21:28:44.614Z,,bulk-import-script,user_created,user,DhznFyl6JSV0EPb2PpPXQjdLUa32,"{""email"":""agyekumfranks08@gmail.com"",""role"":""mda_user"",""institutionId"":""ministry-of-employment-and-labour-relations"",""source"":""mda_users_import""}"
2026-09-02T21:28:46.887Z,,bulk-import-script,user_created,user,y1461UhcApdCbN8YkqbjEfpPNoE2,"{""email"":""george.degbor@dfi.gov.gh"",""role"":""mda_user"",""institutionId"":""ministry-of-employment-and-labour-relations"",""source"":""mda_users_import""}"
2026-09-02T21:28:49.166Z,,bulk-import-script,user_created,user,69kLXI1q3Hc3tmbz7tIlOHfhL702,"{""email"":""godwin.quansah@labourdepartment.gov.gh"",""role"":""mda_user"",""institutionId"":""ministry-of-employment-and-labour-relations"",""source"":""mda_users_import""}"
2026-09-02T21:28:51.405Z,,bulk-import-script,user_created,user,wSE4QAcKxqVezcyuuipZ90OX4i12,"{""email"":""gifty.tsatsu@melr.gov.gh"",""role"":""mda_user"",""institutionId"":""ministry-of-employment-and-labour-relations"",""source"":""mda_users_import""}"
2026-09-02T21:28:53.689Z,,bulk-import-script,user_created,user,6Czecid84faVRWTcpac1MpLszuH2,"{""email"":""harriet.banson@melr.gov.gh"",""role"":""mda_user"",""institutionId"":""ministry-of-employment-and-labour-relations"",""source"":""mda_users_import""}"
2026-09-02T21:28:55.913Z,,bulk-import-script,user_created,user,7K6qYb9LFbOGwrEo5cSBY5T6INZ2,"{""email"":""joysenyo@gmail.com"",""role"":""mda_user"",""institutionId"":""ministry-of-employment-and-labour-relations"",""source"":""mda_users_import""}"
2026-09-02T21:29:05.125Z,,bulk-import-script,user_created,user,5PJVxZFaT7cYh5cOuPCt1hg1l9j1,"{""email"":""leohesse04@gmail.com"",""role"":""mda_user"",""institutionId"":""ministry-of-employment-and-labour-relations"",""source"":""mda_users_import""}"
2026-09-02T21:29:07.036Z,,bulk-import-script,user_created,user,fn9IaMKDinQe23aVg0Mpuuu5YG43,"{""email"":""lawkuuem@gmail.com"",""role"":""mda_user"",""institutionId"":""ministry-of-employment-and-labour-relations"",""source"":""mda_users_import""}"
2026-09-02T21:29:09.013Z,,bulk-import-script,user_created,user,0KcbutVgLOVlWJ6dAtpNsz4olUw1,"{""email"":""lawrence.simpi@labourdepartment.gov.gh"",""role"":""mda_user"",""institutionId"":""ministry-of-employment-and-labour-relations"",""source"":""mda_users_import""}"
2026-09-02T21:29:11.096Z,,bulk-import-script,user_created,user,cbhpsnxRp8ccg8fSqmsnskLfWFF3,"{""email"":""matilda.aboagye@mdpi.gov.gh"",""role"":""mda_user"",""institutionId"":""ministry-of-employment-and-labour-relations"",""source"":""mda_users_import""}"
2026-09-02T21:29:13.140Z,,bulk-import-script,user_created,user,szfLwF4mBdcPlyDWhTrCCPrrW2f1,"{""email"":""misbriget@gmail.com"",""role"":""mda_user"",""institutionId"":""ministry-of-employment-and-labour-relations"",""source"":""mda_users_import""}"
2026-09-02T21:29:15.364Z,,bulk-import-script,user_created,user,PVr2BnoZ3AQ4UiJq2FiN1yXvo363,"{""email"":""rosemond.quansah@mdpi.gov.gh"",""role"":""mda_user"",""institutionId"":""ministry-of-employment-and-labour-relations"",""source"":""mda_users_import""}"
2026-09-02T21:29:17.448Z,,bulk-import-script,user_created,user,kfP2RfiTsFRhx5ZRSKNAT2DhvcC3,"{""email"":""asamoahnatty@gmail.com"",""role"":""mda_user"",""institutionId"":""ministry-of-employment-and-labour-relations"",""source"":""mda_users_import""}"
2026-09-02T21:29:19.538Z,,bulk-import-script,user_created,user,EFWnxHnk3Yem3szHhW3sUazuByC2,"{""email"":""nanaantwi2@gmail.com"",""role"":""mda_user"",""institutionId"":""ministry-of-employment-and-labour-relations"",""source"":""mda_users_import""}"
2026-09-02T21:29:21.503Z,,bulk-import-script,user_created,user,us52JmVkHNY6nr7svfpd4kVy0o82,"{""email"":""peter.prah@melr.gov.gh"",""role"":""mda_user"",""institutionId"":""ministry-of-employment-and-labour-relations"",""source"":""mda_users_import""}"
2026-09-02T21:29:23.619Z,,bulk-import-script,user_created,user,kpQGRG4RyuU6WeJJu5M3mHof5s63,"{""email"":""richard.nortey@dfi.gov.gh"",""role"":""mda_user"",""institutionId"":""ministry-of-employment-and-labour-relations"",""source"":""mda_users_import""}"
2026-09-02T21:29:25.710Z,,bulk-import-script,user_created,user,vpkFgCAwlxSJxUHk8yqQglwzJmH2,"{""email"":""hoffmanns62@yahoo.com"",""role"":""mda_user"",""institutionId"":""ministry-of-employment-and-labour-relations"",""source"":""mda_users_import""}"
2026-09-02T21:29:27.743Z,,bulk-import-script,user_created,user,m4Hcl3r3vRdv4KYsjnNCfSAD4eD3,"{""email"":""william.darlie@doc.gov.gh"",""role"":""mda_user"",""institutionId"":""ministry-of-employment-and-labour-relations"",""source"":""mda_users_import""}"
2026-09-02T21:29:29.775Z,,bulk-import-script,user_created,user,C01TtIV3iTddJ0U9Whj8GSMHaoI3,"{""email"":""zarideen.abubakar@melr.gov.gh"",""role"":""mda_user"",""institutionId"":""ministry-of-employment-and-labour-relations"",""source"":""mda_users_import""}"
2026-09-02T21:30:33.621Z,,bulk-import-script,user_created,user,g3uvB5RlxNMesuVNk9yxeQ0B3Ky2,"{""email"":""toni.aubynn@phdc.gov.gh"",""role"":""mda_user"",""institutionId"":""ministry-of-energy"",""source"":""mda_users_import""}"
2026-09-02T21:30:36.231Z,,bulk-import-script,user_created,user,P7uMTqxD1AWO2QFlsbFzupsqRmU2,"{""email"":""atakyiwa@energycom.gov.gh"",""role"":""mda_user"",""institutionId"":""ministry-of-energy"",""source"":""mda_users_import""}"
2026-09-02T21:30:38.806Z,,bulk-import-script,user_created,user,4fC0V9Rs7AeXNyk3N3drzPcLG7k1,"{""email"":""derrick.okai@phdc.gov.gh"",""role"":""mda_user"",""institutionId"":""ministry-of-energy"",""source"":""mda_users_import""}"
2026-09-02T21:30:41.267Z,,bulk-import-script,user_created,user,5x1EgbpmBEQ1yJDCq78gMzmUGdA3,"{""email"":""david.owusu@petrocom.gov.gh"",""role"":""mda_user"",""institutionId"":""ministry-of-energy"",""source"":""mda_users_import""}"
2026-09-02T21:30:52.932Z,,bulk-import-script,user_created,user,Rp5LiyxFIIUlYPQ6EndHVWvMEBs2,"{""email"":""elsie.lekettey@enrgymin.gov.gh"",""role"":""mda_user"",""institutionId"":""ministry-of-energy"",""source"":""mda_users_import""}"
2026-09-02T21:30:55.341Z,,bulk-import-script,user_created,user,LhjS7zwasdUB2nJvnhmwTAPDwJ42,"{""email"":""florence.awuku@energymin.gov.gh"",""role"":""mda_user"",""institutionId"":""ministry-of-energy"",""source"":""mda_users_import""}"
2026-09-02T21:30:57.592Z,,bulk-import-script,user_created,user,hHryQZ322ZYTCK14ubQ5fU7FUUd2,"{""email"":""george.addy-morton@petrocom.gov.gh"",""role"":""mda_user"",""institutionId"":""ministry-of-energy"",""source"":""mda_users_import""}"
2026-09-02T21:30:59.866Z,,bulk-import-script,user_created,user,Tu6w56PTPNX7CjJPSKUKI1Iy6ry2,"{""email"":""ghammond@energycom.gov.gh"",""role"":""mda_user"",""institutionId"":""ministry-of-energy"",""source"":""mda_users_import""}"
2026-09-02T21:31:02.180Z,,bulk-import-script,user_created,user,ILxGZ9VH4UYCA059hCDKovb0gWq2,"{""email"":""isaac.biney@energymin.gov.gh"",""role"":""mda_user"",""institutionId"":""ministry-of-energy"",""source"":""mda_users_import""}"
2026-09-02T21:31:04.530Z,,bulk-import-script,user_created,user,7Du5ALlWEyZwLQYXU8dyjYsTC3d2,"{""email"":""mantwi@npa.gov.gh"",""role"":""mda_user"",""institutionId"":""ministry-of-energy"",""source"":""mda_users_import""}"
2026-09-02T21:31:06.934Z,,bulk-import-script,user_created,user,ybkzxUriVAZifG338CmGuFSssAI2,"{""email"":""rabebrese@npa.gov"",""role"":""mda_user"",""institutionId"":""ministry-of-energy"",""source"":""mda_users_import""}"
2026-09-02T21:31:09.243Z,,bulk-import-script,user_created,user,Zphxr1eOD4aFWr3xPZ0lSWqetEH3,"{""email"":""exo.dir@nuclearpowergh.com"",""role"":""mda_user"",""institutionId"":""ministry-of-energy"",""source"":""mda_users_import""}"
2026-09-02T21:31:11.593Z,,bulk-import-script,user_created,user,UaLUJnws29RLm6mzR3X8dtSPTqL2,"{""email"":""solomon.adjetey@energymin.gov.gh"",""role"":""mda_user"",""institutionId"":""ministry-of-energy"",""source"":""mda_users_import""}"
2026-09-02T21:31:14.071Z,,bulk-import-script,user_created,user,ij188qYaLoUjB1l23JY1sULohRD3,"{""email"":""aliyata.uthman@mesti.gov.gh"",""role"":""mda_user"",""institutionId"":""ministry-of-environment-science-technology-and-innovation"",""source"":""mda_users_import""}"
2026-09-02T21:31:16.250Z,,bulk-import-script,user_created,user,bR6EOmCVvVS1yxK2p46HzgTBjLv1,"{""email"":""blaise.bokor@gaec.gov.gh"",""role"":""mda_user"",""institutionId"":""ministry-of-environment-science-technology-and-innovation"",""source"":""mda_users_import""}"
2026-09-02T21:31:18.840Z,,bulk-import-script,user_created,user,GDSH1WMk71d22eibxslOVsL0dzE3,"{""email"":""emmanuel.arthur@mesti.gov.gh"",""role"":""mda_user"",""institutionId"":""ministry-of-environment-science-technology-and-innovation"",""source"":""mda_users_import""}"
2026-09-02T21:31:21.133Z,,bulk-import-script,user_created,user,9noATgw0jsSA3SmUY3X3hQHV6Ur2,"{""email"":""efua.kayang@nra.gov.gh"",""role"":""mda_user"",""institutionId"":""ministry-of-environment-science-technology-and-innovation"",""source"":""mda_users_import""}"
2026-09-02T21:31:36.096Z,,bulk-import-script,user_created,user,tDNRETupMqVRwKywml2OcO58b3J3,"{""email"":""adu.essel77@gmail.com"",""role"":""mda_user"",""institutionId"":""ministry-of-environment-science-technology-and-innovation"",""source"":""mda_users_import""}"
2026-09-02T21:31:38.512Z,,bulk-import-script,user_created,user,XDUCGkCnObU3m2euW6KuAKwowpL2,"{""email"":""felix.atse@ewastefund.gov.gh"",""role"":""mda_user"",""institutionId"":""ministry-of-environment-science-technology-and-innovation"",""source"":""mda_users_import""}"
2026-09-02T21:31:40.929Z,,bulk-import-script,user_created,user,ImtipWcSKUW5BaWHIHnTx1xRThC2,"{""email"":""judah.odoom@epa.gov.gh"",""role"":""mda_user"",""institutionId"":""ministry-of-environment-science-technology-and-innovation"",""source"":""mda_users_import""}"
2026-09-02T21:31:43.373Z,,bulk-import-script,user_created,user,rWskFkZDjiZUo7EtH1mXUyhW5Gg1,"{""email"":""john.young@gaec.gov.gh"",""role"":""mda_user"",""institutionId"":""ministry-of-environment-science-technology-and-innovation"",""source"":""mda_users_import""}"
2026-09-02T21:31:46.173Z,,bulk-import-script,user_created,user,nmZ7WsxeoWP8uqDhjTK7h7sa3Y12,"{""email"":""kwesi.anderson@nba.gov.gh"",""role"":""mda_user"",""institutionId"":""ministry-of-environment-science-technology-and-innovation"",""source"":""mda_users_import""}"
2026-09-02T21:31:48.447Z,,bulk-import-script,user_created,user,qrAzCcmwMWYGJsyRfhbwH03cI233,"{""email"":""lydia.essuah@mesti.gov.gh"",""role"":""mda_user"",""institutionId"":""ministry-of-environment-science-technology-and-innovation"",""source"":""mda_users_import""}"
2026-09-02T21:31:50.960Z,,bulk-import-script,user_created,user,pnFWKSGaVIbno1mfjJEF9kcRoma2,"{""email"":""mary.amenuku@nra.gov.gh"",""role"":""mda_user"",""institutionId"":""ministry-of-environment-science-technology-and-innovation"",""source"":""mda_users_import""}"
2026-09-02T21:31:53.370Z,,bulk-import-script,user_created,user,qXiZEi0Cd9ekwgEJcRD12ZBQs2N2,"{""email"":""mabel.danquah@ewastefund.gov.gh"",""role"":""mda_user"",""institutionId"":""ministry-of-environment-science-technology-and-innovation"",""source"":""mda_users_import""}"
2026-09-02T21:31:55.879Z,,bulk-import-script,user_created,user,DCKKaxqTvye7SXb1eJo3jB8Q2R73,"{""email"":""nanayaw.ofori-agyei@epa.gov.gh"",""role"":""mda_user"",""institutionId"":""ministry-of-environment-science-technology-and-innovation"",""source"":""mda_users_import""}"
2026-09-02T21:31:58.228Z,,bulk-import-script,user_created,user,Lu0vZiXDaWV1d9Ui6xd72Ol3ZlS2,"{""email"":""fabalona@gmail.com"",""role"":""mda_user"",""institutionId"":""ministry-of-environment-science-technology-and-innovation"",""source"":""mda_users_import""}"
2026-09-02T21:32:00.590Z,,bulk-import-script,user_created,user,s88BIilLfScqUO2urdH68tz9jB13,"{""email"":""patrick.nomo@mesti.gov.gh"",""role"":""mda_user"",""institutionId"":""ministry-of-environment-science-technology-and-innovation"",""source"":""mda_users_import""}"
2026-09-02T21:32:02.987Z,,bulk-import-script,user_created,user,sDOrzpjl8maEU9tBtzfgR4chWCM2,"{""email"":""raymond.addo@mesti.gov.gh"",""role"":""mda_user"",""institutionId"":""ministry-of-environment-science-technology-and-innovation"",""source"":""mda_users_import""}"
2026-09-02T21:32:05.231Z,,bulk-import-script,user_created,user,epeSuAqToBTEVNe5AUQYdK03UQG2,"{""email"":""rachel.adjorkor@mesti.gov.gh"",""role"":""mda_user"",""institutionId"":""ministry-of-environment-science-technology-and-innovation"",""source"":""mda_users_import""}"
2026-09-02T21:32:19.547Z,,bulk-import-script,user_created,user,cJBjzCqmYyQKXK4avmcua3aXaMh2,"{""email"":""jacksonquansah@yahoo.com"",""role"":""mda_user"",""institutionId"":""ministry-of-environment-science-technology-and-innovation"",""source"":""mda_users_import""}"
2026-09-02T21:32:22.225Z,,bulk-import-script,user_created,user,CNDr0atdPUaYvGMVzquu17i3Zc22,"{""email"":""william.asamani-sarpong@nba.gov.gh"",""role"":""mda_user"",""institutionId"":""ministry-of-environment-science-technology-and-innovation"",""source"":""mda_users_import""}"
2026-09-02T21:32:24.972Z,,bulk-import-script,user_created,user,gwFE2JiwKJcKgE1GWJ9vwlhdDni2,"{""email"":""agnes.assan@fishcom.gov.gh"",""role"":""mda_user"",""institutionId"":""ministry-of-fisheries-aqua-culture-development"",""source"":""mda_users_import""}"
2026-09-02T21:32:27.681Z,,bulk-import-script,user_created,user,ybnL5VLx0rT1vFb2kcHIZR9hpQo1,"{""email"":""abednego.pappoe@fishcom.gov.gh"",""role"":""mda_user"",""institutionId"":""ministry-of-fisheries-aqua-culture-development"",""source"":""mda_users_import""}"
2026-09-02T21:32:30.874Z,,bulk-import-script,user_created,user,kjs2GPOsOGQw3Z7baq2sgpvbAiY2,"{""email"":""baidawu.fuad@mofad.gov.gh"",""role"":""mda_user"",""institutionId"":""ministry-of-fisheries-aqua-culture-development"",""source"":""mda_users_import""}"
2026-09-02T21:32:33.529Z,,bulk-import-script,user_created,user,4HO8RUK1ajOcpba77hWfnmUGAJg2,"{""email"":""charlotte.dadzie@mofad.gov.gh"",""role"":""mda_user"",""institutionId"":""ministry-of-fisheries-aqua-culture-development"",""source"":""mda_users_import""}"
2026-09-02T21:32:36.152Z,,bulk-import-script,user_created,user,4Mvw5CKMtyaTxOaNB4SHjlV1ldd2,"{""email"":""bronville12@gmail.com"",""role"":""mda_user"",""institutionId"":""ministry-of-fisheries-aqua-culture-development"",""source"":""mda_users_import""}"
2026-09-02T21:32:38.757Z,,bulk-import-script,user_created,user,MFBOrs0yD9cNBIz1qxQ02QUjwcv1,"{""email"":""diana.smith@npfs.gov.gh"",""role"":""mda_user"",""institutionId"":""ministry-of-fisheries-aqua-culture-development"",""source"":""mda_users_import""}"
2026-09-02T21:32:55.630Z,,bulk-import-script,user_created,user,hZFyquAsddSW9mFGwHCOnpABH4n2,"{""email"":""esther.amoah@mofad.gov.gh"",""role"":""mda_user"",""institutionId"":""ministry-of-fisheries-aqua-culture-development"",""source"":""mda_users_import""}"
2026-09-02T21:32:58.353Z,,bulk-import-script,user_created,user,NL1sP5zeIhei3aJiAm5J7oAtECv1,"{""email"":""eric.baah@mofad.gov.gh"",""role"":""mda_user"",""institutionId"":""ministry-of-fisheries-aqua-culture-development"",""source"":""mda_users_import""}"
2026-09-02T21:33:01.107Z,,bulk-import-script,user_created,user,mp6AikFnErdIdqp62U9r9KiPH2z2,"{""email"":""fred.antwi-boadu@fishcom.gov.gh"",""role"":""mda_user"",""institutionId"":""ministry-of-fisheries-aqua-culture-development"",""source"":""mda_users_import""}"
2026-09-02T21:33:03.768Z,,bulk-import-script,user_created,user,pEWUv6fR7GOkmn6J0H6d02IoUVN2,"{""email"":""fred.ayornu-lansea@mofad.gov.gh"",""role"":""mda_user"",""institutionId"":""ministry-of-fisheries-aqua-culture-development"",""source"":""mda_users_import""}"
2026-09-02T21:33:06.489Z,,bulk-import-script,user_created,user,V6jIV5A6ldWnSkFP7YGfPH8bEzO2,"{""email"":""fuseina.shaibu@fishcom.gov.gh"",""role"":""mda_user"",""institutionId"":""ministry-of-fisheries-aqua-culture-development"",""source"":""mda_users_import""}"
2026-09-02T21:33:09.248Z,,bulk-import-script,user_created,user,7zgPqNNq46MdjjQXsALBxaPvO4b2,"{""email"":""isaac.aidoo@fishcom.gov.gh"",""role"":""mda_user"",""institutionId"":""ministry-of-fisheries-aqua-culture-development"",""source"":""mda_users_import""}"
2026-09-02T21:33:12.014Z,,bulk-import-script,user_created,user,ZegOKQOFxZXlosC8ExiPFxr2lzk1,"{""email"":""isaiah.kwofie@fishcom.gov.gh"",""role"":""mda_user"",""institutionId"":""ministry-of-fisheries-aqua-culture-development"",""source"":""mda_users_import""}"
2026-09-02T21:33:14.774Z,,bulk-import-script,user_created,user,lHtzF6WBsHUuFfb6OqsZtYg3H9r2,"{""email"":""james.ayarik@fishcom.gov.gh"",""role"":""mda_user"",""institutionId"":""ministry-of-fisheries-aqua-culture-development"",""source"":""mda_users_import""}"
2026-09-02T21:33:17.362Z,,bulk-import-script,user_created,user,ImzBHrpMlhQofIx2tZRKDLmtRTI3,"{""email"":""joseph.ennin@fishcom.gov.gh"",""role"":""mda_user"",""institutionId"":""ministry-of-fisheries-aqua-culture-development"",""source"":""mda_users_import""}"
2026-09-02T21:33:20.096Z,,bulk-import-script,user_created,user,QgC0AHIyChSdNPeg0HCp7GmXFvH2,"{""email"":""justiceaddel@gmail.com"",""role"":""mda_user"",""institutionId"":""ministry-of-fisheries-aqua-culture-development"",""source"":""mda_users_import""}"
2026-09-02T21:33:22.798Z,,bulk-import-script,user_created,user,lREAEuXDspRFaD56DfScIrnJva43,"{""email"":""akpene.feakpi@fishcom.gov.gh"",""role"":""mda_user"",""institutionId"":""ministry-of-fisheries-aqua-culture-development"",""source"":""mda_users_import""}"
2026-09-02T21:33:32.990Z,,bulk-import-script,user_created,user,AEZajdHmOoRS4JwYfrHKhOSBkn43,"{""email"":""kwasi.owusu-sekyere@mofad.gov.gh"",""role"":""mda_user"",""institutionId"":""ministry-of-fisheries-aqua-culture-development"",""source"":""mda_users_import""}"
2026-09-02T21:33:35.984Z,,bulk-import-script,user_created,user,zgSVpHIp0EWlRSWfjpQrfWUlnm83,"{""email"":""marian.kpakpah@mofad.gov.gh"",""role"":""mda_user"",""institutionId"":""ministry-of-fisheries-aqua-culture-development"",""source"":""mda_users_import""}"
2026-09-02T21:33:38.625Z,,bulk-import-script,user_created,user,FnLSrPXJEjcbx7OHrYJidfBzZ6p2,"{""email"":""margaret.narh-josiah@fishcom.gov.gh"",""role"":""mda_user"",""institutionId"":""ministry-of-fisheries-aqua-culture-development"",""source"":""mda_users_import""}"
2026-09-02T21:33:41.280Z,,bulk-import-script,user_created,user,3wuL4XO4Q7XPlBoAnHECn0lmcbc2,"{""email"":""nichole.abbey@fishcom.gov.gh"",""role"":""mda_user"",""institutionId"":""ministry-of-fisheries-aqua-culture-development"",""source"":""mda_users_import""}"
2026-09-02T21:33:44.065Z,,bulk-import-script,user_created,user,ZOmpF1VRVvaRaCxcJwE1ZywxArS2,"{""email"":""nana.abrokwa@npfs.gov.gh"",""role"":""mda_user"",""institutionId"":""ministry-of-fisheries-aqua-culture-development"",""source"":""mda_users_import""}"
2026-09-02T21:33:47.824Z,,bulk-import-script,user_created,user,BsFTRgfd5XStYKFkz3ZY1ydJj6v1,"{""email"":""prosper.agbenu@npfs.gov.gh"",""role"":""mda_user"",""institutionId"":""ministry-of-fisheries-aqua-culture-development"",""source"":""mda_users_import""}"
2026-09-02T21:33:50.569Z,,bulk-import-script,user_created,user,M8imB8ZGdZSPwT5A3WhsZrC9Tra2,"{""email"":""ruth.can@mofad.gov.gh"",""role"":""mda_user"",""institutionId"":""ministry-of-fisheries-aqua-culture-development"",""source"":""mda_users_import""}"
2026-09-02T21:33:53.197Z,,bulk-import-script,user_created,user,facUfEW6lZM2dB28TCfWrcs4wOV2,"{""email"":""sheila.letsa@fishcom.gov.gh"",""role"":""mda_user"",""institutionId"":""ministry-of-fisheries-aqua-culture-development"",""source"":""mda_users_import""}"
2026-09-02T21:33:55.901Z,,bulk-import-script,user_created,user,19UloTiNr6QUz9QkMQLDVAtVqfn1,"{""email"":""samuel.oteng@mofad.gov.gh"",""role"":""mda_user"",""institutionId"":""ministry-of-fisheries-aqua-culture-development"",""source"":""mda_users_import""}"
2026-09-02T21:33:58.527Z,,bulk-import-script,user_created,user,9eD8fPspxyRd6q0HGcRXiJ3MlEG3,"{""email"":""vicalam@rocketmail.com"",""role"":""mda_user"",""institutionId"":""ministry-of-food-and-agriculture"",""source"":""mda_users_import""}"
2026-09-02T21:34:01.255Z,,bulk-import-script,user_created,user,VajHCnjFhabBiRm7vQDeVkMJzEs1,"{""email"":""bhtaahir24@gmail.com"",""role"":""mda_user"",""institutionId"":""ministry-of-food-and-agriculture"",""source"":""mda_users_import""}"
2026-09-02T21:35:02.037Z,,bulk-import-script,user_created,user,VajHCnjFhabBiRm7vQDeVkMJzEs1,"{""email"":""bhtaahir24@gmail.com"",""role"":""mda_user"",""institutionId"":""ministry-of-food-and-agriculture"",""source"":""mda_users_import""}"
2026-09-02T21:35:05.017Z,,bulk-import-script,user_created,user,zrtkjKJSoTeXsDFHFR9WUdm7V393,"{""email"":""ebenezer.arthur@mofa.gov.gh"",""role"":""mda_user"",""institutionId"":""ministry-of-food-and-agriculture"",""source"":""mda_users_import""}"
2026-09-02T21:35:07.831Z,,bulk-import-script,user_created,user,4WbOPFpz6MUIU0q4NIXGxpL7B642,"{""email"":""emmadadzie99@gmail.com"",""role"":""mda_user"",""institutionId"":""ministry-of-food-and-agriculture"",""source"":""mda_users_import""}"
2026-09-02T21:35:10.487Z,,bulk-import-script,user_created,user,zz4ZhtLKFJdddrMR4Z8xdSYtrv23,"{""email"":""mne1mrannan@yahoo.com"",""role"":""mda_user"",""institutionId"":""ministry-of-food-and-agriculture"",""source"":""mda_users_import""}"
2026-09-02T21:35:12.586Z,,bulk-import-script,user_created,user,7GxaWQp1d4MzB9UUoEcFxRse50N2,"{""email"":""armahjenny@gmail.com"",""role"":""mda_user"",""institutionId"":""ministry-of-food-and-agriculture"",""source"":""mda_users_import""}"
2026-09-02T21:35:22.739Z,,bulk-import-script,user_created,user,GjmJw6AcRtMdwRTo8TzO8lnhmw32,"{""email"":""kamilmahama@gmail.com"",""role"":""mda_user"",""institutionId"":""ministry-of-food-and-agriculture"",""source"":""mda_users_import""}"
2026-09-02T21:35:24.806Z,,bulk-import-script,user_created,user,xZ39B3xkWhbwG0U2mET1s4o92fk1,"{""email"":""maudkyeth@gmail.com"",""role"":""mda_user"",""institutionId"":""ministry-of-food-and-agriculture"",""source"":""mda_users_import""}"
2026-09-02T21:35:26.862Z,,bulk-import-script,user_created,user,1QauCPofjgccAa1RVxIyqvH37vd2,"{""email"":""nuhuibrahim@gmail.com"",""role"":""mda_user"",""institutionId"":""ministry-of-food-and-agriculture"",""source"":""mda_users_import""}"
2026-09-02T21:35:28.869Z,,bulk-import-script,user_created,user,U8wEhRTifzO5xnoPpsiN81eEihG3,"{""email"":""bright.ayim-adomako@mfa.gov.gh"",""role"":""mda_user"",""institutionId"":""ministry-of-foreign-affairs-and-regional-integration"",""source"":""mda_users_import""}"
2026-09-02T21:35:30.956Z,,bulk-import-script,user_created,user,kDF6i0hdsNhh44x8xYsGwICbz0k1,"{""email"":""baffour.kyei@mfa.gov.gh"",""role"":""mda_user"",""institutionId"":""ministry-of-foreign-affairs-and-regional-integration"",""source"":""mda_users_import""}"
2026-09-02T21:35:32.990Z,,bulk-import-script,user_created,user,jcpwYAoMs6baZgd1fdhMSnpDogQ2,"{""email"":""charles.buabeng@mfa.gov.gh"",""role"":""mda_user"",""institutionId"":""ministry-of-foreign-affairs-and-regional-integration"",""source"":""mda_users_import""}"
2026-09-02T21:35:35.054Z,,bulk-import-script,user_created,user,BlaQZz1RqjWE65GIzscM8omS2HW2,"{""email"":""irene.danquah@mfa.gov.gh"",""role"":""mda_user"",""institutionId"":""ministry-of-foreign-affairs-and-regional-integration"",""source"":""mda_users_import""}"
2026-09-02T21:35:37.138Z,,bulk-import-script,user_created,user,jDdAVhPF3qNMjWGYsFNX8hNA7mK2,"{""email"":""linda.dottey@mfa.gov.gh"",""role"":""mda_user"",""institutionId"":""ministry-of-foreign-affairs-and-regional-integration"",""source"":""mda_users_import""}"
2026-09-02T21:35:39.154Z,,bulk-import-script,user_created,user,bXsaMtfwmOb1Rr6OsP3djypbtcr2,"{""email"":""mary.avarade@mfa.gov.gh"",""role"":""mda_user"",""institutionId"":""ministry-of-foreign-affairs-and-regional-integration"",""source"":""mda_users_import""}"
2026-09-02T21:35:41.344Z,,bulk-import-script,user_created,user,g9lEIyrNrJUuiCTvNj0AW9fhMku1,"{""email"":""robert.kotei@mfa.gov.gh"",""role"":""mda_user"",""institutionId"":""ministry-of-foreign-affairs-and-regional-integration"",""source"":""mda_users_import""}"
2026-09-02T21:35:43.349Z,,bulk-import-script,user_created,user,IX6Ofm43nSZmBKI53WhdT16LJlx2,"{""email"":""sarah.nelson@mfa.gov.gh"",""role"":""mda_user"",""institutionId"":""ministry-of-foreign-affairs-and-regional-integration"",""source"":""mda_users_import""}"
2026-09-02T21:35:45.574Z,,bulk-import-script,user_created,user,QCYUwidP0gTlcPqlWmQ0r8GYGJv1,"{""email"":""mag.gilbert@yahoo.com"",""role"":""mda_user"",""institutionId"":""ministry-of-gender-children-and-social-protection"",""source"":""mda_users_import""}"
2026-09-02T21:35:47.557Z,,bulk-import-script,user_created,user,RdzwDt50DcajJ9F5OWcMi2p8fYI3,"{""email"":""afisah.zakariah@mogcsp.gov.gh"",""role"":""mda_user"",""institutionId"":""ministry-of-gender-children-and-social-protection"",""source"":""mda_users_import""}"
2026-09-02T21:35:49.547Z,,bulk-import-script,user_created,user,7KPiksgeoRSRYUzWoqNyp6mLPW43,"{""email"":""francis.dorkenoo@mogcsp.gov.gh"",""role"":""mda_user"",""institutionId"":""ministry-of-gender-children-and-social-protection"",""source"":""mda_users_import""}"
2026-09-02T21:35:59.291Z,,bulk-import-script,user_created,user,IT6org2vvkR2dMyzrsWX2MPglmo2,"{""email"":""genyah@ncpd.gov.gh"",""role"":""mda_user"",""institutionId"":""ministry-of-gender-children-and-social-protection"",""source"":""mda_users_import""}"
2026-09-02T21:36:01.294Z,,bulk-import-script,user_created,user,KvDd5ENdbrYsDYyRy6kdeeF9lyt1,"{""email"":""kitty.okyere@mogcsp.gov.gh"",""role"":""mda_user"",""institutionId"":""ministry-of-gender-children-and-social-protection"",""source"":""mda_users_import""}"
2026-09-02T21:36:03.678Z,,bulk-import-script,user_created,user,UmMs29LWX1YDImMHDT8PrTJg6F33,"{""email"":""dswbudgetunit@gmail.com"",""role"":""mda_user"",""institutionId"":""ministry-of-gender-children-and-social-protection"",""source"":""mda_users_import""}"
2026-09-02T21:36:05.803Z,,bulk-import-script,user_created,user,FKgH3gBsyzYSip1sDZHgsej0NwC3,"{""email"":""prince.attoh-okine@mogcsp.gov.gh"",""role"":""mda_user"",""institutionId"":""ministry-of-gender-children-and-social-protection"",""source"":""mda_users_import""}"
2026-09-02T21:36:07.817Z,,bulk-import-script,user_created,user,v2FBkN7Ox2R0uyvfKKQIWAXdXLk1,"{""email"":""vincent.yebiah-asuamah@mogcsp.gov.gh"",""role"":""mda_user"",""institutionId"":""ministry-of-gender-children-and-social-protection"",""source"":""mda_users_import""}"
2026-09-02T21:36:09.758Z,,bulk-import-script,user_created,user,r6YIeuWuxfeze6fGkh8t0XK96zL2,"{""email"":""amin-abdul.rahaman@mlgrd.gov.gh"",""role"":""mda_user"",""institutionId"":""ministry-of-local-government"",""source"":""mda_users_import""}"
2026-09-02T21:36:11.849Z,,bulk-import-script,user_created,user,kub8p0Y6XPbOXVlJvMtZ9HH554t1,"{""email"":""abigail.amankwah@luspa.gov.gh"",""role"":""mda_user"",""institutionId"":""ministry-of-local-government"",""source"":""mda_users_import""}"
2026-09-02T21:36:13.966Z,,bulk-import-script,user_created,user,K9N2zcQdjMM0gIZtmiNL1CaYQnk1,"{""email"":""abena.apeaa@luspa.gov.gh"",""role"":""mda_user"",""institutionId"":""ministry-of-local-government"",""source"":""mda_users_import""}"
2026-09-02T21:36:16.085Z,,bulk-import-script,user_created,user,P2oPjfHYQxMEXE3GiGazS30mYWi2,"{""email"":""adwoakwakye2020@gmail.com"",""role"":""mda_user"",""institutionId"":""ministry-of-local-government"",""source"":""mda_users_import""}"
2026-09-02T21:36:18.112Z,,bulk-import-script,user_created,user,S3k8PHWvTrbe2xxd9AUnGCPoNg03,"{""email"":""nanaprempehalbert@gmail.com"",""role"":""mda_user"",""institutionId"":""ministry-of-local-government"",""source"":""mda_users_import""}"
2026-09-02T21:36:20.145Z,,bulk-import-script,user_created,user,0sQ56AXIPlPk1CUsS1ejEi2aP102,"{""email"":""saeedayisha1@gmail.com"",""role"":""mda_user"",""institutionId"":""ministry-of-local-government"",""source"":""mda_users_import""}"
2026-09-02T21:36:22.191Z,,bulk-import-script,user_created,user,TxHtjHK5Tng7WTybMRQZKR7zBi73,"{""email"":""bkdarkey@yahoo.com"",""role"":""mda_user"",""institutionId"":""ministry-of-local-government"",""source"":""mda_users_import""}"
2026-09-02T21:36:24.213Z,,bulk-import-script,user_created,user,UT3oPMSrKxPTupA2KqofoZ36wLL2,"{""email"":""barikisurazak90@gmail.com"",""role"":""mda_user"",""institutionId"":""ministry-of-local-government"",""source"":""mda_users_import""}"
2026-09-02T21:36:26.187Z,,bulk-import-script,user_created,user,Vrhmm2R4mObV6B1t6WMtNfF36442,"{""email"":""lawoe.bright@northernrcc.gov.gh"",""role"":""mda_user"",""institutionId"":""ministry-of-local-government"",""source"":""mda_users_import""}"
2026-09-02T21:36:36.289Z,,bulk-import-script,user_created,user,BSob1OXS0hRKOc5IqxMkDaCsfxs2,"{""email"":""danielkadams@yahoo.com"",""role"":""mda_user"",""institutionId"":""ministry-of-local-government"",""source"":""mda_users_import""}"
2026-09-02T21:36:38.287Z,,bulk-import-script,user_created,user,UkmvVji9cZdpub4RlgypoGA5M7y1,"{""email"":""desskasante@gmail.com"",""role"":""mda_user"",""institutionId"":""ministry-of-local-government"",""source"":""mda_users_import""}"
2026-09-02T21:36:40.321Z,,bulk-import-script,user_created,user,sI2np3Cgs9hdAT2gwIqSB2cYDFm1,"{""email"":""dorcas.jagri9@gmail.com"",""role"":""mda_user"",""institutionId"":""ministry-of-local-government"",""source"":""mda_users_import""}"
2026-09-02T21:36:42.547Z,,bulk-import-script,user_created,user,BDckEUfuEvhFfPCJ01hMNRiB42W2,"{""email"":""danielkpodo24@gmail.com"",""role"":""mda_user"",""institutionId"":""ministry-of-local-government"",""source"":""mda_users_import""}"
2026-09-02T21:36:44.717Z,,bulk-import-script,user_created,user,hcrVg1UCE0OWzDACfCbQqakJoQ82,"{""email"":""dlokko6@gmail.com"",""role"":""mda_user"",""institutionId"":""ministry-of-local-government"",""source"":""mda_users_import""}"
2026-09-02T21:36:46.693Z,,bulk-import-script,user_created,user,OVt9ResbgReKKSOgxn2rIrO7orX2,"{""email"":""ndavidera@gmail.com"",""role"":""mda_user"",""institutionId"":""ministry-of-local-government"",""source"":""mda_users_import""}"
2026-09-02T21:36:49.217Z,,bulk-import-script,user_created,user,jlNSE8FavAckQHdzmR5rFvdC1Vm2,"{""email"":""dannyshalom39@gmail.com"",""role"":""mda_user"",""institutionId"":""ministry-of-local-government"",""source"":""mda_users_import""}"
2026-09-02T21:36:51.249Z,,bulk-import-script,user_created,user,tf5hbRBiarhjATTJyIkNVHT8CFH2,"{""email"":""eamoakoboateng@gmail.com"",""role"":""mda_user"",""institutionId"":""ministry-of-local-government"",""source"":""mda_users_import""}"
2026-09-02T21:36:53.419Z,,bulk-import-script,user_created,user,rjjGjNG0PUb2IVmTOgZyipf7UYJ2,"{""email"":""estherres34@gmail.com"",""role"":""mda_user"",""institutionId"":""ministry-of-local-government"",""source"":""mda_users_import""}"
2026-09-02T21:36:55.938Z,,bulk-import-script,user_created,user,gs3jLvnU1GfEs5dpD2BjBHNgFMi1,"{""email"":""emmanuel.nartey@lgs.gov.gh"",""role"":""mda_user"",""institutionId"":""ministry-of-local-government"",""source"":""mda_users_import""}"
2026-09-02T21:36:58.395Z,,bulk-import-script,user_created,user,fcV1ZHsDGKM32Eih5BZo568wyaZ2,"{""email"":""oppongellis06@yahoo.com"",""role"":""mda_user"",""institutionId"":""ministry-of-local-government"",""source"":""mda_users_import""}"
2026-09-02T21:37:00.536Z,,bulk-import-script,user_created,user,4GXgTwfikKR3SRFV5OO2wpmdYJx2,"{""email"":""obenewaa.otchere@bdr.gov.gh"",""role"":""mda_user"",""institutionId"":""ministry-of-local-government"",""source"":""mda_users_import""}"
2026-09-02T21:37:02.545Z,,bulk-import-script,user_created,user,n6VNlx8zAle1EokS7CWqQ3SAwy73,"{""email"":""asarefrancis15@yahoo.com"",""role"":""mda_user"",""institutionId"":""ministry-of-local-government"",""source"":""mda_users_import""}"
2026-09-02T21:37:11.452Z,,bulk-import-script,user_created,user,07DaeNHB6yRXdVY6Nzn4XPjG7DP2,"{""email"":""freda.faah@mlgrd.gov.gh"",""role"":""mda_user"",""institutionId"":""ministry-of-local-government"",""source"":""mda_users_import""}"
2026-09-02T21:37:13.534Z,,bulk-import-script,user_created,user,ErURnv3n9Nh3gMubqdUkCdTY1Pi1,"{""email"":""frederick.ofasi@mlgcra.gov.gh"",""role"":""mda_user"",""institutionId"":""ministry-of-local-government"",""source"":""mda_users_import""}"
2026-09-02T21:37:15.552Z,,bulk-import-script,user_created,user,YfQD8uLyzEXWsQgyNepMykO2Ntj1,"{""email"":""abachiegrace@gmail.com"",""role"":""mda_user"",""institutionId"":""ministry-of-local-government"",""source"":""mda_users_import""}"
2026-09-02T21:37:30.772Z,,bulk-import-script,user_created,user,3apFf9IDFncwWT244KhloG2JsQG2,"{""email"":""dynanickyden@gmail.com"",""role"":""mda_user"",""institutionId"":""ministry-of-local-government"",""source"":""mda_users_import""}"
2026-09-02T21:37:32.916Z,,bulk-import-script,user_created,user,c373onaDiAOqF3ENdn8WYRDRiDC2,"{""email"":""hawulatu.issah@mlgcra.gov.gh"",""role"":""mda_user"",""institutionId"":""ministry-of-local-government"",""source"":""mda_users_import""}"
2026-09-02T21:37:35.105Z,,bulk-import-script,user_created,user,yjpeCumUKye5FWOZFfNADH5efxb2,"{""email"":""mahamud20@yahoo.com"",""role"":""mda_user"",""institutionId"":""ministry-of-local-government"",""source"":""mda_users_import""}"
2026-09-02T21:37:37.151Z,,bulk-import-script,user_created,user,SumRn02G6pSsLcGRnB6bPBfWilF2,"{""email"":""joedescargill1@gmail.com"",""role"":""mda_user"",""institutionId"":""ministry-of-local-government"",""source"":""mda_users_import""}"
2026-09-02T21:37:45.431Z,,bulk-import-script,user_created,user,AWu6JCAyjzOhbWsIeuuFIzNx7OE3,"{""email"":""iris.odametey@gmail.com"",""role"":""mda_user"",""institutionId"":""ministry-of-local-government"",""source"":""mda_users_import""}"
2026-09-02T21:37:47.503Z,,bulk-import-script,user_created,user,xpayNY7mgAQUVorBeWrrfF8niFu1,"{""email"":""ampemdarkojohn@yahoo.com"",""role"":""mda_user"",""institutionId"":""ministry-of-local-government"",""source"":""mda_users_import""}"
2026-09-02T21:37:49.573Z,,bulk-import-script,user_created,user,34B64DEmuPcfbrwWpI6sp2rA8rO2,"{""email"":""josiah.commodore@lgs.gov.gh"",""role"":""mda_user"",""institutionId"":""ministry-of-local-government"",""source"":""mda_users_import""}"
2026-09-02T21:37:51.601Z,,bulk-import-script,user_created,user,mtZQUNsImsVeH01imzqFBWzRdbQ2,"{""email"":""jdabuoa@yahoo.com"",""role"":""mda_user"",""institutionId"":""ministry-of-local-government"",""source"":""mda_users_import""}"
2026-09-02T21:37:53.631Z,,bulk-import-script,user_created,user,ED5uqtm6MidlHdMgVyqfX30ILyu2,"{""email"":""joshuamireku13@gmail.com"",""role"":""mda_user"",""institutionId"":""ministry-of-local-government"",""source"":""mda_users_import""}"
2026-09-02T21:37:55.743Z,,bulk-import-script,user_created,user,ns5B9iYEcdVzp4GUp4AEiDCqAp43,"{""email"":""phycotay@yahoo.co.uk"",""role"":""mda_user"",""institutionId"":""ministry-of-local-government"",""source"":""mda_users_import""}"
2026-09-02T21:37:57.646Z,,bulk-import-script,user_created,user,00Em9O7tUngbMB9CuZ4s8RUbqoL2,"{""email"":""moisobdubik@yahoo.com"",""role"":""mda_user"",""institutionId"":""ministry-of-local-government"",""source"":""mda_users_import""}"
2026-09-02T21:37:59.669Z,,bulk-import-script,user_created,user,0V4I0Jq4lff2NnsGmOhewyhNe893,"{""email"":""mahamudharuna123@gmail.com"",""role"":""mda_user"",""institutionId"":""ministry-of-local-government"",""source"":""mda_users_import""}"
2026-09-02T21:38:01.979Z,,bulk-import-script,user_created,user,5zBiFuVt2dXYCnKCEe5prL6ehpp1,"{""email"":""niidjeshiedouglas@yahoo.com"",""role"":""mda_user"",""institutionId"":""ministry-of-local-government"",""source"":""mda_users_import""}"
2026-09-02T21:38:04.017Z,,bulk-import-script,user_created,user,maLP68fj5AS7Fx8kReoMyx47D9z2,"{""email"":""oseisefagideaon@gmail.com"",""role"":""mda_user"",""institutionId"":""ministry-of-local-government"",""source"":""mda_users_import""}"
2026-09-02T21:38:05.740Z,,bulk-import-script,user_created,user,UMExryJSejSWtjkfvNy8Vlkvh2I2,"{""email"":""prince.adu-boafo@easternregion.gov.gh"",""role"":""mda_user"",""institutionId"":""ministry-of-local-government"",""source"":""mda_users_import""}"
2026-09-02T21:38:07.713Z,,bulk-import-script,user_created,user,VfMrTB78X2grK0DbHC82Nz9oZK72,"{""email"":""ramgnine@gmail.com"",""role"":""mda_user"",""institutionId"":""ministry-of-local-government"",""source"":""mda_users_import""}"
2026-09-02T21:38:09.614Z,,bulk-import-script,user_created,user,O6BWup4sRtdL2XhRAL1FGiEO8pc2,"{""email"":""priscilla.attipoe@mlgcra.gov.gh"",""role"":""mda_user"",""institutionId"":""ministry-of-local-government"",""source"":""mda_users_import""}"
2026-09-02T21:38:11.610Z,,bulk-import-script,user_created,user,4lAG3HoVMEWxCGI6USZ99Vq4MC43,"{""email"":""addprince1@gmail.com"",""role"":""mda_user"",""institutionId"":""ministry-of-local-government"",""source"":""mda_users_import""}"
2026-09-02T21:38:13.918Z,,bulk-import-script,user_created,user,JNryThkmXjePUX4frjOcAf0Xms92,"{""email"":""pbissiw@gmail.com"",""role"":""mda_user"",""institutionId"":""ministry-of-local-government"",""source"":""mda_users_import""}"
2026-09-02T21:39:15.414Z,,bulk-import-script,user_created,user,JNryThkmXjePUX4frjOcAf0Xms92,"{""email"":""pbissiw@gmail.com"",""role"":""mda_user"",""institutionId"":""ministry-of-local-government"",""source"":""mda_users_import""}"
2026-09-02T21:39:18.149Z,,bulk-import-script,user_created,user,DYQ38F1Z44hFS2SfT7vh5IwVbLC2,"{""email"":""ziempee@gmail.com"",""role"":""mda_user"",""institutionId"":""ministry-of-local-government"",""source"":""mda_users_import""}"
2026-09-02T21:39:20.289Z,,bulk-import-script,user_created,user,YbmqCmSUdgSAdPEEJvRDK9cpO6k1,"{""email"":""owusufrimpong_p@yahoo.com"",""role"":""mda_user"",""institutionId"":""ministry-of-local-government"",""source"":""mda_users_import""}"
2026-09-02T21:39:22.331Z,,bulk-import-script,user_created,user,O9LNAX1a0GayieR1rRQPw6A2r9H2,"{""email"":""patricksenagah@yahoo.com"",""role"":""mda_user"",""institutionId"":""ministry-of-local-government"",""source"":""mda_users_import""}"
2026-09-02T21:39:24.508Z,,bulk-import-script,user_created,user,t4XBsJdO0YPMTuc0psradcVUxZv2,"{""email"":""ruth.agyeman@arcc.gov.gh"",""role"":""mda_user"",""institutionId"":""ministry-of-local-government"",""source"":""mda_users_import""}"
2026-09-02T21:39:34.050Z,,bulk-import-script,user_created,user,i9XSmtSJ7ibUM2zYZJIDegXDyEz2,"{""email"":""rodadenis@yahoo.co.uk"",""role"":""mda_user"",""institutionId"":""ministry-of-local-government"",""source"":""mda_users_import""}"
2026-09-02T21:39:36.287Z,,bulk-import-script,user_created,user,vxGKuPpSDOYqpjOvMC4PLu3uGpo1,"{""email"":""roberta.ampadu@lgs.gov.gh"",""role"":""mda_user"",""institutionId"":""ministry-of-local-government"",""source"":""mda_users_import""}"
2026-09-02T21:39:38.443Z,,bulk-import-script,user_created,user,xaaotM6eOCRSQSkGETFAEKOdo682,"{""email"":""sammydarrah@yahoo.com"",""role"":""mda_user"",""institutionId"":""ministry-of-local-government"",""source"":""mda_users_import""}"
2026-09-02T21:39:40.549Z,,bulk-import-script,user_created,user,vbkAGXTi2rZXBtgdyTYhbkvbimG3,"{""email"":""sarah.boamahduah@lgs.gov.gh"",""role"":""mda_user"",""institutionId"":""ministry-of-local-government"",""source"":""mda_users_import""}"
2026-09-02T21:39:42.649Z,,bulk-import-script,user_created,user,lQUvEy1QF1ZI5kybdZ8vmTc7Cln1,"{""email"":""sethkpodji@gmail.com"",""role"":""mda_user"",""institutionId"":""ministry-of-local-government"",""source"":""mda_users_import""}"
2026-09-02T21:39:44.668Z,,bulk-import-script,user_created,user,4EJ6A7luK3SQupx1jxASzuISIqm2,"{""email"":""joelarbi72@gmail.com"",""role"":""mda_user"",""institutionId"":""ministry-of-local-government"",""source"":""mda_users_import""}"
2026-09-02T21:39:46.714Z,,bulk-import-script,user_created,user,P53u0SRETyTqcSPS9R3pl6BCuXD2,"{""email"":""samuel_ff@yahoo.com"",""role"":""mda_user"",""institutionId"":""ministry-of-local-government"",""source"":""mda_users_import""}"
2026-09-02T21:39:48.770Z,,bulk-import-script,user_created,user,erVLy0V4GQP6Fxi7pObD0fYEQuO2,"{""email"":""sammyleesimpiney@yahoo.com"",""role"":""mda_user"",""institutionId"":""ministry-of-local-government"",""source"":""mda_users_import""}"
2026-09-02T21:39:50.887Z,,bulk-import-script,user_created,user,shm857Ni1nhvAU0rzUc1P0zJOBf1,"{""email"":""seidusuaniss@gmail.com"",""role"":""mda_user"",""institutionId"":""ministry-of-local-government"",""source"":""mda_users_import""}"
2026-09-02T21:39:53.039Z,,bulk-import-script,user_created,user,0bJcy4p5budSXClho7HNWQCENGs2,"{""email"":""samuel.tetteh@lgs.gov.gh"",""role"":""mda_user"",""institutionId"":""ministry-of-local-government"",""source"":""mda_users_import""}"
2026-09-02T21:39:55.070Z,,bulk-import-script,user_created,user,TDbOu4FZqde7M4ko4ADAfwERiEd2,"{""email"":""timothy.aryee@dpg.gov.gh"",""role"":""mda_user"",""institutionId"":""ministry-of-local-government"",""source"":""mda_users_import""}"
2026-09-02T21:39:57.293Z,,bulk-import-script,user_created,user,AxVNTPCZOih8lou0K2H9LIU04uS2,"{""email"":""atuahenethomas@yahoo.com"",""role"":""mda_user"",""institutionId"":""ministry-of-local-government"",""source"":""mda_users_import""}"
2026-09-02T21:39:59.387Z,,bulk-import-script,user_created,user,hijC88RlMlQIS2RqhTnftkWkxv63,"{""email"":""vincentdakura@gmail.com"",""role"":""mda_user"",""institutionId"":""ministry-of-local-government"",""source"":""mda_users_import""}"
2026-09-02T21:41:03.053Z,,bulk-import-script,user_created,user,CHbELN3FMdXtClR4PkdKTsUB1jv2,"{""email"":""zoltantayti22@gmail.com"",""role"":""mda_user"",""institutionId"":""ministry-of-local-government"",""source"":""mda_users_import""}"
2026-09-02T21:41:05.703Z,,bulk-import-script,user_created,user,D1HqgJIKTjQzwdbE2uP3C0xEgvI3,"{""email"":""oshingumah@gmail.com"",""role"":""mda_user"",""institutionId"":""ministry-of-local-government"",""source"":""mda_users_import""}"
2026-09-02T21:41:08.146Z,,bulk-import-script,user_created,user,xWPUAU5EQwg0PzDxoNWKPTkng4Z2,"{""email"":""wahab0515@gmail.com"",""role"":""mda_user"",""institutionId"":""ministry-of-roads-and-highways"",""source"":""mda_users_import""}"
2026-09-02T21:41:10.545Z,,bulk-import-script,user_created,user,3SrrTaBKjyeYVFFSsEvE8I5lHaU2,"{""email"":""afetsi.avege@dur.gov.gh"",""role"":""mda_user"",""institutionId"":""ministry-of-roads-and-highways"",""source"":""mda_users_import""}"
2026-09-02T21:41:22.562Z,,bulk-import-script,user_created,user,sFAmvdcF8KeOjC8cEoiEx9uawwx1,"{""email"":""akwasi.asamoah@dfr.gov.gh"",""role"":""mda_user"",""institutionId"":""ministry-of-roads-and-highways"",""source"":""mda_users_import""}"
2026-09-02T21:41:24.821Z,,bulk-import-script,user_created,user,sclR5MzkhqZu8c09PwAlZeNeuB12,"{""email"":""brentu.asor@mrh.gov.gh"",""role"":""mda_user"",""institutionId"":""ministry-of-roads-and-highways"",""source"":""mda_users_import""}"
2026-09-02T21:41:27.172Z,,bulk-import-script,user_created,user,RzcI1eHVQ6aAoR0tVoOa4hDZiVf2,"{""email"":""kwakyealice@gmail.com"",""role"":""mda_user"",""institutionId"":""ministry-of-roads-and-highways"",""source"":""mda_users_import""}"
2026-09-02T21:41:29.540Z,,bulk-import-script,user_created,user,mfojBJPvyGdGz9LDdN8MgGvR9qs2,"{""email"":""mensahanthony@yahoo.com"",""role"":""mda_user"",""institutionId"":""ministry-of-roads-and-highways"",""source"":""mda_users_import""}"
2026-09-02T21:41:31.831Z,,bulk-import-script,user_created,user,daW58OtTTof2mQTeCAmGhFFRO0C3,"{""email"":""osbalex@yahoo.com"",""role"":""mda_user"",""institutionId"":""ministry-of-roads-and-highways"",""source"":""mda_users_import""}"
2026-09-02T21:41:34.074Z,,bulk-import-script,user_created,user,eVliCJdFC2T8rmaCJuB24m9v7Iy2,"{""email"":""antheaphanosdfr@gmail.com"",""role"":""mda_user"",""institutionId"":""ministry-of-roads-and-highways"",""source"":""mda_users_import""}"
2026-09-02T21:41:36.347Z,,bulk-import-script,user_created,user,Ngmj22Hms9hvnR9APWKYtCnmrZm1,"{""email"":""abigailshardow@yahoo.com"",""role"":""mda_user"",""institutionId"":""ministry-of-roads-and-highways"",""source"":""mda_users_import""}"
2026-09-02T21:41:38.628Z,,bulk-import-script,user_created,user,scJP0UTBAnWt7Jvsg6dr0wQlC8t1,"{""email"":""belinda.bona@mrh.gov.gh"",""role"":""mda_user"",""institutionId"":""ministry-of-roads-and-highways"",""source"":""mda_users_import""}"
2026-09-02T21:41:40.909Z,,bulk-import-script,user_created,user,AW44XOUuZPbKiAGy2ue4cz18k3J2,"{""email"":""cynthiaamakyeagyeman@yahoo.com"",""role"":""mda_user"",""institutionId"":""ministry-of-roads-and-highways"",""source"":""mda_users_import""}"
2026-09-02T21:41:43.145Z,,bulk-import-script,user_created,user,7PX8nsBoJvh9TTREuRboOgklw8n1,"{""email"":""eadzimah@gmail.com"",""role"":""mda_user"",""institutionId"":""ministry-of-roads-and-highways"",""source"":""mda_users_import""}"
2026-09-02T21:41:45.470Z,,bulk-import-script,user_created,user,IR12cBglA2Mir8SA4NQJ1ng8gJf2,"{""email"":""ekaamanfo@yahoo.com"",""role"":""mda_user"",""institutionId"":""ministry-of-roads-and-highways"",""source"":""mda_users_import""}"
2026-09-02T21:41:47.744Z,,bulk-import-script,user_created,user,t5QzJ7z6vTZQaAa6GEvn5eyb72F2,"{""email"":""ernestapraku@ymail.com"",""role"":""mda_user"",""institutionId"":""ministry-of-roads-and-highways"",""source"":""mda_users_import""}"
2026-09-02T21:41:50.068Z,,bulk-import-script,user_created,user,wiwMjcnmRrYnwnq8rCzT7pyeI4i1,"{""email"":""eboxgh@gmail.com"",""role"":""mda_user"",""institutionId"":""ministry-of-roads-and-highways"",""source"":""mda_users_import""}"
2026-09-02T21:42:00.700Z,,bulk-import-script,user_created,user,5Ce8eN2V96PDpvIaLzA6BEUFl3u2,"{""email"":""odosueric@yahoo.co.uk"",""role"":""mda_user"",""institutionId"":""ministry-of-roads-and-highways"",""source"":""mda_users_import""}"
2026-09-02T21:42:03.538Z,,bulk-import-script,user_created,user,SlvmCIzJ6TNaDmNI5o5yABIWDMG2,"{""email"":""ahlidza@gmail.com"",""role"":""mda_user"",""institutionId"":""ministry-of-roads-and-highways"",""source"":""mda_users_import""}"
2026-09-02T21:42:06.354Z,,bulk-import-script,user_created,user,Vbv3cpwW1oNos83sxDjZNJ2TW532,"{""email"":""fngmachin@gmail.com"",""role"":""mda_user"",""institutionId"":""ministry-of-roads-and-highways"",""source"":""mda_users_import""}"
2026-09-02T21:42:08.647Z,,bulk-import-script,user_created,user,Jcz3J5QL3NQajqdtEb6R3lLeuLH3,"{""email"":""frededrick.aduagyei@highways.gov.gh"",""role"":""mda_user"",""institutionId"":""ministry-of-roads-and-highways"",""source"":""mda_users_import""}"
2026-09-02T21:42:11.015Z,,bulk-import-script,user_created,user,poUbrAq8MocI1LNWooeba240lbC2,"{""email"":""gkladdison@gmail.com"",""role"":""mda_user"",""institutionId"":""ministry-of-roads-and-highways"",""source"":""mda_users_import""}"
2026-09-02T21:42:13.427Z,,bulk-import-script,user_created,user,jsC80HptyeZzF303wEj33EH384D2,"{""email"":""gloria.lartey@dfr.gov.gh"",""role"":""mda_user"",""institutionId"":""ministry-of-roads-and-highways"",""source"":""mda_users_import""}"
2026-09-02T21:42:15.656Z,,bulk-import-script,user_created,user,dqAKiSDsPofNxsPYb37ZDEbMtLN2,"{""email"":""isaackandoh@gmail.com"",""role"":""mda_user"",""institutionId"":""ministry-of-roads-and-highways"",""source"":""mda_users_import""}"
2026-09-02T21:42:17.913Z,,bulk-import-script,user_created,user,79qMQlXn1aR0kLayXspvw2Xhos22,"{""email"":""kisidora@yahoo.com"",""role"":""mda_user"",""institutionId"":""ministry-of-roads-and-highways"",""source"":""mda_users_import""}"
2026-09-02T21:42:20.302Z,,bulk-import-script,user_created,user,63EUYgTkaheqaETXV3XzpAHaKii2,"{""email"":""joamoogottfried@gmail.com"",""role"":""mda_user"",""institutionId"":""ministry-of-roads-and-highways"",""source"":""mda_users_import""}"
2026-09-02T21:42:23.066Z,,bulk-import-script,user_created,user,0xQTgHJIhlXbzoZ9cYWGR7a0KW02,"{""email"":""jochel73@yahoo.com"",""role"":""mda_user"",""institutionId"":""ministry-of-roads-and-highways"",""source"":""mda_users_import""}"
2026-09-02T21:42:25.354Z,,bulk-import-script,user_created,user,VehTiGZLAcfGi4cPeUfbvvjHsxs1,"{""email"":""just2uu@yahoo.com"",""role"":""mda_user"",""institutionId"":""ministry-of-roads-and-highways"",""source"":""mda_users_import""}"
2026-09-02T21:42:27.593Z,,bulk-import-script,user_created,user,Bf9pn7zQLIWxFRGfpzIviEhB9eE2,"{""email"":""kodwil01@yahoo.com"",""role"":""mda_user"",""institutionId"":""ministry-of-roads-and-highways"",""source"":""mda_users_import""}"
2026-09-02T21:42:29.920Z,,bulk-import-script,user_created,user,vNVzJYsQQJfi8NXYPIZKrzq1yLw2,"{""email"":""kntiappiagyei@gmail.com"",""role"":""mda_user"",""institutionId"":""ministry-of-roads-and-highways"",""source"":""mda_users_import""}"
2026-09-02T21:42:32.259Z,,bulk-import-script,user_created,user,Mv83ka2YqohqtW53OL6pd0ACNgQ2,"{""email"":""aduseibaidoo@yahoo.com"",""role"":""mda_user"",""institutionId"":""ministry-of-roads-and-highways"",""source"":""mda_users_import""}"
2026-09-02T21:42:34.470Z,,bulk-import-script,user_created,user,VlODbog9HZaAvGfuyzrjgb3x9Zt1,"{""email"":""mallam.issahaku@highway.gov.gh"",""role"":""mda_user"",""institutionId"":""ministry-of-roads-and-highways"",""source"":""mda_users_import""}"
2026-09-02T21:42:36.735Z,,bulk-import-script,user_created,user,YlmF8VGsrsORxm7m2un8BKMkPQT2,"{""email"":""mokarj@yahoo.co.uk"",""role"":""mda_user"",""institutionId"":""ministry-of-roads-and-highways"",""source"":""mda_users_import""}"
2026-09-02T21:42:38.940Z,,bulk-import-script,user_created,user,1Xa30xOK7XbgQdXQCwrbue0Z53l2,"{""email"":""ayikooley@gmail.com"",""role"":""mda_user"",""institutionId"":""ministry-of-roads-and-highways"",""source"":""mda_users_import""}"
2026-09-02T21:42:41.174Z,,bulk-import-script,user_created,user,nPZUvg8l0gRfn1OrFmJULrsyZmZ2,"{""email"":""wahab1976@yahoo.com"",""role"":""mda_user"",""institutionId"":""ministry-of-roads-and-highways"",""source"":""mda_users_import""}"
2026-09-02T21:42:43.423Z,,bulk-import-script,user_created,user,3EgIuvFozjQqSRI6lqbrCeAy5i22,"{""email"":""patienceonny@gmail.com"",""role"":""mda_user"",""institutionId"":""ministry-of-roads-and-highways"",""source"":""mda_users_import""}"
2026-09-02T21:42:45.738Z,,bulk-import-script,user_created,user,JQpqwuIS99XRAB4jq3d4UvJsrok2,"{""email"":""paul.duah@highway.gov.gh"",""role"":""mda_user"",""institutionId"":""ministry-of-roads-and-highways"",""source"":""mda_users_import""}"
2026-09-02T21:42:48.014Z,,bulk-import-script,user_created,user,Llgg5yRYCuWRHnDYBpUehZh7k1T2,"{""email"":""ruthafutukotey@gmail.com"",""role"":""mda_user"",""institutionId"":""ministry-of-roads-and-highways"",""source"":""mda_users_import""}"
2026-09-02T21:43:00.618Z,,bulk-import-script,user_created,user,qBZ0POHLbtgQzWrRD34ewI1Tqrh1,"{""email"":""rdarkok@gmail.com"",""role"":""mda_user"",""institutionId"":""ministry-of-roads-and-highways"",""source"":""mda_users_import""}"
2026-09-02T21:43:03.281Z,,bulk-import-script,user_created,user,wbL5b8hkMzcZs09vqnfvT4tB9O43,"{""email"":""gtawiahrichard@gmail.com"",""role"":""mda_user"",""institutionId"":""ministry-of-roads-and-highways"",""source"":""mda_users_import""}"
2026-09-02T21:43:05.539Z,,bulk-import-script,user_created,user,hgN5fMjnbVcurL9rqhIcizXn6no1,"{""email"":""rukkynayan@gmail.com"",""role"":""mda_user"",""institutionId"":""ministry-of-roads-and-highways"",""source"":""mda_users_import""}"
2026-09-02T21:43:07.779Z,,bulk-import-script,user_created,user,lI86nIhAkmcwLQmOxvQqaT1Zdtm2,"{""email"":""samakuaku@yahoo.com"",""role"":""mda_user"",""institutionId"":""ministry-of-roads-and-highways"",""source"":""mda_users_import""}"
2026-09-02T21:43:10.026Z,,bulk-import-script,user_created,user,MDFNinmi1JO5d5etJ0knwCHak952,"{""email"":""sybanini@gmail.com"",""role"":""mda_user"",""institutionId"":""ministry-of-roads-and-highways"",""source"":""mda_users_import""}"
2026-09-02T21:43:12.304Z,,bulk-import-script,user_created,user,OkIx4shf0PckljTUGlICRt4h9nd2,"{""email"":""socloo@yahoo.com"",""role"":""mda_user"",""institutionId"":""ministry-of-roads-and-highways"",""source"":""mda_users_import""}"
2026-09-02T21:43:14.538Z,,bulk-import-script,user_created,user,gyord0hrJfUEvOImD7HWTiGpXo92,"{""email"":""abdulai.samira@gmail.com"",""role"":""mda_user"",""institutionId"":""ministry-of-roads-and-highways"",""source"":""mda_users_import""}"
2026-09-02T21:43:16.785Z,,bulk-import-script,user_created,user,cGB2omcf8DUO3837qcXj8QBNdMz2,"{""email"":""semendo@gmail.com"",""role"":""mda_user"",""institutionId"":""ministry-of-roads-and-highways"",""source"":""mda_users_import""}"
2026-09-02T21:43:19.213Z,,bulk-import-script,user_created,user,YoOzrm1ViQVjfNO9xLUrI4HHir32,"{""email"":""adam.bonaa@smallarmscommission.gov.gh"",""role"":""mda_user"",""institutionId"":""ministry-of-the-interior"",""source"":""mda_users_import""}"
2026-09-02T21:43:21.514Z,,bulk-import-script,user_created,user,T7FdGCQkksTTZre3Zh6PaGlfUAH2,"{""email"":""adrian.koranteng@gmail.com"",""role"":""mda_user"",""institutionId"":""ministry-of-the-interior"",""source"":""mda_users_import""}"
2026-09-02T21:43:23.699Z,,bulk-import-script,user_created,user,SZYYBAv8FjWgXm4jM2lQu5JLpSm2,"{""email"":""akorfa.asamoah@ncc.gov.gh"",""role"":""mda_user"",""institutionId"":""ministry-of-the-interior"",""source"":""mda_users_import""}"
2026-09-02T21:43:25.988Z,,bulk-import-script,user_created,user,uDtsPSeijlOOg7XBId8LEq79VQE3,"{""email"":""akwasiam@yahoo.co.uk"",""role"":""mda_user"",""institutionId"":""ministry-of-the-interior"",""source"":""mda_users_import""}"
2026-09-02T21:43:46.288Z,,bulk-import-script,user_created,user,qyZ15m5XeCgrWs8FuO7C3je0lVn1,"{""email"":""a.oti-akenten@smallarmscommission.gov.gh"",""role"":""mda_user"",""institutionId"":""ministry-of-the-interior"",""source"":""mda_users_import""}"
2026-09-02T21:43:48.298Z,,bulk-import-script,user_created,user,O2UhofLaRVUw3zLUwSyv1ticMwk2,"{""email"":""kwameampaduhayford8@gmail.com"",""role"":""mda_user"",""institutionId"":""ministry-of-the-interior"",""source"":""mda_users_import""}"
2026-09-02T21:43:50.587Z,,bulk-import-script,user_created,user,Vx0f1F79zzQPaYYne0czKFxbUrx1,"{""email"":""anita.forster@ncc.gov.gh"",""role"":""mda_user"",""institutionId"":""ministry-of-the-interior"",""source"":""mda_users_import""}"
2026-09-02T21:43:52.799Z,,bulk-import-script,user_created,user,aun1PwiXCyftTx7hUS2h5TJQNlA2,"{""email"":""tonyarthur30@gmail.com"",""role"":""mda_user"",""institutionId"":""ministry-of-the-interior"",""source"":""mda_users_import""}"
2026-09-02T21:44:08.205Z,,bulk-import-script,user_created,user,x3T7t8uBUqM3TOBs48KuHwBwS0t2,"{""email"":""soluplush@yahoo.com"",""role"":""mda_user"",""institutionId"":""ministry-of-the-interior"",""source"":""mda_users_import""}"
2026-09-02T21:44:10.517Z,,bulk-import-script,user_created,user,DZ53yxTfPCdrG3xvVCHIb8qM6jG2,"{""email"":""audreysackey3@gmail.com"",""role"":""mda_user"",""institutionId"":""ministry-of-the-interior"",""source"":""mda_users_import""}"
2026-09-02T21:44:12.823Z,,bulk-import-script,user_created,user,3dDjtIfL8AeS74TtkliYdW1hrKu2,"{""email"":""annietettegah@gmail.com"",""role"":""mda_user"",""institutionId"":""ministry-of-the-interior"",""source"":""mda_users_import""}"
2026-09-02T21:44:15.127Z,,bulk-import-script,user_created,user,wstDU21PSBbISHgXShgcvAt1jLH3,"{""email"":""barbara.franklin-torsoo@mint.gov.gh"",""role"":""mda_user"",""institutionId"":""ministry-of-the-interior"",""source"":""mda_users_import""}"
2026-09-02T21:44:17.381Z,,bulk-import-script,user_created,user,9PIiGlMYYEeaNzVzC0DQS00R6rJ2,"{""email"":""bernadette.nyonator@immigration.gov.gh"",""role"":""mda_user"",""institutionId"":""ministry-of-the-interior"",""source"":""mda_users_import""}"
2026-09-02T21:44:19.696Z,,bulk-import-script,user_created,user,hiMUFaIJkYh0JNgVnohT18LSkml2,"{""email"":""berthaeffah@yahoo.com"",""role"":""mda_user"",""institutionId"":""ministry-of-the-interior"",""source"":""mda_users_import""}"
2026-09-02T21:44:21.814Z,,bulk-import-script,user_created,user,8oJxPGjsfRR3WKirf6V5VbCmDda2,"{""email"":""caquah@nsbnc.org"",""role"":""mda_user"",""institutionId"":""ministry-of-the-interior"",""source"":""mda_users_import""}"
2026-09-02T21:44:24.143Z,,bulk-import-script,user_created,user,tp1REQJX77gqeHwTxevh6GDlz3Z2,"{""email"":""ceciyamga@gmail.com"",""role"":""mda_user"",""institutionId"":""ministry-of-the-interior"",""source"":""mda_users_import""}"
2026-09-02T21:44:26.244Z,,bulk-import-script,user_created,user,m0Gu1LhSGteIheedaxqhr6QMS373,"{""email"":""nanaclaude88@gmail.com"",""role"":""mda_user"",""institutionId"":""ministry-of-the-interior"",""source"":""mda_users_import""}"
2026-09-02T21:44:28.458Z,,bulk-import-script,user_created,user,iN7GTYM52HhOsJ77KoMw3eETpYc2,"{""email"":""caroline.tsatsu@grb.gov.gh"",""role"":""mda_user"",""institutionId"":""ministry-of-the-interior"",""source"":""mda_users_import""}"
2026-09-02T21:44:30.437Z,,bulk-import-script,user_created,user,FZFt2sElHccel818LhJcy4BSgif1,"{""email"":""daniel.brewu@immigration.gov.gh"",""role"":""mda_user"",""institutionId"":""ministry-of-the-interior"",""source"":""mda_users_import""}"
2026-09-02T21:44:39.076Z,,bulk-import-script,user_created,user,GGXLcSegb9ZzqoQ8R3aS5F1xXau1,"{""email"":""cfognfs@gmail.com"",""role"":""mda_user"",""institutionId"":""ministry-of-the-interior"",""source"":""mda_users_import""}"
2026-09-02T21:44:41.077Z,,bulk-import-script,user_created,user,HlU0zPMhS8VFFLL34UUMbT3cef43,"{""email"":""kwadwo.abeam@ghanaprisons.gov.gh"",""role"":""mda_user"",""institutionId"":""ministry-of-the-interior"",""source"":""mda_users_import""}"
2026-09-02T21:44:43.133Z,,bulk-import-script,user_created,user,ttIY55mTbwOmlWPdnvwIXEwDPXt2,"{""email"":""dennis.gyau@immigration.gov.gh"",""role"":""mda_user"",""institutionId"":""ministry-of-the-interior"",""source"":""mda_users_import""}"
2026-09-02T21:44:45.109Z,,bulk-import-script,user_created,user,VZtetiOGYtPFkR5mPtncCAY4VW93,"{""email"":""doreen.annan@mint.gov.gh"",""role"":""mda_user"",""institutionId"":""ministry-of-the-interior"",""source"":""mda_users_import""}"
2026-09-02T21:45:00.167Z,,bulk-import-script,user_created,user,2F3N7fZl4UU9UiQCmQVBtj2dPHe2,"{""email"":""davek347@gmial.com"",""role"":""mda_user"",""institutionId"":""ministry-of-the-interior"",""source"":""mda_users_import""}"
2026-09-02T21:45:02.383Z,,bulk-import-script,user_created,user,u5wudi6tOYgfkVPgEah7FFrrzBC2,"{""email"":""ruby.adumuah@gmail.com"",""role"":""mda_user"",""institutionId"":""ministry-of-the-interior"",""source"":""mda_users_import""}"
2026-09-02T21:45:04.412Z,,bulk-import-script,user_created,user,Jaab6mEHWtbXKMkOv8TPGNKd8IB2,"{""email"":""emmanuelakuffo73@gmail.com"",""role"":""mda_user"",""institutionId"":""ministry-of-the-interior"",""source"":""mda_users_import""}"
2026-09-02T21:45:06.657Z,,bulk-import-script,user_created,user,10Qxgz3HZUaE9Raf4BD2aCcLuSD2,"{""email"":""emmanuel.amakye@ghanaprisons.gov.gh"",""role"":""mda_user"",""institutionId"":""ministry-of-the-interior"",""source"":""mda_users_import""}"
2026-09-02T21:46:09.199Z,,bulk-import-script,user_created,user,10Qxgz3HZUaE9Raf4BD2aCcLuSD2,"{""email"":""emmanuel.amakye@ghanaprisons.gov.gh"",""role"":""mda_user"",""institutionId"":""ministry-of-the-interior"",""source"":""mda_users_import""}"
2026-09-02T21:46:11.999Z,,bulk-import-script,user_created,user,nxrjipZVNdOrDRPYae4oeT0GuqA3,"{""email"":""elikem.kwadzokpo@grb.gov.gh"",""role"":""mda_user"",""institutionId"":""ministry-of-the-interior"",""source"":""mda_users_import""}"
2026-09-02T21:46:14.555Z,,bulk-import-script,user_created,user,rI5vAJd1vYQ7Mvlgs3agrjrkUlg1,"{""email"":""emmanuel.quainoo@gamingcommission.gov.gh"",""role"":""mda_user"",""institutionId"":""ministry-of-the-interior"",""source"":""mda_users_import""}"
2026-09-02T21:46:17.470Z,,bulk-import-script,user_created,user,v9tQsGMn3WZMLbvrggWZhV58bQh1,"{""email"":""enock.amo@mint.gov.gh"",""role"":""mda_user"",""institutionId"":""ministry-of-the-interior"",""source"":""mda_users_import""}"
2026-09-02T21:46:19.674Z,,bulk-import-script,user_created,user,dri68aFGUdTGcTrFWWBmaAcCl0r2,"{""email"":""naaamanobea@gmail.com"",""role"":""mda_user"",""institutionId"":""ministry-of-the-interior"",""source"":""mda_users_import""}"
2026-09-02T21:47:30.717Z,,bulk-import-script,user_created,user,W8DZILZj33UEZ2A9m6iP9snM2FB2,"{""email"":""fafianko@nscs.gov.gh"",""role"":""mda_user"",""institutionId"":""ministry-of-the-interior"",""source"":""mda_users_import""}"
2026-09-02T21:47:32.973Z,,bulk-import-script,user_created,user,pUCPNzWJlmg13zEQs7NkiGRyWkf1,"{""email"":""osaffoanim@gmail.com"",""role"":""mda_user"",""institutionId"":""ministry-of-the-interior"",""source"":""mda_users_import""}"
2026-09-02T21:47:35.110Z,,bulk-import-script,user_created,user,ByFCK72rYCNNeSSX2Sgwo6toxKI2,"{""email"":""frank.tepe-mensah@grb.gov.gh"",""role"":""mda_user"",""institutionId"":""ministry-of-the-interior"",""source"":""mda_users_import""}"
2026-09-02T21:47:47.525Z,,bulk-import-script,user_created,user,snQoIEWuzjO1hlID2x5vlhU8B9y1,"{""email"":""gabbyakasom@gmail.com"",""role"":""mda_user"",""institutionId"":""ministry-of-the-interior"",""source"":""mda_users_import""}"
2026-09-02T21:47:49.858Z,,bulk-import-script,user_created,user,09NRI8Oqv3c7cGRJNFhxhMwbQSO2,"{""email"":""georgeamoh@ymail.com"",""role"":""mda_user"",""institutionId"":""ministry-of-the-interior"",""source"":""mda_users_import""}"
2026-09-02T21:47:51.939Z,,bulk-import-script,user_created,user,M2GNA2vmsoPmr0ccy97tkzUNk6Y2,"{""email"":""gyebi.asante@smallarmscommission.gov.gh"",""role"":""mda_user"",""institutionId"":""ministry-of-the-interior"",""source"":""mda_users_import""}"
2026-09-02T21:47:54.112Z,,bulk-import-script,user_created,user,RWz4lQ0F0HX7W28jNygwOnoxgqF2,"{""email"":""grace.asempa@mint.gov.gh"",""role"":""mda_user"",""institutionId"":""ministry-of-the-interior"",""source"":""mda_users_import""}"
2026-09-02T21:47:56.190Z,,bulk-import-script,user_created,user,hcTocnV8f5QY8ZXFwTIg4YVyekt1,"{""email"":""gmakan.wujangi@mint.gov.gh"",""role"":""mda_user"",""institutionId"":""ministry-of-the-interior"",""source"":""mda_users_import""}"
2026-09-02T21:47:58.557Z,,bulk-import-script,user_created,user,JSsLc4OgIudF5ef0gNgn6VqiLsm1,"{""email"":""hawa.seini@peacecouncil.gov.gh"",""role"":""mda_user"",""institutionId"":""ministry-of-the-interior"",""source"":""mda_users_import""}"
2026-09-02T21:48:00.861Z,,bulk-import-script,user_created,user,0ZwisokYRyMD3VQ8wha8qwI6nCj1,"{""email"":""henrynsoh@gmail.com"",""role"":""mda_user"",""institutionId"":""ministry-of-the-interior"",""source"":""mda_users_import""}"
2026-09-02T21:48:02.850Z,,bulk-import-script,user_created,user,cvaUvSPPyQT4hulutoRiJcajHAq1,"{""email"":""indira.lawson@immigration.gov.gh"",""role"":""mda_user"",""institutionId"":""ministry-of-the-interior"",""source"":""mda_users_import""}"
2026-09-02T21:48:05.122Z,,bulk-import-script,user_created,user,967F4IWd24UsKBTFSO8ONEDuAXF3,"{""email"":""isaac.nkrumah@ncc.gov.gh"",""role"":""mda_user"",""institutionId"":""ministry-of-the-interior"",""source"":""mda_users_import""}"
2026-09-02T21:48:07.507Z,,bulk-import-script,user_created,user,ICwjlZ4hgPU1SFUloneQWl8yXDk1,"{""email"":""joycem.adjah@immigration.gov.gh"",""role"":""mda_user"",""institutionId"":""ministry-of-the-interior"",""source"":""mda_users_import""}"
2026-09-02T21:48:09.794Z,,bulk-import-script,user_created,user,SxKuWqBS6oZ3Zs8sJPqkWsPBrb13,"{""email"":""john.asubonteng@ncc.gov.gh"",""role"":""mda_user"",""institutionId"":""ministry-of-the-interior"",""source"":""mda_users_import""}"
2026-09-02T21:48:11.808Z,,bulk-import-script,user_created,user,JuZeIUEs2fQW5RMeFwg4WcYLO1w1,"{""email"":""jessica.ayim@mint.gov.gh"",""role"":""mda_user"",""institutionId"":""ministry-of-the-interior"",""source"":""mda_users_import""}"
2026-09-02T21:48:19.977Z,,bulk-import-script,user_created,user,ZD5kInDfFiO9hpYz3fBnLYA7bQl1,"{""email"":""donkohjohn@gmail.com"",""role"":""mda_user"",""institutionId"":""ministry-of-the-interior"",""source"":""mda_users_import""}"
2026-09-02T21:48:22.073Z,,bulk-import-script,user_created,user,d0mQgbBbcXdErun039KKFZTh9XA2,"{""email"":""jennifer.uriko-kang@peacecouncil.gov.gh"",""role"":""mda_user"",""institutionId"":""ministry-of-the-interior"",""source"":""mda_users_import""}"
2026-09-02T21:48:24.413Z,,bulk-import-script,user_created,user,U0dTYG0TwlMxjmygQ4dKn9I03RE3,"{""email"":""kwasi.gk@gmail.com"",""role"":""mda_user"",""institutionId"":""ministry-of-the-interior"",""source"":""mda_users_import""}"
2026-09-02T21:48:26.717Z,,bulk-import-script,user_created,user,Ozp9nUyoIqMz4hsKPDIWB2xzbG42,"{""email"":""brusnikleticia48@gmail.com"",""role"":""mda_user"",""institutionId"":""ministry-of-the-interior"",""source"":""mda_users_import""}"
2026-09-02T21:48:29.153Z,,bulk-import-script,user_created,user,UMq4hJLBvAY5wm9PEJtyTJoW3Gl2,"{""email"":""louishamilton@gmail.com"",""role"":""mda_user"",""institutionId"":""ministry-of-the-interior"",""source"":""mda_users_import""}"
2026-09-02T21:48:31.281Z,,bulk-import-script,user_created,user,jxp1xaxO5AMThXP8TUYtCvZQjE32,"{""email"":""aimerlove15@yahoo.com"",""role"":""mda_user"",""institutionId"":""ministry-of-the-interior"",""source"":""mda_users_import""}"
2026-09-02T21:48:33.487Z,,bulk-import-script,user_created,user,s2V4JdABUGgD27PVesYaHSIiHvM2,"{""email"":""abukariups@gmail.com"",""role"":""mda_user"",""institutionId"":""ministry-of-the-interior"",""source"":""mda_users_import""}"
2026-09-02T21:48:35.577Z,,bulk-import-script,user_created,user,QYvNiLlvwCQm0NGVAaD758wXZoJ3,"{""email"":""manfredanokye@gmail.com"",""role"":""mda_user"",""institutionId"":""ministry-of-the-interior"",""source"":""mda_users_import""}"
2026-09-02T21:48:37.618Z,,bulk-import-script,user_created,user,WIbQUuGMYwarcYbi2LKQ5Ckz0sg1,"{""email"":""brako_mba@yahoo.com"",""role"":""mda_user"",""institutionId"":""ministry-of-the-interior"",""source"":""mda_users_import""}"
2026-09-02T21:48:39.696Z,,bulk-import-script,user_created,user,Ma3TXXmGbfUjPb3fc6NpF3Kuybw1,"{""email"":""nyarkomonica192@gmail.com"",""role"":""mda_user"",""institutionId"":""ministry-of-the-interior"",""source"":""mda_users_import""}"
2026-09-02T21:48:41.800Z,,bulk-import-script,user_created,user,Q8uUn0ZSHJc8p5K8IN1sGk1QlnB3,"{""email"":""michael.danful@ncc.gov.gh"",""role"":""mda_user"",""institutionId"":""ministry-of-the-interior"",""source"":""mda_users_import""}"
2026-09-02T21:48:43.801Z,,bulk-import-script,user_created,user,L55rYeHUTFhgvKxOV94ZtX7koda2,"{""email"":""addylamptey77@gmail.com"",""role"":""mda_user"",""institutionId"":""ministry-of-the-interior"",""source"":""mda_users_import""}"
2026-09-02T21:48:46.075Z,,bulk-import-script,user_created,user,Tu8qyxdo7CZBUINOtSnHUSx202W2,"{""email"":""nana.dadzie@gamingcommission.gov.gh"",""role"":""mda_user"",""institutionId"":""ministry-of-the-interior"",""source"":""mda_users_import""}"
2026-09-02T21:48:56.108Z,,bulk-import-script,user_created,user,hL1uSRuAyVNzEAaqo2CQvTmykfr2,"{""email"":""pagyeman65@gmail.com"",""role"":""mda_user"",""institutionId"":""ministry-of-the-interior"",""source"":""mda_users_import""}"
2026-09-02T21:48:58.171Z,,bulk-import-script,user_created,user,FFuMzW4RGaSllQeZFFNJfARxMsj1,"{""email"":""asarep746@gmail.com"",""role"":""mda_user"",""institutionId"":""ministry-of-the-interior"",""source"":""mda_users_import""}"
2026-09-02T21:49:00.392Z,,bulk-import-script,user_created,user,sLT8LgZvIsarQ6TEC6INJblNSCw2,"{""email"":""peter.mireku@gamingcommission.gov.gh"",""role"":""mda_user"",""institutionId"":""ministry-of-the-interior"",""source"":""mda_users_import""}"
2026-09-02T21:49:02.622Z,,bulk-import-script,user_created,user,0UxfsHugl1bWOJTaSMGl5gUlnvE2,"{""email"":""prince.frimpong@immigration.gov.gh"",""role"":""mda_user"",""institutionId"":""ministry-of-the-interior"",""source"":""mda_users_import""}"
2026-09-02T21:49:04.688Z,,bulk-import-script,user_created,user,qtYvB9QT8cY6MOCPff288zem5gF3,"{""email"":""rosea.kponyo@immigration.gov.gh"",""role"":""mda_user"",""institutionId"":""ministry-of-the-interior"",""source"":""mda_users_import""}"
2026-09-02T21:49:06.700Z,,bulk-import-script,user_created,user,e4wqesDFHmUfW0YZ63BzwPwfC5n1,"{""email"":""raymond.sackey@grb.gov.gh"",""role"":""mda_user"",""institutionId"":""ministry-of-the-interior"",""source"":""mda_users_import""}"
2026-09-02T21:49:08.765Z,,bulk-import-script,user_created,user,FdDbbt6kiZPFOfleqhm2WwtFH5y2,"{""email"":""rebecca.sam@smallarmscommission.gov.gh"",""role"":""mda_user"",""institutionId"":""ministry-of-the-interior"",""source"":""mda_users_import""}"
2026-09-02T21:49:10.826Z,,bulk-import-script,user_created,user,2FiUrwTCtVYjOHKhSJlmW3M6QUt2,"{""email"":""rita.yali@peacecouncil.gov.gh"",""role"":""mda_user"",""institutionId"":""ministry-of-the-interior"",""source"":""mda_users_import""}"
2026-09-02T21:49:12.841Z,,bulk-import-script,user_created,user,2VCRaHUK2ZM3ZTdO2GDX2kSPqJ03,"{""email"":""robert.akuoko@mint.gov.gh"",""role"":""mda_user"",""institutionId"":""ministry-of-the-interior"",""source"":""mda_users_import""}"
2026-09-02T21:49:14.873Z,,bulk-import-script,user_created,user,UQT8ED6O8gQxAw2bU3aQwNqbQ013,"{""email"":""robryeb@gmail.com"",""role"":""mda_user"",""institutionId"":""ministry-of-the-interior"",""source"":""mda_users_import""}"
2026-09-02T21:49:17.098Z,,bulk-import-script,user_created,user,LXMJWkvHP3g6NlvaiNNBwXic8Kw1,"{""email"":""selasie.adih@grb.gov.gh"",""role"":""mda_user"",""institutionId"":""ministry-of-the-interior"",""source"":""mda_users_import""}"
2026-09-02T21:49:19.269Z,,bulk-import-script,user_created,user,APygQeHgqfVXJAUqgbwz7siiYTc2,"{""email"":""senyo.agboada@yahoo.com"",""role"":""mda_user"",""institutionId"":""ministry-of-the-interior"",""source"":""mda_users_import""}"
2026-09-02T21:49:21.420Z,,bulk-import-script,user_created,user,VGtlpwEBrjUZ06mIqk7kteaBavE3,"{""email"":""sammyamissah@gmail.com"",""role"":""mda_user"",""institutionId"":""ministry-of-the-interior"",""source"":""mda_users_import""}"
2026-09-02T21:49:30.792Z,,bulk-import-script,user_created,user,OXGnbM2LvNdSoUMxuGacnqD9DlR2,"{""email"":""sarthur@nsbnc.org"",""role"":""mda_user"",""institutionId"":""ministry-of-the-interior"",""source"":""mda_users_import""}"
2026-09-02T21:49:33.019Z,,bulk-import-script,user_created,user,AtKwbGwwerbhcHwZZXZgBE14ZeZ2,"{""email"":""semefa.asimenu@peacecouncil.gov.gh"",""role"":""mda_user"",""institutionId"":""ministry-of-the-interior"",""source"":""mda_users_import""}"
2026-09-02T21:49:35.036Z,,bulk-import-script,user_created,user,rff5hc7eAKazWx7ZDsSUNyVxGc82,"{""email"":""sena.dake@gamingcommission.gov.gh"",""role"":""mda_user"",""institutionId"":""ministry-of-the-interior"",""source"":""mda_users_import""}"
2026-09-02T21:49:37.078Z,,bulk-import-script,user_created,user,ZXQ6rSqbeYhlmHrVLUKaaXO4sTB3,"{""email"":""solomon.mensah@mint.gov.gh"",""role"":""mda_user"",""institutionId"":""ministry-of-the-interior"",""source"":""mda_users_import""}"
2026-09-02T21:49:39.323Z,,bulk-import-script,user_created,user,wwXpgyjIZyeZVQbIAAlPpRaji1Q2,"{""email"":""samuel.sewor@gamingcommission.gov.gh"",""role"":""mda_user"",""institutionId"":""ministry-of-the-interior"",""source"":""mda_users_import""}"
2026-09-02T21:49:41.487Z,,bulk-import-script,user_created,user,LIapgpuZ8OYDTiVRaSW5KRWzc9C3,"{""email"":""samuel.yeboah@smallarmscommission.gov.gh"",""role"":""mda_user"",""institutionId"":""ministry-of-the-interior"",""source"":""mda_users_import""}"
2026-09-02T21:49:43.694Z,,bulk-import-script,user_created,user,kPi28l0cVLNPqdehlBFh2ri39hl2,"{""email"":""djilahs@yahoo.com"",""role"":""mda_user"",""institutionId"":""ministry-of-the-interior"",""source"":""mda_users_import""}"
2026-09-02T21:49:45.810Z,,bulk-import-script,user_created,user,Nf2VtaMe4NT5zEdAveCGNkO7qj22,"{""email"":""solomon.appiah@gamingcommission.gov.gh"",""role"":""mda_user"",""institutionId"":""ministry-of-the-interior"",""source"":""mda_users_import""}"
2026-09-02T21:49:48.181Z,,bulk-import-script,user_created,user,ZHF8CSXLCPMfi0u0rONMfwgn6m52,"{""email"":""stephenmensahdogbo@gmail.com"",""role"":""mda_user"",""institutionId"":""ministry-of-the-interior"",""source"":""mda_users_import""}"
2026-09-02T21:49:50.176Z,,bulk-import-script,user_created,user,k5VuadTJJaXD7ZGps40j70nEBbC2,"{""email"":""tetteh.padi@grb.gov.gh"",""role"":""mda_user"",""institutionId"":""ministry-of-the-interior"",""source"":""mda_users_import""}"
2026-09-02T21:49:52.182Z,,bulk-import-script,user_created,user,z55d9gnuHlajUDf8A2Wfl2HwwQE2,"{""email"":""wisdom.otu@immigration.gov.gh"",""role"":""mda_user"",""institutionId"":""ministry-of-the-interior"",""source"":""mda_users_import""}"
2026-09-02T21:49:54.204Z,,bulk-import-script,user_created,user,6IwNJoaJeDfBSIgcGZM0Rft2MxJ3,"{""email"":""agy.asomaniwinifred@gmail.com"",""role"":""mda_user"",""institutionId"":""ministry-of-the-interior"",""source"":""mda_users_import""}"
2026-09-02T21:50:10.117Z,,bulk-import-script,user_created,user,QSw19NwWHiXovdPt0FXcQMlrBF03,"{""email"":""delanyog@gmail.com"",""role"":""mda_user"",""institutionId"":""ministry-of-tourism-culture-and-creative-arts"",""source"":""mda_users_import""}"
2026-09-02T21:50:12.351Z,,bulk-import-script,user_created,user,6heJXCn8eJWuqnbiWFN0n7nekn03,"{""email"":""elsieklufio@yahoo.co.uk"",""role"":""mda_user"",""institutionId"":""ministry-of-tourism-culture-and-creative-arts"",""source"":""mda_users_import""}"
2026-09-02T21:50:14.965Z,,bulk-import-script,user_created,user,xjP9InfoI7ZEZydL2DcerOvQcdz1,"{""email"":""eric.mante-bediako@motac.gov.gh"",""role"":""mda_user"",""institutionId"":""ministry-of-tourism-culture-and-creative-arts"",""source"":""mda_users_import""}"
2026-09-02T21:50:16.944Z,,bulk-import-script,user_created,user,Z2PudjsihAYzS3J4UUETXUOTcBF2,"{""email"":""bendo2g9@yahoo.com"",""role"":""mda_user"",""institutionId"":""ministry-of-tourism-culture-and-creative-arts"",""source"":""mda_users_import""}"
2026-09-02T21:50:19.028Z,,bulk-import-script,user_created,user,lyRfsPOKxdcxxvzOVboSrPl9mzC2,"{""email"":""kweiawaa@yahoo.com"",""role"":""mda_user"",""institutionId"":""ministry-of-tourism-culture-and-creative-arts"",""source"":""mda_users_import""}"
2026-09-02T21:50:21.133Z,,bulk-import-script,user_created,user,3v7VEZVW96VLkJ8M144UvqTvqaz1,"{""email"":""niiaryeefarouk@gmail.com"",""role"":""mda_user"",""institutionId"":""ministry-of-tourism-culture-and-creative-arts"",""source"":""mda_users_import""}"
2026-09-02T21:50:23.226Z,,bulk-import-script,user_created,user,xqbA5FLHIbSWp6vHYazNd6a3htv2,"{""email"":""trudyabenaserwah@gmail.com"",""role"":""mda_user"",""institutionId"":""ministry-of-tourism-culture-and-creative-arts"",""source"":""mda_users_import""}"
2026-09-02T21:50:26.244Z,,bulk-import-script,user_created,user,4I73wVbWyJMRAkxUCO5X43FuGGD2,"{""email"":""gyirusaa24@gmail.com"",""role"":""mda_user"",""institutionId"":""ministry-of-tourism-culture-and-creative-arts"",""source"":""mda_users_import""}"
2026-09-02T21:50:44.772Z,,bulk-import-script,user_created,user,0Z3uzZru9oZalYau8E6w4MGnbvr1,"{""email"":""louismens@yahoo.com"",""role"":""mda_user"",""institutionId"":""ministry-of-tourism-culture-and-creative-arts"",""source"":""mda_users_import""}"
2026-09-02T21:50:47.011Z,,bulk-import-script,user_created,user,uh8bwtjjQEWqIsr6rhSScezBGD53,"{""email"":""richlove.wiafedoffour@nfa.gov.gh"",""role"":""mda_user"",""institutionId"":""ministry-of-tourism-culture-and-creative-arts"",""source"":""mda_users_import""}"
2026-09-02T21:50:49.153Z,,bulk-import-script,user_created,user,Am83FCB1q6MRzc6B2U2hy9h4PFl1,"{""email"":""safiatu.musah@bgl.gov.gh"",""role"":""mda_user"",""institutionId"":""ministry-of-tourism-culture-and-creative-arts"",""source"":""mda_users_import""}"
2026-09-02T21:50:51.963Z,,bulk-import-script,user_created,user,maEP1TLwgdc9VkSMilAuaVFoDfh2,"{""email"":""samzzel@yahoo.co.uk"",""role"":""mda_user"",""institutionId"":""ministry-of-tourism-culture-and-creative-arts"",""source"":""mda_users_import""}"
2026-09-02T21:50:54.084Z,,bulk-import-script,user_created,user,62iYILtvY7U2nW9gKsEq8aftCGR2,"{""email"":""langmagne@yahoo.com"",""role"":""mda_user"",""institutionId"":""ministry-of-tourism-culture-and-creative-arts"",""source"":""mda_users_import""}"
2026-09-02T21:50:56.127Z,,bulk-import-script,user_created,user,ur0yLV1wmsQzAyBesHD6l3g0HN73,"{""email"":""nanasackey120@gmail.com"",""role"":""mda_user"",""institutionId"":""ministry-of-tourism-culture-and-creative-arts"",""source"":""mda_users_import""}"
2026-09-02T21:50:58.202Z,,bulk-import-script,user_created,user,4S5f5oG1ZrY0im61MpTdj7Wf92k1,"{""email"":""sally.ghorglah@motac.gov.gh"",""role"":""mda_user"",""institutionId"":""ministry-of-tourism-culture-and-creative-arts"",""source"":""mda_users_import""}"
2026-09-02T21:52:01.992Z,,bulk-import-script,user_created,user,8QmlfzpAxicYgVFUB5tDWw4UNT63,"{""email"":""vboakye781@gmail.com"",""role"":""mda_user"",""institutionId"":""ministry-of-tourism-culture-and-creative-arts"",""source"":""mda_users_import""}"
2026-09-02T21:52:04.599Z,,bulk-import-script,user_created,user,2G4jArQDEHSGUSbXeqzr99WJxRi2,"{""email"":""theoflesv@gmail.com"",""role"":""mda_user"",""institutionId"":""ministry-of-tourism-culture-and-creative-arts"",""source"":""mda_users_import""}"
2026-09-02T21:52:07.213Z,,bulk-import-script,user_created,user,UfKcM7djfuaZ2OLYGJafCoLBfh12,"{""email"":""edwardosei77@gamil.com"",""role"":""mda_user"",""institutionId"":""ministry-of-tourism-culture-and-creative-arts"",""source"":""mda_users_import""}"
2026-09-02T21:52:09.777Z,,bulk-import-script,user_created,user,M2Np5xAuX0VUKS3jZV8zf2SbHeK2,"{""email"":""zabdulawumbei@gmail.com"",""role"":""mda_user"",""institutionId"":""ministry-of-tourism-culture-and-creative-arts"",""source"":""mda_users_import""}"
2026-09-02T21:52:19.059Z,,bulk-import-script,user_created,user,3yn7AAsNpnNEHXXjuST3AYLHvS73,"{""email"":""albertoyk@yahoo.com"",""role"":""mda_user"",""institutionId"":""ministry-of-trade-and-industry"",""source"":""mda_users_import""}"
2026-09-02T21:52:21.248Z,,bulk-import-script,user_created,user,rxJyH9ntrMeN7fpc4gGpV3hrU4G3,"{""email"":""bernice.ampofo@gepa.gov.gh"",""role"":""mda_user"",""institutionId"":""ministry-of-trade-and-industry"",""source"":""mda_users_import""}"
2026-09-02T21:52:23.453Z,,bulk-import-script,user_created,user,WKQIZj14n6Zs8PykmuNgOwqQYpl2,"{""email"":""baffour.akuffo-ankama@gea.gov.gh"",""role"":""mda_user"",""institutionId"":""ministry-of-trade-and-industry"",""source"":""mda_users_import""}"
2026-09-02T21:52:25.736Z,,bulk-import-script,user_created,user,QhMdZzmPB1SaCJcjMPRUDwa6E2o1,"{""email"":""bernard.ayensu@moti.gov.gh"",""role"":""mda_user"",""institutionId"":""ministry-of-trade-and-industry"",""source"":""mda_users_import""}"
2026-09-02T21:52:28.017Z,,bulk-import-script,user_created,user,0skjGNcLYXS1OxG57WTpeeBnQsG2,"{""email"":""david.ampah@gepa.gov.gh"",""role"":""mda_user"",""institutionId"":""ministry-of-trade-and-industry"",""source"":""mda_users_import""}"
2026-09-02T21:52:30.226Z,,bulk-import-script,user_created,user,hMxdumkCw8Re2luaMYhj4xqsnSr1,"{""email"":""akuedd@gmail.com"",""role"":""mda_user"",""institutionId"":""ministry-of-trade-and-industry"",""source"":""mda_users_import""}"
2026-09-02T21:52:32.471Z,,bulk-import-script,user_created,user,Z2zAWpIl8SMFOidt3YuRkAMBiUv2,"{""email"":""zoekpn@gmail.com"",""role"":""mda_user"",""institutionId"":""ministry-of-trade-and-industry"",""source"":""mda_users_import""}"
2026-09-02T21:52:34.804Z,,bulk-import-script,user_created,user,0bIQEm3sibhR995jzSugCj4wytI2,"{""email"":""hannah.swanzy@gsa.gov.gh"",""role"":""mda_user"",""institutionId"":""ministry-of-trade-and-industry"",""source"":""mda_users_import""}"
2026-09-02T21:52:37.042Z,,bulk-import-script,user_created,user,d1zOisRPgsMatTzVqXkDAHPjOlK2,"{""email"":""ateluj77@gmail.com"",""role"":""mda_user"",""institutionId"":""ministry-of-trade-and-industry"",""source"":""mda_users_import""}"
2026-09-02T21:52:39.286Z,,bulk-import-script,user_created,user,ptLiGMq6o2UnIgwqoHg3YuTC61z1,"{""email"":""kofi.badu@gfza.gov.gh"",""role"":""mda_user"",""institutionId"":""ministry-of-trade-and-industry"",""source"":""mda_users_import""}"
2026-09-02T21:52:41.607Z,,bulk-import-script,user_created,user,ZMQ3Xv2k5hOkXKjxOkkJvZonf4o1,"{""email"":""om.akurang@moti.gov.gh"",""role"":""mda_user"",""institutionId"":""ministry-of-trade-and-industry"",""source"":""mda_users_import""}"
2026-09-02T21:52:43.821Z,,bulk-import-script,user_created,user,niaxGaAMOkQqz3h4AUzfJZUXIQZ2,"{""email"":""samuel.anokye-boakye@gea.gov.gh"",""role"":""mda_user"",""institutionId"":""ministry-of-trade-and-industry"",""source"":""mda_users_import""}"
2026-09-02T21:52:46.049Z,,bulk-import-script,user_created,user,FaGaaW7pUtP9ZmBfnhXwfaXHVkM2,"{""email"":""tina.asante@gsa.gov.gh"",""role"":""mda_user"",""institutionId"":""ministry-of-trade-and-industry"",""source"":""mda_users_import""}"
2026-09-02T21:52:48.272Z,,bulk-import-script,user_created,user,PjkIij6CRwh85aQQO8kKGoKdOev2,"{""email"":""akasimpliciti@gmail.com"",""role"":""mda_user"",""institutionId"":""ministry-of-trade-and-industry"",""source"":""mda_users_import""}"
2026-09-02T21:52:50.541Z,,bulk-import-script,user_created,user,YAJhWisvsIh3D4QitJFA4Nalr5d2,"{""email"":""motichief@moti.gov.gh"",""role"":""mda_user"",""institutionId"":""ministry-of-trade-and-industry"",""source"":""mda_users_import""}"
2026-09-02T21:52:53.338Z,,bulk-import-script,user_created,user,Vfr2kNqQweYVYJCfJG4xeTRADdw2,"{""email"":""festus.apreku@gsa.gov.gh"",""role"":""mda_user"",""institutionId"":""ministry-of-trade-and-industry"",""source"":""mda_users_import""}"
2026-09-02T21:52:55.539Z,,bulk-import-script,user_created,user,8i2trkOY8JRHqa40T0mZSutklil1,"{""email"":""ahenakwa09@gmail.com"",""role"":""mda_user"",""institutionId"":""ministry-of-trade-and-industry"",""source"":""mda_users_import""}"
2026-09-02T21:52:57.825Z,,bulk-import-script,user_created,user,oBx0HQaGtPZvtdX7wRbGHAaspHm2,"{""email"":""sackiteyebenezer74@gmail.com"",""role"":""mda_user"",""institutionId"":""ministry-of-trade-and-industry"",""source"":""mda_users_import""}"
2026-09-02T21:53:12.086Z,,bulk-import-script,user_created,user,ZHEiUtuyxNVZdoQEHU8PCx7VIxL2,"{""email"":""hannah.tetteh@gepa.gov.gh"",""role"":""mda_user"",""institutionId"":""ministry-of-trade-and-industry"",""source"":""mda_users_import""}"
2026-09-02T21:53:14.390Z,,bulk-import-script,user_created,user,0Lm7X3M5XAggS01d6ytVEZi6zeo1,"{""email"":""al-amin.al-hassan@grda.gov.gh"",""role"":""mda_user"",""institutionId"":""ministry-of-transport"",""source"":""mda_users_import""}"
2026-09-02T21:53:16.695Z,,bulk-import-script,user_created,user,5MclCmYCt0V92chPc39SfdtO0al1,"{""email"":""anabellaarthur@gmail.com"",""role"":""mda_user"",""institutionId"":""ministry-of-transport"",""source"":""mda_users_import""}"
2026-09-02T21:53:19.039Z,,bulk-import-script,user_created,user,PUfnfZTQTXhNDtMkWVpLQk0z7Ms2,"{""email"":""abigail.tetteh@dvla.gov.com"",""role"":""mda_user"",""institutionId"":""ministry-of-transport"",""source"":""mda_users_import""}"
2026-09-02T21:53:21.391Z,,bulk-import-script,user_created,user,NZkE3xJf0TVs6dhvLKgxZrcRTRM2,"{""email"":""diananaamoah@yahoo.com"",""role"":""mda_user"",""institutionId"":""ministry-of-transport"",""source"":""mda_users_import""}"
2026-09-02T21:53:23.743Z,,bulk-import-script,user_created,user,1C5PQhHQoWVQ8fgIvFWzJPhF9LD3,"{""email"":""eatetteh@gmail.com"",""role"":""mda_user"",""institutionId"":""ministry-of-transport"",""source"":""mda_users_import""}"
2026-09-02T21:53:26.123Z,,bulk-import-script,user_created,user,rMiRs2wyFGMO8krDo8r6i1R6dw92,"{""email"":""ncfosu@gmail.com"",""role"":""mda_user"",""institutionId"":""ministry-of-transport"",""source"":""mda_users_import""}"
2026-09-02T21:53:28.474Z,,bulk-import-script,user_created,user,5pw9LOOJVcU7mPOipXhYNzTP8G72,"{""email"":""emmanuel.kwai@mot.gov.gh"",""role"":""mda_user"",""institutionId"":""ministry-of-transport"",""source"":""mda_users_import""}"
2026-09-02T21:53:30.827Z,,bulk-import-script,user_created,user,YrGeY3rDL3MTbZUrdWtpfuG83XM2,"{""email"":""joseph.a.armah@ghanamaritime.gov.gh"",""role"":""mda_user"",""institutionId"":""ministry-of-transport"",""source"":""mda_users_import""}"
2026-09-02T21:53:33.107Z,,bulk-import-script,user_created,user,xB2spW2vFAegiJFNaRAjulOCAvf1,"{""email"":""k_addoyobo@yahoo.com"",""role"":""mda_user"",""institutionId"":""ministry-of-transport"",""source"":""mda_users_import""}"
2026-09-02T21:53:35.338Z,,bulk-import-script,user_created,user,J1tiSaSmcZhVNMS9lALzQOYvHUB3,"{""email"":""mabel.sagoe@mot.gov.gh"",""role"":""mda_user"",""institutionId"":""ministry-of-transport"",""source"":""mda_users_import""}"
2026-09-02T21:53:37.634Z,,bulk-import-script,user_created,user,FeUvLm4e65NjoML5JvRM7nga89T2,"{""email"":""michael.sarpong@grda.gov.gh"",""role"":""mda_user"",""institutionId"":""ministry-of-transport"",""source"":""mda_users_import""}"
2026-09-02T21:53:39.945Z,,bulk-import-script,user_created,user,67LG6KW2lVYBRSg5H4TsuMXtT402,"{""email"":""priscilla.n.adu-gyamfi@ghanamaritime.gov.gh"",""role"":""mda_user"",""institutionId"":""ministry-of-transport"",""source"":""mda_users_import""}"
2026-09-02T21:54:42.234Z,,bulk-import-script,user_created,user,67LG6KW2lVYBRSg5H4TsuMXtT402,"{""email"":""priscilla.n.adu-gyamfi@ghanamaritime.gov.gh"",""role"":""mda_user"",""institutionId"":""ministry-of-transport"",""source"":""mda_users_import""}"
2026-09-02T21:54:45.166Z,,bulk-import-script,user_created,user,kRJpB50MbzTTTIDnDhqrc76Ke8G3,"{""email"":""rkreginald@gmail.com"",""role"":""mda_user"",""institutionId"":""ministry-of-transport"",""source"":""mda_users_import""}"
2026-09-02T21:54:47.887Z,,bulk-import-script,user_created,user,MqI8z3tIe3fx2qZ8DTUWYK3sZY92,"{""email"":""william.akorli@dvla.gov.gh"",""role"":""mda_user"",""institutionId"":""ministry-of-transport"",""source"":""mda_users_import""}"
2026-09-02T21:54:50.588Z,,bulk-import-script,user_created,user,SP6airj0xqRn4xAVHYgCzCxOHdl2,"{""email"":""quakuanim2020@gmail.com"",""role"":""mda_user"",""institutionId"":""ministry-of-transport"",""source"":""mda_users_import""}"
2026-09-02T21:55:54.848Z,,bulk-import-script,user_created,user,YjSjBelUmiUKUf9AGzHFa8Uig7t2,"{""email"":""baasuo@gmail.com"",""role"":""mda_user"",""institutionId"":""ministry-of-works-and-housing"",""source"":""mda_users_import""}"
2026-09-02T21:55:57.972Z,,bulk-import-script,user_created,user,ICdB2pYxvzLfTFPTvNjOyq5mbQm1,"{""email"":""bkayensu@gamil.com"",""role"":""mda_user"",""institutionId"":""ministry-of-works-and-housing"",""source"":""mda_users_import""}"
2026-09-02T21:56:00.688Z,,bulk-import-script,user_created,user,z5CkL1opSqYNJ9w0Z3qGjzPnLQB2,"{""email"":""clementdarker@gmail.com"",""role"":""mda_user"",""institutionId"":""ministry-of-works-and-housing"",""source"":""mda_users_import""}"
2026-09-02T21:56:03.399Z,,bulk-import-script,user_created,user,e9uDV3Qg8CdwbLboIVGZuQsyf5r1,"{""email"":""mensahchristian098@gmail.com"",""role"":""mda_user"",""institutionId"":""ministry-of-works-and-housing"",""source"":""mda_users_import""}"
2026-09-02T21:56:06.122Z,,bulk-import-script,user_created,user,podeFLdtGQbVCmdHMFwTBHEooN52,"{""email"":""ashilekpey@gmail.com"",""role"":""mda_user"",""institutionId"":""ministry-of-works-and-housing"",""source"":""mda_users_import""}"
2026-09-02T21:57:07.011Z,,bulk-import-script,user_created,user,podeFLdtGQbVCmdHMFwTBHEooN52,"{""email"":""ashilekpey@gmail.com"",""role"":""mda_user"",""institutionId"":""ministry-of-works-and-housing"",""source"":""mda_users_import""}"
2026-09-02T21:57:09.638Z,,bulk-import-script,user_created,user,ZgPH3LysPOcHShWKEbRsZ1Wd2B13,"{""email"":""antiaye80@gmail.com"",""role"":""mda_user"",""institutionId"":""ministry-of-works-and-housing"",""source"":""mda_users_import""}"
2026-09-02T21:57:11.912Z,,bulk-import-script,user_created,user,RBOqPSr2uLc0VDfi2Nd3V32Y2jm1,"{""email"":""jason.addo@mwh.gov.gh"",""role"":""mda_user"",""institutionId"":""ministry-of-works-and-housing"",""source"":""mda_users_import""}"
2026-09-02T21:57:14.161Z,,bulk-import-script,user_created,user,PB1kKRzoY4TLw30IiIGgkDwHPFQ2,"{""email"":""afrimpong4477@yahoo.com"",""role"":""mda_user"",""institutionId"":""ministry-of-works-and-housing"",""source"":""mda_users_import""}"
2026-09-02T21:57:16.471Z,,bulk-import-script,user_created,user,6im7d5mWGhhIKUBqZakrPOM2n7O2,"{""email"":""lilydakor@gmail.com"",""role"":""mda_user"",""institutionId"":""ministry-of-works-and-housing"",""source"":""mda_users_import""}"
2026-09-02T21:57:27.266Z,,bulk-import-script,user_created,user,8TEwUSDDUJed2HMzsmfRjxIhr553,"{""email"":""leonard.ankrah@gmail.com"",""role"":""mda_user"",""institutionId"":""ministry-of-works-and-housing"",""source"":""mda_users_import""}"
2026-09-02T21:57:29.704Z,,bulk-import-script,user_created,user,odvvtiafK6fbYMrYlngzNGa02J22,"{""email"":""syawosei13@gmail.com"",""role"":""mda_user"",""institutionId"":""ministry-of-works-and-housing"",""source"":""mda_users_import""}"
2026-09-02T21:57:31.966Z,,bulk-import-script,user_created,user,EETu3J8Lv6Rt5JDo0NuwBHJURi43,"{""email"":""v.brew@yahoo.com"",""role"":""mda_user"",""institutionId"":""ministry-of-works-and-housing"",""source"":""mda_users_import""}"
2026-09-02T21:58:37.517Z,,bulk-import-script,user_created,user,OVBbNzV2MYZb8a2sAtM9SKKtxgi1,"{""email"":""vernapappoe@gmail.com"",""role"":""mda_user"",""institutionId"":""ministry-of-works-and-housing"",""source"":""mda_users_import""}"
2026-09-02T21:58:40.050Z,,bulk-import-script,user_created,user,5z7cVpzKZGWgs9r9N5xEklqDOdJ3,"{""email"":""tamakloewilherm1@gmail.com"",""role"":""mda_user"",""institutionId"":""ministry-of-works-and-housing"",""source"":""mda_users_import""}"
2026-09-02T21:58:42.405Z,,bulk-import-script,user_created,user,Iqy0uuFlqtc2neG91KcRK6S9Dd73,"{""email"":""dianaaddae6@gmail.com"",""role"":""mda_user"",""institutionId"":""ministry-of-youth-and-sports"",""source"":""mda_users_import""}"
2026-09-02T21:58:44.741Z,,bulk-import-script,user_created,user,AW77OY3VPYNQ6Ly4pmerUvGQ7RN2,"{""email"":""egodfred@gmail.com"",""role"":""mda_user"",""institutionId"":""ministry-of-youth-and-sports"",""source"":""mda_users_import""}"
2026-09-02T21:58:46.990Z,,bulk-import-script,user_created,user,FlQjBZpHrbhoFIrItUcaBQJiVz32,"{""email"":""mahami.issah@moys.gov.gh"",""role"":""mda_user"",""institutionId"":""ministry-of-youth-and-sports"",""source"":""mda_users_import""}"
2026-09-02T21:58:49.217Z,,bulk-import-script,user_created,user,JYEOBXfuOJQTxkdhNDhBNnQvenZ2,"{""email"":""mavis.asare@moys.gov.gh"",""role"":""mda_user"",""institutionId"":""ministry-of-youth-and-sports"",""source"":""mda_users_import""}"
2026-09-02T21:58:51.499Z,,bulk-import-script,user_created,user,TMLl2ODL58QVMCOXhLcjWJTqWqz2,"{""email"":""ttenkorangnot@gmail.com"",""role"":""mda_user"",""institutionId"":""ministry-of-youth-and-sports"",""source"":""mda_users_import""}"
2026-09-02T21:58:53.727Z,,bulk-import-script,user_created,user,jVMWjtp3RXWtb1PNTz5WHGmpZBS2,"{""email"":""clara.lartey@mosr.gov.gh"",""role"":""mda_user"",""institutionId"":""ministry-of-youth-and-sports"",""source"":""mda_users_import""}"
2026-09-02T21:58:55.962Z,,bulk-import-script,user_created,user,C5tsOP9R34g68nIASn8GCR45VKJ2,"{""email"":""king.palm@mosr.gov.gh"",""role"":""mda_user"",""institutionId"":""ministry-of-youth-and-sports"",""source"":""mda_users_import""}"
2026-09-02T21:58:58.428Z,,bulk-import-script,user_created,user,5dEI8IT3l6b5yk7fhcTfRgQ0Ubt1,"{""email"":""wilhemina.asamoah@mosr.gov.gh"",""role"":""mda_user"",""institutionId"":""ministry-of-youth-and-sports"",""source"":""mda_users_import""}"
2026-09-02T21:59:00.665Z,,bulk-import-script,user_created,user,yTxL0T3xArdhP3xQkxfJPAyAZ8H3,"{""email"":""abubgh67@gmail.com"",""role"":""mda_user"",""institutionId"":""ministry-of-lands-and-natural-resources"",""source"":""mda_users_import""}"
2026-09-02T21:59:02.900Z,,bulk-import-script,user_created,user,lw7HatgbC6P2WjWsY4XrTgy7u6E2,"{""email"":""alberta.dormenu@moi.gov.gh"",""role"":""mda_user"",""institutionId"":""ministry-of-lands-and-natural-resources"",""source"":""mda_users_import""}"
2026-09-02T21:59:05.124Z,,bulk-import-script,user_created,user,l9IV9PPbsFMYxF9YScITsIPyLbE2,"{""email"":""rasheedishaq@gmail.com"",""role"":""mda_user"",""institutionId"":""ministry-of-lands-and-natural-resources"",""source"":""mda_users_import""}"
2026-09-02T21:59:28.152Z,,bulk-import-script,user_created,user,YxyEA4Mzi2WiZHpBrseCiavi5Zd2,"{""email"":""beryl.effuein@giisdec.com"",""role"":""mda_user"",""institutionId"":""ministry-of-lands-and-natural-resources"",""source"":""mda_users_import""}"
2026-09-02T21:59:30.392Z,,bulk-import-script,user_created,user,nWTBysOUsXdUm72hNuntpXkEfy53,"{""email"":""ameyawossac@yahoo.com"",""role"":""mda_user"",""institutionId"":""ministry-of-lands-and-natural-resources"",""source"":""mda_users_import""}"
2026-09-02T21:59:32.759Z,,bulk-import-script,user_created,user,QRmz1GMkulaT0YtKK7Xatil4nmc2,"{""email"":""charles.boadi-kwakye@mincom.gov.gh"",""role"":""mda_user"",""institutionId"":""ministry-of-lands-and-natural-resources"",""source"":""mda_users_import""}"
2026-09-02T21:59:35.358Z,,bulk-import-script,user_created,user,pqQcG4HcZyTVC48yQV4JtQ9SyNI3,"{""email"":""galleyd6@gmail.com"",""role"":""mda_user"",""institutionId"":""ministry-of-lands-and-natural-resources"",""source"":""mda_users_import""}"
2026-09-02T21:59:37.654Z,,bulk-import-script,user_created,user,sfJjJRldntMXXfhwaCaW4mfpEby2,"{""email"":""kumilee2003@yahoo.co.uk"",""role"":""mda_user"",""institutionId"":""ministry-of-lands-and-natural-resources"",""source"":""mda_users_import""}"
2026-09-02T21:59:39.939Z,,bulk-import-script,user_created,user,aQvfiLaiDRQkd40dFjqnA8mcjwD3,"{""email"":""eric.brightdavis@mincom.gov.gh"",""role"":""mda_user"",""institutionId"":""ministry-of-lands-and-natural-resources"",""source"":""mda_users_import""}"
2026-09-02T21:59:56.415Z,,bulk-import-script,user_created,user,XAUpDEXxWCYvELow8CS4xgSBCCk2,"{""email"":""esther.nyatuame@mlnr.gov.gh"",""role"":""mda_user"",""institutionId"":""ministry-of-lands-and-natural-resources"",""source"":""mda_users_import""}"
2026-09-02T21:59:58.728Z,,bulk-import-script,user_created,user,DqAXQlqzXZUgDAWmMZVRvqW4Nsn1,"{""email"":""frankcostero2007@yahoo.com"",""role"":""mda_user"",""institutionId"":""ministry-of-lands-and-natural-resources"",""source"":""mda_users_import""}"
2026-09-02T22:00:01.184Z,,bulk-import-script,user_created,user,sMW1isAe0SdHNQZ3mBDSpEdo1g83,"{""email"":""felix.quainoo@oasl.gov.gh"",""role"":""mda_user"",""institutionId"":""ministry-of-lands-and-natural-resources"",""source"":""mda_users_import""}"
2026-09-02T22:00:04.148Z,,bulk-import-script,user_created,user,KFB1KIeBxShocBvV7BXEAa3VI2g1,"{""email"":""fktorttoh@outlook.com"",""role"":""mda_user"",""institutionId"":""ministry-of-lands-and-natural-resources"",""source"":""mda_users_import""}"
2026-09-02T22:00:06.588Z,,bulk-import-script,user_created,user,oOJhnLjENYa2xSD5A8CTRyjOFPy2,"{""email"":""arwui@yahoo.com"",""role"":""mda_user"",""institutionId"":""ministry-of-lands-and-natural-resources"",""source"":""mda_users_import""}"
2026-09-02T22:00:08.943Z,,bulk-import-script,user_created,user,g7stktR7qvWNTaQ2kIYJD6j9RK83,"{""email"":""ggiftyelikem@yahoo.com"",""role"":""mda_user"",""institutionId"":""ministry-of-lands-and-natural-resources"",""source"":""mda_users_import""}"
2026-09-02T22:00:11.103Z,,bulk-import-script,user_created,user,CkqZR7CUD1MQQBgNNXeQVNoP75k1,"{""email"":""gloria.koranteng@mimcom.gov.gh"",""role"":""mda_user"",""institutionId"":""ministry-of-lands-and-natural-resources"",""source"":""mda_users_import""}"
2026-09-02T22:00:13.372Z,,bulk-import-script,user_created,user,l8ObCUB3HQhcZ44Tgng3M6YskCI3,"{""email"":""grace.mensah@giadec.com"",""role"":""mda_user"",""institutionId"":""ministry-of-lands-and-natural-resources"",""source"":""mda_users_import""}"
2026-09-02T22:00:15.853Z,,bulk-import-script,user_created,user,CzZJgs0Ad1TzNzKyI7BBJAWcddS2,"{""email"":""suglohelen@yahoo.com"",""role"":""mda_user"",""institutionId"":""ministry-of-lands-and-natural-resources"",""source"":""mda_users_import""}"
2026-09-02T22:00:18.193Z,,bulk-import-script,user_created,user,e0Yp5Kch2LN43PwnBIroTcrpXpH3,"{""email"":""innocent.haligah@mlnr.gov.gh"",""role"":""mda_user"",""institutionId"":""ministry-of-lands-and-natural-resources"",""source"":""mda_users_import""}"
2026-09-02T22:00:20.467Z,,bulk-import-script,user_created,user,Q37Xerq8NHaOAE9aHS8mJxJrikV2,"{""email"":""joel.tetteh@mincom.gov.gh"",""role"":""mda_user"",""institutionId"":""ministry-of-lands-and-natural-resources"",""source"":""mda_users_import""}"
2026-09-02T22:00:22.835Z,,bulk-import-script,user_created,user,x4q7JBdlWGgsJJZH9KqSK7YlJv03,"{""email"":""jennifer.yankey@giadec.com"",""role"":""mda_user"",""institutionId"":""ministry-of-lands-and-natural-resources"",""source"":""mda_users_import""}"
2026-09-02T22:00:32.272Z,,bulk-import-script,user_created,user,5atGIeVc4Na5tUv3jV1VYwpaEhQ2,"{""email"":""kosekre@hotmail.com"",""role"":""mda_user"",""institutionId"":""ministry-of-lands-and-natural-resources"",""source"":""mda_users_import""}"
2026-09-02T22:00:34.581Z,,bulk-import-script,user_created,user,ovGnTGFq7feghP0TPs1hLTfX17w2,"{""email"":""nyonatorek1@gmail.com"",""role"":""mda_user"",""institutionId"":""ministry-of-lands-and-natural-resources"",""source"":""mda_users_import""}"
2026-09-02T22:00:37.626Z,,bulk-import-script,user_created,user,temeaGypUMSSDcFoDg2DVuaU7R12,"{""email"":""missypat09@gmail.com"",""role"":""mda_user"",""institutionId"":""ministry-of-lands-and-natural-resources"",""source"":""mda_users_import""}"
2026-09-02T22:00:39.782Z,,bulk-import-script,user_created,user,c89lLLfTKcRjS9FfPkURkykqwF12,"{""email"":""prince.baakoh@outlook.com"",""role"":""mda_user"",""institutionId"":""ministry-of-lands-and-natural-resources"",""source"":""mda_users_import""}"
2026-09-02T22:00:42.082Z,,bulk-import-script,user_created,user,bWbsoyqKMFQw9mnH8Z3aFf6R0FP2,"{""email"":""abdul-rashad.asumah@mlnr.gov.gh"",""role"":""mda_user"",""institutionId"":""ministry-of-lands-and-natural-resources"",""source"":""mda_users_import""}"
2026-09-02T22:00:44.558Z,,bulk-import-script,user_created,user,zJZHZmaQZwNhaZg4FViXL2xS76a2,"{""email"":""solomon.boye@mlnr.gov.gh"",""role"":""mda_user"",""institutionId"":""ministry-of-lands-and-natural-resources"",""source"":""mda_users_import""}"
2026-09-02T22:00:47.185Z,,bulk-import-script,user_created,user,GozBbHeLl5du963bp4ZbXxbSHDS2,"{""email"":""sammyb495@yahoo.com"",""role"":""mda_user"",""institutionId"":""ministry-of-lands-and-natural-resources"",""source"":""mda_users_import""}"
2026-09-02T22:00:49.522Z,,bulk-import-script,user_created,user,HNxqWgekE6bBQLR9FyLsyWlUEO03,"{""email"":""mensahsophia647@gmail.com"",""role"":""mda_user"",""institutionId"":""ministry-of-lands-and-natural-resources"",""source"":""mda_users_import""}"
2026-09-02T22:00:51.859Z,,bulk-import-script,user_created,user,FNFWvSWR1Mg2pk25ZDrsgqkdWj63,"{""email"":""manfi124@gmail.com"",""role"":""mda_user"",""institutionId"":""ministry-of-lands-and-natural-resources"",""source"":""mda_users_import""}"
2026-09-02T22:00:54.121Z,,bulk-import-script,user_created,user,NHjnonkbn9bCXJL2SuBS2FXcQHF2,"{""email"":""theo4ub@yahoo.com"",""role"":""mda_user"",""institutionId"":""ministry-of-lands-and-natural-resources"",""source"":""mda_users_import""}"
2026-09-02T22:00:56.405Z,,bulk-import-script,user_created,user,VpuWhbSiyBXr0lLcBNg0jCCvkiH2,"{""email"":""nanbena@yahoo.com"",""role"":""mda_user"",""institutionId"":""national-commission-on-civic-education"",""source"":""mda_users_import""}"
2026-09-02T22:00:58.637Z,,bulk-import-script,user_created,user,iItX49gwWPfvI2l4XzbpLkZ2RHT2,"{""email"":""nccehq@yahoo.com"",""role"":""mda_user"",""institutionId"":""national-commission-on-civic-education"",""source"":""mda_users_import""}"
2026-09-02T22:01:10.444Z,,bulk-import-script,user_created,user,zcq75RlACrgsQ5GCfELCwrLsRI22,"{""email"":""kathyaddy@yahoo.com"",""role"":""mda_user"",""institutionId"":""national-commission-on-civic-education"",""source"":""mda_users_import""}"
2026-09-02T22:01:12.770Z,,bulk-import-script,user_created,user,iD8J5CP5oJYuKXJvXwRaiX7cYTZ2,"{""email"":""monmatt14@yahoo.com"",""role"":""mda_user"",""institutionId"":""national-commission-on-civic-education"",""source"":""mda_users_import""}"
2026-09-02T22:01:15.118Z,,bulk-import-script,user_created,user,BTvmCbl5ozTmpYKRXapzSifWW9l1,"{""email"":""audrey.smockamoah@ndpc.gov.gh"",""role"":""mda_user"",""institutionId"":""national-development-planning-commission"",""source"":""mda_users_import""}"
2026-09-02T22:01:17.324Z,,bulk-import-script,user_created,user,36iu8AKbkacDAI8aFEb6ibQ2cSl2,"{""email"":""angela.kpegah@ndpc.gov.gh"",""role"":""mda_user"",""institutionId"":""national-development-planning-commission"",""source"":""mda_users_import""}"
2026-09-02T22:01:19.598Z,,bulk-import-script,user_created,user,qZoL1DUlrNVxhkxAzBYniTwUjtX2,"{""email"":""charles.konglo@ndpc.gov.gh"",""role"":""mda_user"",""institutionId"":""national-development-planning-commission"",""source"":""mda_users_import""}"
2026-09-02T22:01:21.903Z,,bulk-import-script,user_created,user,TAQzi8Av3mgIZxhs2OSN0CSKM9F2,"{""email"":""godfred.irabayibayee@ndpc.gov.gh"",""role"":""mda_user"",""institutionId"":""national-development-planning-commission"",""source"":""mda_users_import""}"
2026-09-02T22:01:24.205Z,,bulk-import-script,user_created,user,10wdq9yLpnfG9SzfEZcH3MlhbAc2,"{""email"":""matilda.dichem@ndpc.gov.gh"",""role"":""mda_user"",""institutionId"":""national-development-planning-commission"",""source"":""mda_users_import""}"
2026-09-02T22:01:26.478Z,,bulk-import-script,user_created,user,Xz8pgQO0vac8omwGQaGfm91Wi8B2,"{""email"":""richard.tweneboah-kodua@ndpc.gov.gh"",""role"":""mda_user"",""institutionId"":""national-development-planning-commission"",""source"":""mda_users_import""}"
2026-09-02T22:01:28.737Z,,bulk-import-script,user_created,user,YenrcfyE5GgPdJNXh1x67BmxaJh2,"{""email"":""wilfred.sam-awortwi@ndpc.gov.gh"",""role"":""mda_user"",""institutionId"":""national-development-planning-commission"",""source"":""mda_users_import""}"
2026-09-02T22:01:31.127Z,,bulk-import-script,user_created,user,XmzJjKEx0mN5TWwcBHUUiNAc8XJ2,"{""email"":""rahaman.abdulai@nhia.gov.gh"",""role"":""mda_user"",""institutionId"":""national-health-fund"",""source"":""mda_users_import""}"
2026-09-02T22:01:33.777Z,,bulk-import-script,user_created,user,7bR4nmn9hBbYQlmml2PQO8KuHvr1,"{""email"":""albert.antwi@nhia.gov.gh"",""role"":""mda_user"",""institutionId"":""national-health-fund"",""source"":""mda_users_import""}"
2026-09-02T22:01:36.290Z,,bulk-import-script,user_created,user,CgygiksCMTPqeqziSkAvOT6tht42,"{""email"":""abdul-rahman.moomen@nhia.gov.gh"",""role"":""mda_user"",""institutionId"":""national-health-fund"",""source"":""mda_users_import""}"
2026-09-02T22:01:45.842Z,,bulk-import-script,user_created,user,G17ALSgn4HfcS0pyNE15wUPHSmT2,"{""email"":""bernard.bosomprah@nhia.gov.gh"",""role"":""mda_user"",""institutionId"":""national-health-fund"",""source"":""mda_users_import""}"
2026-09-02T22:01:48.234Z,,bulk-import-script,user_created,user,297EIPiD4VayHkceJP3f86PEO3E3,"{""email"":""christian.ahiagbah@nhia.gov.gh"",""role"":""mda_user"",""institutionId"":""national-health-fund"",""source"":""mda_users_import""}"
2026-09-02T22:01:50.442Z,,bulk-import-script,user_created,user,ffQBpdo1upeH0C5sb7wi1hWwC9H3,"{""email"":""christian.donkor@nhia.gov.gh"",""role"":""mda_user"",""institutionId"":""national-health-fund"",""source"":""mda_users_import""}"
2026-09-02T22:01:52.727Z,,bulk-import-script,user_created,user,zwg1VwS3wAYiORq1sxVAKTmZTE32,"{""email"":""da-costa.aboagye@nhia.gov.gh"",""role"":""mda_user"",""institutionId"":""national-health-fund"",""source"":""mda_users_import""}"
2026-09-02T22:01:54.984Z,,bulk-import-script,user_created,user,ZECsEcspeee0rASHnVcCdMzfLc93,"{""email"":""dominic.akurubiri@nhia.gov.gh"",""role"":""mda_user"",""institutionId"":""national-health-fund"",""source"":""mda_users_import""}"
2026-09-02T22:01:57.268Z,,bulk-import-script,user_created,user,DYApG4WyVph1Xajh1GuhtEXAm6T2,"{""email"":""daniel.koomson@nhia.gov.gh"",""role"":""mda_user"",""institutionId"":""national-health-fund"",""source"":""mda_users_import""}"
2026-09-02T22:01:59.649Z,,bulk-import-script,user_created,user,thneMoxw7uNqLDxoJnPM1XXlVWz2,"{""email"":""emmanuel.arah@nhia.gov.gh"",""role"":""mda_user"",""institutionId"":""national-health-fund"",""source"":""mda_users_import""}"
2026-09-02T22:02:01.750Z,,bulk-import-script,user_created,user,OeZ2ZwzHtVbFDj1ClTAuBKQf5mM2,"{""email"":""eric.entsie@nhia.gov.gh"",""role"":""mda_user"",""institutionId"":""national-health-fund"",""source"":""mda_users_import""}"
2026-09-02T22:02:03.885Z,,bulk-import-script,user_created,user,8mIY5teqpcXcbIapOwoFlBhRg2E3,"{""email"":""eric.nyantakyi@nhia.gov.gh"",""role"":""mda_user"",""institutionId"":""national-health-fund"",""source"":""mda_users_import""}"
2026-09-02T22:02:05.899Z,,bulk-import-script,user_created,user,DSzb6dTKIaZ4jJo7ovjXUY1s0512,"{""email"":""eric.sah@nhia.gov.gh"",""role"":""mda_user"",""institutionId"":""national-health-fund"",""source"":""mda_users_import""}"
2026-09-02T22:02:07.918Z,,bulk-import-script,user_created,user,phk4VccwYvamsyi0XgnfkSzRSsw2,"{""email"":""eric.yeboah@nhia.gov.gh"",""role"":""mda_user"",""institutionId"":""national-health-fund"",""source"":""mda_users_import""}"
2026-09-02T22:02:09.882Z,,bulk-import-script,user_created,user,tJMFhLtMQ5OK9gxozbroI8hPVUE3,"{""email"":""frank.atta-poku@nhia.gov.gh"",""role"":""mda_user"",""institutionId"":""national-health-fund"",""source"":""mda_users_import""}"
2026-09-02T22:02:11.935Z,,bulk-import-script,user_created,user,9lxSGQsjAjgf2e3GHOWeTN2tWts2,"{""email"":""kwame.nkrumah@nhia.gov.gh"",""role"":""mda_user"",""institutionId"":""national-health-fund"",""source"":""mda_users_import""}"
2026-09-02T22:02:14.090Z,,bulk-import-script,user_created,user,6DXc3B8YgucLb4arKM96GesWARC2,"{""email"":""franklin.tannor@nhia.gov.gh"",""role"":""mda_user"",""institutionId"":""national-health-fund"",""source"":""mda_users_import""}"
2026-09-02T22:02:28.236Z,,bulk-import-script,user_created,user,Tw3dfMbBAvhoIUBuR9w3uLCcTpz2,"{""email"":""george.asamoah-baah@nhia.gov.gh"",""role"":""mda_user"",""institutionId"":""national-health-fund"",""source"":""mda_users_import""}"
2026-09-02T22:02:30.877Z,,bulk-import-script,user_created,user,fKzPkul8ghaup3qS8XAlPb4aGZV2,"{""email"":""isaac.nyarko@nhia.gov.gh"",""role"":""mda_user"",""institutionId"":""national-health-fund"",""source"":""mda_users_import""}"
2026-09-02T22:02:33.506Z,,bulk-import-script,user_created,user,G0DK5iXqq3aSU2QhORUyOMO9YtP2,"{""email"":""issah.shiraz@nhia.gov.gh"",""role"":""mda_user"",""institutionId"":""national-health-fund"",""source"":""mda_users_import""}"
2026-09-02T22:02:49.267Z,,bulk-import-script,user_created,user,E5q2j3V5nMP7rRBHspCYLZMAaH63,"{""email"":""jonathan.manu@nhia.gov.gh"",""role"":""mda_user"",""institutionId"":""national-health-fund"",""source"":""mda_users_import""}"
2026-09-02T22:02:59.041Z,,bulk-import-script,user_created,user,9YAPYoOPtJMuJe4vXlQgiN4rCeP2,"{""email"":""paul.effah@nhia.gov.gh"",""role"":""mda_user"",""institutionId"":""national-health-fund"",""source"":""mda_users_import""}"
2026-09-02T22:03:01.788Z,,bulk-import-script,user_created,user,iiWGMYPyjFWOE0VBwiOKkiiVKYH2,"{""email"":""phillip.ankomako@nhia.gov.gh"",""role"":""mda_user"",""institutionId"":""national-health-fund"",""source"":""mda_users_import""}"
2026-09-02T22:03:04.462Z,,bulk-import-script,user_created,user,KaXPrkmJZ6S5T49LoRJk3Esj5322,"{""email"":""richard.badu@nhia.gov.gh"",""role"":""mda_user"",""institutionId"":""national-health-fund"",""source"":""mda_users_import""}"
2026-09-02T22:03:07.121Z,,bulk-import-script,user_created,user,iMyNa6u9e0fi7fEg8DzfjcemUt13,"{""email"":""raymond.buamah@nhia.gov.gh"",""role"":""mda_user"",""institutionId"":""national-health-fund"",""source"":""mda_users_import""}"
2026-09-02T22:03:09.995Z,,bulk-import-script,user_created,user,DBOTj39mx7TIXM7kW5k91MKXRWJ3,"{""email"":""stephen.benyin@nhia.gov.gh"",""role"":""mda_user"",""institutionId"":""national-health-fund"",""source"":""mda_users_import""}"
2026-09-02T22:03:12.770Z,,bulk-import-script,user_created,user,CEWaRJUL9edVCfY2TJrJyKLnBFn1,"{""email"":""samuel.larsey@nhia.gov.gh"",""role"":""mda_user"",""institutionId"":""national-health-fund"",""source"":""mda_users_import""}"
2026-09-02T22:03:15.501Z,,bulk-import-script,user_created,user,XpyxCALCmPV6Gg4Is7WtRtKSLcR2,"{""email"":""coilyg@yahoo.com"",""role"":""mda_user"",""institutionId"":""national-labour-commission"",""source"":""mda_users_import""}"
2026-09-02T22:03:18.173Z,,bulk-import-script,user_created,user,lBrRPqsTgGVqTVWiDbCuS5hLCGQ2,"{""email"":""kudodim@yahoo.co.uk"",""role"":""mda_user"",""institutionId"":""national-labour-commission"",""source"":""mda_users_import""}"
2026-09-02T22:03:21.044Z,,bulk-import-script,user_created,user,GzSmkw1RFOUCn59o3xSXd6hUnXH2,"{""email"":""aspiro.kade@yahoo.com"",""role"":""mda_user"",""institutionId"":""national-labour-commission"",""source"":""mda_users_import""}"
2026-09-02T22:03:23.998Z,,bulk-import-script,user_created,user,F5tQ5qrv5nQo2jYofdnM6t5ZaJC2,"{""email"":""eyeboateng@yahoo.com"",""role"":""mda_user"",""institutionId"":""national-media-commission"",""source"":""mda_users_import""}"
2026-09-02T22:03:34.036Z,,bulk-import-script,user_created,user,cv0TXhzLnvfXXJ8CWyWZjpH92jp2,"{""email"":""georgeksarpong@yahoo.co.uk"",""role"":""mda_user"",""institutionId"":""national-media-commission"",""source"":""mda_users_import""}"
2026-09-02T22:03:36.777Z,,bulk-import-script,user_created,user,dNWr7cwLFwYBm3aRxymycd1AbfN2,"{""email"":""joeblebo@gmail.com"",""role"":""mda_user"",""institutionId"":""national-media-commission"",""source"":""mda_users_import""}"
2026-09-02T22:03:39.399Z,,bulk-import-script,user_created,user,bxc2srgu6KcakqBIueks6TPtVpD3,"{""email"":""jaypanic62@gmail.com"",""role"":""mda_user"",""institutionId"":""national-media-commission"",""source"":""mda_users_import""}"
2026-09-02T22:03:42.126Z,,bulk-import-script,user_created,user,kM1Ppz6yf0Pjw5eg2BsU7jUUO0M2,"{""email"":""tsanziri@yahoo.com"",""role"":""mda_user"",""institutionId"":""national-media-commission"",""source"":""mda_users_import""}"
2026-09-02T22:03:44.942Z,,bulk-import-script,user_created,user,820Pe5JreEap3BAzycuNwi2j4p12,"{""email"":""akwanab@yahoo.com"",""role"":""mda_user"",""institutionId"":""office-of-government-machinery"",""source"":""mda_users_import""}"
2026-09-02T22:03:47.685Z,,bulk-import-script,user_created,user,MZ0mdh6KuQhOPUjnrfmaJcuwpUn1,"{""email"":""anthony.baidoo@iaa.gov.gh"",""role"":""mda_user"",""institutionId"":""office-of-government-machinery"",""source"":""mda_users_import""}"
2026-09-02T22:03:50.337Z,,bulk-import-script,user_created,user,ETNRwjGBwGQYvwAzLKV49DdJu6x1,"{""email"":""bessamon004@gmail.com"",""role"":""mda_user"",""institutionId"":""office-of-government-machinery"",""source"":""mda_users_import""}"
2026-09-02T22:03:52.962Z,,bulk-import-script,user_created,user,1n5KSVpbsbaZEFt3bWT0ClWT7to1,"{""email"":""dorasiwome@gmail.com"",""role"":""mda_user"",""institutionId"":""office-of-government-machinery"",""source"":""mda_users_import""}"
2026-09-02T22:03:55.591Z,,bulk-import-script,user_created,user,R5tktRXYY7dYXH2TyovbEfmI1pp1,"{""email"":""vanessa40aseye@gmail.com"",""role"":""mda_user"",""institutionId"":""office-of-government-machinery"",""source"":""mda_users_import""}"
2026-09-02T22:03:58.379Z,,bulk-import-script,user_created,user,ERVBLDv5FpYpLbvvAG8tQ7Kq5983,"{""email"":""peacewalkghana@yahoo.com"",""role"":""mda_user"",""institutionId"":""office-of-government-machinery"",""source"":""mda_users_import""}"
2026-09-02T22:04:01.244Z,,bulk-import-script,user_created,user,WGuJ2NACFOPHU7STtGCLD3AGHDu1,"{""email"":""badam@ndagh.org"",""role"":""mda_user"",""institutionId"":""office-of-government-machinery"",""source"":""mda_users_import""}"
2026-09-02T22:05:02.931Z,,bulk-import-script,user_created,user,WGuJ2NACFOPHU7STtGCLD3AGHDu1,"{""email"":""badam@ndagh.org"",""role"":""mda_user"",""institutionId"":""office-of-government-machinery"",""source"":""mda_users_import""}"
2026-09-02T22:05:05.975Z,,bulk-import-script,user_created,user,wDnS2D0nR1SuHlYVMIzEBbiZIIl2,"{""email"":""comariboateng@yahoo.com"",""role"":""mda_user"",""institutionId"":""office-of-government-machinery"",""source"":""mda_users_import""}"
2026-09-02T22:05:08.858Z,,bulk-import-script,user_created,user,FYZwLzj1EqRDXw7XNvjL8A2bzUq1,"{""email"":""charlesheletsi@yahoo.com"",""role"":""mda_user"",""institutionId"":""office-of-government-machinery"",""source"":""mda_users_import""}"
2026-09-02T22:05:11.557Z,,bulk-import-script,user_created,user,X5138zuA2zVHHQGax2eSaFtt7xn2,"{""email"":""david.angoh@gipc.gov.gh"",""role"":""mda_user"",""institutionId"":""office-of-government-machinery"",""source"":""mda_users_import""}"
2026-09-02T22:06:22.521Z,,bulk-import-script,user_created,user,v1YN0X1YxMeYtJgN225s2p1uTA62,"{""email"":""daniel.kpogo@ghanaids.gov.gh"",""role"":""mda_user"",""institutionId"":""office-of-government-machinery"",""source"":""mda_users_import""}"
2026-09-02T22:06:25.752Z,,bulk-import-script,user_created,user,fB4UyHvuoaekPN1VamtZqg5q0xq1,"{""email"":""doreenmengayela@gmail.com"",""role"":""mda_user"",""institutionId"":""office-of-government-machinery"",""source"":""mda_users_import""}"
2026-09-02T22:06:35.211Z,,bulk-import-script,user_created,user,YQepTAKcoReFrKQsYquyx5cxmtA2,"{""email"":""emmanueloseia@yahoo.com"",""role"":""mda_user"",""institutionId"":""office-of-government-machinery"",""source"":""mda_users_import""}"
2026-09-02T22:06:37.928Z,,bulk-import-script,user_created,user,vVip2YEUlFQx0UR7hGeRzTPmMW23,"{""email"":""awortwe.kwabena@nia.gov.gh"",""role"":""mda_user"",""institutionId"":""office-of-government-machinery"",""source"":""mda_users_import""}"
2026-09-02T22:06:40.650Z,,bulk-import-script,user_created,user,Ipj1W6cnPrW5krb7ScXK0yDbFgp2,"{""email"":""yawnyarko2009@yahoo.com"",""role"":""mda_user"",""institutionId"":""office-of-government-machinery"",""source"":""mda_users_import""}"
2026-09-02T22:06:43.304Z,,bulk-import-script,user_created,user,bPT1zYVbexfRBXupV2YcAR5TK7G3,"{""email"":""gideon.amoabeng@mbda.gov.gh"",""role"":""mda_user"",""institutionId"":""office-of-government-machinery"",""source"":""mda_users_import""}"
2026-09-02T22:06:46.029Z,,bulk-import-script,user_created,user,QV7bjF2E6CRZH0P05MAC97iAFI42,"{""email"":""renny.ashai@yahoo.com"",""role"":""mda_user"",""institutionId"":""office-of-government-machinery"",""source"":""mda_users_import""}"
2026-09-02T22:06:48.718Z,,bulk-import-script,user_created,user,3sBuMMmkC8U8cyrxsCkzX8Vn8BJ3,"{""email"":""jdadson@mida.gov.gh"",""role"":""mda_user"",""institutionId"":""office-of-government-machinery"",""source"":""mda_users_import""}"
2026-09-02T22:06:51.339Z,,bulk-import-script,user_created,user,DPgzdmSQJZQhjIU0p474nIHxHKC3,"{""email"":""judithkyereaah@gmail.com"",""role"":""mda_user"",""institutionId"":""office-of-government-machinery"",""source"":""mda_users_import""}"
2026-09-02T22:06:54.036Z,,bulk-import-script,user_created,user,8i7aazcRRgW5Dy5LGNPFf1Qp4242,"{""email"":""joseph.sarfo-mensah@masloc.gov.gh"",""role"":""mda_user"",""institutionId"":""office-of-government-machinery"",""source"":""mda_users_import""}"
2026-09-02T22:06:56.661Z,,bulk-import-script,user_created,user,73ThXUn3MvZUOCQfBFIegUv9Bju1,"{""email"":""louis.adzato-ntem@imccod.gov.gh"",""role"":""mda_user"",""institutionId"":""office-of-government-machinery"",""source"":""mda_users_import""}"
2026-09-02T22:06:59.478Z,,bulk-import-script,user_created,user,cP5ftHnhOnUCHmG8MaMMbHuel782,"{""email"":""ltackie-yaoboi@mida.gov.gh"",""role"":""mda_user"",""institutionId"":""office-of-government-machinery"",""source"":""mda_users_import""}"
2026-09-02T22:08:05.488Z,,bulk-import-script,user_created,user,4AKg3tDtfLhMgNxvZ9StVNtin3A3,"{""email"":""magdalenea650@gmail.com"",""role"":""mda_user"",""institutionId"":""office-of-government-machinery"",""source"":""mda_users_import""}"
2026-09-02T22:08:07.965Z,,bulk-import-script,user_created,user,h2Zf8unGYwSkK6gdTUA2DosDBeC2,"{""email"":""alha8@yahoo.com"",""role"":""mda_user"",""institutionId"":""office-of-government-machinery"",""source"":""mda_users_import""}"
2026-09-02T22:08:10.289Z,,bulk-import-script,user_created,user,dGSzVwCH4de0uMs8651PrKZ86wh1,"{""email"":""michael.attah@spd.gov.gh"",""role"":""mda_user"",""institutionId"":""office-of-government-machinery"",""source"":""mda_users_import""}"
2026-09-02T22:08:12.589Z,,bulk-import-script,user_created,user,PawVg8PYVddwX7zxgg3eI2FgFBg2,"{""email"":""mohammed.haruna@zodf.gov.gh"",""role"":""mda_user"",""institutionId"":""office-of-government-machinery"",""source"":""mda_users_import""}"
2026-09-02T22:08:21.201Z,,bulk-import-script,user_created,user,3itNjRHpIQcFlz4ZJyNYOzzfnNY2,"{""email"":""monte.provencal@mpe.gov.gh"",""role"":""mda_user"",""institutionId"":""office-of-government-machinery"",""source"":""mda_users_import""}"
2026-09-02T22:08:30.981Z,,bulk-import-script,user_created,user,I3MZcQoMb1NaFCFbU018wtVkBDI3,"{""email"":""braimah.nuhu@zodf.gov.gh"",""role"":""mda_user"",""institutionId"":""office-of-government-machinery"",""source"":""mda_users_import""}"
2026-09-02T22:08:33.343Z,,bulk-import-script,user_created,user,WpFE1gKy0sbrNmnf9JaDQ3F6hnR2,"{""email"":""nysekyereababio@gmail.com"",""role"":""mda_user"",""institutionId"":""office-of-government-machinery"",""source"":""mda_users_import""}"
2026-09-02T22:08:35.852Z,,bulk-import-script,user_created,user,LvVQTp2hL4Og7AjwS7VT6FTdJ6y2,"{""email"":""paul.boye@gipc.gov.gh"",""role"":""mda_user"",""institutionId"":""office-of-government-machinery"",""source"":""mda_users_import""}"
2026-09-02T22:08:38.155Z,,bulk-import-script,user_created,user,jxoikPoVCdQNDyFGp3MMtGds5op1,"{""email"":""richmond.bosompem@mpe.gov.gh"",""role"":""mda_user"",""institutionId"":""office-of-government-machinery"",""source"":""mda_users_import""}"
2026-09-02T22:08:40.389Z,,bulk-import-script,user_created,user,iFBzoqih6EahynGh0grEdPm64Hn1,"{""email"":""richard.boateng@masloc.gov.gh"",""role"":""mda_user"",""institutionId"":""office-of-government-machinery"",""source"":""mda_users_import""}"
2026-09-02T22:08:44.093Z,,bulk-import-script,user_created,user,t624x1MDe2Os3SvDPIEAVF5YooK2,"{""email"":""richmondfrimpong784@gmail.com"",""role"":""mda_user"",""institutionId"":""office-of-government-machinery"",""source"":""mda_users_import""}"
2026-09-02T22:08:46.434Z,,bulk-import-script,user_created,user,lI7ixXvtF8gjuYnPyZBqBlPZzPN2,"{""email"":""megirasalifu@yahoo.com"",""role"":""mda_user"",""institutionId"":""office-of-government-machinery"",""source"":""mda_users_import""}"
2026-09-02T22:08:48.788Z,,bulk-import-script,user_created,user,SQHiQ7m8yMZ9fftNOmt8E0obEm12,"{""email"":""tedumadze@imccod.gov.gh"",""role"":""mda_user"",""institutionId"":""office-of-government-machinery"",""source"":""mda_users_import""}"
2026-09-02T22:08:51.098Z,,bulk-import-script,user_created,user,3YNyTWWBwuZsFK7QUDLmIzcPRtt2,"{""email"":""victoria.antwi@spd.gov.gh"",""role"":""mda_user"",""institutionId"":""office-of-government-machinery"",""source"":""mda_users_import""}"
2026-09-02T22:08:53.649Z,,bulk-import-script,user_created,user,ylokMaPk10YYxxeeYboxu6Dmt0H2,"{""email"":""wayo_68@yahoo.com"",""role"":""mda_user"",""institutionId"":""office-of-government-machinery"",""source"":""mda_users_import""}"
2026-09-02T22:08:56.164Z,,bulk-import-script,user_created,user,gqST9X5gDMW6sYZLoinmNceuqNq1,"{""email"":""walter.adabare@oag.gov.gh"",""role"":""mda_user"",""institutionId"":""office-of-government-machinery"",""source"":""mda_users_import""}"
2026-09-02T22:08:58.441Z,,bulk-import-script,user_created,user,ODWQRsjZXjPI20rSVsDms6QQHOZ2,"{""email"":""zakariaiddrisu43@yahoo.com"",""role"":""mda_user"",""institutionId"":""office-of-government-machinery"",""source"":""mda_users_import""}"
2026-09-02T22:09:08.117Z,,bulk-import-script,user_created,user,qi7QWq5ohzgTN6efEVZpnVgpowE2,"{""email"":""zeinabu.musah@gna.org.gh"",""role"":""mda_user"",""institutionId"":""office-of-government-machinery"",""source"":""mda_users_import""}"
2026-09-02T22:09:10.337Z,,bulk-import-script,user_created,user,CseNBQBV2kbI0mqHFzPqEpaLwLx1,"{""email"":""donatus.silo@gna.org.gh"",""role"":""mda_user"",""institutionId"":""office-of-government-machinery"",""source"":""mda_users_import""}"
2026-09-02T22:09:12.818Z,,bulk-import-script,user_created,user,DHKjoRS8RIREGtZLIDb7SozODwv1,"{""email"":""edna.darko@gipc.gov.gh"",""role"":""mda_user"",""institutionId"":""office-of-government-machinery"",""source"":""mda_users_import""}"
2026-09-02T22:09:15.937Z,,bulk-import-script,user_created,user,CfTZgBsATASnMXsHlDgCLhZ7RPj2,"{""email"":""erictawiah@spd.gov.gh"",""role"":""mda_user"",""institutionId"":""office-of-government-machinery"",""source"":""mda_users_import""}"
2026-09-02T22:09:18.244Z,,bulk-import-script,user_created,user,mftWqOOrDKWc9XVvu553WMm7AMs2,"{""email"":""enyaahyamoah@gmail.com"",""role"":""mda_user"",""institutionId"":""office-of-government-machinery"",""source"":""mda_users_import""}"
2026-09-02T22:09:21.220Z,,bulk-import-script,user_created,user,GRIrVmPD1dQMfa1rLGN8M2J61Yb2,"{""email"":""doreen.suglee@miczd.gov.gh"",""role"":""mda_user"",""institutionId"":""office-of-government-machinery"",""source"":""mda_users_import""}"
2026-09-02T22:09:23.438Z,,bulk-import-script,user_created,user,wTomE4l8RdZFZ66oo7h89g4brCl2,"{""email"":""goftaryee@gmail.com"",""role"":""mda_user"",""institutionId"":""office-of-government-machinery"",""source"":""mda_users_import""}"
2026-09-02T22:09:25.901Z,,bulk-import-script,user_created,user,tFoxGTgyWjasTUoeRW6sjpsCPRX2,"{""email"":""ashiteyarmah012507@gmail.com"",""role"":""mda_user"",""institutionId"":""office-of-government-machinery"",""source"":""mda_users_import""}"
2026-09-02T22:09:28.409Z,,bulk-import-script,user_created,user,1avXmepcjpgh0czqWdkMZjuwJ293,"{""email"":""obdave111@yahoo.com"",""role"":""mda_user"",""institutionId"":""office-of-government-machinery"",""source"":""mda_users_import""}"
2026-09-02T22:09:30.659Z,,bulk-import-script,user_created,user,vOokI0DJonYEb7xH0VLd0xubIxN2,"{""email"":""nupaya.yussif@ghanaids.gov.gh"",""role"":""mda_user"",""institutionId"":""office-of-government-machinery"",""source"":""mda_users_import""}"
2026-09-02T22:09:32.875Z,,bulk-import-script,user_created,user,yqYY8dL22IfVwA4BTJBc43jEYZ73,"{""email"":""andrews.dzewoda@orc.gov.gh"",""role"":""mda_user"",""institutionId"":""office-of-the-attorney-general-and-ministry-of-justice"",""source"":""mda_users_import""}"
2026-09-02T22:09:48.627Z,,bulk-import-script,user_created,user,0SU8T2Bjq7TaPIUoRU9UdgeRT6g1,"{""email"":""bright.oppong98@aol.com"",""role"":""mda_user"",""institutionId"":""office-of-the-attorney-general-and-ministry-of-justice"",""source"":""mda_users_import""}"
2026-09-02T22:09:50.863Z,,bulk-import-script,user_created,user,6Kn1GDRUyIe7UouPnTJlYszjO3B3,"{""email"":""attahdoris1@gmail.com"",""role"":""mda_user"",""institutionId"":""office-of-the-attorney-general-and-ministry-of-justice"",""source"":""mda_users_import""}"
2026-09-02T22:09:53.135Z,,bulk-import-script,user_created,user,IZhQ69J31GQ0l4mKfKcnkTcjq5f2,"{""email"":""emmanuel.debrah@eoco.gov.gh"",""role"":""mda_user"",""institutionId"":""office-of-the-attorney-general-and-ministry-of-justice"",""source"":""mda_users_import""}"
2026-09-02T22:09:55.489Z,,bulk-import-script,user_created,user,Gy6y5lXOGsU85DUSoEgkt5rpwlC2,"{""email"":""emmanuelcan@gmail.com"",""role"":""mda_user"",""institutionId"":""office-of-the-attorney-general-and-ministry-of-justice"",""source"":""mda_users_import""}"
2026-09-02T22:09:57.723Z,,bulk-import-script,user_created,user,NH4WyoCbjOaYsPcVdXkEdOM2jO02,"{""email"":""kaytwo2020@gmail.com"",""role"":""mda_user"",""institutionId"":""office-of-the-attorney-general-and-ministry-of-justice"",""source"":""mda_users_import""}"
2026-09-02T22:09:59.922Z,,bulk-import-script,user_created,user,vQtdViELSCcqOdRz1NTGtzjYCcR2,"{""email"":""georgeannan504@gmail.com"",""role"":""mda_user"",""institutionId"":""office-of-the-attorney-general-and-ministry-of-justice"",""source"":""mda_users_import""}"
2026-09-02T22:10:02.342Z,,bulk-import-script,user_created,user,vWBMA7VQ9UeCz2wVy0CQnVCjFzl2,"{""email"":""jonashonu6@gmail.com"",""role"":""mda_user"",""institutionId"":""office-of-the-attorney-general-and-ministry-of-justice"",""source"":""mda_users_import""}"
2026-09-02T22:10:04.584Z,,bulk-import-script,user_created,user,6qxDHEcFOnWxZdS0Ln2Hb0x4r382,"{""email"":""lorlornyo.agordoh@eoco.gov.gh"",""role"":""mda_user"",""institutionId"":""office-of-the-attorney-general-and-ministry-of-justice"",""source"":""mda_users_import""}"
2026-09-02T22:10:14.050Z,,bulk-import-script,user_created,user,DMQLPeeYX5gUZrsae2W3WivHzAR2,"{""email"":""love.yeboah@orc.gov.gh"",""role"":""mda_user"",""institutionId"":""office-of-the-attorney-general-and-ministry-of-justice"",""source"":""mda_users_import""}"
2026-09-02T22:10:16.283Z,,bulk-import-script,user_created,user,ytIM1nOJdDble0BP1rbSdDJ2qct1,"{""email"":""maame.samma-peprah@orc.gov.gh"",""role"":""mda_user"",""institutionId"":""office-of-the-attorney-general-and-ministry-of-justice"",""source"":""mda_users_import""}"
2026-09-02T22:10:18.652Z,,bulk-import-script,user_created,user,akohitFyUDRe8B1O8iVn5ez7DCU2,"{""email"":""nanaishaanoya95@gmail.com"",""role"":""mda_user"",""institutionId"":""office-of-the-attorney-general-and-ministry-of-justice"",""source"":""mda_users_import""}"
2026-09-02T22:10:20.966Z,,bulk-import-script,user_created,user,cxvMQ5InWJdK4FGu2VUVNFYsLkC2,"{""email"":""brytatikpui.k@gmail.com"",""role"":""mda_user"",""institutionId"":""office-of-the-head-of-civil-service"",""source"":""mda_users_import""}"
2026-09-02T22:10:23.252Z,,bulk-import-script,user_created,user,dTvQdeB2yuQW1kx3WKiH1kmLqGF2,"{""email"":""comfort.bonsu@praad.gov.gh"",""role"":""mda_user"",""institutionId"":""office-of-the-head-of-civil-service"",""source"":""mda_users_import""}"
2026-09-02T22:10:25.433Z,,bulk-import-script,user_created,user,RIz16Hv9Byfwbk2mDKMoBcrApaI2,"{""email"":""celestina.bugyei@praad.gov.gh"",""role"":""mda_user"",""institutionId"":""office-of-the-head-of-civil-service"",""source"":""mda_users_import""}"
2026-09-02T22:10:27.682Z,,bulk-import-script,user_created,user,V8R6rjtHU5NDbYR4ilipHo4rL9n2,"{""email"":""dicksonbrobbey82@gmail.com"",""role"":""mda_user"",""institutionId"":""office-of-the-head-of-civil-service"",""source"":""mda_users_import""}"
2026-09-02T22:10:30.088Z,,bulk-import-script,user_created,user,vdWhYgnqFxWrpvfdyUXJLddMNsM2,"{""email"":""dora.dei-tumi@cstc.gov.gh"",""role"":""mda_user"",""institutionId"":""office-of-the-head-of-civil-service"",""source"":""mda_users_import""}"
2026-09-02T22:10:32.436Z,,bulk-import-script,user_created,user,JYsgMVaTNjQXshWkb3bHcjoXDbo2,"{""email"":""dorothy.napier@cstc.gov.gh"",""role"":""mda_user"",""institutionId"":""office-of-the-head-of-civil-service"",""source"":""mda_users_import""}"
2026-09-02T22:10:34.705Z,,bulk-import-script,user_created,user,g9Q5jHhmDchkxbrc3P0p7MJfenx1,"{""email"":""deborah.osei-baidoo@praad.gov.gh"",""role"":""mda_user"",""institutionId"":""office-of-the-head-of-civil-service"",""source"":""mda_users_import""}"
2026-09-02T22:10:36.956Z,,bulk-import-script,user_created,user,11IAQPj0PtQ50qtb4UdX5bPKTrn2,"{""email"":""elliot.lamptey@ohcs.gov.gh"",""role"":""mda_user"",""institutionId"":""office-of-the-head-of-civil-service"",""source"":""mda_users_import""}"
2026-09-02T22:10:39.237Z,,bulk-import-script,user_created,user,3KPK8vvb4XgjtiGSs4FVfI9Dcr22,"{""email"":""larteyanim@gmail.com"",""role"":""mda_user"",""institutionId"":""office-of-the-head-of-civil-service"",""source"":""mda_users_import""}"
2026-09-02T22:10:49.559Z,,bulk-import-script,user_created,user,b1axEKODDyNO5OMO6VNoL2eP3Ft1,"{""email"":""george.lomotey@pscmd.gov.gh"",""role"":""mda_user"",""institutionId"":""office-of-the-head-of-civil-service"",""source"":""mda_users_import""}"
2026-09-02T22:10:51.972Z,,bulk-import-script,user_created,user,9Ja3Lgh3QuPsAWLq8FmrFXI4rhB2,"{""email"":""gregory.setse@praad.gov.gh"",""role"":""mda_user"",""institutionId"":""office-of-the-head-of-civil-service"",""source"":""mda_users_import""}"
2026-09-02T22:10:54.134Z,,bulk-import-script,user_created,user,P7MZ8FueqSSp5yDH4cQsYPDvbu83,"{""email"":""jakyjoyner@yahoo.com"",""role"":""mda_user"",""institutionId"":""office-of-the-head-of-civil-service"",""source"":""mda_users_import""}"
2026-09-02T22:10:56.382Z,,bulk-import-script,user_created,user,UOoHGn9B1ZYajd9KgdtKtTEbFWk2,"{""email"":""moses.akrofi@msd.gov.gh"",""role"":""mda_user"",""institutionId"":""office-of-the-head-of-civil-service"",""source"":""mda_users_import""}"
2026-09-02T22:10:58.736Z,,bulk-import-script,user_created,user,515TKFO1DMdxA8Xl6I3AVNvNRLB3,"{""email"":""nyarkomichael97@gmail.com"",""role"":""mda_user"",""institutionId"":""office-of-the-head-of-civil-service"",""source"":""mda_users_import""}"
2026-09-02T22:11:00.996Z,,bulk-import-script,user_created,user,FqVl7ygRTrNOJzmTwhSt8IXJLcH2,"{""email"":""ebenayel@gmail.com"",""role"":""mda_user"",""institutionId"":""office-of-the-head-of-civil-service"",""source"":""mda_users_import""}"
2026-09-02T22:11:03.389Z,,bulk-import-script,user_created,user,K81p92W5uYS6GVfP7enloNFIDvE3,"{""email"":""roland.barnor@ohcs.gov.gh"",""role"":""mda_user"",""institutionId"":""office-of-the-head-of-civil-service"",""source"":""mda_users_import""}"
2026-09-02T22:11:05.678Z,,bulk-import-script,user_created,user,4M4DONJcZ6PQes5oGhNfiqDSZzk2,"{""email"":""solomonamanor123@gmail.com"",""role"":""mda_user"",""institutionId"":""office-of-the-head-of-civil-service"",""source"":""mda_users_import""}"
2026-09-02T22:11:07.893Z,,bulk-import-script,user_created,user,BB83ewCDFEdtnTpMSStmXnKvDgA3,"{""email"":""simon.atongo@pscmd.gov.gh"",""role"":""mda_user"",""institutionId"":""office-of-the-head-of-civil-service"",""source"":""mda_users_import""}"
2026-09-02T22:11:10.173Z,,bulk-import-script,user_created,user,8EQtKFxURGVTJw2P9lwS6YK21eC2,"{""email"":""jude.akoto@osp.gov.gh"",""role"":""mda_user"",""institutionId"":""office-of-the-special-prosecutor"",""source"":""mda_users_import""}"
2026-09-02T22:11:12.447Z,,bulk-import-script,user_created,user,0KMiUxlFKZXQ25nscwIS4o19lnn1,"{""email"":""kenneth.agbezuhlor@osp.gov.gh"",""role"":""mda_user"",""institutionId"":""office-of-the-special-prosecutor"",""source"":""mda_users_import""}"
2026-09-02T22:11:14.727Z,,bulk-import-script,user_created,user,9znXE1jpLGTROqjqfiYh3CUvJEI3,"{""email"":""siino.issaka@osp.gov.gh"",""role"":""mda_user"",""institutionId"":""office-of-the-special-prosecutor"",""source"":""mda_users_import""}"
2026-09-02T22:11:17.029Z,,bulk-import-script,user_created,user,cAzl3hmeEqaHGwIl7PUCjkHPWKq1,"{""email"":""ebenezer.djietror@yahoo.co.uk"",""role"":""mda_user"",""institutionId"":""parliament-of-ghana"",""source"":""mda_users_import""}"
2026-09-02T22:11:29.384Z,,bulk-import-script,user_created,user,mps9NMJC4ygmFWz81S0hpmB0RFM2,"{""email"":""wassem@parliament.gh"",""role"":""mda_user"",""institutionId"":""parliament-of-ghana"",""source"":""mda_users_import""}"
2026-09-02T22:11:31.670Z,,bulk-import-script,user_created,user,FjME89TXwKUqFUJierBgd6t64pk1,"{""email"":""adwoakyerewaa10@gmail.com"",""role"":""mda_user"",""institutionId"":""public-services-commission"",""source"":""mda_users_import""}"
2026-09-02T22:11:33.895Z,,bulk-import-script,user_created,user,SePM1XzIZTYakdXOai6vxagi9Uq1,"{""email"":""nuel2089@yahoo.com"",""role"":""mda_user"",""institutionId"":""public-services-commission"",""source"":""mda_users_import""}"
2026-09-02T22:11:36.272Z,,bulk-import-script,user_created,user,IHDg2MszIKWPdZCjZfdLStsYLC93,"{""email"":""tinaik2002@yahoo.com"",""role"":""mda_user"",""institutionId"":""public-services-commission"",""source"":""mda_users_import""}"
2026-09-02T22:11:38.542Z,,bulk-import-script,user_created,user,nYvVutvJBcZxVMuAA4fuNaIgkI32,"{""email"":""francis2009asiedu@gmail.com"",""role"":""mda_user"",""institutionId"":""public-services-commission"",""source"":""mda_users_import""}"
2026-09-02T22:11:41.249Z,,bulk-import-script,user_created,user,kK4HgOw4pnSP9ya78SxJRB2wf8N2,"{""email"":""dowuonaowoogeorge@yahoo.com"",""role"":""mda_user"",""institutionId"":""public-services-commission"",""source"":""mda_users_import""}"
2026-09-02T22:11:43.435Z,,bulk-import-script,user_created,user,umk72sx1nlV4dn7RTcYkMavwm0f2,"{""email"":""mabelamoakoatta@gmail.com"",""role"":""mda_user"",""institutionId"":""public-services-commission"",""source"":""mda_users_import""}"
2026-09-02T22:11:45.806Z,,bulk-import-script,user_created,user,j9QwlRmtFdeL9Pg2IiXEQUBWEFa2,"{""email"":""vamensah2017@gmail.com"",""role"":""mda_user"",""institutionId"":""public-services-commission"",""source"":""mda_users_import""}"
2026-09-02T22:11:48.901Z,,bulk-import-script,user_created,user,N7j2qcyLlpWiKnQ8qPI8oDWBsF12,"{""email"":""francis.wayem@rtic.gov.gh"",""role"":""mda_user"",""institutionId"":""right-to-information-commission"",""source"":""mda_users_import""}"
2026-09-02T22:11:51.585Z,,bulk-import-script,user_created,user,zYFCPqRAagXUH4UbQV572eyMoOr2,"{""email"":""kofi.sarpong@rtic.gov.gh"",""role"":""mda_user"",""institutionId"":""right-to-information-commission"",""source"":""mda_users_import""}"
2026-09-02T22:12:10.211Z,,bulk-import-script,user_created,user,hELvsalpTkhkrEK5NJWtvjHqTNi2,"{""email"":""shirley.lartey@rtic.gov.gh"",""role"":""mda_user"",""institutionId"":""right-to-information-commission"",""source"":""mda_users_import""}"
2026-09-02T22:12:12.461Z,,bulk-import-script,user_created,user,D4ibcxpUhDY3pFE9GAt4KKTaCAq2,"{""email"":""angelica.ayanful@cagd.gov.gh"",""role"":""mda_user"",""institutionId"":""ministry-of-finance"",""source"":""mda_users_import""}"
2026-09-02T22:12:14.919Z,,bulk-import-script,user_created,user,zPbXIWAxSXRhvO4ZJJx1gyKrkYm2,"{""email"":""albert.boafo@fic.gov.gh"",""role"":""mda_user"",""institutionId"":""ministry-of-finance"",""source"":""mda_users_import""}"
2026-09-02T22:12:17.145Z,,bulk-import-script,user_created,user,oLxlSw4lcdcZHku19DxEwdao6kw1,"{""email"":""adzadzra@mofep.gov.gh"",""role"":""mda_user"",""institutionId"":""ministry-of-finance"",""source"":""mda_users_import""}"
2026-09-02T22:12:19.536Z,,bulk-import-script,user_created,user,JKTWH9KY7CPPFIWVBsMzPro6DBG3,"{""email"":""alfredowusu@yahoo.com"",""role"":""mda_user"",""institutionId"":""ministry-of-finance"",""source"":""mda_users_import""}"
2026-09-02T22:12:22.065Z,,bulk-import-script,user_created,user,3VDFjX74AfNxxo47HAlfEkV2bz22,"{""email"":""atamea-yeboah@mofep.gov.gh"",""role"":""mda_user"",""institutionId"":""ministry-of-finance"",""source"":""mda_users_import""}"
2026-09-02T22:12:24.283Z,,bulk-import-script,user_created,user,sDzohtswkZZTUfYYVRIOXseFnMo2,"{""email"":""bismark.aborbi-ayitey@iaa.gov.gh"",""role"":""mda_user"",""institutionId"":""ministry-of-finance"",""source"":""mda_users_import""}"
2026-09-02T22:12:26.496Z,,bulk-import-script,user_created,user,zO8ITU5ziLgOkgAToUW8yawcndl2,"{""email"":""ahmed.adama@statsghana.gov.gh"",""role"":""mda_user"",""institutionId"":""ministry-of-finance"",""source"":""mda_users_import""}"
2026-09-02T22:12:28.661Z,,bulk-import-script,user_created,user,G77YQKyDXXgEvIPIHlEH6QtOevN2,"{""email"":""bagbanu@mofep.gov.gh"",""role"":""mda_user"",""institutionId"":""ministry-of-finance"",""source"":""mda_users_import""}"
2026-09-02T22:12:30.871Z,,bulk-import-script,user_created,user,fZVOGYYBA1NUHW4xZyeXQwXLvMq1,"{""email"":""bagyane@mofep.gov.gh"",""role"":""mda_user"",""institutionId"":""ministry-of-finance"",""source"":""mda_users_import""}"
2026-09-02T22:12:33.273Z,,bulk-import-script,user_created,user,lPpq7be3n5PYvU4dr4GsZa5Zt2b2,"{""email"":""bertha.hagble@cagd.gov.gh"",""role"":""mda_user"",""institutionId"":""ministry-of-finance"",""source"":""mda_users_import""}"
2026-09-02T22:12:35.474Z,,bulk-import-script,user_created,user,iKfHnpDS5LZPv3P3rK5YVrI5pBC3,"{""email"":""boppong@mofep.gov.gh"",""role"":""mda_user"",""institutionId"":""ministry-of-finance"",""source"":""mda_users_import""}"
2026-09-02T22:12:48.883Z,,bulk-import-script,user_created,user,w3sl0vgKpMSSEUydznTnJDDANPh2,"{""email"":""dcollison@mofep.gov.gh"",""role"":""mda_user"",""institutionId"":""ministry-of-finance"",""source"":""mda_users_import""}"
2026-09-02T22:12:51.231Z,,bulk-import-script,user_created,user,qM94ZIVU0dXF2QCSUx4TGKRDkMh2,"{""email"":""daniel.otoo@ppa.gov.gh"",""role"":""mda_user"",""institutionId"":""ministry-of-finance"",""source"":""mda_users_import""}"
2026-09-02T22:12:53.768Z,,bulk-import-script,user_created,user,6MPYpsPIDcWfAP5As7e9drNiSi83,"{""email"":""esther.ankomah@iat.gov.gh"",""role"":""mda_user"",""institutionId"":""ministry-of-finance"",""source"":""mda_users_import""}"
2026-09-02T22:12:56.098Z,,bulk-import-script,user_created,user,ujXuT3QQ64NNm9WCWFarEoeagwP2,"{""email"":""emelia_derkyi@yahoo.com"",""role"":""mda_user"",""institutionId"":""ministry-of-finance"",""source"":""mda_users_import""}"
2026-09-02T22:12:58.427Z,,bulk-import-script,user_created,user,811CBsskIDWwhPcm6TD995mUkTt2,"{""email"":""ernest.gyan@iat.gov.gh"",""role"":""mda_user"",""institutionId"":""ministry-of-finance"",""source"":""mda_users_import""}"
2026-09-02T22:13:00.672Z,,bulk-import-script,user_created,user,IwUwVZHmgNO24d1AzDSS1eMmExz2,"{""email"":""emmanuel.thompson@sec.gov.gh"",""role"":""mda_user"",""institutionId"":""ministry-of-finance"",""source"":""mda_users_import""}"
2026-09-02T22:13:03.111Z,,bulk-import-script,user_created,user,rNpf37a89cgUsPja1L1gEbhc0tx2,"{""email"":""eyartey@mofep.gov.gh"",""role"":""mda_user"",""institutionId"":""ministry-of-finance"",""source"":""mda_users_import""}"
2026-09-02T22:13:05.401Z,,bulk-import-script,user_created,user,Q4vMUPe6Y6MmmK6Spiykn1lIVhz2,"{""email"":""fred.ali@ppa.gov.gh"",""role"":""mda_user"",""institutionId"":""ministry-of-finance"",""source"":""mda_users_import""}"
2026-09-02T22:13:07.665Z,,bulk-import-script,user_created,user,OixgyGWPRgYMHArPsSWDvdw5gl93,"{""email"":""favadzi@mofep.gov.gh"",""role"":""mda_user"",""institutionId"":""ministry-of-finance"",""source"":""mda_users_import""}"
2026-09-02T22:13:10.320Z,,bulk-import-script,user_created,user,IrNMNQkcLLaWkGOARMhEoy2VBHm2,"{""email"":""fbaffour@mofep.gov.gh"",""role"":""mda_user"",""institutionId"":""ministry-of-finance"",""source"":""mda_users_import""}"
2026-09-02T22:13:12.535Z,,bulk-import-script,user_created,user,imOxvFYyDRgadhNhIWhl8xnNs0y2,"{""email"":""frankeyto@yahoo.com"",""role"":""mda_user"",""institutionId"":""ministry-of-finance"",""source"":""mda_users_import""}"
2026-09-02T22:13:14.744Z,,bulk-import-script,user_created,user,kdhylhhuL8Yv0kdYOJPBvSummp33,"{""email"":""fquarshie@mofep.gov.gh"",""role"":""mda_user"",""institutionId"":""ministry-of-finance"",""source"":""mda_users_import""}"
2026-09-02T22:13:23.427Z,,bulk-import-script,user_created,user,4qAMqecfKqSDUBrCte98qfpPJsz1,"{""email"":""francis.siripi@statsghana.gov.gh"",""role"":""mda_user"",""institutionId"":""ministry-of-finance"",""source"":""mda_users_import""}"
2026-09-02T22:13:26.264Z,,bulk-import-script,user_created,user,aivkd1N0UbbyxWtTH6Phvt0Ed7v1,"{""email"":""gdamalie@mofep.gov.gh"",""role"":""mda_user"",""institutionId"":""ministry-of-finance"",""source"":""mda_users_import""}"
2026-09-02T22:13:28.750Z,,bulk-import-script,user_created,user,HwCIKwKQWbWIeXYo0g8TI3bcABn1,"{""email"":""henry.sain@iaa.gov.gh"",""role"":""mda_user"",""institutionId"":""ministry-of-finance"",""source"":""mda_users_import""}"
2026-09-02T22:13:31.158Z,,bulk-import-script,user_created,user,keMpET21H7esiP9EvPb0osI5ztd2,"{""email"":""itoah@mofep.gov.gh"",""role"":""mda_user"",""institutionId"":""ministry-of-finance"",""source"":""mda_users_import""}"
2026-09-02T22:13:33.417Z,,bulk-import-script,user_created,user,xlzEigbBA1Svlw1kEAio21KcOrN2,"{""email"":""james.avedzi@sec.gov.gh"",""role"":""mda_user"",""institutionId"":""ministry-of-finance"",""source"":""mda_users_import""}"
2026-09-02T22:13:35.798Z,,bulk-import-script,user_created,user,Hlp9IxWZHRTdkjSDcr3f5ur0aAy2,"{""email"":""john.nketiah@statsghana.gov.gh"",""role"":""mda_user"",""institutionId"":""ministry-of-finance"",""source"":""mda_users_import""}"
2026-09-02T22:13:38.240Z,,bulk-import-script,user_created,user,Rxu6sY5TTwbp6SCZX0dzZSBKmnk2,"{""email"":""joycetsibun@gmail.com"",""role"":""mda_user"",""institutionId"":""ministry-of-finance"",""source"":""mda_users_import""}"
2026-09-02T22:13:40.668Z,,bulk-import-script,user_created,user,GJSxMDnQi8PsjiBCLAmuxxjMtrz2,"{""email"":""kafui.adamah@statsghana.gov.gh"",""role"":""mda_user"",""institutionId"":""ministry-of-finance"",""source"":""mda_users_import""}"
2026-09-02T22:13:42.950Z,,bulk-import-script,user_created,user,2v5eOXdx96hyntJAu2dn8Zmo7p73,"{""email"":""kwasiagyei08@yahoo.com"",""role"":""mda_user"",""institutionId"":""ministry-of-finance"",""source"":""mda_users_import""}"
2026-09-02T22:13:45.201Z,,bulk-import-script,user_created,user,2oeREntTBNMQSh6YmvPBRVpBKU92,"{""email"":""gbz.kafui@gmail.com"",""role"":""mda_user"",""institutionId"":""ministry-of-finance"",""source"":""mda_users_import""}"
2026-09-02T22:13:47.593Z,,bulk-import-script,user_created,user,IpbkDdflBiP1bB7IiZMy3yOnaVq1,"{""email"":""ldormekpo@mofep.gov.gh"",""role"":""mda_user"",""institutionId"":""ministry-of-finance"",""source"":""mda_users_import""}"
2026-09-02T22:13:50.215Z,,bulk-import-script,user_created,user,IuJLu2TS4mXqtvOOBi9aiB1qJ2s1,"{""email"":""manku@mofrp.gov.gh"",""role"":""mda_user"",""institutionId"":""ministry-of-finance"",""source"":""mda_users_import""}"
2026-09-02T22:14:02.834Z,,bulk-import-script,user_created,user,rAGfv9xZMvVaeFjUjELkcbF5NP32,"{""email"":""sefmag@yahoo.com"",""role"":""mda_user"",""institutionId"":""ministry-of-finance"",""source"":""mda_users_import""}"
2026-09-02T22:14:05.543Z,,bulk-import-script,user_created,user,lalsIJ65YAgM0mzzfArCTNLGUuy1,"{""email"":""myennah@mofep.gov.gh"",""role"":""mda_user"",""institutionId"":""ministry-of-finance"",""source"":""mda_users_import""}"
2026-09-02T22:14:07.821Z,,bulk-import-script,user_created,user,t1kl9FfEEbdFMcNwpWxbeN1OknB2,"{""email"":""rnazar@mofep.gov.gh"",""role"":""mda_user"",""institutionId"":""ministry-of-finance"",""source"":""mda_users_import""}"
2026-09-02T22:14:09.918Z,,bulk-import-script,user_created,user,qrvWIimwaZWUfCQFxof8yAdOMWV2,"{""email"":""okarikari@mofep.gov.gh"",""role"":""mda_user"",""institutionId"":""ministry-of-finance"",""source"":""mda_users_import""}"
2026-09-02T22:14:12.241Z,,bulk-import-script,user_created,user,r71Enio2zuOfvRxEOCRZsyTWxT12,"{""email"":""ophelia.opare@iat.gov.gh"",""role"":""mda_user"",""institutionId"":""ministry-of-finance"",""source"":""mda_users_import""}"
2026-09-02T22:14:14.799Z,,bulk-import-script,user_created,user,h2YZr8q6bGc3kT15CI5fBrQTurE2,"{""email"":""ooteng-asante@mofep.gov.gh"",""role"":""mda_user"",""institutionId"":""ministry-of-finance"",""source"":""mda_users_import""}"
2026-09-02T22:14:16.941Z,,bulk-import-script,user_created,user,9pQGUq4FTRMQrTuW2KvGq2f1Kjp2,"{""email"":""paul.emenike@iaa.gov.gh"",""role"":""mda_user"",""institutionId"":""ministry-of-finance"",""source"":""mda_users_import""}"
2026-09-02T22:14:19.190Z,,bulk-import-script,user_created,user,R0nPn9ApToWGY4jQxOJuutNQ02B3,"{""email"":""pchaayuor@mofep.gov.gh"",""role"":""mda_user"",""institutionId"":""ministry-of-finance"",""source"":""mda_users_import""}"
2026-09-02T22:14:21.175Z,,bulk-import-script,user_created,user,HJ2Zp2vHbmW0yNXa2k94Q3z66Nl2,"{""email"":""pkwafo@mofep.gov.gh"",""role"":""mda_user"",""institutionId"":""ministry-of-finance"",""source"":""mda_users_import""}"
2026-09-02T22:14:23.170Z,,bulk-import-script,user_created,user,eCi9EEj0IxSBN3F3k5C2px001Ao2,"{""email"":""pwujakpa@mofep.gov.gh"",""role"":""mda_user"",""institutionId"":""ministry-of-finance"",""source"":""mda_users_import""}"
2026-09-02T22:14:25.265Z,,bulk-import-script,user_created,user,p4ccr45dH3O7XfvZzsT8CHoTJbg2,"{""email"":""rebeccca.addo@statsghana.gov.gh"",""role"":""mda_user"",""institutionId"":""ministry-of-finance"",""source"":""mda_users_import""}"
2026-09-02T22:14:27.340Z,,bulk-import-script,user_created,user,CFMKoacETCc91k7BgnIJ6z043vq1,"{""email"":""rita.anowuoh@iaa.gov.gh"",""role"":""mda_user"",""institutionId"":""ministry-of-finance"",""source"":""mda_users_import""}"
2026-09-02T22:15:30.970Z,,bulk-import-script,user_created,user,QQ4D8VZwFwaCjawJlQcCAjpbWX12,"{""email"":""richard.asafo-adjei@fic.gov.gh"",""role"":""mda_user"",""institutionId"":""ministry-of-finance"",""source"":""mda_users_import""}"
2026-09-02T22:15:34.206Z,,bulk-import-script,user_created,user,Rt3IAmB7apZobMM1TVRvLEQStMT2,"{""email"":""iatregistrarsoffice@gmail.com"",""role"":""mda_user"",""institutionId"":""ministry-of-finance"",""source"":""mda_users_import""}"
2026-09-02T22:15:36.559Z,,bulk-import-script,user_created,user,OGCiEhMcE2akcK309y5g5NOeAUZ2,"{""email"":""rakabutu@mofep.gov.gh"",""role"":""mda_user"",""institutionId"":""ministry-of-finance"",""source"":""mda_users_import""}"
2026-09-02T22:15:38.809Z,,bulk-import-script,user_created,user,EGteji8BvKTQyLPIqwsoSjYZr962,"{""email"":""seth.anaglate@iaa.gov.gh"",""role"":""mda_user"",""institutionId"":""ministry-of-finance"",""source"":""mda_users_import""}"
2026-09-02T22:15:41.141Z,,bulk-import-script,user_created,user,GJda2VBx17SbuddR6M863K5MzvH2,"{""email"":""samuel.esiamah@statsghana.gov.gh"",""role"":""mda_user"",""institutionId"":""ministry-of-finance"",""source"":""mda_users_import""}"
2026-09-02T22:15:43.427Z,,bulk-import-script,user_created,user,rTKUxbtknbMqmklKJVeFZUPn7zk1,"{""email"":""stephenabofour@gmail.com"",""role"":""mda_user"",""institutionId"":""ministry-of-finance"",""source"":""mda_users_import""}"
2026-09-02T22:15:55.030Z,,bulk-import-script,user_created,user,AurqnY5BobUdJw9Ahnnq7xXSWDg1,"{""email"":""thomas.thompson-aryee@iaa.gov.gh"",""role"":""mda_user"",""institutionId"":""ministry-of-finance"",""source"":""mda_users_import""}"
2026-09-02T22:15:57.392Z,,bulk-import-script,user_created,user,QSpohbTD2ZhIqKkdJY6IHU0dLyk1,"{""email"":""yissachar@mofep.gov.gh"",""role"":""mda_user"",""institutionId"":""ministry-of-finance"",""source"":""mda_users_import""}"
2026-09-02T22:15:59.647Z,,bulk-import-script,user_created,user,ViBFIhDOVjZwvX3UuWJNyDN3qSy1,"{""email"":""nanaodi68@gmail.com"",""role"":""mda_user"",""institutionId"":""ministry-of-health"",""source"":""mda_users_import""}"
2026-09-02T22:16:01.870Z,,bulk-import-script,user_created,user,hGyp6MBGThhzBipgtafUiA1uxkl1,"{""email"":""upcomingdebless520@gmail.com"",""role"":""mda_user"",""institutionId"":""ministry-of-health"",""source"":""mda_users_import""}"
2026-09-02T22:16:04.222Z,,bulk-import-script,user_created,user,5I7809Bk4PbqF9aFPqmRPh8s7mp1,"{""email"":""afua.amoako-mensah@fda.gov.gh"",""role"":""mda_user"",""institutionId"":""ministry-of-health"",""source"":""mda_users_import""}"
2026-09-02T22:16:07.035Z,,bulk-import-script,user_created,user,LD15sDQ7xOY3rjfVar4dlWFrvK93,"{""email"":""allenseth.anku@ghs.gov.gh"",""role"":""mda_user"",""institutionId"":""ministry-of-health"",""source"":""mda_users_import""}"
2026-09-02T22:16:09.394Z,,bulk-import-script,user_created,user,ULIlPImQBWRtvK7FaNibbW8wdOV2,"{""email"":""k.apedzi@stjohn.org.gh"",""role"":""mda_user"",""institutionId"":""ministry-of-health"",""source"":""mda_users_import""}"
2026-09-02T22:16:11.753Z,,bulk-import-script,user_created,user,GaRyHXw5sPVDwEiOzybv0Y0JAsJ3,"{""email"":""aafiakorkor1@gmail.com"",""role"":""mda_user"",""institutionId"":""ministry-of-health"",""source"":""mda_users_import""}"
2026-09-02T22:16:14.187Z,,bulk-import-script,user_created,user,ULSKZVqegndno5zdLIBJlrueIUl2,"{""email"":""adeashie@yahoo.co.uk"",""role"":""mda_user"",""institutionId"":""ministry-of-health"",""source"":""mda_users_import""}"
2026-09-02T22:16:16.516Z,,bulk-import-script,user_created,user,1YWH3cyHYwd6jOAoVAcjW3iHs9D2,"{""email"":""abuadu@ugmc.ug.edu.gh"",""role"":""mda_user"",""institutionId"":""ministry-of-health"",""source"":""mda_users_import""}"
2026-09-02T22:16:18.739Z,,bulk-import-script,user_created,user,xtUfWFqKkZXpE8f7uh3GyWjXMKu1,"{""email"":""abibadiabor1@gmail.com"",""role"":""mda_user"",""institutionId"":""ministry-of-health"",""source"":""mda_users_import""}"
2026-09-02T22:16:42.424Z,,bulk-import-script,user_created,user,MCICuEN2rtR1Ez0mEMEn9uANMq33,"{""email"":""aarondodooankrah@yahoo.com"",""role"":""mda_user"",""institutionId"":""ministry-of-health"",""source"":""mda_users_import""}"
2026-09-02T22:16:44.741Z,,bulk-import-script,user_created,user,hHsKiZd44ScC9N61TYjC0n8RWap2,"{""email"":""frempad@yahoo.com"",""role"":""mda_user"",""institutionId"":""ministry-of-health"",""source"":""mda_users_import""}"
2026-09-02T22:16:47.120Z,,bulk-import-script,user_created,user,bfZi6w3wSsboLmtL0I5z80j34xl1,"{""email"":""jonathan.marley@ghs.gov.gh"",""role"":""mda_user"",""institutionId"":""ministry-of-health"",""source"":""mda_users_import""}"
2026-09-02T22:16:49.410Z,,bulk-import-script,user_created,user,XJUyILYpMxaILi0g4F4cWxmGUEj2,"{""email"":""aseye.kpodotsi@ghs.gov.gh"",""role"":""mda_user"",""institutionId"":""ministry-of-health"",""source"":""mda_users_import""}"
2026-09-02T22:16:51.638Z,,bulk-import-script,user_created,user,DAl7XU8UycXedYsImwTtoSjfYSG3,"{""email"":""adwoa.kyere@ghs.gov.gh"",""role"":""mda_user"",""institutionId"":""ministry-of-health"",""source"":""mda_users_import""}"
2026-09-02T22:17:53.108Z,,bulk-import-script,user_created,user,DAl7XU8UycXedYsImwTtoSjfYSG3,"{""email"":""adwoa.kyere@ghs.gov.gh"",""role"":""mda_user"",""institutionId"":""ministry-of-health"",""source"":""mda_users_import""}"
2026-09-02T22:17:55.485Z,,bulk-import-script,user_created,user,IGK5VAqnVPXe3kMioiYvEYziYTI2,"{""email"":""augustus.obeng@ghs.gov.gh"",""role"":""mda_user"",""institutionId"":""ministry-of-health"",""source"":""mda_users_import""}"
2026-09-02T22:17:57.628Z,,bulk-import-script,user_created,user,b23UzHktsSRVqBFwGRq1HUnGMQf1,"{""email"":""pomaahotchereabena@gmail.com"",""role"":""mda_user"",""institutionId"":""ministry-of-health"",""source"":""mda_users_import""}"
2026-09-02T22:17:59.891Z,,bulk-import-script,user_created,user,J56EhwfKicgmhpMQ2jDZeDxnFd22,"{""email"":""nyansh@yahoo.com"",""role"":""mda_user"",""institutionId"":""ministry-of-health"",""source"":""mda_users_import""}"
2026-09-02T22:18:02.213Z,,bulk-import-script,user_created,user,Tyrl7fHZzAfoCGM6ZQbyolSyEEf2,"{""email"":""a.sawiri@stjohn.org.gh"",""role"":""mda_user"",""institutionId"":""ministry-of-health"",""source"":""mda_users_import""}"
2026-09-02T22:18:12.083Z,,bulk-import-script,user_created,user,Jo2qxzr7GSST6PYFOPthSgagFh23,"{""email"":""askobeng@yahoo.co.uk"",""role"":""mda_user"",""institutionId"":""ministry-of-health"",""source"":""mda_users_import""}"
2026-09-02T22:18:14.364Z,,bulk-import-script,user_created,user,47KEvhLdwbgNn63cfwNKTQOp6pr1,"{""email"":""ali.yakubu@chag.org.gh"",""role"":""mda_user"",""institutionId"":""ministry-of-health"",""source"":""mda_users_import""}"
2026-09-02T22:18:16.777Z,,bulk-import-script,user_created,user,wCj0SrKFGagpJFcLnzgT7zowjQO2,"{""email"":""ahmedzakariah@gmail.com"",""role"":""mda_user"",""institutionId"":""ministry-of-health"",""source"":""mda_users_import""}"
2026-09-02T22:18:19.030Z,,bulk-import-script,user_created,user,lOrBnp6goKbmfUpuL6xSQGFT2282,"{""email"":""kojobede@gmail.com"",""role"":""mda_user"",""institutionId"":""ministry-of-health"",""source"":""mda_users_import""}"
2026-09-02T22:18:21.081Z,,bulk-import-script,user_created,user,Z1f8jAcydDTNqiZ20n3KZyFZ34S2,"{""email"":""brendaapedzi@gmail.com"",""role"":""mda_user"",""institutionId"":""ministry-of-health"",""source"":""mda_users_import""}"
2026-09-02T22:18:23.287Z,,bulk-import-script,user_created,user,hTktJeMvVHVz3ECiiubsTrtpns82,"{""email"":""benarthu211@gmail.com"",""role"":""mda_user"",""institutionId"":""ministry-of-health"",""source"":""mda_users_import""}"
2026-09-02T22:18:25.512Z,,bulk-import-script,user_created,user,ZRxIrmS75oYnwcqkyFtv79dJKTI3,"{""email"":""bernice.asante@moffa.gov.gh"",""role"":""mda_user"",""institutionId"":""ministry-of-health"",""source"":""mda_users_import""}"
2026-09-02T22:18:27.770Z,,bulk-import-script,user_created,user,aA8vtDsXNSZIfSBRowSVVumrFrq1,"{""email"":""atipagablaisepascal@yahoo.com"",""role"":""mda_user"",""institutionId"":""ministry-of-health"",""source"":""mda_users_import""}"
2026-09-02T22:18:29.929Z,,bulk-import-script,user_created,user,cyuDjRX0A3fSdaYbAM897yVTXL33,"{""email"":""mpck12@yahoo.com"",""role"":""mda_user"",""institutionId"":""ministry-of-health"",""source"":""mda_users_import""}"
2026-09-02T22:18:32.173Z,,bulk-import-script,user_created,user,l6MxpecgtsSNOxsFIwD09Su0EiI3,"{""email"":""b.buenortey@kbth.gov.gh"",""role"":""mda_user"",""institutionId"":""ministry-of-health"",""source"":""mda_users_import""}"
2026-09-02T22:18:34.186Z,,bulk-import-script,user_created,user,ihxBZgbXv6X2xjBf9EblkzPnWVO2,"{""email"":""benewindy@gmail.com"",""role"":""mda_user"",""institutionId"":""ministry-of-health"",""source"":""mda_users_import""}"
2026-09-02T22:18:36.242Z,,bulk-import-script,user_created,user,0cQO9W0NP9MwdzlooDD65r90QQI2,"{""email"":""bernard.mortotsi@pantanghospital.gov.gh"",""role"":""mda_user"",""institutionId"":""ministry-of-health"",""source"":""mda_users_import""}"
2026-09-02T22:18:38.212Z,,bulk-import-script,user_created,user,OG0FHox4JIMEPO0fLtjdAC9Q4pD3,"{""email"":""bnanemeh234@gmail.com"",""role"":""mda_user"",""institutionId"":""ministry-of-health"",""source"":""mda_users_import""}"
2026-09-02T22:18:50.958Z,,bulk-import-script,user_created,user,YyVVKXclB0bxcHyCAnlysn43DXq2,"{""email"":""joezy6745@gmail.com"",""role"":""mda_user"",""institutionId"":""ministry-of-health"",""source"":""mda_users_import""}"
2026-09-02T22:18:53.153Z,,bulk-import-script,user_created,user,pyF5zC0SsJhUqHetWhHzF1IEqS03,"{""email"":""benamma@yahoo.com"",""role"":""mda_user"",""institutionId"":""ministry-of-health"",""source"":""mda_users_import""}"
2026-09-02T22:18:55.377Z,,bulk-import-script,user_created,user,MSwmh9X0fdP3jHTZ5eUSbrZ3mQx2,"{""email"":""bryancesy@gmail.com"",""role"":""mda_user"",""institutionId"":""ministry-of-health"",""source"":""mda_users_import""}"
2026-09-02T22:18:57.839Z,,bulk-import-script,user_created,user,pl3REvDwuMgdlmD3qbQ9L7w9kh73,"{""email"":""silorm@yahoo.com"",""role"":""mda_user"",""institutionId"":""ministry-of-health"",""source"":""mda_users_import""}"
2026-09-02T22:19:00.068Z,,bulk-import-script,user_created,user,a84BOPRLCtNzp6yOHq5DHVBntIt1,"{""email"":""dedenuer@gmail.com"",""role"":""mda_user"",""institutionId"":""ministry-of-health"",""source"":""mda_users_import""}"
2026-09-02T22:19:02.296Z,,bulk-import-script,user_created,user,c3R5hT9mNXQa9M3qVuYTh2HC4PC3,"{""email"":""collins.agyenim@ghs.gov.gh"",""role"":""mda_user"",""institutionId"":""ministry-of-health"",""source"":""mda_users_import""}"
2026-09-02T22:19:04.309Z,,bulk-import-script,user_created,user,4z5ThqVQ0DXuXUQMTpU0ddshfxc2,"{""email"":""charitymawusi37@gmail.com"",""role"":""mda_user"",""institutionId"":""ministry-of-health"",""source"":""mda_users_import""}"
2026-09-02T22:19:06.372Z,,bulk-import-script,user_created,user,A4dvaLAoZJc4og8yvzIuOBK9Plu2,"{""email"":""camah76@yahoo.com"",""role"":""mda_user"",""institutionId"":""ministry-of-health"",""source"":""mda_users_import""}"
2026-09-02T22:19:08.643Z,,bulk-import-script,user_created,user,3HwB6IqaQxTxumeMKy2Q8ePc1G23,"{""email"":""asaregyimah1990@gmail.com"",""role"":""mda_user"",""institutionId"":""ministry-of-health"",""source"":""mda_users_import""}"
2026-09-02T22:19:10.944Z,,bulk-import-script,user_created,user,MQWjlux6o3NG9lXTYn6DBtXeW6s2,"{""email"":""cynthiaobu66@gmail.com"",""role"":""mda_user"",""institutionId"":""ministry-of-health"",""source"":""mda_users_import""}"
2026-09-02T22:19:13.175Z,,bulk-import-script,user_created,user,BQi7DqjFcQMRfsofy9tACWOwljd2,"{""email"":""brantuo.christopher@gmail.com"",""role"":""mda_user"",""institutionId"":""ministry-of-health"",""source"":""mda_users_import""}"
2026-09-02T22:19:15.539Z,,bulk-import-script,user_created,user,nrQpN6RSijeRARRpPcvSW59hSuy1,"{""email"":""chrisnarku@yahoo.com"",""role"":""mda_user"",""institutionId"":""ministry-of-health"",""source"":""mda_users_import""}"
2026-09-02T22:19:17.907Z,,bulk-import-script,user_created,user,SWywWHyXRyPYyBwEGwfnOlxGhLE2,"{""email"":""christian.boateng@ghs.gov.gh"",""role"":""mda_user"",""institutionId"":""ministry-of-health"",""source"":""mda_users_import""}"
2026-09-02T22:19:27.569Z,,bulk-import-script,user_created,user,XmGBTDkKNlSiAdU3QiuMrvgpymZ2,"{""email"":""christianapomenya@gmail.com"",""role"":""mda_user"",""institutionId"":""ministry-of-health"",""source"":""mda_users_import""}"
2026-09-02T22:19:29.764Z,,bulk-import-script,user_created,user,PpKRgbgzEQdLpCAukn9UGeDKV3C3,"{""email"":""aderrick@hth.gov.gh"",""role"":""mda_user"",""institutionId"":""ministry-of-health"",""source"":""mda_users_import""}"
2026-09-02T22:19:32.002Z,,bulk-import-script,user_created,user,tOBkKLyLufatTrISCCap5AR0nVk2,"{""email"":""dadewor@yahoo.com"",""role"":""mda_user"",""institutionId"":""ministry-of-health"",""source"":""mda_users_import""}"
2026-09-02T22:19:34.330Z,,bulk-import-script,user_created,user,olfFN842R9Uer0hTwpztFcdJP3I2,"{""email"":""doreen.gyasi19@gmail.com"",""role"":""mda_user"",""institutionId"":""ministry-of-health"",""source"":""mda_users_import""}"
2026-09-02T22:19:36.735Z,,bulk-import-script,user_created,user,5dqBYZxxNZY5iG07tSd99fOMgJj1,"{""email"":""agyeidaniel420ad@gmail.com"",""role"":""mda_user"",""institutionId"":""ministry-of-health"",""source"":""mda_users_import""}"
2026-09-02T22:19:38.860Z,,bulk-import-script,user_created,user,WyQCc6zrs7cykTxjVzD6CPYtXrA2,"{""email"":""dsesime@yahoo.co.uk"",""role"":""mda_user"",""institutionId"":""ministry-of-health"",""source"":""mda_users_import""}"
2026-09-02T22:19:41.125Z,,bulk-import-script,user_created,user,fMXQu7gT5Tfeq2BxsJlsnqGfGcl1,"{""email"":""akyen.d@gcnm.edu.gh"",""role"":""mda_user"",""institutionId"":""ministry-of-health"",""source"":""mda_users_import""}"
2026-09-02T22:19:43.258Z,,bulk-import-script,user_created,user,PYizxfKhZobIRANwOyOnkSoPPl12,"{""email"":""dameworlor@hth.gov.gh"",""role"":""mda_user"",""institutionId"":""ministry-of-health"",""source"":""mda_users_import""}"
2026-09-02T22:19:45.647Z,,bulk-import-script,user_created,user,EBunZNWnDgb6eWXE8L0eN6Y9gg23,"{""email"":""deeworld208@yahoo.com"",""role"":""mda_user"",""institutionId"":""ministry-of-health"",""source"":""mda_users_import""}"
2026-09-02T22:19:47.701Z,,bulk-import-script,user_created,user,AikyhAEztCXuyFIkNAU71CyuvbR2,"{""email"":""obdaiannang@gmail.com"",""role"":""mda_user"",""institutionId"":""ministry-of-health"",""source"":""mda_users_import""}"
2026-09-02T22:19:50.055Z,,bulk-import-script,user_created,user,MyYG1qTtvQRHkV6dS8e6xAoJq762,"{""email"":""kwamenadaniel@gmail.com"",""role"":""mda_user"",""institutionId"":""ministry-of-health"",""source"":""mda_users_import""}"
2026-09-02T22:19:52.073Z,,bulk-import-script,user_created,user,FR64yyJbhXhG9LNZ7I4zYz7xb5q1,"{""email"":""darthur707@gmail.com"",""role"":""mda_user"",""institutionId"":""ministry-of-health"",""source"":""mda_users_import""}"
2026-09-02T22:19:54.213Z,,bulk-import-script,user_created,user,eyml5iVY9bZOa3ADEfv4MP9LqdI3,"{""email"":""debikusiboakye@gmail.com"",""role"":""mda_user"",""institutionId"":""ministry-of-health"",""source"":""mda_users_import""}"
2026-09-02T22:20:06.732Z,,bulk-import-script,user_created,user,epWjYcs8VMUFjLEdotf2NEw5fFx1,"{""email"":""dorcas.boham@ghs.gov.gh"",""role"":""mda_user"",""institutionId"":""ministry-of-health"",""source"":""mda_users_import""}"
2026-09-02T22:20:08.951Z,,bulk-import-script,user_created,user,1JERTpUQCKOcsRm3WKk6Mf61Jbp1,"{""email"":""dandanquah45@gmail.com"",""role"":""mda_user"",""institutionId"":""ministry-of-health"",""source"":""mda_users_import""}"
2026-09-02T22:20:11.253Z,,bulk-import-script,user_created,user,qfIKsu1bcISr1p0wPSGoWjXDsQj2,"{""email"":""dzatadoes@gmail.com"",""role"":""mda_user"",""institutionId"":""ministry-of-health"",""source"":""mda_users_import""}"
2026-09-02T22:20:13.253Z,,bulk-import-script,user_created,user,WH1X2n8ldOXakHkiMophzIkjBUg1,"{""email"":""aķudzidzi88@gmail.com"",""role"":""mda_user"",""institutionId"":""ministry-of-health"",""source"":""mda_users_import""}"
2026-09-02T22:20:15.265Z,,bulk-import-script,user_created,user,xYUpvkiRS0VK1G8Wne4Bi9JEUen2,"{""email"":""ashongmettle723@gmail.com"",""role"":""mda_user"",""institutionId"":""ministry-of-health"",""source"":""mda_users_import""}"
2026-09-02T22:20:17.416Z,,bulk-import-script,user_created,user,UwCQE5xdLJRgK9nO1OyiN7kzDkU2,"{""email"":""oware.derrick@yahoo.com"",""role"":""mda_user"",""institutionId"":""ministry-of-health"",""source"":""mda_users_import""}"
2026-09-02T22:20:19.406Z,,bulk-import-script,user_created,user,PySZMcA3n6VjUpeF68xjP3kcKoA3,"{""email"":""littleangeldo88@gmail.com"",""role"":""mda_user"",""institutionId"":""ministry-of-health"",""source"":""mda_users_import""}"
2026-09-02T22:20:21.448Z,,bulk-import-script,user_created,user,zFGdAfIlGpbfFsnq7grXvrHbNrs2,"{""email"":""ritadzitse@gmail.com"",""role"":""mda_user"",""institutionId"":""ministry-of-health"",""source"":""mda_users_import""}"
2026-09-02T22:20:23.484Z,,bulk-import-script,user_created,user,BmNDqKDHX9YbfDYECAB6QUrpzU42,"{""email"":""emmanuel.adusei@ghs.gov.gh"",""role"":""mda_user"",""institutionId"":""ministry-of-health"",""source"":""mda_users_import""}"
2026-09-02T22:20:25.568Z,,bulk-import-script,user_created,user,2GiGdfI9GTOdX9Y7A3zFk9OshFr2,"{""email"":""esther.effahafari@ghs.gov.gh"",""role"":""mda_user"",""institutionId"":""ministry-of-health"",""source"":""mda_users_import""}"
2026-09-02T22:20:27.698Z,,bulk-import-script,user_created,user,db65lLwbNOUSKkkye6iDdFKIRI93,"{""email"":""boakyeamponsahebenezer@gmail.com"",""role"":""mda_user"",""institutionId"":""ministry-of-health"",""source"":""mda_users_import""}"
2026-09-02T22:20:29.801Z,,bulk-import-script,user_created,user,G3t1gmnVuyRTLbnGkEA3VYj7DM22,"{""email"":""edward.arthur@chag.org.gh"",""role"":""mda_user"",""institutionId"":""ministry-of-health"",""source"":""mda_users_import""}"
2026-09-02T22:20:31.822Z,,bulk-import-script,user_created,user,WJCYiVxAaEfIdQrsjh0p1cXxR7x2,"{""email"":""bessah213@gmail.com"",""role"":""mda_user"",""institutionId"":""ministry-of-health"",""source"":""mda_users_import""}"
2026-09-02T22:20:33.953Z,,bulk-import-script,user_created,user,687tfJd1BiSOsv0QqYk6InlT53o2,"{""email"":""evancus1988@gmail.com"",""role"":""mda_user"",""institutionId"":""ministry-of-health"",""source"":""mda_users_import""}"
2026-09-02T22:20:35.988Z,,bulk-import-script,user_created,user,p1C77kPlnLMBiZlilqXrbDnZgVU2,"{""email"":""evansdanso@yahoo.com"",""role"":""mda_user"",""institutionId"":""ministry-of-health"",""source"":""mda_users_import""}"
2026-09-02T22:20:37.975Z,,bulk-import-script,user_created,user,8dCWNtivlGhFRImt40IkU83xP3f1,"{""email"":""kwakyekontork@gmail.com"",""role"":""mda_user"",""institutionId"":""ministry-of-health"",""source"":""mda_users_import""}"
2026-09-02T22:20:39.957Z,,bulk-import-script,user_created,user,qx6PJPzKFsYxFfHDtHJKpTx4Epr1,"{""email"":""elodzorm@gmail.com"",""role"":""mda_user"",""institutionId"":""ministry-of-health"",""source"":""mda_users_import""}"
2026-09-02T22:20:41.857Z,,bulk-import-script,user_created,user,HOuTTh3xGCOqbFY4c15wjYrf7HO2,"{""email"":""ekemmanuel293@gmail.com"",""role"":""mda_user"",""institutionId"":""ministry-of-health"",""source"":""mda_users_import""}"
2026-09-02T22:20:43.864Z,,bulk-import-script,user_created,user,W1ALljB5sxfYvmhJ4GNwsfban4m1,"{""email"":""macdee360@gmail.com"",""role"":""mda_user"",""institutionId"":""ministry-of-health"",""source"":""mda_users_import""}"
2026-09-02T22:20:45.781Z,,bulk-import-script,user_created,user,1i9tDdzkSLYXKCQBrX2zQJIY6Dv1,"{""email"":""edith.mansah@ghs.gov.gh"",""role"":""mda_user"",""institutionId"":""ministry-of-health"",""source"":""mda_users_import""}"
2026-09-02T22:20:47.766Z,,bulk-import-script,user_created,user,yA2iOtvo2Xc1zkROozgMQCvj9lK2,"{""email"":""lisananor138@gmail.com"",""role"":""mda_user"",""institutionId"":""ministry-of-health"",""source"":""mda_users_import""}"
2026-09-02T22:20:49.794Z,,bulk-import-script,user_created,user,Kx1JCX2c88eJ8y0iBt6wOMCbclk1,"{""email"":""send2ngyedu@gmail.com"",""role"":""mda_user"",""institutionId"":""ministry-of-health"",""source"":""mda_users_import""}"
2026-09-02T22:20:51.812Z,,bulk-import-script,user_created,user,JeFob4HFGLXQTCwYzIzwKKAb1423,"{""email"":""enock.osei-adade@chag.org.gh"",""role"":""mda_user"",""institutionId"":""ministry-of-health"",""source"":""mda_users_import""}"
2026-09-02T22:20:53.810Z,,bulk-import-script,user_created,user,GSR7PsWpMFUzNHNrdjaQLp9PCiC2,"{""email"":""kwodjowusu@gmail.com"",""role"":""mda_user"",""institutionId"":""ministry-of-health"",""source"":""mda_users_import""}"
2026-09-02T22:20:55.908Z,,bulk-import-script,user_created,user,wUmyJr1JvJMGw0yoAxOI2koQSgd2,"{""email"":""eoa25@yahoo.com"",""role"":""mda_user"",""institutionId"":""ministry-of-health"",""source"":""mda_users_import""}"
2026-09-02T22:20:57.862Z,,bulk-import-script,user_created,user,CMzfG2jExnZOE3wVEZn169k9Z352,"{""email"":""janicemannel@gmail.com"",""role"":""mda_user"",""institutionId"":""ministry-of-health"",""source"":""mda_users_import""}"
2026-09-02T22:20:59.820Z,,bulk-import-script,user_created,user,G3ZHKhlMKkOfg1UuUHvVEgHP7Z22,"{""email"":""ebenezertetteh700@gmail.com"",""role"":""mda_user"",""institutionId"":""ministry-of-health"",""source"":""mda_users_import""}"
2026-09-02T22:21:01.754Z,,bulk-import-script,user_created,user,cGI0OsoVQ5ZmDmzyfgpfk6cneb42,"{""email"":""ebenezer.yensu@ghs.gov.gh"",""role"":""mda_user"",""institutionId"":""ministry-of-health"",""source"":""mda_users_import""}"
2026-09-02T22:21:03.863Z,,bulk-import-script,user_created,user,WDMyEkf1StMX5qjtu6MKY0rodXo2,"{""email"":""nketaa@yahoo.com"",""role"":""mda_user"",""institutionId"":""ministry-of-health"",""source"":""mda_users_import""}"
2026-09-02T22:21:05.869Z,,bulk-import-script,user_created,user,odP7CIDII2XaBINpusGODxuiIfK2,"{""email"":""freemanfk@yahoo.com"",""role"":""mda_user"",""institutionId"":""ministry-of-health"",""source"":""mda_users_import""}"
2026-09-02T22:21:28.727Z,,bulk-import-script,user_created,user,4xnM3CTGcWOVT7e5m4dT3VuXWCe2,"{""email"":""avumegah@stjohn.org.gh"",""role"":""mda_user"",""institutionId"":""ministry-of-health"",""source"":""mda_users_import""}"
2026-09-02T22:21:30.881Z,,bulk-import-script,user_created,user,tZza2OH8TfhK84k5M3PdUqDjIC63,"{""email"":""fbosomprah@gmail.com"",""role"":""mda_user"",""institutionId"":""ministry-of-health"",""source"":""mda_users_import""}"
2026-09-02T22:21:32.841Z,,bulk-import-script,user_created,user,y2rZoKyb8FYESCxkHsnSgTALFt22,"{""email"":""kinneddy@gmail.com"",""role"":""mda_user"",""institutionId"":""ministry-of-health"",""source"":""mda_users_import""}"
2026-09-02T22:21:35.301Z,,bulk-import-script,user_created,user,e4vPpSea6SVMh1bsBxUlqdcYaV23,"{""email"":""addog84@gmail.com"",""role"":""mda_user"",""institutionId"":""ministry-of-health"",""source"":""mda_users_import""}"
2026-09-02T22:21:37.390Z,,bulk-import-script,user_created,user,swIl5dh0VqO9DwyX1R0pkSyRMrg1,"{""email"":""gordon.afarnu@fda.gov.gh"",""role"":""mda_user"",""institutionId"":""ministry-of-health"",""source"":""mda_users_import""}"
2026-09-02T22:21:39.582Z,,bulk-import-script,user_created,user,lhIkDzsrLQWKyba8zuLtMq1dPYx2,"{""email"":""gladys.amankwah@chag.org.gh"",""role"":""mda_user"",""institutionId"":""ministry-of-health"",""source"":""mda_users_import""}"
2026-09-02T22:21:41.787Z,,bulk-import-script,user_created,user,7kwyou3yvtfrahDefX0qrnU87G32,"{""email"":""gerald.doe@chag.org.gh"",""role"":""mda_user"",""institutionId"":""ministry-of-health"",""source"":""mda_users_import""}"
2026-09-02T22:21:44.277Z,,bulk-import-script,user_created,user,6OK9kFVvI7QdWVlPCDcy5P1pJ1G3,"{""email"":""fgee2@yahoo.com"",""role"":""mda_user"",""institutionId"":""ministry-of-health"",""source"":""mda_users_import""}"
2026-09-02T22:21:46.282Z,,bulk-import-script,user_created,user,QO7TMAhgP7gGVdlfzc2ku3vrQ2J2,"{""email"":""niiadjah2000@yahoo.com"",""role"":""mda_user"",""institutionId"":""ministry-of-health"",""source"":""mda_users_import""}"
2026-09-02T22:21:48.246Z,,bulk-import-script,user_created,user,MhyvVI1vy4QNyDiLW3DSSyzN3r03,"{""email"":""gloria.patamia@fda.gov.gh"",""role"":""mda_user"",""institutionId"":""ministry-of-health"",""source"":""mda_users_import""}"
2026-09-02T22:21:50.188Z,,bulk-import-script,user_created,user,YZL3iTG5zdc9mabHcfnGlc4AVHI2,"{""email"":""richardson.g@gcnm.edu.gh"",""role"":""mda_user"",""institutionId"":""ministry-of-health"",""source"":""mda_users_import""}"
2026-09-02T22:21:52.591Z,,bulk-import-script,user_created,user,D3NUtny11xea7wGDZ8ChaWa5ZsE3,"{""email"":""cudjoedem36@gmail.com"",""role"":""mda_user"",""institutionId"":""ministry-of-health"",""source"":""mda_users_import""}"
2026-09-02T22:21:54.609Z,,bulk-import-script,user_created,user,OICKOaQ09vbvDpIgWQyZkVRBaNr2,"{""email"":""gideon.tandoh@ghs.gov.gh"",""role"":""mda_user"",""institutionId"":""ministry-of-health"",""source"":""mda_users_import""}"
2026-09-02T22:21:57.231Z,,bulk-import-script,user_created,user,8fs1qSAxskf8YCdrrlfw7RhCt7j2,"{""email"":""acquah.h@gcnm.edu.gh"",""role"":""mda_user"",""institutionId"":""ministry-of-health"",""source"":""mda_users_import""}"
2026-09-02T22:22:59.120Z,,bulk-import-script,user_created,user,8fs1qSAxskf8YCdrrlfw7RhCt7j2,"{""email"":""acquah.h@gcnm.edu.gh"",""role"":""mda_user"",""institutionId"":""ministry-of-health"",""source"":""mda_users_import""}"
2026-09-02T22:23:01.600Z,,bulk-import-script,user_created,user,ZA0Jf7uNrhOfKLKZUP9ReoQdPmt1,"{""email"":""hafizadamalhaj@hotmail.com"",""role"":""mda_user"",""institutionId"":""ministry-of-health"",""source"":""mda_users_import""}"
2026-09-02T22:23:03.851Z,,bulk-import-script,user_created,user,2ZJyouECnZOfJHFV4beBZyuX07k1,"{""email"":""hjinadu27@gmail.com"",""role"":""mda_user"",""institutionId"":""ministry-of-health"",""source"":""mda_users_import""}"
2026-09-02T22:23:06.105Z,,bulk-import-script,user_created,user,Rq7AX4uzmVQY0X7YjQGskevy45q1,"{""email"":""hagyemang@ugmc.ug.edu.gh"",""role"":""mda_user"",""institutionId"":""ministry-of-health"",""source"":""mda_users_import""}"
2026-09-02T22:23:08.379Z,,bulk-import-script,user_created,user,pe1oBe5fhTVKyrq3uPJTwrniNo12,"{""email"":""ikeb30@yahoo.com"",""role"":""mda_user"",""institutionId"":""ministry-of-health"",""source"":""mda_users_import""}"
2026-09-02T22:23:19.744Z,,bulk-import-script,user_created,user,zZqpdlyd8ccQH6xUI7tAtoZAumR2,"{""email"":""nyaaba184@gmail.com"",""role"":""mda_user"",""institutionId"":""ministry-of-health"",""source"":""mda_users_import""}"
2026-09-02T22:23:22.169Z,,bulk-import-script,user_created,user,wCARGTio5aeYUKklfx1WbvYa6YA3,"{""email"":""romeo2000usgh@yahoo.com"",""role"":""mda_user"",""institutionId"":""ministry-of-health"",""source"":""mda_users_import""}"
2026-09-02T22:23:24.419Z,,bulk-import-script,user_created,user,6gv1HLL66beAFDhMcGIkUJ1n7y72,"{""email"":""akejulius22@gmail.com"",""role"":""mda_user"",""institutionId"":""ministry-of-health"",""source"":""mda_users_import""}"
2026-09-02T22:23:27.182Z,,bulk-import-script,user_created,user,iZH4xV1Tm0MvaswOACuJNDePGup1,"{""email"":""joana.amfo@pantanghospital.gov.gh"",""role"":""mda_user"",""institutionId"":""ministry-of-health"",""source"":""mda_users_import""}"
2026-09-02T22:23:29.585Z,,bulk-import-script,user_created,user,4QKuyPFnu8X58qctUYaK582OP2R2,"{""email"":""jakelikem@ymail.com"",""role"":""mda_user"",""institutionId"":""ministry-of-health"",""source"":""mda_users_import""}"
2026-09-02T22:23:32.268Z,,bulk-import-script,user_created,user,6uCTRYqkn4O80F5tBBaM2gg2v1K3,"{""email"":""glesonus@yahoo.com"",""role"":""mda_user"",""institutionId"":""ministry-of-health"",""source"":""mda_users_import""}"
2026-09-02T22:23:34.629Z,,bulk-import-script,user_created,user,2c1N4TuIMKQZE1K3qsuWORQNJkf2,"{""email"":""josephboye1@gmail.com"",""role"":""mda_user"",""institutionId"":""ministry-of-health"",""source"":""mda_users_import""}"
2026-09-02T22:23:37.006Z,,bulk-import-script,user_created,user,kxmq7dSuVbhz1E8BadMVf2Uaqn33,"{""email"":""jdoggu@gmail.com"",""role"":""mda_user"",""institutionId"":""ministry-of-health"",""source"":""mda_users_import""}"
2026-09-02T22:23:39.276Z,,bulk-import-script,user_created,user,TF3xVNz32aZoBawvmczSULdNXCY2,"{""email"":""james.duah@chag.org.gh"",""role"":""mda_user"",""institutionId"":""ministry-of-health"",""source"":""mda_users_import""}"
2026-09-02T22:23:41.495Z,,bulk-import-script,user_created,user,121LmO0ojjW6c8jrrStttJuWMy92,"{""email"":""gyim25@yahoo.com"",""role"":""mda_user"",""institutionId"":""ministry-of-health"",""source"":""mda_users_import""}"
2026-09-02T22:23:43.863Z,,bulk-import-script,user_created,user,GxhGWtv7nuXcxFHYKSaj0Rcr8dC3,"{""email"":""janetkorankye69@gmail.com"",""role"":""mda_user"",""institutionId"":""ministry-of-health"",""source"":""mda_users_import""}"
2026-09-02T22:24:48.772Z,,bulk-import-script,user_created,user,OmTGp74jYGPuGCBbWGvzAUU9PU02,"{""email"":""onlartey@gmail.com"",""role"":""mda_user"",""institutionId"":""ministry-of-health"",""source"":""mda_users_import""}"
2026-09-02T22:24:51.508Z,,bulk-import-script,user_created,user,hxTvGOiEoybccFZRzbyIAnMK4v63,"{""email"":""jeffmensah@gmail.com"",""role"":""mda_user"",""institutionId"":""ministry-of-health"",""source"":""mda_users_import""}"
2026-09-02T22:24:53.733Z,,bulk-import-script,user_created,user,YGrwv2g0rsPqgD8y4pOpARcvozu2,"{""email"":""parry.ja@gcnm.edu.gh"",""role"":""mda_user"",""institutionId"":""ministry-of-health"",""source"":""mda_users_import""}"
2026-09-02T22:24:56.139Z,,bulk-import-script,user_created,user,b1Hlu67bvwSTwmqKiAUeguGtDer2,"{""email"":""monarch27quao@gmail.com"",""role"":""mda_user"",""institutionId"":""ministry-of-health"",""source"":""mda_users_import""}"
2026-09-02T22:24:58.513Z,,bulk-import-script,user_created,user,1WtKwmf8bJerLbAzy3DLeiQVDAo1,"{""email"":""joniyaq@gmail.com"",""role"":""mda_user"",""institutionId"":""ministry-of-health"",""source"":""mda_users_import""}"
2026-09-02T22:25:09.450Z,,bulk-import-script,user_created,user,fDrCDMzKp9S0YQCvIrJ75cDzNNC2,"{""email"":""jtampuori@hth.gov.gh"",""role"":""mda_user"",""institutionId"":""ministry-of-health"",""source"":""mda_users_import""}"
2026-09-02T22:25:11.912Z,,bulk-import-script,user_created,user,gO8wo4iCApbiGn7z7lt12FaZrTl2,"{""email"":""kenkwakaf@gmail.com"",""role"":""mda_user"",""institutionId"":""ministry-of-health"",""source"":""mda_users_import""}"
2026-09-02T22:25:14.111Z,,bulk-import-script,user_created,user,jH5ADa6Lpchd6BKFoE5KfQAsTIr1,"{""email"":""billansah326@gmail.com"",""role"":""mda_user"",""institutionId"":""ministry-of-health"",""source"":""mda_users_import""}"
2026-09-02T22:25:16.359Z,,bulk-import-script,user_created,user,797pri7trCdhTWw3OsS4jDQ7vG43,"{""email"":""kwame.asamoah-okyere@fda.gov.gh"",""role"":""mda_user"",""institutionId"":""ministry-of-health"",""source"":""mda_users_import""}"
2026-09-02T22:25:19.353Z,,bulk-import-script,user_created,user,n2MfFfj03fe3Y5Y8Y5cTUBntSti1,"{""email"":""kudiratolabello@gmail.com"",""role"":""mda_user"",""institutionId"":""ministry-of-health"",""source"":""mda_users_import""}"
2026-09-02T22:25:21.684Z,,bulk-import-script,user_created,user,8fT89xHjq3V9fnoPOz548S0546Q2,"{""email"":""kingsford.boakye@chag.org.gh"",""role"":""mda_user"",""institutionId"":""ministry-of-health"",""source"":""mda_users_import""}"
2026-09-02T22:25:23.932Z,,bulk-import-script,user_created,user,lHzTy5NGQ5Y4dqyzieyvjfHh7bx2,"{""email"":""okyere1003@gmail.com"",""role"":""mda_user"",""institutionId"":""ministry-of-health"",""source"":""mda_users_import""}"
2026-09-02T22:25:26.180Z,,bulk-import-script,user_created,user,D5Mg8LbL3QgPfyttzyohTqMQW9K2,"{""email"":""kdzramedo@hth.gov.gh"",""role"":""mda_user"",""institutionId"":""ministry-of-health"",""source"":""mda_users_import""}"
2026-09-02T22:25:28.414Z,,bulk-import-script,user_created,user,DTKwRgGIpsZ3lT9TExDTR6hg0xs1,"{""email"":""drkobeng@gmail.com"",""role"":""mda_user"",""institutionId"":""ministry-of-health"",""source"":""mda_users_import""}"
2026-09-02T22:25:30.745Z,,bulk-import-script,user_created,user,GsfXfx5vcQaUaKRekiWZlg0dNOM2,"{""email"":""kafui.odoi@ghs.gov.gh"",""role"":""mda_user"",""institutionId"":""ministry-of-health"",""source"":""mda_users_import""}"
2026-09-02T22:25:33.011Z,,bulk-import-script,user_created,user,cLSLwvT8geY4qED5gDwHvGO02Ca2,"{""email"":""kwakusaffu@gmail.com"",""role"":""mda_user"",""institutionId"":""ministry-of-health"",""source"":""mda_users_import""}"
2026-09-02T22:25:35.363Z,,bulk-import-script,user_created,user,YHznEsSPHCTLuE3MNndnDa5tOio2,"{""email"":""labilla@gcps.edu.gh"",""role"":""mda_user"",""institutionId"":""ministry-of-health"",""source"":""mda_users_import""}"
2026-09-02T22:25:44.824Z,,bulk-import-script,user_created,user,gkRrim1b6WhCxKA8IG1jop2p9jn1,"{""email"":""flawrencia2day@gmail.com"",""role"":""mda_user"",""institutionId"":""ministry-of-health"",""source"":""mda_users_import""}"
2026-09-02T22:25:47.052Z,,bulk-import-script,user_created,user,Km7qUhDNNVfreK5VLSZM40KWN9L2,"{""email"":""lawrencekusi@gmail.com"",""role"":""mda_user"",""institutionId"":""ministry-of-health"",""source"":""mda_users_import""}"
2026-09-02T22:25:49.937Z,,bulk-import-script,user_created,user,IgE4h3cr9EPUQlmS2nP74DFw2R53,"{""email"":""justice.larbie@ghs.gov.gh"",""role"":""mda_user"",""institutionId"":""ministry-of-health"",""source"":""mda_users_import""}"
2026-09-02T22:25:52.175Z,,bulk-import-script,user_created,user,U5Dt28GhThRi7fVPqlVZHcz8IiX2,"{""email"":""niilaud@hotmail.com"",""role"":""mda_user"",""institutionId"":""ministry-of-health"",""source"":""mda_users_import""}"
2026-09-02T22:25:54.446Z,,bulk-import-script,user_created,user,ZXJNdnJrIVR2S5heMdL6bbxtAso1,"{""email"":""moro_adams@yahoo.com"",""role"":""mda_user"",""institutionId"":""ministry-of-health"",""source"":""mda_users_import""}"
2026-09-02T22:25:56.589Z,,bulk-import-script,user_created,user,fu2FPQyAEYhwhrz6X26Mw197mj42,"{""email"":""m.agbeko@ccth.gov.gh"",""role"":""mda_user"",""institutionId"":""ministry-of-health"",""source"":""mda_users_import""}"
2026-09-02T22:25:58.835Z,,bulk-import-script,user_created,user,As9bEU4L5pSb83VrpVOF5Xui3D32,"{""email"":""maameesi.amekudzi@ghs.gov.gh"",""role"":""mda_user"",""institutionId"":""ministry-of-health"",""source"":""mda_users_import""}"
2026-09-02T22:26:01.009Z,,bulk-import-script,user_created,user,dSXHmyYPX0RidZJEFKImNk13et72,"{""email"":""amofamicheal2@gmail.com"",""role"":""mda_user"",""institutionId"":""ministry-of-health"",""source"":""mda_users_import""}"
2026-09-02T22:26:03.281Z,,bulk-import-script,user_created,user,AovAL0uuewOxJEylG4JyPw5zKRH3,"{""email"":""anafumildred@gmail.com"",""role"":""mda_user"",""institutionId"":""ministry-of-health"",""source"":""mda_users_import""}"
2026-09-02T22:26:05.472Z,,bulk-import-script,user_created,user,ZnIdIY0QGCQVIHQWViyKK7QbvSn2,"{""email"":""asiamah222@gmail.com"",""role"":""mda_user"",""institutionId"":""ministry-of-health"",""source"":""mda_users_import""}"
2026-09-02T22:26:07.683Z,,bulk-import-script,user_created,user,Ewuq6u4zT3UBjpBLAQrrniYVR0d2,"{""email"":""marian.edusei@ghs.gov.gh"",""role"":""mda_user"",""institutionId"":""ministry-of-health"",""source"":""mda_users_import""}"
2026-09-02T22:26:10.121Z,,bulk-import-script,user_created,user,evKb8qwqc8VEmrRDhof4VLeFSUW2,"{""email"":""msmillygad@gmail.com"",""role"":""mda_user"",""institutionId"":""ministry-of-health"",""source"":""mda_users_import""}"
2026-09-02T22:26:29.811Z,,bulk-import-script,user_created,user,X0H5TFFVjlOeaQqjI6crMG0EGO23,"{""email"":""malikharuna30@yahoo.com"",""role"":""mda_user"",""institutionId"":""ministry-of-health"",""source"":""mda_users_import""}"
2026-09-02T22:26:32.188Z,,bulk-import-script,user_created,user,mqi9z9WnnHMPAqW3os1QK32uAJ93,"{""email"":""marymawunyo@gmail.com"",""role"":""mda_user"",""institutionId"":""ministry-of-health"",""source"":""mda_users_import""}"
2026-09-02T22:26:34.378Z,,bulk-import-script,user_created,user,2YuEMzGj6qPYaq4AkUAGixNuCuv2,"{""email"":""macjonaskambe@yahoo.com"",""role"":""mda_user"",""institutionId"":""ministry-of-health"",""source"":""mda_users_import""}"
2026-09-02T22:26:36.467Z,,bulk-import-script,user_created,user,9QsbMCziL8brGtL3mEF20Y0Ewq23,"{""email"":""marthaomari333@gmail.com"",""role"":""mda_user"",""institutionId"":""ministry-of-health"",""source"":""mda_users_import""}"
2026-09-02T22:26:38.639Z,,bulk-import-script,user_created,user,1aDmY4iwakYljvpxrl59mD3fG1E2,"{""email"":""msereboo@ugmc.ug.edu.gh"",""role"":""mda_user"",""institutionId"":""ministry-of-health"",""source"":""mda_users_import""}"
2026-09-02T22:26:40.837Z,,bulk-import-script,user_created,user,JOpCDLd2E2XqZFIPmSFbO8WkCBp2,"{""email"":""michael.sottie@ghs.gov.gh"",""role"":""mda_user"",""institutionId"":""ministry-of-health"",""source"":""mda_users_import""}"
2026-09-02T22:26:42.952Z,,bulk-import-script,user_created,user,xu0LPysN2gYeQ7zUUvmaqzatkHf1,"{""email"":""millicent.tamakloe@nbs.gov.gh"",""role"":""mda_user"",""institutionId"":""ministry-of-health"",""source"":""mda_users_import""}"
2026-09-02T22:26:45.192Z,,bulk-import-script,user_created,user,yuMsVix0xLhiGHDade7FhhebuC12,"{""email"":""monicatorsu1@gmail.com"",""role"":""mda_user"",""institutionId"":""ministry-of-health"",""source"":""mda_users_import""}"
2026-09-02T22:26:47.187Z,,bulk-import-script,user_created,user,bqZOlWosSyfPdDrD7dt7CckdI2E3,"{""email"":""mark.zuh@ghs.gov.gh"",""role"":""mda_user"",""institutionId"":""ministry-of-health"",""source"":""mda_users_import""}"
2026-09-02T22:26:49.279Z,,bulk-import-script,user_created,user,J1A1Bmza6YWqXLLJhr9dAGbILiy2,"{""email"":""elviskusi@yahoo.com"",""role"":""mda_user"",""institutionId"":""ministry-of-health"",""source"":""mda_users_import""}"
2026-09-02T22:26:51.211Z,,bulk-import-script,user_created,user,ZM4lhYmG9JMfcc1HW50YUG1Wb2b2,"{""email"":""mcluv07@yahoo.co.uk"",""role"":""mda_user"",""institutionId"":""ministry-of-health"",""source"":""mda_users_import""}"
2026-09-02T22:26:53.172Z,,bulk-import-script,user_created,user,RZ7CFXZdB8TeNOuK1QylhxqT8st2,"{""email"":""nathaniel.nettey@nmc.gov.gh"",""role"":""mda_user"",""institutionId"":""ministry-of-health"",""source"":""mda_users_import""}"
2026-09-02T22:26:55.286Z,,bulk-import-script,user_created,user,AthMDdooSufoDhOPI6W6zn4Ujk42,"{""email"":""nkansahowiredu78@gmail.com"",""role"":""mda_user"",""institutionId"":""ministry-of-health"",""source"":""mda_users_import""}"
2026-09-02T22:27:05.484Z,,bulk-import-script,user_created,user,cgcrPlLEmQgWZ7zPO0qojNzX9Kj2,"{""email"":""osae.abigail.afua@gmail.com"",""role"":""mda_user"",""institutionId"":""ministry-of-health"",""source"":""mda_users_import""}"
2026-09-02T22:27:07.540Z,,bulk-import-script,user_created,user,ytEiAlr9SJdET198ce4aMmme5jj1,"{""email"":""oliviamoore27@yahoo.com"",""role"":""mda_user"",""institutionId"":""ministry-of-health"",""source"":""mda_users_import""}"
2026-09-02T22:27:09.510Z,,bulk-import-script,user_created,user,3RSgEN8mjzNFEdiWNO7o24rdv3m2,"{""email"":""ofeibiad10@gmail.com"",""role"":""mda_user"",""institutionId"":""ministry-of-health"",""source"":""mda_users_import""}"
2026-09-02T22:27:11.503Z,,bulk-import-script,user_created,user,tOdcUHCfp9Zz8i1rR4EDWOIt1x62,"{""email"":""perpetualadator@gmail.com"",""role"":""mda_user"",""institutionId"":""ministry-of-health"",""source"":""mda_users_import""}"
2026-09-02T22:27:13.757Z,,bulk-import-script,user_created,user,HaIgn1616Rac50OVwLEInp9ys7J3,"{""email"":""portiaaadjei1@gmail.com"",""role"":""mda_user"",""institutionId"":""ministry-of-health"",""source"":""mda_users_import""}"
2026-09-02T22:27:16.159Z,,bulk-import-script,user_created,user,Ot5epsocldh1GFtoCt59rIfzwGA2,"{""email"":""paulina.oforiadu@ghs.gov.gh"",""role"":""mda_user"",""institutionId"":""ministry-of-health"",""source"":""mda_users_import""}"
2026-09-02T22:27:18.258Z,,bulk-import-script,user_created,user,Rk5RhxjGowWKQfeDK60aMFrhP1Z2,"{""email"":""patakrofi@yahoo.com"",""role"":""mda_user"",""institutionId"":""ministry-of-health"",""source"":""mda_users_import""}"
2026-09-02T22:27:20.314Z,,bulk-import-script,user_created,user,6UZ7sVGkWnOwiRf86Q6SIAvjXff1,"{""email"":""atiamoah1985@gmal.com"",""role"":""mda_user"",""institutionId"":""ministry-of-health"",""source"":""mda_users_import""}"
2026-09-02T22:27:22.954Z,,bulk-import-script,user_created,user,tTK44DP4VMQueSXR0GYEFrR3M182,"{""email"":""pkeleblu@gmail.com"",""role"":""mda_user"",""institutionId"":""ministry-of-health"",""source"":""mda_users_import""}"
2026-09-02T22:27:24.999Z,,bulk-import-script,user_created,user,XtWlMJ55GJNyykMhRFihpTpRqCS2,"{""email"":""psgawu2@gmail.com"",""role"":""mda_user"",""institutionId"":""ministry-of-health"",""source"":""mda_users_import""}"
2026-09-02T22:27:26.959Z,,bulk-import-script,user_created,user,jJ5XBKEw9kd0tbnO7Gdt32sIiYb2,"{""email"":""peter.yeboah@chag.org.gh"",""role"":""mda_user"",""institutionId"":""ministry-of-health"",""source"":""mda_users_import""}"
2026-09-02T22:27:29.060Z,,bulk-import-script,user_created,user,ZptKPPuPOIcjoMt5I14It125cuB3,"{""email"":""timo68ro@yahoo.com"",""role"":""mda_user"",""institutionId"":""ministry-of-health"",""source"":""mda_users_import""}"
2026-09-02T22:27:31.023Z,,bulk-import-script,user_created,user,uWuMuGhC8yg8EoXswncuL22SzpI3,"{""email"":""kwameansong17@gmail.com"",""role"":""mda_user"",""institutionId"":""ministry-of-health"",""source"":""mda_users_import""}"
2026-09-02T22:27:39.517Z,,bulk-import-script,user_created,user,0YoLSVli4Va6leyADlLd6oSmmCh1,"{""email"":""rosemondasase@gmail.com"",""role"":""mda_user"",""institutionId"":""ministry-of-health"",""source"":""mda_users_import""}"
2026-09-02T22:27:41.593Z,,bulk-import-script,user_created,user,FcKIJUo3dudQ910KwOJgX907QNv2,"{""email"":""nellyboakye1164@gmail.com"",""role"":""mda_user"",""institutionId"":""ministry-of-health"",""source"":""mda_users_import""}"
2026-09-02T22:27:43.718Z,,bulk-import-script,user_created,user,JXBzi7qLSyM2O3V1bZPi8znNw9r1,"{""email"":""awukuasanter@yahoo.com"",""role"":""mda_user"",""institutionId"":""ministry-of-health"",""source"":""mda_users_import""}"
2026-09-02T22:27:45.741Z,,bulk-import-script,user_created,user,2BbmPaUBxYX1qjjlv4B19EfSBN13,"{""email"":""raphaelbrown989@yahoo.com"",""role"":""mda_user"",""institutionId"":""ministry-of-health"",""source"":""mda_users_import""}"
2026-09-02T22:27:47.720Z,,bulk-import-script,user_created,user,ijiYPXSDuEgKPyLy6vqn28FPAN13,"{""email"":""kwesipossbley2017@gmail.com"",""role"":""mda_user"",""institutionId"":""ministry-of-health"",""source"":""mda_users_import""}"
2026-09-02T22:27:49.708Z,,bulk-import-script,user_created,user,jmev6dBOySeVi3syv1hubCLHGXf2,"{""email"":""rgamor@hth.gov.gh"",""role"":""mda_user"",""institutionId"":""ministry-of-health"",""source"":""mda_users_import""}"
2026-09-02T22:27:51.768Z,,bulk-import-script,user_created,user,biC6NQIXoHa2LQ39MoE30kIryA63,"{""email"":""hiameyr@gmail.com"",""role"":""mda_user"",""institutionId"":""ministry-of-health"",""source"":""mda_users_import""}"
2026-09-02T22:27:53.788Z,,bulk-import-script,user_created,user,wOBcbhLNm2ek1zR8sICIRzd4PPy1,"{""email"":""rich5kpodo@gmail.com"",""role"":""mda_user"",""institutionId"":""ministry-of-health"",""source"":""mda_users_import""}"
2026-09-02T22:27:55.962Z,,bulk-import-script,user_created,user,h2hQE5h8K4ODUSsWtEW6sAH5D542,"{""email"":""richmond.kumi@moffa.gov.gh"",""role"":""mda_user"",""institutionId"":""ministry-of-health"",""source"":""mda_users_import""}"
2026-09-02T22:27:58.318Z,,bulk-import-script,user_created,user,vfgWBDpRMwPQ7kA9oDOZCkWWKDF2,"{""email"":""raymondnunoo66@yahoo.com"",""role"":""mda_user"",""institutionId"":""ministry-of-health"",""source"":""mda_users_import""}"
2026-09-02T22:28:00.320Z,,bulk-import-script,user_created,user,GBvPROJRFpbgjGn6f7nB4IxCkBO2,"{""email"":""richmond.sowah@ghs.gov.gh"",""role"":""mda_user"",""institutionId"":""ministry-of-health"",""source"":""mda_users_import""}"
2026-09-02T22:28:02.314Z,,bulk-import-script,user_created,user,F16SfAMTneM8E8cMWMVVBKNnbV02,"{""email"":""robert.suapim@ghs.gov.gh"",""role"":""mda_user"",""institutionId"":""ministry-of-health"",""source"":""mda_users_import""}"
2026-09-02T22:28:04.613Z,,bulk-import-script,user_created,user,Q3eh2py5dZRHOr7ROoTZ30aSNeB2,"{""email"":""rosetaylor@gmail.com"",""role"":""mda_user"",""institutionId"":""ministry-of-health"",""source"":""mda_users_import""}"
2026-09-02T22:28:06.605Z,,bulk-import-script,user_created,user,NOGEMGkEwhZ49ryl68VpyMFqG6p1,"{""email"":""addyniistephen@gmail.com"",""role"":""mda_user"",""institutionId"":""ministry-of-health"",""source"":""mda_users_import""}"
2026-09-02T22:28:15.266Z,,bulk-import-script,user_created,user,8A930e6BSWVORljz5zq0Y1bM6qD3,"{""email"":""oppongadjei10@gmail.com"",""role"":""mda_user"",""institutionId"":""ministry-of-health"",""source"":""mda_users_import""}"
2026-09-02T22:28:17.297Z,,bulk-import-script,user_created,user,iDoeQHjhoBPCXdjev8Eo5m68Mny1,"{""email"":""samuel.kabaakoriyea@ghs.gov.gh"",""role"":""mda_user"",""institutionId"":""ministry-of-health"",""source"":""mda_users_import""}"
2026-09-02T22:28:19.354Z,,bulk-import-script,user_created,user,bi2DzP8bKSeUsPSRbB5tMJ7KaLF2,"{""email"":""tcl1063@gmail.com"",""role"":""mda_user"",""institutionId"":""ministry-of-health"",""source"":""mda_users_import""}"
2026-09-02T22:28:21.501Z,,bulk-import-script,user_created,user,fB7P6SX6vXXBjLJxCO5B2QH2a4G2,"{""email"":""muuchae@gmail.com"",""role"":""mda_user"",""institutionId"":""ministry-of-health"",""source"":""mda_users_import""}"
2026-09-02T22:28:23.509Z,,bulk-import-script,user_created,user,iZTqpHSPmeUjl6960bxXUql459l1,"{""email"":""solomon.boamah@ghs.gov.gh"",""role"":""mda_user"",""institutionId"":""ministry-of-health"",""source"":""mda_users_import""}"
2026-09-02T22:28:25.486Z,,bulk-import-script,user_created,user,Gn8rcAS3Nmb9OsyaY2AJj4CtN0z2,"{""email"":""stephen.anaman@ghs.gov.gh"",""role"":""mda_user"",""institutionId"":""ministry-of-health"",""source"":""mda_users_import""}"
2026-09-02T22:28:27.543Z,,bulk-import-script,user_created,user,ejoAUwIVDhbYiIYl6Q88gI08PXL2,"{""email"":""yawsoja1@gmail.com"",""role"":""mda_user"",""institutionId"":""ministry-of-health"",""source"":""mda_users_import""}"
2026-09-02T22:28:29.538Z,,bulk-import-script,user_created,user,NKB7CK818VSLT0dH15bSlJ7fI2k2,"{""email"":""boateng.boakye@ghs.gov.gh"",""role"":""mda_user"",""institutionId"":""ministry-of-health"",""source"":""mda_users_import""}"
2026-09-02T22:28:31.516Z,,bulk-import-script,user_created,user,CYAOaS2pdBVgh2bGUkUdFREmnxF2,"{""email"":""solomon.boateng@moh.gov.gh"",""role"":""mda_user"",""institutionId"":""ministry-of-health"",""source"":""mda_users_import""}"
2026-09-02T22:28:33.536Z,,bulk-import-script,user_created,user,UBf1WOTS2XY2uKCx8YlajBSYEkj2,"{""email"":""scommeh@gcps.edu.gh"",""role"":""mda_user"",""institutionId"":""ministry-of-health"",""source"":""mda_users_import""}"
2026-09-02T22:28:35.545Z,,bulk-import-script,user_created,user,UUx3Iz4EWkQoGKfLb8O8woNvuKf1,"{""email"":""sdzokoto@hth.gov.gh"",""role"":""mda_user"",""institutionId"":""ministry-of-health"",""source"":""mda_users_import""}"
2026-09-02T22:28:37.510Z,,bulk-import-script,user_created,user,VP7Ayp06EMSoEewFeOd64vd8vPw1,"{""email"":""shahadway84@gmail.com"",""role"":""mda_user"",""institutionId"":""ministry-of-health"",""source"":""mda_users_import""}"
2026-09-02T22:28:39.420Z,,bulk-import-script,user_created,user,iGs9TXTy9IZ0iZ63NBWz0oF68TF3,"{""email"":""sethkwamekudzro200@gmail.com"",""role"":""mda_user"",""institutionId"":""ministry-of-health"",""source"":""mda_users_import""}"
2026-09-02T22:28:41.384Z,,bulk-import-script,user_created,user,6HGnwZFJcthZQap5C6oxRuf0QK92,"{""email"":""sophia.ampofokusi@ghs.gov.gh"",""role"":""mda_user"",""institutionId"":""ministry-of-health"",""source"":""mda_users_import""}"
2026-09-02T22:28:43.403Z,,bulk-import-script,user_created,user,3n5S7JasOrh427A4VEEKuHkCAMz2,"{""email"":""slaryea76@yahoo.com"",""role"":""mda_user"",""institutionId"":""ministry-of-health"",""source"":""mda_users_import""}"
2026-09-02T22:28:52.020Z,,bulk-import-script,user_created,user,piEjOpkU4YZtGoui7ce6Dedy6863,"{""email"":""sth_mkr@yahoo.com"",""role"":""mda_user"",""institutionId"":""ministry-of-health"",""source"":""mda_users_import""}"
2026-09-02T22:28:54.024Z,,bulk-import-script,user_created,user,nodWZgTLXzQH3qu0PYorRrPYevn2,"{""email"":""samuel.manu@ghs.gov.gh"",""role"":""mda_user"",""institutionId"":""ministry-of-health"",""source"":""mda_users_import""}"
2026-09-02T22:28:56.021Z,,bulk-import-script,user_created,user,uiMw9QMnQWSoB1JeDxQAChQAAUJ2,"{""email"":""mshawanatu@yahoo.com"",""role"":""mda_user"",""institutionId"":""ministry-of-health"",""source"":""mda_users_import""}"
2026-09-02T22:28:58.086Z,,bulk-import-script,user_created,user,0WLRjd4B9ihUeOgV6MsqoMGTIZb2,"{""email"":""samuel.nugblega@chag.org.gh"",""role"":""mda_user"",""institutionId"":""ministry-of-health"",""source"":""mda_users_import""}"
2026-09-02T22:29:00.186Z,,bulk-import-script,user_created,user,eVzMEVY054dc0s2cuBc1xw2X3g93,"{""email"":""samuelodame3@gmail.com"",""role"":""mda_user"",""institutionId"":""ministry-of-health"",""source"":""mda_users_import""}"
2026-09-02T22:29:02.443Z,,bulk-import-script,user_created,user,Jssmmloc2UVeLCyhuzUoS2k1Bu93,"{""email"":""staevul2000@yahoo.com"",""role"":""mda_user"",""institutionId"":""ministry-of-health"",""source"":""mda_users_import""}"
2026-09-02T22:29:04.512Z,,bulk-import-script,user_created,user,g8aCGIljLKdk4brUaCkHZwzpfiv1,"{""email"":""styplate@gmail.com"",""role"":""mda_user"",""institutionId"":""ministry-of-health"",""source"":""mda_users_import""}"
2026-09-02T22:29:06.468Z,,bulk-import-script,user_created,user,lZ8avpcMDcf7z3lq7WIvJTnyaNw2,"{""email"":""suallahm@gmal.com"",""role"":""mda_user"",""institutionId"":""ministry-of-health"",""source"":""mda_users_import""}"
2026-09-02T22:29:08.543Z,,bulk-import-script,user_created,user,MrkdIDwd7Ah5L9exyt4DTg02BhL2,"{""email"":""senavidza@gmail.com"",""role"":""mda_user"",""institutionId"":""ministry-of-health"",""source"":""mda_users_import""}"
2026-09-02T22:29:10.469Z,,bulk-import-script,user_created,user,8xjdXA1YiNMo8fAiBVhlsG9IHIn2,"{""email"":""sandra.yenzu@nmc.gov.gh"",""role"":""mda_user"",""institutionId"":""ministry-of-health"",""source"":""mda_users_import""}"
2026-09-02T22:29:12.596Z,,bulk-import-script,user_created,user,pRtWHeox3BUA2Pzl6Mph5Ma7iUp1,"{""email"":""theowasty85@gmail.com"",""role"":""mda_user"",""institutionId"":""ministry-of-health"",""source"":""mda_users_import""}"
2026-09-02T22:29:14.787Z,,bulk-import-script,user_created,user,uNO1qzKpHWfVJd1XRqlfaSrTACF2,"{""email"":""theoyawson@gmail.com"",""role"":""mda_user"",""institutionId"":""ministry-of-health"",""source"":""mda_users_import""}"
2026-09-02T22:29:16.773Z,,bulk-import-script,user_created,user,ryZK3PNwNPbKD3ZEcHyxkauDKU53,"{""email"":""unitydeku@mail.com"",""role"":""mda_user"",""institutionId"":""ministry-of-health"",""source"":""mda_users_import""}"
2026-09-02T22:29:18.923Z,,bulk-import-script,user_created,user,yI7pzRNsgySnDc9sIPgOXtityEK2,"{""email"":""victoria.abu@nbs.gov.gh"",""role"":""mda_user"",""institutionId"":""ministry-of-health"",""source"":""mda_users_import""}"
2026-09-02T22:29:28.852Z,,bulk-import-script,user_created,user,tPdOH88dVYg3Xre15rMV5goaZvC3,"{""email"":""vida.asare@moffa.gov.gh"",""role"":""mda_user"",""institutionId"":""ministry-of-health"",""source"":""mda_users_import""}"
2026-09-02T22:29:31.139Z,,bulk-import-script,user_created,user,KunJk6akFdXWyapcOpkeBFo3Xf82,"{""email"":""veroadjie759@gmail.com"",""role"":""mda_user"",""institutionId"":""ministry-of-health"",""source"":""mda_users_import""}"
2026-09-02T22:29:33.371Z,,bulk-import-script,user_created,user,fyI7uap47gW94EMAPttlRWDOQ5y1,"{""email"":""vinjoedeq79@gmail.com"",""role"":""mda_user"",""institutionId"":""ministry-of-health"",""source"":""mda_users_import""}"
2026-09-02T22:29:35.668Z,,bulk-import-script,user_created,user,gJeQE4nsyVY3vgjbTqZrPxAZAus1,"{""email"":""wagbemafo@yahoo.com"",""role"":""mda_user"",""institutionId"":""ministry-of-health"",""source"":""mda_users_import""}"
2026-09-02T22:29:38.186Z,,bulk-import-script,user_created,user,quCHhoWPLBMLmKpsnfSB15LSQLZ2,"{""email"":""william.ampofo@nvi.gov.gh"",""role"":""mda_user"",""institutionId"":""ministry-of-health"",""source"":""mda_users_import""}"
2026-09-02T22:29:40.985Z,,bulk-import-script,user_created,user,41z3bArx7DewZ8tGTtF1bETk7oH2,"{""email"":""yy.esseku@gcpharm.edu.gh"",""role"":""mda_user"",""institutionId"":""ministry-of-health"",""source"":""mda_users_import""}"
2026-09-02T22:29:43.166Z,,bulk-import-script,user_created,user,hHI22KuSBxQvTyVBmdFvLWQ1ZKV2,"{""email"":""etogobo@gcps.edu.gh"",""role"":""mda_user"",""institutionId"":""ministry-of-health"",""source"":""mda_users_import""}"
2026-09-02T22:29:45.424Z,,bulk-import-script,user_created,user,5ZBccTDw8FZQLJ5T2ZxgTU1THOI2,"{""email"":""edmund.togobo@nvi.gov.gh"",""role"":""mda_user"",""institutionId"":""ministry-of-health"",""source"":""mda_users_import""}"
2026-09-02T22:29:47.668Z,,bulk-import-script,user_created,user,RXZQcTE7ofMN9Zar1K4AxSFc16r2,"{""email"":""chiefdirector@myde.gov.gh"",""role"":""mda_user"",""institutionId"":""ministry-of-youth-development-and-empowerment"",""source"":""mda_users_import""}"
2026-09-02T22:29:49.893Z,,bulk-import-script,user_created,user,1nquSBzeT6V7LMsGGHxNY2YIVEl1,"{""email"":""kwakye.kontor@myde.gov.gh"",""role"":""mda_user"",""institutionId"":""ministry-of-youth-development-and-empowerment"",""source"":""mda_users_import""}"
2026-09-02T22:29:52.176Z,,bulk-import-script,user_created,user,fajhOkc794dbo2LyipFyoL70CsJ2,"{""email"":""kamal-deen.abdullah@myde.gov.gh"",""role"":""mda_user"",""institutionId"":""ministry-of-youth-development-and-empowerment"",""source"":""mda_users_import""}"
2026-09-02T22:29:54.455Z,,bulk-import-script,user_created,user,OsJcIE4NCXP9VUI2MG2u11RGHfb2,"{""email"":""marian.timbillah@myde.gov.gh"",""role"":""mda_user"",""institutionId"":""ministry-of-youth-development-and-empowerment"",""source"":""mda_users_import""}"
2026-09-02T22:30:03.454Z,,bulk-import-script,user_created,user,wTxAnKupQ3PeIhdpUDRa5rAKJbp1,"{""email"":""eric.adjei@neip.gov.gh"",""role"":""mda_user"",""institutionId"":""ministry-of-youth-development-and-empowerment"",""source"":""mda_users_import""}"
2026-09-02T22:30:05.685Z,,bulk-import-script,user_created,user,TuaZ7HaPs1UQAUBu62wuyeKCBnL2,"{""email"":""andrew.agyemang@neip.gov.gh"",""role"":""mda_user"",""institutionId"":""ministry-of-youth-development-and-empowerment"",""source"":""mda_users_import""}"
2026-09-02T22:30:08.075Z,,bulk-import-script,user_created,user,CuyhX6smYSUqAFhR4pnjV1h4Rwa2,"{""email"":""mildred.dzre@neip.gov.gh"",""role"":""mda_user"",""institutionId"":""ministry-of-youth-development-and-empowerment"",""source"":""mda_users_import""}"
2026-09-02T22:30:10.373Z,,bulk-import-script,user_created,user,jiJ6kxXgE7O5GBnNaiCE2vjta6u1,"{""email"":""ruth.seddoh@nss.gov.gh"",""role"":""mda_user"",""institutionId"":""ministry-of-youth-development-and-empowerment"",""source"":""mda_users_import""}"
2026-09-02T22:30:12.702Z,,bulk-import-script,user_created,user,sfT71Mi9dPeqLgpSV9JoaIZQlvu1,"{""email"":""mark.danso@nss.gov.gh"",""role"":""mda_user"",""institutionId"":""ministry-of-youth-development-and-empowerment"",""source"":""mda_users_import""}"
2026-09-02T22:30:16.302Z,,bulk-import-script,user_created,user,tYPU6BpIm3VNqtgZp4E9LhMOz8a2,"{""email"":""blessing.nelson@nss.gov.gh"",""role"":""mda_user"",""institutionId"":""ministry-of-youth-development-and-empowerment"",""source"":""mda_users_import""}"
2026-09-02T22:30:18.753Z,,bulk-import-script,user_created,user,HTlaRRdtG7dOgd554CAYL8u8BBe2,"{""email"":""perfect.kumah@nss.gov.gh"",""role"":""mda_user"",""institutionId"":""ministry-of-youth-development-and-empowerment"",""source"":""mda_users_import""}"
2026-09-02T22:30:20.973Z,,bulk-import-script,user_created,user,Mw75xAQTXfRnyKJfCVgKv5PzD943,"{""email"":""malik.basinteli@yea.gov.gh"",""role"":""mda_user"",""institutionId"":""ministry-of-youth-development-and-empowerment"",""source"":""mda_users_import""}"
2026-09-02T22:30:23.328Z,,bulk-import-script,user_created,user,DQuKKgO3lyOAyhxNY00iU2gCc5x1,"{""email"":""benjamin.otoo@yea.gov.gh"",""role"":""mda_user"",""institutionId"":""ministry-of-youth-development-and-empowerment"",""source"":""mda_users_import""}"
2026-09-02T22:30:25.560Z,,bulk-import-script,user_created,user,IFkXa73GVjSeKHMXkrvEWUJ0qTz1,"{""email"":""divine.kumah@yea.gov.gh"",""role"":""mda_user"",""institutionId"":""ministry-of-youth-development-and-empowerment"",""source"":""mda_users_import""}"
2026-09-02T22:30:27.826Z,,bulk-import-script,user_created,user,x0JK55ahtkO3beV1IRDUBXzyx2J2,"{""email"":""beneappianing17@gmail.com"",""role"":""mda_user"",""institutionId"":""ministry-of-youth-development-and-empowerment"",""source"":""mda_users_import""}"
2026-09-02T22:30:30.066Z,,bulk-import-script,user_created,user,4OBupzastHYfQrcujA4lq5rBuJC2,"{""email"":""daney@nya.gov.gh"",""role"":""mda_user"",""institutionId"":""ministry-of-youth-development-and-empowerment"",""source"":""mda_users_import""}"
2026-09-02T22:31:31.971Z,,bulk-import-script,user_created,user,4OBupzastHYfQrcujA4lq5rBuJC2,"{""email"":""daney@nya.gov.gh"",""role"":""mda_user"",""institutionId"":""ministry-of-youth-development-and-empowerment"",""source"":""mda_users_import""}"
2026-09-02T22:31:34.562Z,,bulk-import-script,user_created,user,i03PP6frAUhqs5fQpQtVB2VGYUt1,"{""email"":""j.ntiforo@nya.gov.gh"",""role"":""mda_user"",""institutionId"":""ministry-of-youth-development-and-empowerment"",""source"":""mda_users_import""}"
2026-09-02T22:31:36.786Z,,bulk-import-script,user_created,user,PSyRA8bYb6Vj6aAb8CWN0b7Rdhu2,"{""email"":""eric.abrah@nya.gov.gh"",""role"":""mda_user"",""institutionId"":""ministry-of-youth-development-and-empowerment"",""source"":""mda_users_import""}"
2026-09-02T22:31:39.073Z,,bulk-import-script,user_created,user,tLaeWSg0lST1AIZIfvrC3ijI8JA3,"{""email"":""david.awotwe@nya.gov.gh"",""role"":""mda_user"",""institutionId"":""ministry-of-youth-development-and-empowerment"",""source"":""mda_users_import""}"
2026-09-02T22:41:09.487Z,,bulk-import-script,user_created,user,jJeRDo6gtvY53C9Dcch9XQLwPAk2,"{""email"":""benjamin.sumabe@audit.gov.gh"",""role"":""mda_user"",""institutionId"":""audit-service"",""source"":""mda_users_import""}"
2026-09-02T22:41:11.505Z,,bulk-import-script,user_created,user,RNNXHZY0WcRLEqcvaqsBXwoJ4du2,"{""email"":""emmanuel.awo@audit.gov.gh"",""role"":""mda_user"",""institutionId"":""audit-service"",""source"":""mda_users_import""}"
2026-09-02T22:41:13.396Z,,bulk-import-script,user_created,user,uQUOSAJHkagWkPN01lgY8NxBIA42,"{""email"":""eugenia.nortey@audit.gov.gh"",""role"":""mda_user"",""institutionId"":""audit-service"",""source"":""mda_users_import""}"
2026-09-02T22:41:23.116Z,,bulk-import-script,user_created,user,yoynEuYgfjbV76gQLQHD7Ao9fbo2,"{""email"":""bortey.isaac-newton@audit.gov.gh"",""role"":""mda_user"",""institutionId"":""audit-service"",""source"":""mda_users_import""}"
2026-09-02T22:41:25.385Z,,bulk-import-script,user_created,user,oobNcgsf6FQKIWtxBohSOd2yGFh1,"{""email"":""isaac.opoku@audit.gov.gh"",""role"":""mda_user"",""institutionId"":""audit-service"",""source"":""mda_users_import""}"
2026-09-02T22:41:27.683Z,,bulk-import-script,user_created,user,ok6EE0Mn6vZeShhHf9cMozN0d2s1,"{""email"":""jemima.arthur@audit.gov.gh"",""role"":""mda_user"",""institutionId"":""audit-service"",""source"":""mda_users_import""}"
2026-09-02T22:41:29.561Z,,bulk-import-script,user_created,user,4UaH9sWyNAQZYzNbhOo55nbvLPT2,"{""email"":""iabdulaziz67@yahoo.com"",""role"":""mda_user"",""institutionId"":""commission-on-human-rights-and-administrative-justice"",""source"":""mda_users_import""}"
2026-09-02T22:41:31.406Z,,bulk-import-script,user_created,user,ON3BrNeb29bsmASdVztSdPDyQwH2,"{""email"":""abigail.otoo@chraj.gov.gh"",""role"":""mda_user"",""institutionId"":""commission-on-human-rights-and-administrative-justice"",""source"":""mda_users_import""}"
2026-09-02T22:41:33.297Z,,bulk-import-script,user_created,user,84MEDv0abBexADN9s73fiZOblXc2,"{""email"":""josephwhittal09@gmail.com"",""role"":""mda_user"",""institutionId"":""commission-on-human-rights-and-administrative-justice"",""source"":""mda_users_import""}"
2026-09-02T22:41:35.376Z,,bulk-import-script,user_created,user,AwBP11h1HONSladkCJ1pqkdr0Hp2,"{""email"":""akuamoah.boateng24@gmail.com"",""role"":""mda_user"",""institutionId"":""commission-on-human-rights-and-administrative-justice"",""source"":""mda_users_import""}"
2026-09-02T22:41:37.320Z,,bulk-import-script,user_created,user,k5XKd5LXv0hOB8IFg82YYPvgGUy2,"{""email"":""chris.aryeh@commonfund.gov.gh"",""role"":""mda_user"",""institutionId"":""district-assemblies-common-fund"",""source"":""mda_users_import""}"
2026-09-02T22:41:39.263Z,,bulk-import-script,user_created,user,aHCHeKgBdbTASMImHnBTDdMg5V03,"{""email"":""eugenelartey@ymail.com"",""role"":""mda_user"",""institutionId"":""district-assemblies-common-fund"",""source"":""mda_users_import""}"
2026-09-02T22:41:41.152Z,,bulk-import-script,user_created,user,zYg6Kwqg3haBFCF0xRJjsk9AQix1,"{""email"":""edith.sigey@commonfund.gov.gh"",""role"":""mda_user"",""institutionId"":""district-assemblies-common-fund"",""source"":""mda_users_import""}"
2026-09-02T22:41:43.046Z,,bulk-import-script,user_created,user,Ihu5GSflbAYC7AxIH01FkWfFsL32,"{""email"":""uniperso_gh@yahoo.com"",""role"":""mda_user"",""institutionId"":""district-assemblies-common-fund"",""source"":""mda_users_import""}"
2026-09-02T22:41:44.940Z,,bulk-import-script,user_created,user,WqTyoOoRP8Pg4WTDcgiUxpNtvDt2,"{""email"":""iaddolartey30@gmail.com"",""role"":""mda_user"",""institutionId"":""district-assemblies-common-fund"",""source"":""mda_users_import""}"
2026-09-02T22:41:46.850Z,,bulk-import-script,user_created,user,OHNCMaGWmrQ7Bf65gSX3Zd1eiH43,"{""email"":""eweanam.mary@gmail.com"",""role"":""mda_user"",""institutionId"":""district-assemblies-common-fund"",""source"":""mda_users_import""}"
2026-09-02T22:41:48.779Z,,bulk-import-script,user_created,user,a3KLSGk7foZZUacWAVnSVfqsIB63,"{""email"":""tinaboat44@gmail.com"",""role"":""mda_user"",""institutionId"":""electoral-commission"",""source"":""mda_users_import""}"
2026-09-02T22:41:50.620Z,,bulk-import-script,user_created,user,2gZoIW4xi3dXEitghfogg7jvgq82,"{""email"":""voteng2002@yahoo.com"",""role"":""mda_user"",""institutionId"":""electoral-commission"",""source"":""mda_users_import""}"
2026-09-02T22:42:52.989Z,,bulk-import-script,user_created,user,2gZoIW4xi3dXEitghfogg7jvgq82,"{""email"":""voteng2002@yahoo.com"",""role"":""mda_user"",""institutionId"":""electoral-commission"",""source"":""mda_users_import""}"
2026-09-02T22:42:55.379Z,,bulk-import-script,user_created,user,y8RG2Ed82yTOH3gp9YhecoRvbLS2,"{""email"":""edgar.gyawu16@gmail.com"",""role"":""mda_user"",""institutionId"":""electoral-commission"",""source"":""mda_users_import""}"
2026-09-02T22:42:57.302Z,,bulk-import-script,user_created,user,oMi0cPMEY3SRRVEgkAFgtDGAzRK2,"{""email"":""evanssarpong60@gmail.com"",""role"":""mda_user"",""institutionId"":""electoral-commission"",""source"":""mda_users_import""}"
2026-09-02T22:42:59.158Z,,bulk-import-script,user_created,user,tfB6KCIycYSkZIYfgl0dD27ANtd2,"{""email"":""papaniiafarigyan@gmail.com"",""role"":""mda_user"",""institutionId"":""electoral-commission"",""source"":""mda_users_import""}"
2026-09-02T22:43:01.488Z,,bulk-import-script,user_created,user,NhXreEL3SrNzijda8f5jiLogGXJ3,"{""email"":""alexamoatey78@gmail.com"",""role"":""mda_user"",""institutionId"":""judicial-service"",""source"":""mda_users_import""}"
2026-09-02T22:43:11.912Z,,bulk-import-script,user_created,user,O0ZSNZJZRcdGmrzTQ9OXfFbEJRU2,"{""email"":""imeldadzisi1@gmail.com"",""role"":""mda_user"",""institutionId"":""judicial-service"",""source"":""mda_users_import""}"
2026-09-02T22:43:13.857Z,,bulk-import-script,user_created,user,N00PrBuOl9T3GLhwFiEuHotrBul1,"{""email"":""mbankrah11@gmail.com"",""role"":""mda_user"",""institutionId"":""judicial-service"",""source"":""mda_users_import""}"
2026-09-02T22:43:15.705Z,,bulk-import-script,user_created,user,Xh1DHqj4lRNyNRhGx1UW48NZ6UB2,"{""email"":""vofosu2001@yahoo.com"",""role"":""mda_user"",""institutionId"":""judicial-service"",""source"":""mda_users_import""}"
2026-09-02T22:43:17.742Z,,bulk-import-script,user_created,user,94IrM4nsuodRJrrbEaA0r8WMHvt2,"{""email"":""bertha.essah@lac.gov.gh"",""role"":""mda_user"",""institutionId"":""legal-aid-commission"",""source"":""mda_users_import""}"
2026-09-02T22:43:19.682Z,,bulk-import-script,user_created,user,NfRJt6wdtNfZAUen9TAlLtJixXz1,"{""email"":""edmund.foley@lac.gov.com"",""role"":""mda_user"",""institutionId"":""legal-aid-commission"",""source"":""mda_users_import""}"
2026-09-02T22:43:21.689Z,,bulk-import-script,user_created,user,HcKmrFg4a4UloUsDMOYEquztRva2,"{""email"":""loretta.lartey@lac.gov.gh"",""role"":""mda_user"",""institutionId"":""legal-aid-commission"",""source"":""mda_users_import""}"
2026-09-02T22:43:23.757Z,,bulk-import-script,user_created,user,ItnPBeQaAka2zS9iGbLYhYU5Mgk1,"{""email"":""sarah.abban@lac.gov.gh"",""role"":""mda_user"",""institutionId"":""legal-aid-commission"",""source"":""mda_users_import""}"
2026-09-02T22:43:25.641Z,,bulk-import-script,user_created,user,VutheVeydIUNTfkwLft03ZJhuLP2,"{""email"":""sammuel.apaw@lac.gov.gh"",""role"":""mda_user"",""institutionId"":""legal-aid-commission"",""source"":""mda_users_import""}"
2026-09-02T22:43:27.449Z,,bulk-import-script,user_created,user,fJrVt8wVVOhe2J14qAYm4EPXYQv1,"{""email"":""theodore.korley@lac.gov.gh"",""role"":""mda_user"",""institutionId"":""legal-aid-commission"",""source"":""mda_users_import""}"
2026-09-02T22:43:29.566Z,,bulk-import-script,user_created,user,taXcp6gSImeJoPAAs85aggNgtb02,"{""email"":""victor.bimah@lac.gov.gh"",""role"":""mda_user"",""institutionId"":""legal-aid-commission"",""source"":""mda_users_import""}"
2026-09-02T22:43:45.057Z,,bulk-import-script,user_created,user,CvvuBpzYAsUigtKeW2VNmMjRwaA3,"{""email"":""chiefdirector@moc.gov.gh"",""role"":""mda_user"",""institutionId"":""ministry-of-communication-and-decentralization"",""source"":""mda_users_import""}"
2026-09-02T22:43:47.364Z,,bulk-import-script,user_created,user,r8zpePtKVKPpB4XlBz9scxiXLuF2,"{""email"":""anthony.awuviri@meteo.gov.gh"",""role"":""mda_user"",""institutionId"":""ministry-of-communication-and-decentralization"",""source"":""mda_users_import""}"
2026-09-02T22:43:49.583Z,,bulk-import-script,user_created,user,0VnweSZup6UnZw6saPxTHeSDe852,"{""email"":""alfred.danso@moc.gov.gh"",""role"":""mda_user"",""institutionId"":""ministry-of-communication-and-decentralization"",""source"":""mda_users_import""}"
2026-09-02T22:43:51.584Z,,bulk-import-script,user_created,user,zZFuqihWgEhj8ogDyEZXFLy9rVb2,"{""email"":""austin.hesse@moc.gov.gh"",""role"":""mda_user"",""institutionId"":""ministry-of-communication-and-decentralization"",""source"":""mda_users_import""}"
2026-09-02T22:43:53.512Z,,bulk-import-script,user_created,user,IyHbalMiCRWCDZ3EtCzvisynYyD2,"{""email"":""bright.boateng@csa.gov.gh"",""role"":""mda_user"",""institutionId"":""ministry-of-communication-and-decentralization"",""source"":""mda_users_import""}"
2026-09-02T22:43:55.501Z,,bulk-import-script,user_created,user,tLrz9W0wrRbcW5b8zMWvNgPU28W2,"{""email"":""benedict.sagoe@gdnr.org.gh"",""role"":""mda_user"",""institutionId"":""ministry-of-communication-and-decentralization"",""source"":""mda_users_import""}"
2026-09-02T22:43:57.434Z,,bulk-import-script,user_created,user,Pgr7RESJiggr8Ra4FMgMgirFUUN2,"{""email"":""daniel.laryea@dataprotection.org.gh"",""role"":""mda_user"",""institutionId"":""ministry-of-communication-and-decentralization"",""source"":""mda_users_import""}"
2026-09-02T22:43:59.726Z,,bulk-import-script,user_created,user,ZYPnst2r9Vfy3jCmJbcUMIp7snp2,"{""email"":""daniel.ormano@dataprotection.org.gh"",""role"":""mda_user"",""institutionId"":""ministry-of-communication-and-decentralization"",""source"":""mda_users_import""}"
2026-09-02T22:44:01.772Z,,bulk-import-script,user_created,user,CwChUVVPoxOh2ss5fxCwOPAny613,"{""email"":""dickson.twumasi@nita.gov.gh"",""role"":""mda_user"",""institutionId"":""ministry-of-communication-and-decentralization"",""source"":""mda_users_import""}"
2026-09-02T22:44:03.728Z,,bulk-import-script,user_created,user,CTQAXB2tUXVkkiOVZpvfon0btsz2,"{""email"":""elham.gausu@gi-kace.gov.gh"",""role"":""mda_user"",""institutionId"":""ministry-of-communication-and-decentralization"",""source"":""mda_users_import""}"
2026-09-02T22:44:05.576Z,,bulk-import-script,user_created,user,AbNak3SgPkSAJcTZRuLJviAKliu1,"{""email"":""edmund.dsane@gi-kace.gov.gh"",""role"":""mda_user"",""institutionId"":""ministry-of-communication-and-decentralization"",""source"":""mda_users_import""}"
2026-09-02T22:44:07.823Z,,bulk-import-script,user_created,user,I5TZ5JK8MCXE5ii64CaPHXEPsVV2,"{""email"":""gertrude.aseini@moc.gov.gh"",""role"":""mda_user"",""institutionId"":""ministry-of-communication-and-decentralization"",""source"":""mda_users_import""}"
2026-09-02T22:44:09.810Z,,bulk-import-script,user_created,user,qSHHQbkP1nbOxbPtnQrGzX8NFNv1,"{""email"":""horatius.bekoe@gi-kace.gov.gh"",""role"":""mda_user"",""institutionId"":""ministry-of-communication-and-decentralization"",""source"":""mda_users_import""}"
2026-09-02T22:45:11.436Z,,bulk-import-script,user_created,user,qSHHQbkP1nbOxbPtnQrGzX8NFNv1,"{""email"":""horatius.bekoe@gi-kace.gov.gh"",""role"":""mda_user"",""institutionId"":""ministry-of-communication-and-decentralization"",""source"":""mda_users_import""}"
2026-09-02T22:45:13.703Z,,bulk-import-script,user_created,user,7WujJR9N5Qce635D8Dntz8SgEN23,"{""email"":""irene.agyeman@moc.gov.gh"",""role"":""mda_user"",""institutionId"":""ministry-of-communication-and-decentralization"",""source"":""mda_users_import""}"
2026-09-02T22:45:15.610Z,,bulk-import-script,user_created,user,BSVyzYK4MzMiUit5WDSvVCJx7fJ3,"{""email"":""isaac.sam@csa.gov.gh"",""role"":""mda_user"",""institutionId"":""ministry-of-communication-and-decentralization"",""source"":""mda_users_import""}"
2026-09-02T22:45:17.551Z,,bulk-import-script,user_created,user,Z4Iu5YRx7GMCeFEaPs6pchxyQ522,"{""email"":""josephine.adams@moc.gov.gh"",""role"":""mda_user"",""institutionId"":""ministry-of-communication-and-decentralization"",""source"":""mda_users_import""}"
2026-09-02T22:45:19.418Z,,bulk-import-script,user_created,user,k0Up5oUqulNoM5cV76xDPj2ibQk2,"{""email"":""kwaku.antwi@gdnr.org.gh"",""role"":""mda_user"",""institutionId"":""ministry-of-communication-and-decentralization"",""source"":""mda_users_import""}"
2026-09-02T22:45:21.263Z,,bulk-import-script,user_created,user,Q5ueocPR1PUwm1FAnl3eWNcrY633,"{""email"":""kwadwo.boadu@gdnr.org.gh"",""role"":""mda_user"",""institutionId"":""ministry-of-communication-and-decentralization"",""source"":""mda_users_import""}"
2026-09-02T22:46:25.451Z,,bulk-import-script,user_created,user,iomf0rG1GKNxNRuVpjbocWZFuWx1,"{""email"":""magnus.amoa-bosompem@pcsrc.gov.gh"",""role"":""mda_user"",""institutionId"":""ministry-of-communication-and-decentralization"",""source"":""mda_users_import""}"
2026-09-02T22:46:27.514Z,,bulk-import-script,user_created,user,t7jcKb5lvmNP813FfvwelgHn0nZ2,"{""email"":""nana.ampomah@moc.gov.gh"",""role"":""mda_user"",""institutionId"":""ministry-of-communication-and-decentralization"",""source"":""mda_users_import""}"
2026-09-02T22:46:29.485Z,,bulk-import-script,user_created,user,Fq6qT0h4JDWa9l9bwe24EFoxRsu1,"{""email"":""nana.brempong@moc.gov.gh"",""role"":""mda_user"",""institutionId"":""ministry-of-communication-and-decentralization"",""source"":""mda_users_import""}"
2026-09-02T22:46:31.419Z,,bulk-import-script,user_created,user,K1JDFuqitLRRCiod1xjXCgUqsdB3,"{""email"":""nanayaaobuor@moc.gov.gh"",""role"":""mda_user"",""institutionId"":""ministry-of-communication-and-decentralization"",""source"":""mda_users_import""}"
2026-09-02T22:46:33.392Z,,bulk-import-script,user_created,user,BbSiFWKIScSCI8HpGqn7SNCgq852,"{""email"":""nancy.boakye-amankwah@csa.gov.gh"",""role"":""mda_user"",""institutionId"":""ministry-of-communication-and-decentralization"",""source"":""mda_users_import""}"
2026-09-02T22:46:35.554Z,,bulk-import-script,user_created,user,X0UJToifk5MGQV8A8zlWBa2f1Lr2,"{""email"":""naomi.yirenkyi@moc.gov.gh"",""role"":""mda_user"",""institutionId"":""ministry-of-communication-and-decentralization"",""source"":""mda_users_import""}"
2026-09-02T22:46:43.758Z,,bulk-import-script,user_created,user,fjbVsChJ33XUBEL3kxhxsnRBnwm1,"{""email"":""pmissinou@yahoo.com"",""role"":""mda_user"",""institutionId"":""ministry-of-communication-and-decentralization"",""source"":""mda_users_import""}"
2026-09-02T22:46:45.642Z,,bulk-import-script,user_created,user,QUEXTIjNG2VvDfiI1LV96tsn9qt2,"{""email"":""richardson.bortey@moc.gov.gh"",""role"":""mda_user"",""institutionId"":""ministry-of-communication-and-decentralization"",""source"":""mda_users_import""}"
2026-09-02T22:46:47.497Z,,bulk-import-script,user_created,user,tYCZZkPU5Udhkbz4OmsTrSkSAoi2,"{""email"":""rejoice.kwao-nmai@pcsrc.gov.gh"",""role"":""mda_user"",""institutionId"":""ministry-of-communication-and-decentralization"",""source"":""mda_users_import""}"
2026-09-02T22:46:49.387Z,,bulk-import-script,user_created,user,Jmv5N7X6OaNmuh3f8FSUDL5oMo63,"{""email"":""silvia.amoro@moc.gov.gh"",""role"":""mda_user"",""institutionId"":""ministry-of-communication-and-decentralization"",""source"":""mda_users_import""}"
2026-09-02T22:46:51.219Z,,bulk-import-script,user_created,user,MM67gGtm4sVoiuEAKzMdC0s1YsH2,"{""email"":""samatigah@gmail.com"",""role"":""mda_user"",""institutionId"":""ministry-of-communication-and-decentralization"",""source"":""mda_users_import""}"
2026-09-02T22:46:53.103Z,,bulk-import-script,user_created,user,ZWNiGsNkzBSxzgQwldrFBg95vYd2,"{""email"":""samuel.newton@moc.gov.gh"",""role"":""mda_user"",""institutionId"":""ministry-of-communication-and-decentralization"",""source"":""mda_users_import""}"
2026-09-02T22:46:54.897Z,,bulk-import-script,user_created,user,c0kEwHntT0RoQ8CGsEhj5lrbz2F3,"{""email"":""thomas.assibi@csa.gov.gh"",""role"":""mda_user"",""institutionId"":""ministry-of-communication-and-decentralization"",""source"":""mda_users_import""}"
2026-09-02T22:46:56.838Z,,bulk-import-script,user_created,user,76MCUbOdKgfdqVkAF6qnXcnDRf63,"{""email"":""vida.opoku@nita.gov.gh"",""role"":""mda_user"",""institutionId"":""ministry-of-communication-and-decentralization"",""source"":""mda_users_import""}"
2026-09-02T22:46:58.862Z,,bulk-import-script,user_created,user,P1BZlnnkYeSw3s80iN4SBohmjUl1,"{""email"":""wisdom.donkor@gdnr.org.gh"",""role"":""mda_user"",""institutionId"":""ministry-of-communication-and-decentralization"",""source"":""mda_users_import""}"
2026-09-02T22:47:00.658Z,,bulk-import-script,user_created,user,yDfd5O56s4abi6FzfR04tejvcuZ2,"{""email"":""addotey.naa-ogoe@dataprotection.org.gh"",""role"":""mda_user"",""institutionId"":""ministry-of-communication-and-decentralization"",""source"":""mda_users_import""}"
2026-09-02T22:47:02.510Z,,bulk-import-script,user_created,user,5QdG4sO6HFUATFrFDtQAAuLHxwB3,"{""email"":""yaw.buadu@nita.gov.gh"",""role"":""mda_user"",""institutionId"":""ministry-of-communication-and-decentralization"",""source"":""mda_users_import""}"
2026-09-02T22:47:04.524Z,,bulk-import-script,user_created,user,wNHVCycBbzXkehpzLeKTpKbLmPw1,"{""email"":""zeala.okyere@moc.gov.gh"",""role"":""mda_user"",""institutionId"":""ministry-of-communication-and-decentralization"",""source"":""mda_users_import""}"
2026-09-02T22:47:06.564Z,,bulk-import-script,user_created,user,fjSvupsk7zfjnkq50w5b3KomGoB2,"{""email"":""abena.dankwa@mod.gov.gh"",""role"":""mda_user"",""institutionId"":""ministry-of-defence"",""source"":""mda_users_import""}"
2026-09-02T22:47:08.443Z,,bulk-import-script,user_created,user,j7nZowIGwbUsAmoKuTMyb92OWPE3,"{""email"":""haruna_abdulsalam@yahoo.com"",""role"":""mda_user"",""institutionId"":""ministry-of-defence"",""source"":""mda_users_import""}"
2026-09-02T22:47:10.299Z,,bulk-import-script,user_created,user,E4fk7V6FX5fla8gnD2S072yWG9y1,"{""email"":""chrisma.trvl@yahoo.co.uk"",""role"":""mda_user"",""institutionId"":""ministry-of-defence"",""source"":""mda_users_import""}"
2026-09-02T22:47:19.640Z,,bulk-import-script,user_created,user,0JsK0lfN2ffRIlvBDBPHz6YXI893,"{""email"":""ckkpodo@gmail.com"",""role"":""mda_user"",""institutionId"":""ministry-of-defence"",""source"":""mda_users_import""}"
2026-09-02T22:47:21.545Z,,bulk-import-script,user_created,user,T3V0tldSPuYu5bJSYjOVBTDfeRy1,"{""email"":""emmanuel.kartey@mod.gov.gh"",""role"":""mda_user"",""institutionId"":""ministry-of-defence"",""source"":""mda_users_import""}"
2026-09-02T22:47:23.445Z,,bulk-import-script,user_created,user,qYD3GJJTJIVxQWwrCYtXBYMi5qn2,"{""email"":""isaac.nana-takyi@mod.gov.gh"",""role"":""mda_user"",""institutionId"":""ministry-of-defence"",""source"":""mda_users_import""}"
2026-09-02T22:47:25.262Z,,bulk-import-script,user_created,user,ivarCwxsueOqPF2SHdSWxOKIDEr2,"{""email"":""nanaamatenegyaa@gmail.com"",""role"":""mda_user"",""institutionId"":""ministry-of-defence"",""source"":""mda_users_import""}"
2026-09-02T22:47:27.158Z,,bulk-import-script,user_created,user,9gwv7NSRACYy7NcuXkRFVLAqV8v2,"{""email"":""mavis.adoko@mod.gov.gh"",""role"":""mda_user"",""institutionId"":""ministry-of-defence"",""source"":""mda_users_import""}"
2026-09-02T22:47:29.196Z,,bulk-import-script,user_created,user,lAhsVWiLenPZKRWRU6EPr0hNaJY2,"{""email"":""marvin.ankoma@mod.gov.gh"",""role"":""mda_user"",""institutionId"":""ministry-of-defence"",""source"":""mda_users_import""}"
2026-09-02T22:47:31.026Z,,bulk-import-script,user_created,user,cpaGqBURvoawPvlH76GsOpwrVt43,"{""email"":""itsmaame@gmail.com"",""role"":""mda_user"",""institutionId"":""ministry-of-defence"",""source"":""mda_users_import""}"
2026-09-02T22:47:32.828Z,,bulk-import-script,user_created,user,y1W9DCtHV4Wp0Q6ZhmCurpQ28t82,"{""email"":""monic1tee@gmail.com"",""role"":""mda_user"",""institutionId"":""ministry-of-defence"",""source"":""mda_users_import""}"
2026-09-02T22:47:34.721Z,,bulk-import-script,user_created,user,HQmdXFdMFRVPJe4a12BinGcXlht2,"{""email"":""edemtayukt@yahoo.co.uk"",""role"":""mda_user"",""institutionId"":""ministry-of-defence"",""source"":""mda_users_import""}"
2026-09-02T22:47:36.530Z,,bulk-import-script,user_created,user,139PEuZBAVdLPOn3sHa27GrSsz53,"{""email"":""jabokuro@yahoo.com"",""role"":""mda_user"",""institutionId"":""ministry-of-defence"",""source"":""mda_users_import""}"
2026-09-02T22:47:38.489Z,,bulk-import-script,user_created,user,Ju8HTvlTIeS7yz23nO9a0leAhOz1,"{""email"":""besahbuame@gmail.com"",""role"":""mda_user"",""institutionId"":""ministry-of-defence"",""source"":""mda_users_import""}"
2026-09-02T22:47:40.359Z,,bulk-import-script,user_created,user,MG4IYmaCRjfIcONLQIsHWfes4B72,"{""email"":""ajinapor@gtec.edu.gh"",""role"":""mda_user"",""institutionId"":""ministry-of-education"",""source"":""mda_users_import""}"
2026-09-02T22:47:42.197Z,,bulk-import-script,user_created,user,e5TB2wG2wTcj7PhJCZyZkAJxPg33,"{""email"":""abedenego.adomako@nacca.gov.gh"",""role"":""mda_user"",""institutionId"":""ministry-of-education"",""source"":""mda_users_import""}"
2026-09-02T22:47:44.305Z,,bulk-import-script,user_created,user,xEoNRO2S97OY5nfyANMnFlrZQQF2,"{""email"":""pomaa.antwi-dako@gbdc.gov.gh"",""role"":""mda_user"",""institutionId"":""ministry-of-education"",""source"":""mda_users_import""}"
2026-09-02T22:47:46.102Z,,bulk-import-script,user_created,user,QSnzqRmGgKOSXkzqXui7cDyjbtj1,"{""email"":""apollonius.asare@unescoghana.gov.gh"",""role"":""mda_user"",""institutionId"":""ministry-of-education"",""source"":""mda_users_import""}"
2026-09-02T22:48:03.243Z,,bulk-import-script,user_created,user,B9iHN0Y8AJay67w5uC6l6pKHW6v1,"{""email"":""anita.avad@moe.gov.gh"",""role"":""mda_user"",""institutionId"":""ministry-of-education"",""source"":""mda_users_import""}"
2026-09-02T22:48:05.174Z,,bulk-import-script,user_created,user,lCJqh6gY0SU9Z1Z6X5PrP3z5G4m2,"{""email"":""adominic@gtec.edu.gh"",""role"":""mda_user"",""institutionId"":""ministry-of-education"",""source"":""mda_users_import""}"
2026-09-02T22:48:07.247Z,,bulk-import-script,user_created,user,trDBZ5NW6KfrTaZC6LaGBmc5cm82,"{""email"":""albert.bill@ctvet.gov.gh"",""role"":""mda_user"",""institutionId"":""ministry-of-education"",""source"":""mda_users_import""}"
2026-09-02T22:48:09.620Z,,bulk-import-script,user_created,user,KuNM4wLMBGTzRXbJVczw4trXWeo1,"{""email"":""agama@gtec.edu.gh"",""role"":""mda_user"",""institutionId"":""ministry-of-education"",""source"":""mda_users_import""}"
2026-09-02T22:48:11.518Z,,bulk-import-script,user_created,user,M9a2JqecHWY61FWoHiQjZy5INa83,"{""email"":""isaac.appoh@ncca.gov.gh"",""role"":""mda_user"",""institutionId"":""ministry-of-education"",""source"":""mda_users_import""}"
2026-09-02T22:48:13.367Z,,bulk-import-script,user_created,user,FKGt9dxvZCUaYx8nLEadPXof6eb2,"{""email"":""amsaleh@waecgh.org"",""role"":""mda_user"",""institutionId"":""ministry-of-education"",""source"":""mda_users_import""}"
2026-09-02T22:48:15.244Z,,bulk-import-script,user_created,user,cfV3GG8FAKbgiDxxSA0R2Sbj1xA3,"{""email"":""prince.boateng@nacca.gov.gh"",""role"":""mda_user"",""institutionId"":""ministry-of-education"",""source"":""mda_users_import""}"
2026-09-02T22:48:17.110Z,,bulk-import-script,user_created,user,bOswD9WEsjavaUYLm0XTaQ80dqi2,"{""email"":""beatrice.sallah@ges.gov.gh"",""role"":""mda_user"",""institutionId"":""ministry-of-education"",""source"":""mda_users_import""}"
2026-09-02T22:48:25.268Z,,bulk-import-script,user_created,user,ls9q7G8m7rOQTnViApHMlBx2v2c2,"{""email"":""cephas.agboka@ctvet.gov.gh"",""role"":""mda_user"",""institutionId"":""ministry-of-education"",""source"":""mda_users_import""}"
2026-09-02T22:48:27.292Z,,bulk-import-script,user_created,user,oRQyZuaxAEanUvgp0klOOgBIOIu1,"{""email"":""budget@gtec.edu.gh"",""role"":""mda_user"",""institutionId"":""ministry-of-education"",""source"":""mda_users_import""}"
2026-09-02T22:48:29.214Z,,bulk-import-script,user_created,user,5EdzYZ9gWJTrLW4MYAa015Wewj42,"{""email"":""comfort.ofori@gtvet.gov.gh"",""role"":""mda_user"",""institutionId"":""ministry-of-education"",""source"":""mda_users_import""}"
2026-09-02T22:48:31.218Z,,bulk-import-script,user_created,user,KomWzMuS6mhquUtRTGOkUNxVppm2,"{""email"":""charity.asamoah@ctvet.gov.gh"",""role"":""mda_user"",""institutionId"":""ministry-of-education"",""source"":""mda_users_import""}"
2026-09-02T22:48:33.128Z,,bulk-import-script,user_created,user,WszW5bOnSMPzV89Hib0z8UHMEQF2,"{""email"":""catherine.ashley@gtvets.gov.gh"",""role"":""mda_user"",""institutionId"":""ministry-of-education"",""source"":""mda_users_import""}"
2026-09-02T22:48:34.821Z,,bulk-import-script,user_created,user,mw0w4E0le1NhQ1Ta9qdxVthuNmj1,"{""email"":""cazumah@waecgh.org"",""role"":""mda_user"",""institutionId"":""ministry-of-education"",""source"":""mda_users_import""}"
2026-09-02T22:48:36.421Z,,bulk-import-script,user_created,user,w9mfybKIAUU89jfHk2z7CTt1g362,"{""email"":""stella.brown@gtvets.gov.gh"",""role"":""mda_user"",""institutionId"":""ministry-of-education"",""source"":""mda_users_import""}"
2026-09-02T22:48:38.107Z,,bulk-import-script,user_created,user,nvj5zgkf43T7OF73ok9FY6ifCEt2,"{""email"":""cephas.gbekor@gtvets.gov.gh"",""role"":""mda_user"",""institutionId"":""ministry-of-education"",""source"":""mda_users_import""}"
2026-09-02T22:48:39.692Z,,bulk-import-script,user_created,user,zijp4MGE0yMLfuFgw2um31wMdEh1,"{""email"":""christian.koramoah@ges.gov.gh"",""role"":""mda_user"",""institutionId"":""ministry-of-education"",""source"":""mda_users_import""}"
2026-09-02T22:48:41.370Z,,bulk-import-script,user_created,user,BVXqmWh7pFYEi16u8yooYYwVFXG3,"{""email"":""caroline.kavison@gtvets.gov.gh"",""role"":""mda_user"",""institutionId"":""ministry-of-education"",""source"":""mda_users_import""}"
2026-09-02T22:48:42.984Z,,bulk-import-script,user_created,user,RogFs9oqfmNJBFPqOku2ZQOMQMl1,"{""email"":""christian.tetteh@moe.gov.gh"",""role"":""mda_user"",""institutionId"":""ministry-of-education"",""source"":""mda_users_import""}"
2026-09-02T22:48:44.636Z,,bulk-import-script,user_created,user,ofSyRtvYy4O5JwYdfYruCMW441E2,"{""email"":""charles.tetteh@cea.gov.gh"",""role"":""mda_user"",""institutionId"":""ministry-of-education"",""source"":""mda_users_import""}"
2026-09-02T22:48:46.320Z,,bulk-import-script,user_created,user,25EDKJQPB2hOmno1PKTeEYmqlml2,"{""email"":""david.amanorbrue@cea.gov.gh"",""role"":""mda_user"",""institutionId"":""ministry-of-education"",""source"":""mda_users_import""}"
2026-09-02T22:48:47.953Z,,bulk-import-script,user_created,user,pCysi7DRTAYuKI14p17c72gpGRH2,"{""email"":""emelia.akrofi-addo@cea.gov.gh"",""role"":""mda_user"",""institutionId"":""ministry-of-education"",""source"":""mda_users_import""}"
2026-09-02T22:48:49.655Z,,bulk-import-script,user_created,user,3yojqPNRsNYfw6dlB61Nq3yMYLk1,"{""email"":""edith.ababio-amoah@unescoghana.gov.gh"",""role"":""mda_user"",""institutionId"":""ministry-of-education"",""source"":""mda_users_import""}"
2026-09-02T22:48:51.292Z,,bulk-import-script,user_created,user,EZekhs53Nyeonsjdsy30k6LyT4o2,"{""email"":""edward.appiah@nacca.gov.gh"",""role"":""mda_user"",""institutionId"":""ministry-of-education"",""source"":""mda_users_import""}"
2026-09-02T22:48:52.921Z,,bulk-import-script,user_created,user,HUdH3jzISkY9zUCF6n0p9y1ZBMo2,"{""email"":""asuinura.ernesticia@gbdc.gov.gh"",""role"":""mda_user"",""institutionId"":""ministry-of-education"",""source"":""mda_users_import""}"
2026-09-02T22:49:00.972Z,,bulk-import-script,user_created,user,AOFgPwjcTESkB6Y40L4GwLuIBrf1,"{""email"":""edoughan@gtec.edu.gh"",""role"":""mda_user"",""institutionId"":""ministry-of-education"",""source"":""mda_users_import""}"
2026-09-02T22:49:02.683Z,,bulk-import-script,user_created,user,bpe3P4hqSJOfWP0Tt2Fs5i6znZf2,"{""email"":""evert.frimpong@ges.gov.gh"",""role"":""mda_user"",""institutionId"":""ministry-of-education"",""source"":""mda_users_import""}"
2026-09-02T22:49:04.400Z,,bulk-import-script,user_created,user,REchf6cjMeY8iXXMcZUC0tABynp2,"{""email"":""egquayson@waecgh.org"",""role"":""mda_user"",""institutionId"":""ministry-of-education"",""source"":""mda_users_import""}"
2026-09-02T22:49:06.005Z,,bulk-import-script,user_created,user,7oU4xV1IIqeVssLBeFAhAyOShFC3,"{""email"":""eyeboah@gtec.edu.gh"",""role"":""mda_user"",""institutionId"":""ministry-of-education"",""source"":""mda_users_import""}"
2026-09-02T22:49:07.596Z,,bulk-import-script,user_created,user,DQfKNfEe6iSNUk3HsD4hueUw4zJ2,"{""email"":""fred.asamoah@ctvet.gov.gh"",""role"":""mda_user"",""institutionId"":""ministry-of-education"",""source"":""mda_users_import""}"
2026-09-02T22:49:09.295Z,,bulk-import-script,user_created,user,PkTbPoptWOMpQUtdl63L0W69QkK2,"{""email"":""fiifi.bruce-ghartey@gtvets.gov.gh"",""role"":""mda_user"",""institutionId"":""ministry-of-education"",""source"":""mda_users_import""}"
2026-09-02T22:49:21.675Z,,bulk-import-script,user_created,user,iZUdSRFC6kfHqIqw0DKBZ2xrBi23,"{""email"":""fnketia@gtec.edu.gh"",""role"":""mda_user"",""institutionId"":""ministry-of-education"",""source"":""mda_users_import""}"
2026-09-02T22:49:23.839Z,,bulk-import-script,user_created,user,tUc8FxDSLcf0RCElFPEg2cP0T0n2,"{""email"":""gloria.amoatey@ntc.gov.gh"",""role"":""mda_user"",""institutionId"":""ministry-of-education"",""source"":""mda_users_import""}"
2026-09-02T22:49:25.725Z,,bulk-import-script,user_created,user,u3SLKEqXndPLy6rnzlIOWYwwyFH3,"{""email"":""grace.ofosu@ges.gov.gh"",""role"":""mda_user"",""institutionId"":""ministry-of-education"",""source"":""mda_users_import""}"
2026-09-02T22:49:27.606Z,,bulk-import-script,user_created,user,ad7C8JL7lLNv4IpHsZZmICAU74P2,"{""email"":""grace.torvor@ges.gov.gh"",""role"":""mda_user"",""institutionId"":""ministry-of-education"",""source"":""mda_users_import""}"
2026-09-02T22:49:29.508Z,,bulk-import-script,user_created,user,iDI5oPDMLxVGVaQ2NC1sDCKyUTz2,"{""email"":""henrita.mensah@gtvets.gov.gh"",""role"":""mda_user"",""institutionId"":""ministry-of-education"",""source"":""mda_users_import""}"
2026-09-02T22:49:31.396Z,,bulk-import-script,user_created,user,BXtkg8oXmROb0qBYIQ7stYMeRq23,"{""email"":""jeremiah.ansah@ges.gov.gh"",""role"":""mda_user"",""institutionId"":""ministry-of-education"",""source"":""mda_users_import""}"
2026-09-02T22:49:33.299Z,,bulk-import-script,user_created,user,KmVXMWFU2OcHW1iUEZfd3nbqnX13,"{""email"":""john.asare@unescoghana.gov.gh"",""role"":""mda_user"",""institutionId"":""ministry-of-education"",""source"":""mda_users_import""}"
2026-09-02T22:49:35.207Z,,bulk-import-script,user_created,user,fai8qLVbjGU4tqf1wRHEWVfmM6C3,"{""email"":""james.omari@library.gov.gh"",""role"":""mda_user"",""institutionId"":""ministry-of-education"",""source"":""mda_users_import""}"
2026-09-02T22:49:37.078Z,,bulk-import-script,user_created,user,HHlXTdLlMvMpuVofdODNZhTxM2G3,"{""email"":""jeffrey.asiampong.baah@gtvets.gov.gh"",""role"":""mda_user"",""institutionId"":""ministry-of-education"",""source"":""mda_users_import""}"
2026-09-02T22:49:58.197Z,,bulk-import-script,user_created,user,ToBqrx80JcVX6sod0HqorOG0IHd2,"{""email"":""jemima.anokye@nss.gov.gh"",""role"":""mda_user"",""institutionId"":""ministry-of-education"",""source"":""mda_users_import""}"
2026-09-02T22:50:00.666Z,,bulk-import-script,user_created,user,fetSuZMsCgeAFPR86pCXUdLZ48p1,"{""email"":""joshua.kwawoo@gtvets.gov.gh"",""role"":""mda_user"",""institutionId"":""ministry-of-education"",""source"":""mda_users_import""}"
2026-09-02T22:50:02.570Z,,bulk-import-script,user_created,user,OQoQVivWhNf79EK5EqL39zs7Hgv1,"{""email"":""jemima.mantey@ntc.gov.gh"",""role"":""mda_user"",""institutionId"":""ministry-of-education"",""source"":""mda_users_import""}"
2026-09-02T22:50:04.428Z,,bulk-import-script,user_created,user,4J63Bo7A3KOMaeXGkoi5J80KQLj1,"{""email"":""kojo.acquah@nasia.gov.gh"",""role"":""mda_user"",""institutionId"":""ministry-of-education"",""source"":""mda_users_import""}"
2026-09-02T22:50:06.298Z,,bulk-import-script,user_created,user,shgCpq3ntBhEsVsLmlgREz81LOr1,"{""email"":""kelvin.tetteh@nss.gov.gh"",""role"":""mda_user"",""institutionId"":""ministry-of-education"",""source"":""mda_users_import""}"
2026-09-02T22:50:08.124Z,,bulk-import-script,user_created,user,AuS7Z2iRtlTHZfXEKUzh1AxyW343,"{""email"":""kennedy.wormi@gtvets.gov.gh"",""role"":""mda_user"",""institutionId"":""ministry-of-education"",""source"":""mda_users_import""}"
2026-09-02T22:50:10.318Z,,bulk-import-script,user_created,user,xDCYWQg0VlXAF5tMLciywJpKltC3,"{""email"":""lawrence.acolatse@cendlos.gov.gh"",""role"":""mda_user"",""institutionId"":""ministry-of-education"",""source"":""mda_users_import""}"
2026-09-02T22:50:12.171Z,,bulk-import-script,user_created,user,OxONCvVAMWVxvWLSJmuXqsksSIH2,"{""email"":""lawson.anaquah@ctevt.gov.gh"",""role"":""mda_user"",""institutionId"":""ministry-of-education"",""source"":""mda_users_import""}"
2026-09-02T22:50:13.990Z,,bulk-import-script,user_created,user,u7Au8oxTe4ZSjbj2IJIykjoVAnb2,"{""email"":""lois.dzamesi@ctvet.gov.gh"",""role"":""mda_user"",""institutionId"":""ministry-of-education"",""source"":""mda_users_import""}"
2026-09-02T22:50:15.761Z,,bulk-import-script,user_created,user,j5inAhEKXyOlg1KRtiQomS9c2xB2,"{""email"":""louisa.arthur@gtvets.gov.gh"",""role"":""mda_user"",""institutionId"":""ministry-of-education"",""source"":""mda_users_import""}"
2026-09-02T22:50:17.649Z,,bulk-import-script,user_created,user,S8Dur32fgmRBJz20SSdQezs3sxH2,"{""email"":""mark.benyih@ges.gov.gh"",""role"":""mda_user"",""institutionId"":""ministry-of-education"",""source"":""mda_users_import""}"
2026-09-02T22:50:20.007Z,,bulk-import-script,user_created,user,qrM9PxrFOdN1p5YEqlYYggPLQPi2,"{""email"":""marie.boateng@nasia.gov.gh"",""role"":""mda_user"",""institutionId"":""ministry-of-education"",""source"":""mda_users_import""}"
2026-09-02T22:50:21.851Z,,bulk-import-script,user_created,user,j69ZGRiMLMhJvh7JHwRSyKAU3pS2,"{""email"":""budgetsubmission@gtec.edu.gh"",""role"":""mda_user"",""institutionId"":""ministry-of-education"",""source"":""mda_users_import""}"
2026-09-02T22:50:23.728Z,,bulk-import-script,user_created,user,WHwgTAOf8BhaxyLrRRglUCy71sw2,"{""email"":""michael.kwakye@gbdc.gov.gh"",""role"":""mda_user"",""institutionId"":""ministry-of-education"",""source"":""mda_users_import""}"
2026-09-02T22:50:32.995Z,,bulk-import-script,user_created,user,n6doHdMmnCWeGtCMpFqMzjDsnkA2,"{""email"":""marian.nortey@unescoghana.gov.gh"",""role"":""mda_user"",""institutionId"":""ministry-of-education"",""source"":""mda_users_import""}"
2026-09-02T22:50:34.859Z,,bulk-import-script,user_created,user,lnUZiA43Q1NjalY6NcnInvyrutM2,"{""email"":""michael.quaique@nacca.gov.gh"",""role"":""mda_user"",""institutionId"":""ministry-of-education"",""source"":""mda_users_import""}"
2026-09-02T22:50:36.740Z,,bulk-import-script,user_created,user,0oVs7LiKIlN50kWm8tTImww9wLW2,"{""email"":""osei.assibey@nss.gov.gh"",""role"":""mda_user"",""institutionId"":""ministry-of-education"",""source"":""mda_users_import""}"
2026-09-02T22:50:38.748Z,,bulk-import-script,user_created,user,9s4eA7k222aL7E2hGiOOGCJONTi1,"{""email"":""patrick.arthur@moe.gov.gh"",""role"":""mda_user"",""institutionId"":""ministry-of-education"",""source"":""mda_users_import""}"
2026-09-02T22:50:40.830Z,,bulk-import-script,user_created,user,QnwOMBxxyVNdSqINrVpgu6T7WBY2,"{""email"":""rita.aboagye@ges.gov.gh"",""role"":""mda_user"",""institutionId"":""ministry-of-education"",""source"":""mda_users_import""}"
2026-09-02T22:50:42.806Z,,bulk-import-script,user_created,user,VUkrhmhv6lUY6D2URJwg5QTvprJ2,"{""email"":""richard.asare@library.gov.gh"",""role"":""mda_user"",""institutionId"":""ministry-of-education"",""source"":""mda_users_import""}"
2026-09-02T22:50:44.472Z,,bulk-import-script,user_created,user,Gbhko40XmkQ3GFrNaa2ammRT1Qz2,"{""email"":""rhoda.mensah@ntc.gov.gh"",""role"":""mda_user"",""institutionId"":""ministry-of-education"",""source"":""mda_users_import""}"
2026-09-02T22:50:46.433Z,,bulk-import-script,user_created,user,sV3Q6jkOwwXUzEsjrf0158TB5Ky2,"{""email"":""samoah@gtec.edu.gh"",""role"":""mda_user"",""institutionId"":""ministry-of-education"",""source"":""mda_users_import""}"
2026-09-02T22:50:48.348Z,,bulk-import-script,user_created,user,0DmGsAd4QSfnPuG3CYfIIr9Wi8u1,"{""email"":""samuel.ofori-arko@cendlos.gov.gh"",""role"":""mda_user"",""institutionId"":""ministry-of-education"",""source"":""mda_users_import""}"
2026-09-02T22:50:50.264Z,,bulk-import-script,user_created,user,7Es2HxwJdSVmXNB8JzN3rfDWAE72,"{""email"":""selorm.atsu@ges.gov.gh"",""role"":""mda_user"",""institutionId"":""ministry-of-education"",""source"":""mda_users_import""}"
2026-09-02T22:50:52.112Z,,bulk-import-script,user_created,user,U7iJXHt9RGaT80n3mGJQhPSUwdN2,"{""email"":""faith.laarie@moe.gov.gh"",""role"":""mda_user"",""institutionId"":""ministry-of-education"",""source"":""mda_users_import""}"
2026-09-02T22:50:53.986Z,,bulk-import-script,user_created,user,jAWVHFIMnuZdchviv3e62M4T6UR2,"{""email"":""stella.ntow@gtvets.gov.gh"",""role"":""mda_user"",""institutionId"":""ministry-of-education"",""source"":""mda_users_import""}"
2026-09-02T22:50:55.876Z,,bulk-import-script,user_created,user,lOd21Jbx3eX38UkpRqyzdkcGGMU2,"{""email"":""eagogo@gtec.edu.gh"",""role"":""mda_user"",""institutionId"":""ministry-of-education"",""source"":""mda_users_import""}"
2026-09-02T22:50:58.163Z,,bulk-import-script,user_created,user,6MEunTpntUhxUYf0KIFuggq1AL13,"{""email"":""yvonne.agyen-mensah@gtvets.gov.gh"",""role"":""mda_user"",""institutionId"":""ministry-of-education"",""source"":""mda_users_import""}"
2026-09-02T22:51:00.092Z,,bulk-import-script,user_created,user,yxDKQwgfb5fsOeikvyYNW1TeqE53,"{""email"":""anthony.ampong@melr.gov.gh"",""role"":""mda_user"",""institutionId"":""ministry-of-employment-and-labour-relations"",""source"":""mda_users_import""}"
2026-09-02T22:52:01.702Z,,bulk-import-script,user_created,user,yxDKQwgfb5fsOeikvyYNW1TeqE53,"{""email"":""anthony.ampong@melr.gov.gh"",""role"":""mda_user"",""institutionId"":""ministry-of-employment-and-labour-relations"",""source"":""mda_users_import""}"
2026-09-02T22:52:03.871Z,,bulk-import-script,user_created,user,5UoLYFvbHzNhGPuP1Rf0O1UkL9m2,"{""email"":""albertakwasiboakye@yahoo.com"",""role"":""mda_user"",""institutionId"":""ministry-of-employment-and-labour-relations"",""source"":""mda_users_import""}"
2026-09-02T22:52:13.772Z,,bulk-import-script,user_created,user,mSpQnzoc3bN8VCSh23XLLluKHFK2,"{""email"":""alfred.kudzordzi@mdpi.gov.gh"",""role"":""mda_user"",""institutionId"":""ministry-of-employment-and-labour-relations"",""source"":""mda_users_import""}"
2026-09-02T22:52:15.965Z,,bulk-import-script,user_created,user,QLYkvvohBsO3F6DxrlArJPpkPJl2,"{""email"":""anthony.quansah@fairwages.gov.gh"",""role"":""mda_user"",""institutionId"":""ministry-of-employment-and-labour-relations"",""source"":""mda_users_import""}"
2026-09-02T22:52:18.171Z,,bulk-import-script,user_created,user,BAKOsFN0pcbl3Iakh5rqoJF97fk1,"{""email"":""charles.abbey@mdpi.gov.gh"",""role"":""mda_user"",""institutionId"":""ministry-of-employment-and-labour-relations"",""source"":""mda_users_import""}"
2026-09-02T22:52:20.016Z,,bulk-import-script,user_created,user,OOZwSsfwHvej5leEx3BjYTeNUOA2,"{""email"":""charles.agyei@dfi.gov.gh"",""role"":""mda_user"",""institutionId"":""ministry-of-employment-and-labour-relations"",""source"":""mda_users_import""}"
2026-09-02T22:52:22.272Z,,bulk-import-script,user_created,user,6QMMhW6R56OECJn3ur86sChBjYp1,"{""email"":""deborah.aboagye@melr.gov.gh"",""role"":""mda_user"",""institutionId"":""ministry-of-employment-and-labour-relations"",""source"":""mda_users_import""}"
2026-09-02T22:52:24.115Z,,bulk-import-script,user_created,user,fkpY6x2kMLTEAcjQzWrtpsty8xl1,"{""email"":""dollar.agbenu@fairwages.gov.gh"",""role"":""mda_user"",""institutionId"":""ministry-of-employment-and-labour-relations"",""source"":""mda_users_import""}"
2026-09-02T22:52:26.181Z,,bulk-import-script,user_created,user,GNb7PtnEnHRWqWoSnVojzqqXqdb2,"{""email"":""emmanuel.otutu@melr.gov.gh"",""role"":""mda_user"",""institutionId"":""ministry-of-employment-and-labour-relations"",""source"":""mda_users_import""}"
2026-09-02T22:52:28.026Z,,bulk-import-script,user_created,user,sLfGwqb5ZfSB7z5ofoThk2igzuJ2,"{""email"":""francinaad@gmail.com"",""role"":""mda_user"",""institutionId"":""ministry-of-employment-and-labour-relations"",""source"":""mda_users_import""}"
2026-09-02T22:52:29.886Z,,bulk-import-script,user_created,user,DhznFyl6JSV0EPb2PpPXQjdLUa32,"{""email"":""agyekumfranks08@gmail.com"",""role"":""mda_user"",""institutionId"":""ministry-of-employment-and-labour-relations"",""source"":""mda_users_import""}"
2026-09-02T22:52:31.749Z,,bulk-import-script,user_created,user,y1461UhcApdCbN8YkqbjEfpPNoE2,"{""email"":""george.degbor@dfi.gov.gh"",""role"":""mda_user"",""institutionId"":""ministry-of-employment-and-labour-relations"",""source"":""mda_users_import""}"
2026-09-02T22:52:33.615Z,,bulk-import-script,user_created,user,69kLXI1q3Hc3tmbz7tIlOHfhL702,"{""email"":""godwin.quansah@labourdepartment.gov.gh"",""role"":""mda_user"",""institutionId"":""ministry-of-employment-and-labour-relations"",""source"":""mda_users_import""}"
2026-09-02T22:52:35.435Z,,bulk-import-script,user_created,user,wSE4QAcKxqVezcyuuipZ90OX4i12,"{""email"":""gifty.tsatsu@melr.gov.gh"",""role"":""mda_user"",""institutionId"":""ministry-of-employment-and-labour-relations"",""source"":""mda_users_import""}"
2026-09-02T22:52:37.287Z,,bulk-import-script,user_created,user,6Czecid84faVRWTcpac1MpLszuH2,"{""email"":""harriet.banson@melr.gov.gh"",""role"":""mda_user"",""institutionId"":""ministry-of-employment-and-labour-relations"",""source"":""mda_users_import""}"
2026-09-02T22:52:39.120Z,,bulk-import-script,user_created,user,7K6qYb9LFbOGwrEo5cSBY5T6INZ2,"{""email"":""joysenyo@gmail.com"",""role"":""mda_user"",""institutionId"":""ministry-of-employment-and-labour-relations"",""source"":""mda_users_import""}"
2026-09-02T22:52:51.903Z,,bulk-import-script,user_created,user,5PJVxZFaT7cYh5cOuPCt1hg1l9j1,"{""email"":""leohesse04@gmail.com"",""role"":""mda_user"",""institutionId"":""ministry-of-employment-and-labour-relations"",""source"":""mda_users_import""}"
2026-09-02T22:52:54.089Z,,bulk-import-script,user_created,user,fn9IaMKDinQe23aVg0Mpuuu5YG43,"{""email"":""lawkuuem@gmail.com"",""role"":""mda_user"",""institutionId"":""ministry-of-employment-and-labour-relations"",""source"":""mda_users_import""}"
2026-09-02T22:52:55.986Z,,bulk-import-script,user_created,user,0KcbutVgLOVlWJ6dAtpNsz4olUw1,"{""email"":""lawrence.simpi@labourdepartment.gov.gh"",""role"":""mda_user"",""institutionId"":""ministry-of-employment-and-labour-relations"",""source"":""mda_users_import""}"
2026-09-02T22:52:57.863Z,,bulk-import-script,user_created,user,cbhpsnxRp8ccg8fSqmsnskLfWFF3,"{""email"":""matilda.aboagye@mdpi.gov.gh"",""role"":""mda_user"",""institutionId"":""ministry-of-employment-and-labour-relations"",""source"":""mda_users_import""}"
2026-09-02T22:52:59.767Z,,bulk-import-script,user_created,user,szfLwF4mBdcPlyDWhTrCCPrrW2f1,"{""email"":""misbriget@gmail.com"",""role"":""mda_user"",""institutionId"":""ministry-of-employment-and-labour-relations"",""source"":""mda_users_import""}"
2026-09-02T22:53:01.682Z,,bulk-import-script,user_created,user,PVr2BnoZ3AQ4UiJq2FiN1yXvo363,"{""email"":""rosemond.quansah@mdpi.gov.gh"",""role"":""mda_user"",""institutionId"":""ministry-of-employment-and-labour-relations"",""source"":""mda_users_import""}"
2026-09-02T22:53:03.693Z,,bulk-import-script,user_created,user,kfP2RfiTsFRhx5ZRSKNAT2DhvcC3,"{""email"":""asamoahnatty@gmail.com"",""role"":""mda_user"",""institutionId"":""ministry-of-employment-and-labour-relations"",""source"":""mda_users_import""}"
2026-09-02T22:53:05.591Z,,bulk-import-script,user_created,user,EFWnxHnk3Yem3szHhW3sUazuByC2,"{""email"":""nanaantwi2@gmail.com"",""role"":""mda_user"",""institutionId"":""ministry-of-employment-and-labour-relations"",""source"":""mda_users_import""}"
2026-09-02T22:53:07.468Z,,bulk-import-script,user_created,user,us52JmVkHNY6nr7svfpd4kVy0o82,"{""email"":""peter.prah@melr.gov.gh"",""role"":""mda_user"",""institutionId"":""ministry-of-employment-and-labour-relations"",""source"":""mda_users_import""}"
2026-09-02T22:53:09.433Z,,bulk-import-script,user_created,user,kpQGRG4RyuU6WeJJu5M3mHof5s63,"{""email"":""richard.nortey@dfi.gov.gh"",""role"":""mda_user"",""institutionId"":""ministry-of-employment-and-labour-relations"",""source"":""mda_users_import""}"
2026-09-02T22:53:11.362Z,,bulk-import-script,user_created,user,vpkFgCAwlxSJxUHk8yqQglwzJmH2,"{""email"":""hoffmanns62@yahoo.com"",""role"":""mda_user"",""institutionId"":""ministry-of-employment-and-labour-relations"",""source"":""mda_users_import""}"
2026-09-02T22:53:23.314Z,,bulk-import-script,user_created,user,m4Hcl3r3vRdv4KYsjnNCfSAD4eD3,"{""email"":""william.darlie@doc.gov.gh"",""role"":""mda_user"",""institutionId"":""ministry-of-employment-and-labour-relations"",""source"":""mda_users_import""}"
2026-09-02T22:53:25.760Z,,bulk-import-script,user_created,user,C01TtIV3iTddJ0U9Whj8GSMHaoI3,"{""email"":""zarideen.abubakar@melr.gov.gh"",""role"":""mda_user"",""institutionId"":""ministry-of-employment-and-labour-relations"",""source"":""mda_users_import""}"
2026-09-02T22:53:27.702Z,,bulk-import-script,user_created,user,g3uvB5RlxNMesuVNk9yxeQ0B3Ky2,"{""email"":""toni.aubynn@phdc.gov.gh"",""role"":""mda_user"",""institutionId"":""ministry-of-energy"",""source"":""mda_users_import""}"
2026-09-02T22:53:29.612Z,,bulk-import-script,user_created,user,P7uMTqxD1AWO2QFlsbFzupsqRmU2,"{""email"":""atakyiwa@energycom.gov.gh"",""role"":""mda_user"",""institutionId"":""ministry-of-energy"",""source"":""mda_users_import""}"
2026-09-02T22:53:31.991Z,,bulk-import-script,user_created,user,4fC0V9Rs7AeXNyk3N3drzPcLG7k1,"{""email"":""derrick.okai@phdc.gov.gh"",""role"":""mda_user"",""institutionId"":""ministry-of-energy"",""source"":""mda_users_import""}"
2026-09-02T22:53:33.842Z,,bulk-import-script,user_created,user,5x1EgbpmBEQ1yJDCq78gMzmUGdA3,"{""email"":""david.owusu@petrocom.gov.gh"",""role"":""mda_user"",""institutionId"":""ministry-of-energy"",""source"":""mda_users_import""}"
2026-09-02T22:53:35.673Z,,bulk-import-script,user_created,user,Rp5LiyxFIIUlYPQ6EndHVWvMEBs2,"{""email"":""elsie.lekettey@enrgymin.gov.gh"",""role"":""mda_user"",""institutionId"":""ministry-of-energy"",""source"":""mda_users_import""}"
2026-09-02T22:53:37.830Z,,bulk-import-script,user_created,user,LhjS7zwasdUB2nJvnhmwTAPDwJ42,"{""email"":""florence.awuku@energymin.gov.gh"",""role"":""mda_user"",""institutionId"":""ministry-of-energy"",""source"":""mda_users_import""}"
2026-09-02T22:53:39.719Z,,bulk-import-script,user_created,user,hHryQZ322ZYTCK14ubQ5fU7FUUd2,"{""email"":""george.addy-morton@petrocom.gov.gh"",""role"":""mda_user"",""institutionId"":""ministry-of-energy"",""source"":""mda_users_import""}"
2026-09-02T22:53:41.939Z,,bulk-import-script,user_created,user,Tu6w56PTPNX7CjJPSKUKI1Iy6ry2,"{""email"":""ghammond@energycom.gov.gh"",""role"":""mda_user"",""institutionId"":""ministry-of-energy"",""source"":""mda_users_import""}"
2026-09-02T22:53:44.068Z,,bulk-import-script,user_created,user,ILxGZ9VH4UYCA059hCDKovb0gWq2,"{""email"":""isaac.biney@energymin.gov.gh"",""role"":""mda_user"",""institutionId"":""ministry-of-energy"",""source"":""mda_users_import""}"
2026-09-02T22:53:45.866Z,,bulk-import-script,user_created,user,7Du5ALlWEyZwLQYXU8dyjYsTC3d2,"{""email"":""mantwi@npa.gov.gh"",""role"":""mda_user"",""institutionId"":""ministry-of-energy"",""source"":""mda_users_import""}"
2026-09-02T22:53:47.686Z,,bulk-import-script,user_created,user,ybkzxUriVAZifG338CmGuFSssAI2,"{""email"":""rabebrese@npa.gov"",""role"":""mda_user"",""institutionId"":""ministry-of-energy"",""source"":""mda_users_import""}"
2026-09-02T22:53:55.806Z,,bulk-import-script,user_created,user,Zphxr1eOD4aFWr3xPZ0lSWqetEH3,"{""email"":""exo.dir@nuclearpowergh.com"",""role"":""mda_user"",""institutionId"":""ministry-of-energy"",""source"":""mda_users_import""}"
2026-09-02T22:53:57.708Z,,bulk-import-script,user_created,user,UaLUJnws29RLm6mzR3X8dtSPTqL2,"{""email"":""solomon.adjetey@energymin.gov.gh"",""role"":""mda_user"",""institutionId"":""ministry-of-energy"",""source"":""mda_users_import""}"
2026-09-02T22:53:59.553Z,,bulk-import-script,user_created,user,ij188qYaLoUjB1l23JY1sULohRD3,"{""email"":""aliyata.uthman@mesti.gov.gh"",""role"":""mda_user"",""institutionId"":""ministry-of-environment-science-technology-and-innovation"",""source"":""mda_users_import""}"
2026-09-02T22:54:01.538Z,,bulk-import-script,user_created,user,bR6EOmCVvVS1yxK2p46HzgTBjLv1,"{""email"":""blaise.bokor@gaec.gov.gh"",""role"":""mda_user"",""institutionId"":""ministry-of-environment-science-technology-and-innovation"",""source"":""mda_users_import""}"
2026-09-02T22:54:03.739Z,,bulk-import-script,user_created,user,GDSH1WMk71d22eibxslOVsL0dzE3,"{""email"":""emmanuel.arthur@mesti.gov.gh"",""role"":""mda_user"",""institutionId"":""ministry-of-environment-science-technology-and-innovation"",""source"":""mda_users_import""}"
2026-09-02T22:54:05.623Z,,bulk-import-script,user_created,user,9noATgw0jsSA3SmUY3X3hQHV6Ur2,"{""email"":""efua.kayang@nra.gov.gh"",""role"":""mda_user"",""institutionId"":""ministry-of-environment-science-technology-and-innovation"",""source"":""mda_users_import""}"
2026-09-02T22:54:07.618Z,,bulk-import-script,user_created,user,tDNRETupMqVRwKywml2OcO58b3J3,"{""email"":""adu.essel77@gmail.com"",""role"":""mda_user"",""institutionId"":""ministry-of-environment-science-technology-and-innovation"",""source"":""mda_users_import""}"
2026-09-02T22:54:09.559Z,,bulk-import-script,user_created,user,XDUCGkCnObU3m2euW6KuAKwowpL2,"{""email"":""felix.atse@ewastefund.gov.gh"",""role"":""mda_user"",""institutionId"":""ministry-of-environment-science-technology-and-innovation"",""source"":""mda_users_import""}"
2026-09-02T22:54:11.423Z,,bulk-import-script,user_created,user,ImtipWcSKUW5BaWHIHnTx1xRThC2,"{""email"":""judah.odoom@epa.gov.gh"",""role"":""mda_user"",""institutionId"":""ministry-of-environment-science-technology-and-innovation"",""source"":""mda_users_import""}"
2026-09-02T22:54:13.325Z,,bulk-import-script,user_created,user,rWskFkZDjiZUo7EtH1mXUyhW5Gg1,"{""email"":""john.young@gaec.gov.gh"",""role"":""mda_user"",""institutionId"":""ministry-of-environment-science-technology-and-innovation"",""source"":""mda_users_import""}"
2026-09-02T22:54:15.186Z,,bulk-import-script,user_created,user,nmZ7WsxeoWP8uqDhjTK7h7sa3Y12,"{""email"":""kwesi.anderson@nba.gov.gh"",""role"":""mda_user"",""institutionId"":""ministry-of-environment-science-technology-and-innovation"",""source"":""mda_users_import""}"
2026-09-02T22:54:17.029Z,,bulk-import-script,user_created,user,qrAzCcmwMWYGJsyRfhbwH03cI233,"{""email"":""lydia.essuah@mesti.gov.gh"",""role"":""mda_user"",""institutionId"":""ministry-of-environment-science-technology-and-innovation"",""source"":""mda_users_import""}"
2026-09-02T22:54:18.922Z,,bulk-import-script,user_created,user,pnFWKSGaVIbno1mfjJEF9kcRoma2,"{""email"":""mary.amenuku@nra.gov.gh"",""role"":""mda_user"",""institutionId"":""ministry-of-environment-science-technology-and-innovation"",""source"":""mda_users_import""}"
2026-09-02T22:54:20.810Z,,bulk-import-script,user_created,user,qXiZEi0Cd9ekwgEJcRD12ZBQs2N2,"{""email"":""mabel.danquah@ewastefund.gov.gh"",""role"":""mda_user"",""institutionId"":""ministry-of-environment-science-technology-and-innovation"",""source"":""mda_users_import""}"
2026-09-02T22:54:22.708Z,,bulk-import-script,user_created,user,DCKKaxqTvye7SXb1eJo3jB8Q2R73,"{""email"":""nanayaw.ofori-agyei@epa.gov.gh"",""role"":""mda_user"",""institutionId"":""ministry-of-environment-science-technology-and-innovation"",""source"":""mda_users_import""}"
2026-09-02T22:54:30.800Z,,bulk-import-script,user_created,user,Lu0vZiXDaWV1d9Ui6xd72Ol3ZlS2,"{""email"":""fabalona@gmail.com"",""role"":""mda_user"",""institutionId"":""ministry-of-environment-science-technology-and-innovation"",""source"":""mda_users_import""}"
2026-09-02T22:54:33.048Z,,bulk-import-script,user_created,user,s88BIilLfScqUO2urdH68tz9jB13,"{""email"":""patrick.nomo@mesti.gov.gh"",""role"":""mda_user"",""institutionId"":""ministry-of-environment-science-technology-and-innovation"",""source"":""mda_users_import""}"
2026-09-02T22:54:35.519Z,,bulk-import-script,user_created,user,sDOrzpjl8maEU9tBtzfgR4chWCM2,"{""email"":""raymond.addo@mesti.gov.gh"",""role"":""mda_user"",""institutionId"":""ministry-of-environment-science-technology-and-innovation"",""source"":""mda_users_import""}"
2026-09-02T22:54:37.224Z,,bulk-import-script,user_created,user,epeSuAqToBTEVNe5AUQYdK03UQG2,"{""email"":""rachel.adjorkor@mesti.gov.gh"",""role"":""mda_user"",""institutionId"":""ministry-of-environment-science-technology-and-innovation"",""source"":""mda_users_import""}"
2026-09-02T22:54:38.837Z,,bulk-import-script,user_created,user,cJBjzCqmYyQKXK4avmcua3aXaMh2,"{""email"":""jacksonquansah@yahoo.com"",""role"":""mda_user"",""institutionId"":""ministry-of-environment-science-technology-and-innovation"",""source"":""mda_users_import""}"
2026-09-02T22:54:40.570Z,,bulk-import-script,user_created,user,CNDr0atdPUaYvGMVzquu17i3Zc22,"{""email"":""william.asamani-sarpong@nba.gov.gh"",""role"":""mda_user"",""institutionId"":""ministry-of-environment-science-technology-and-innovation"",""source"":""mda_users_import""}"
2026-09-02T22:54:42.213Z,,bulk-import-script,user_created,user,gwFE2JiwKJcKgE1GWJ9vwlhdDni2,"{""email"":""agnes.assan@fishcom.gov.gh"",""role"":""mda_user"",""institutionId"":""ministry-of-fisheries-aqua-culture-development"",""source"":""mda_users_import""}"
2026-09-02T22:54:43.889Z,,bulk-import-script,user_created,user,ybnL5VLx0rT1vFb2kcHIZR9hpQo1,"{""email"":""abednego.pappoe@fishcom.gov.gh"",""role"":""mda_user"",""institutionId"":""ministry-of-fisheries-aqua-culture-development"",""source"":""mda_users_import""}"
2026-09-02T22:54:45.529Z,,bulk-import-script,user_created,user,kjs2GPOsOGQw3Z7baq2sgpvbAiY2,"{""email"":""baidawu.fuad@mofad.gov.gh"",""role"":""mda_user"",""institutionId"":""ministry-of-fisheries-aqua-culture-development"",""source"":""mda_users_import""}"
2026-09-02T22:54:47.132Z,,bulk-import-script,user_created,user,4HO8RUK1ajOcpba77hWfnmUGAJg2,"{""email"":""charlotte.dadzie@mofad.gov.gh"",""role"":""mda_user"",""institutionId"":""ministry-of-fisheries-aqua-culture-development"",""source"":""mda_users_import""}"
2026-09-02T22:54:48.758Z,,bulk-import-script,user_created,user,4Mvw5CKMtyaTxOaNB4SHjlV1ldd2,"{""email"":""bronville12@gmail.com"",""role"":""mda_user"",""institutionId"":""ministry-of-fisheries-aqua-culture-development"",""source"":""mda_users_import""}"
2026-09-02T22:54:50.494Z,,bulk-import-script,user_created,user,MFBOrs0yD9cNBIz1qxQ02QUjwcv1,"{""email"":""diana.smith@npfs.gov.gh"",""role"":""mda_user"",""institutionId"":""ministry-of-fisheries-aqua-culture-development"",""source"":""mda_users_import""}"
2026-09-02T22:54:52.154Z,,bulk-import-script,user_created,user,hZFyquAsddSW9mFGwHCOnpABH4n2,"{""email"":""esther.amoah@mofad.gov.gh"",""role"":""mda_user"",""institutionId"":""ministry-of-fisheries-aqua-culture-development"",""source"":""mda_users_import""}"
2026-09-02T22:54:54.711Z,,bulk-import-script,user_created,user,NL1sP5zeIhei3aJiAm5J7oAtECv1,"{""email"":""eric.baah@mofad.gov.gh"",""role"":""mda_user"",""institutionId"":""ministry-of-fisheries-aqua-culture-development"",""source"":""mda_users_import""}"
2026-09-02T22:54:56.312Z,,bulk-import-script,user_created,user,mp6AikFnErdIdqp62U9r9KiPH2z2,"{""email"":""fred.antwi-boadu@fishcom.gov.gh"",""role"":""mda_user"",""institutionId"":""ministry-of-fisheries-aqua-culture-development"",""source"":""mda_users_import""}"
2026-09-02T22:54:57.922Z,,bulk-import-script,user_created,user,pEWUv6fR7GOkmn6J0H6d02IoUVN2,"{""email"":""fred.ayornu-lansea@mofad.gov.gh"",""role"":""mda_user"",""institutionId"":""ministry-of-fisheries-aqua-culture-development"",""source"":""mda_users_import""}"
2026-09-02T22:54:59.637Z,,bulk-import-script,user_created,user,V6jIV5A6ldWnSkFP7YGfPH8bEzO2,"{""email"":""fuseina.shaibu@fishcom.gov.gh"",""role"":""mda_user"",""institutionId"":""ministry-of-fisheries-aqua-culture-development"",""source"":""mda_users_import""}"
2026-09-02T22:55:08.555Z,,bulk-import-script,user_created,user,7zgPqNNq46MdjjQXsALBxaPvO4b2,"{""email"":""isaac.aidoo@fishcom.gov.gh"",""role"":""mda_user"",""institutionId"":""ministry-of-fisheries-aqua-culture-development"",""source"":""mda_users_import""}"
2026-09-02T22:55:10.434Z,,bulk-import-script,user_created,user,ZegOKQOFxZXlosC8ExiPFxr2lzk1,"{""email"":""isaiah.kwofie@fishcom.gov.gh"",""role"":""mda_user"",""institutionId"":""ministry-of-fisheries-aqua-culture-development"",""source"":""mda_users_import""}"
2026-09-02T22:55:12.278Z,,bulk-import-script,user_created,user,lHtzF6WBsHUuFfb6OqsZtYg3H9r2,"{""email"":""james.ayarik@fishcom.gov.gh"",""role"":""mda_user"",""institutionId"":""ministry-of-fisheries-aqua-culture-development"",""source"":""mda_users_import""}"
2026-09-02T22:55:14.264Z,,bulk-import-script,user_created,user,ImzBHrpMlhQofIx2tZRKDLmtRTI3,"{""email"":""joseph.ennin@fishcom.gov.gh"",""role"":""mda_user"",""institutionId"":""ministry-of-fisheries-aqua-culture-development"",""source"":""mda_users_import""}"
2026-09-02T22:55:16.131Z,,bulk-import-script,user_created,user,QgC0AHIyChSdNPeg0HCp7GmXFvH2,"{""email"":""justiceaddel@gmail.com"",""role"":""mda_user"",""institutionId"":""ministry-of-fisheries-aqua-culture-development"",""source"":""mda_users_import""}"
2026-09-02T22:55:17.881Z,,bulk-import-script,user_created,user,lREAEuXDspRFaD56DfScIrnJva43,"{""email"":""akpene.feakpi@fishcom.gov.gh"",""role"":""mda_user"",""institutionId"":""ministry-of-fisheries-aqua-culture-development"",""source"":""mda_users_import""}"
2026-09-02T22:55:19.754Z,,bulk-import-script,user_created,user,AEZajdHmOoRS4JwYfrHKhOSBkn43,"{""email"":""kwasi.owusu-sekyere@mofad.gov.gh"",""role"":""mda_user"",""institutionId"":""ministry-of-fisheries-aqua-culture-development"",""source"":""mda_users_import""}"
2026-09-02T22:55:21.582Z,,bulk-import-script,user_created,user,zgSVpHIp0EWlRSWfjpQrfWUlnm83,"{""email"":""marian.kpakpah@mofad.gov.gh"",""role"":""mda_user"",""institutionId"":""ministry-of-fisheries-aqua-culture-development"",""source"":""mda_users_import""}"
2026-09-02T22:56:23.210Z,,bulk-import-script,user_created,user,zgSVpHIp0EWlRSWfjpQrfWUlnm83,"{""email"":""marian.kpakpah@mofad.gov.gh"",""role"":""mda_user"",""institutionId"":""ministry-of-fisheries-aqua-culture-development"",""source"":""mda_users_import""}"
2026-09-02T22:56:25.236Z,,bulk-import-script,user_created,user,FnLSrPXJEjcbx7OHrYJidfBzZ6p2,"{""email"":""margaret.narh-josiah@fishcom.gov.gh"",""role"":""mda_user"",""institutionId"":""ministry-of-fisheries-aqua-culture-development"",""source"":""mda_users_import""}"
2026-09-02T22:56:27.295Z,,bulk-import-script,user_created,user,3wuL4XO4Q7XPlBoAnHECn0lmcbc2,"{""email"":""nichole.abbey@fishcom.gov.gh"",""role"":""mda_user"",""institutionId"":""ministry-of-fisheries-aqua-culture-development"",""source"":""mda_users_import""}"
2026-09-02T22:56:29.149Z,,bulk-import-script,user_created,user,ZOmpF1VRVvaRaCxcJwE1ZywxArS2,"{""email"":""nana.abrokwa@npfs.gov.gh"",""role"":""mda_user"",""institutionId"":""ministry-of-fisheries-aqua-culture-development"",""source"":""mda_users_import""}"
2026-09-02T22:56:31.002Z,,bulk-import-script,user_created,user,BsFTRgfd5XStYKFkz3ZY1ydJj6v1,"{""email"":""prosper.agbenu@npfs.gov.gh"",""role"":""mda_user"",""institutionId"":""ministry-of-fisheries-aqua-culture-development"",""source"":""mda_users_import""}"
2026-09-02T22:56:32.915Z,,bulk-import-script,user_created,user,M8imB8ZGdZSPwT5A3WhsZrC9Tra2,"{""email"":""ruth.can@mofad.gov.gh"",""role"":""mda_user"",""institutionId"":""ministry-of-fisheries-aqua-culture-development"",""source"":""mda_users_import""}"
2026-09-02T22:56:34.823Z,,bulk-import-script,user_created,user,facUfEW6lZM2dB28TCfWrcs4wOV2,"{""email"":""sheila.letsa@fishcom.gov.gh"",""role"":""mda_user"",""institutionId"":""ministry-of-fisheries-aqua-culture-development"",""source"":""mda_users_import""}"
2026-09-02T22:56:36.722Z,,bulk-import-script,user_created,user,19UloTiNr6QUz9QkMQLDVAtVqfn1,"{""email"":""samuel.oteng@mofad.gov.gh"",""role"":""mda_user"",""institutionId"":""ministry-of-fisheries-aqua-culture-development"",""source"":""mda_users_import""}"
2026-09-02T22:56:38.608Z,,bulk-import-script,user_created,user,9eD8fPspxyRd6q0HGcRXiJ3MlEG3,"{""email"":""vicalam@rocketmail.com"",""role"":""mda_user"",""institutionId"":""ministry-of-food-and-agriculture"",""source"":""mda_users_import""}"
2026-09-02T22:56:40.481Z,,bulk-import-script,user_created,user,VajHCnjFhabBiRm7vQDeVkMJzEs1,"{""email"":""bhtaahir24@gmail.com"",""role"":""mda_user"",""institutionId"":""ministry-of-food-and-agriculture"",""source"":""mda_users_import""}"
2026-09-02T22:56:50.089Z,,bulk-import-script,user_created,user,zrtkjKJSoTeXsDFHFR9WUdm7V393,"{""email"":""ebenezer.arthur@mofa.gov.gh"",""role"":""mda_user"",""institutionId"":""ministry-of-food-and-agriculture"",""source"":""mda_users_import""}"
2026-09-02T22:56:52.538Z,,bulk-import-script,user_created,user,4WbOPFpz6MUIU0q4NIXGxpL7B642,"{""email"":""emmadadzie99@gmail.com"",""role"":""mda_user"",""institutionId"":""ministry-of-food-and-agriculture"",""source"":""mda_users_import""}"
2026-09-02T22:56:54.869Z,,bulk-import-script,user_created,user,zz4ZhtLKFJdddrMR4Z8xdSYtrv23,"{""email"":""mne1mrannan@yahoo.com"",""role"":""mda_user"",""institutionId"":""ministry-of-food-and-agriculture"",""source"":""mda_users_import""}"
2026-09-02T22:56:57.066Z,,bulk-import-script,user_created,user,7GxaWQp1d4MzB9UUoEcFxRse50N2,"{""email"":""armahjenny@gmail.com"",""role"":""mda_user"",""institutionId"":""ministry-of-food-and-agriculture"",""source"":""mda_users_import""}"
2026-09-02T22:56:59.245Z,,bulk-import-script,user_created,user,FPxJD5BxOqQaGnX2Zq7uCiah6Gd2,"{""email"":""josephinesarpong73@gmail.com"",""role"":""mda_user"",""institutionId"":""ministry-of-food-and-agriculture"",""source"":""mda_users_import""}"
2026-09-02T22:57:01.150Z,,bulk-import-script,user_created,user,GjmJw6AcRtMdwRTo8TzO8lnhmw32,"{""email"":""kamilmahama@gmail.com"",""role"":""mda_user"",""institutionId"":""ministry-of-food-and-agriculture"",""source"":""mda_users_import""}"
2026-09-02T22:57:03.088Z,,bulk-import-script,user_created,user,xZ39B3xkWhbwG0U2mET1s4o92fk1,"{""email"":""maudkyeth@gmail.com"",""role"":""mda_user"",""institutionId"":""ministry-of-food-and-agriculture"",""source"":""mda_users_import""}"
2026-09-02T22:57:05.352Z,,bulk-import-script,user_created,user,1QauCPofjgccAa1RVxIyqvH37vd2,"{""email"":""nuhuibrahim@gmail.com"",""role"":""mda_user"",""institutionId"":""ministry-of-food-and-agriculture"",""source"":""mda_users_import""}"
2026-09-02T22:57:07.433Z,,bulk-import-script,user_created,user,U8wEhRTifzO5xnoPpsiN81eEihG3,"{""email"":""bright.ayim-adomako@mfa.gov.gh"",""role"":""mda_user"",""institutionId"":""ministry-of-foreign-affairs-and-regional-integration"",""source"":""mda_users_import""}"
2026-09-02T22:57:09.624Z,,bulk-import-script,user_created,user,kDF6i0hdsNhh44x8xYsGwICbz0k1,"{""email"":""baffour.kyei@mfa.gov.gh"",""role"":""mda_user"",""institutionId"":""ministry-of-foreign-affairs-and-regional-integration"",""source"":""mda_users_import""}"
2026-09-02T22:57:11.684Z,,bulk-import-script,user_created,user,jcpwYAoMs6baZgd1fdhMSnpDogQ2,"{""email"":""charles.buabeng@mfa.gov.gh"",""role"":""mda_user"",""institutionId"":""ministry-of-foreign-affairs-and-regional-integration"",""source"":""mda_users_import""}"
2026-09-02T22:57:13.515Z,,bulk-import-script,user_created,user,BlaQZz1RqjWE65GIzscM8omS2HW2,"{""email"":""irene.danquah@mfa.gov.gh"",""role"":""mda_user"",""institutionId"":""ministry-of-foreign-affairs-and-regional-integration"",""source"":""mda_users_import""}"
2026-09-02T22:57:15.584Z,,bulk-import-script,user_created,user,jDdAVhPF3qNMjWGYsFNX8hNA7mK2,"{""email"":""linda.dottey@mfa.gov.gh"",""role"":""mda_user"",""institutionId"":""ministry-of-foreign-affairs-and-regional-integration"",""source"":""mda_users_import""}"
2026-09-02T22:57:17.467Z,,bulk-import-script,user_created,user,bXsaMtfwmOb1Rr6OsP3djypbtcr2,"{""email"":""mary.avarade@mfa.gov.gh"",""role"":""mda_user"",""institutionId"":""ministry-of-foreign-affairs-and-regional-integration"",""source"":""mda_users_import""}"
2026-09-02T22:57:26.747Z,,bulk-import-script,user_created,user,g9lEIyrNrJUuiCTvNj0AW9fhMku1,"{""email"":""robert.kotei@mfa.gov.gh"",""role"":""mda_user"",""institutionId"":""ministry-of-foreign-affairs-and-regional-integration"",""source"":""mda_users_import""}"
2026-09-02T22:57:28.685Z,,bulk-import-script,user_created,user,IX6Ofm43nSZmBKI53WhdT16LJlx2,"{""email"":""sarah.nelson@mfa.gov.gh"",""role"":""mda_user"",""institutionId"":""ministry-of-foreign-affairs-and-regional-integration"",""source"":""mda_users_import""}"
2026-09-02T22:57:30.604Z,,bulk-import-script,user_created,user,QCYUwidP0gTlcPqlWmQ0r8GYGJv1,"{""email"":""mag.gilbert@yahoo.com"",""role"":""mda_user"",""institutionId"":""ministry-of-gender-children-and-social-protection"",""source"":""mda_users_import""}"
2026-09-02T22:57:32.459Z,,bulk-import-script,user_created,user,RdzwDt50DcajJ9F5OWcMi2p8fYI3,"{""email"":""afisah.zakariah@mogcsp.gov.gh"",""role"":""mda_user"",""institutionId"":""ministry-of-gender-children-and-social-protection"",""source"":""mda_users_import""}"
2026-09-02T22:57:34.503Z,,bulk-import-script,user_created,user,7KPiksgeoRSRYUzWoqNyp6mLPW43,"{""email"":""francis.dorkenoo@mogcsp.gov.gh"",""role"":""mda_user"",""institutionId"":""ministry-of-gender-children-and-social-protection"",""source"":""mda_users_import""}"
2026-09-02T22:57:36.488Z,,bulk-import-script,user_created,user,t1fYrQZQXmOiMJGryEasPg0ZUWg1,"{""email"":""florence.quartey@mogcsp.gov.gh"",""role"":""mda_user"",""institutionId"":""ministry-of-gender-children-and-social-protection"",""source"":""mda_users_import""}"
2026-09-02T22:57:38.313Z,,bulk-import-script,user_created,user,IT6org2vvkR2dMyzrsWX2MPglmo2,"{""email"":""genyah@ncpd.gov.gh"",""role"":""mda_user"",""institutionId"":""ministry-of-gender-children-and-social-protection"",""source"":""mda_users_import""}"
2026-09-02T22:57:40.265Z,,bulk-import-script,user_created,user,KvDd5ENdbrYsDYyRy6kdeeF9lyt1,"{""email"":""kitty.okyere@mogcsp.gov.gh"",""role"":""mda_user"",""institutionId"":""ministry-of-gender-children-and-social-protection"",""source"":""mda_users_import""}"
2026-09-02T22:57:42.051Z,,bulk-import-script,user_created,user,UmMs29LWX1YDImMHDT8PrTJg6F33,"{""email"":""dswbudgetunit@gmail.com"",""role"":""mda_user"",""institutionId"":""ministry-of-gender-children-and-social-protection"",""source"":""mda_users_import""}"
2026-09-02T22:57:43.902Z,,bulk-import-script,user_created,user,FKgH3gBsyzYSip1sDZHgsej0NwC3,"{""email"":""prince.attoh-okine@mogcsp.gov.gh"",""role"":""mda_user"",""institutionId"":""ministry-of-gender-children-and-social-protection"",""source"":""mda_users_import""}"
2026-09-02T22:57:45.740Z,,bulk-import-script,user_created,user,v2FBkN7Ox2R0uyvfKKQIWAXdXLk1,"{""email"":""vincent.yebiah-asuamah@mogcsp.gov.gh"",""role"":""mda_user"",""institutionId"":""ministry-of-gender-children-and-social-protection"",""source"":""mda_users_import""}"
2026-09-02T22:57:47.614Z,,bulk-import-script,user_created,user,r6YIeuWuxfeze6fGkh8t0XK96zL2,"{""email"":""amin-abdul.rahaman@mlgrd.gov.gh"",""role"":""mda_user"",""institutionId"":""ministry-of-local-government"",""source"":""mda_users_import""}"
2026-09-02T22:57:49.474Z,,bulk-import-script,user_created,user,kub8p0Y6XPbOXVlJvMtZ9HH554t1,"{""email"":""abigail.amankwah@luspa.gov.gh"",""role"":""mda_user"",""institutionId"":""ministry-of-local-government"",""source"":""mda_users_import""}"
2026-09-02T22:57:51.319Z,,bulk-import-script,user_created,user,K9N2zcQdjMM0gIZtmiNL1CaYQnk1,"{""email"":""abena.apeaa@luspa.gov.gh"",""role"":""mda_user"",""institutionId"":""ministry-of-local-government"",""source"":""mda_users_import""}"
2026-09-02T22:57:53.186Z,,bulk-import-script,user_created,user,P2oPjfHYQxMEXE3GiGazS30mYWi2,"{""email"":""adwoakwakye2020@gmail.com"",""role"":""mda_user"",""institutionId"":""ministry-of-local-government"",""source"":""mda_users_import""}"
2026-09-02T22:58:54.384Z,,bulk-import-script,user_created,user,P2oPjfHYQxMEXE3GiGazS30mYWi2,"{""email"":""adwoakwakye2020@gmail.com"",""role"":""mda_user"",""institutionId"":""ministry-of-local-government"",""source"":""mda_users_import""}"
2026-09-02T22:58:57.102Z,,bulk-import-script,user_created,user,S3k8PHWvTrbe2xxd9AUnGCPoNg03,"{""email"":""nanaprempehalbert@gmail.com"",""role"":""mda_user"",""institutionId"":""ministry-of-local-government"",""source"":""mda_users_import""}"
2026-09-02T22:58:59.352Z,,bulk-import-script,user_created,user,0sQ56AXIPlPk1CUsS1ejEi2aP102,"{""email"":""saeedayisha1@gmail.com"",""role"":""mda_user"",""institutionId"":""ministry-of-local-government"",""source"":""mda_users_import""}"
2026-09-02T22:59:01.631Z,,bulk-import-script,user_created,user,TxHtjHK5Tng7WTybMRQZKR7zBi73,"{""email"":""bkdarkey@yahoo.com"",""role"":""mda_user"",""institutionId"":""ministry-of-local-government"",""source"":""mda_users_import""}"
2026-09-02T22:59:03.951Z,,bulk-import-script,user_created,user,UT3oPMSrKxPTupA2KqofoZ36wLL2,"{""email"":""barikisurazak90@gmail.com"",""role"":""mda_user"",""institutionId"":""ministry-of-local-government"",""source"":""mda_users_import""}"
2026-09-02T22:59:06.281Z,,bulk-import-script,user_created,user,Vrhmm2R4mObV6B1t6WMtNfF36442,"{""email"":""lawoe.bright@northernrcc.gov.gh"",""role"":""mda_user"",""institutionId"":""ministry-of-local-government"",""source"":""mda_users_import""}"
2026-09-02T22:59:08.558Z,,bulk-import-script,user_created,user,sxpUJKjX7bRHthE0hImT0xmNH3u1,"{""email"":""rashmufti653@gmail.com"",""role"":""mda_user"",""institutionId"":""ministry-of-local-government"",""source"":""mda_users_import""}"
2026-09-02T22:59:11.026Z,,bulk-import-script,user_created,user,BSob1OXS0hRKOc5IqxMkDaCsfxs2,"{""email"":""danielkadams@yahoo.com"",""role"":""mda_user"",""institutionId"":""ministry-of-local-government"",""source"":""mda_users_import""}"
2026-09-02T22:59:13.281Z,,bulk-import-script,user_created,user,UkmvVji9cZdpub4RlgypoGA5M7y1,"{""email"":""desskasante@gmail.com"",""role"":""mda_user"",""institutionId"":""ministry-of-local-government"",""source"":""mda_users_import""}"
2026-09-02T22:59:15.669Z,,bulk-import-script,user_created,user,sI2np3Cgs9hdAT2gwIqSB2cYDFm1,"{""email"":""dorcas.jagri9@gmail.com"",""role"":""mda_user"",""institutionId"":""ministry-of-local-government"",""source"":""mda_users_import""}"
2026-09-02T22:59:17.917Z,,bulk-import-script,user_created,user,BDckEUfuEvhFfPCJ01hMNRiB42W2,"{""email"":""danielkpodo24@gmail.com"",""role"":""mda_user"",""institutionId"":""ministry-of-local-government"",""source"":""mda_users_import""}"
2026-09-02T22:59:20.204Z,,bulk-import-script,user_created,user,hcrVg1UCE0OWzDACfCbQqakJoQ82,"{""email"":""dlokko6@gmail.com"",""role"":""mda_user"",""institutionId"":""ministry-of-local-government"",""source"":""mda_users_import""}"
2026-09-02T22:59:22.523Z,,bulk-import-script,user_created,user,OVt9ResbgReKKSOgxn2rIrO7orX2,"{""email"":""ndavidera@gmail.com"",""role"":""mda_user"",""institutionId"":""ministry-of-local-government"",""source"":""mda_users_import""}"
2026-09-02T22:59:24.764Z,,bulk-import-script,user_created,user,jlNSE8FavAckQHdzmR5rFvdC1Vm2,"{""email"":""dannyshalom39@gmail.com"",""role"":""mda_user"",""institutionId"":""ministry-of-local-government"",""source"":""mda_users_import""}"
2026-09-02T22:59:27.112Z,,bulk-import-script,user_created,user,tf5hbRBiarhjATTJyIkNVHT8CFH2,"{""email"":""eamoakoboateng@gmail.com"",""role"":""mda_user"",""institutionId"":""ministry-of-local-government"",""source"":""mda_users_import""}"
2026-09-02T22:59:29.332Z,,bulk-import-script,user_created,user,rjjGjNG0PUb2IVmTOgZyipf7UYJ2,"{""email"":""estherres34@gmail.com"",""role"":""mda_user"",""institutionId"":""ministry-of-local-government"",""source"":""mda_users_import""}"
2026-09-02T22:59:31.629Z,,bulk-import-script,user_created,user,gs3jLvnU1GfEs5dpD2BjBHNgFMi1,"{""email"":""emmanuel.nartey@lgs.gov.gh"",""role"":""mda_user"",""institutionId"":""ministry-of-local-government"",""source"":""mda_users_import""}"
2026-09-02T22:59:41.376Z,,bulk-import-script,user_created,user,fcV1ZHsDGKM32Eih5BZo568wyaZ2,"{""email"":""oppongellis06@yahoo.com"",""role"":""mda_user"",""institutionId"":""ministry-of-local-government"",""source"":""mda_users_import""}"
2026-09-02T22:59:43.650Z,,bulk-import-script,user_created,user,4GXgTwfikKR3SRFV5OO2wpmdYJx2,"{""email"":""obenewaa.otchere@bdr.gov.gh"",""role"":""mda_user"",""institutionId"":""ministry-of-local-government"",""source"":""mda_users_import""}"
2026-09-02T22:59:45.972Z,,bulk-import-script,user_created,user,n6VNlx8zAle1EokS7CWqQ3SAwy73,"{""email"":""asarefrancis15@yahoo.com"",""role"":""mda_user"",""institutionId"":""ministry-of-local-government"",""source"":""mda_users_import""}"
2026-09-02T22:59:48.318Z,,bulk-import-script,user_created,user,07DaeNHB6yRXdVY6Nzn4XPjG7DP2,"{""email"":""freda.faah@mlgrd.gov.gh"",""role"":""mda_user"",""institutionId"":""ministry-of-local-government"",""source"":""mda_users_import""}"
2026-09-02T22:59:50.529Z,,bulk-import-script,user_created,user,ErURnv3n9Nh3gMubqdUkCdTY1Pi1,"{""email"":""frederick.ofasi@mlgcra.gov.gh"",""role"":""mda_user"",""institutionId"":""ministry-of-local-government"",""source"":""mda_users_import""}"
2026-09-02T22:59:52.781Z,,bulk-import-script,user_created,user,YfQD8uLyzEXWsQgyNepMykO2Ntj1,"{""email"":""abachiegrace@gmail.com"",""role"":""mda_user"",""institutionId"":""ministry-of-local-government"",""source"":""mda_users_import""}"
2026-09-02T22:59:55.026Z,,bulk-import-script,user_created,user,3apFf9IDFncwWT244KhloG2JsQG2,"{""email"":""dynanickyden@gmail.com"",""role"":""mda_user"",""institutionId"":""ministry-of-local-government"",""source"":""mda_users_import""}"
2026-09-02T22:59:57.239Z,,bulk-import-script,user_created,user,c373onaDiAOqF3ENdn8WYRDRiDC2,"{""email"":""hawulatu.issah@mlgcra.gov.gh"",""role"":""mda_user"",""institutionId"":""ministry-of-local-government"",""source"":""mda_users_import""}"
2026-09-02T22:59:59.487Z,,bulk-import-script,user_created,user,yjpeCumUKye5FWOZFfNADH5efxb2,"{""email"":""mahamud20@yahoo.com"",""role"":""mda_user"",""institutionId"":""ministry-of-local-government"",""source"":""mda_users_import""}"
2026-09-02T23:00:01.776Z,,bulk-import-script,user_created,user,SumRn02G6pSsLcGRnB6bPBfWilF2,"{""email"":""joedescargill1@gmail.com"",""role"":""mda_user"",""institutionId"":""ministry-of-local-government"",""source"":""mda_users_import""}"
2026-09-02T23:00:04.078Z,,bulk-import-script,user_created,user,AWu6JCAyjzOhbWsIeuuFIzNx7OE3,"{""email"":""iris.odametey@gmail.com"",""role"":""mda_user"",""institutionId"":""ministry-of-local-government"",""source"":""mda_users_import""}"
2026-09-02T23:00:06.328Z,,bulk-import-script,user_created,user,xpayNY7mgAQUVorBeWrrfF8niFu1,"{""email"":""ampemdarkojohn@yahoo.com"",""role"":""mda_user"",""institutionId"":""ministry-of-local-government"",""source"":""mda_users_import""}"
2026-09-02T23:00:08.811Z,,bulk-import-script,user_created,user,34B64DEmuPcfbrwWpI6sp2rA8rO2,"{""email"":""josiah.commodore@lgs.gov.gh"",""role"":""mda_user"",""institutionId"":""ministry-of-local-government"",""source"":""mda_users_import""}"
2026-09-02T23:01:09.320Z,,bulk-import-script,user_created,user,34B64DEmuPcfbrwWpI6sp2rA8rO2,"{""email"":""josiah.commodore@lgs.gov.gh"",""role"":""mda_user"",""institutionId"":""ministry-of-local-government"",""source"":""mda_users_import""}"
2026-09-02T23:01:11.861Z,,bulk-import-script,user_created,user,mtZQUNsImsVeH01imzqFBWzRdbQ2,"{""email"":""jdabuoa@yahoo.com"",""role"":""mda_user"",""institutionId"":""ministry-of-local-government"",""source"":""mda_users_import""}"
2026-09-02T23:01:14.173Z,,bulk-import-script,user_created,user,ED5uqtm6MidlHdMgVyqfX30ILyu2,"{""email"":""joshuamireku13@gmail.com"",""role"":""mda_user"",""institutionId"":""ministry-of-local-government"",""source"":""mda_users_import""}"
2026-09-02T23:01:16.482Z,,bulk-import-script,user_created,user,ns5B9iYEcdVzp4GUp4AEiDCqAp43,"{""email"":""phycotay@yahoo.co.uk"",""role"":""mda_user"",""institutionId"":""ministry-of-local-government"",""source"":""mda_users_import""}"
2026-09-02T23:01:18.791Z,,bulk-import-script,user_created,user,00Em9O7tUngbMB9CuZ4s8RUbqoL2,"{""email"":""moisobdubik@yahoo.com"",""role"":""mda_user"",""institutionId"":""ministry-of-local-government"",""source"":""mda_users_import""}"
2026-09-02T23:01:21.064Z,,bulk-import-script,user_created,user,0V4I0Jq4lff2NnsGmOhewyhNe893,"{""email"":""mahamudharuna123@gmail.com"",""role"":""mda_user"",""institutionId"":""ministry-of-local-government"",""source"":""mda_users_import""}"
2026-09-02T23:01:23.403Z,,bulk-import-script,user_created,user,5zBiFuVt2dXYCnKCEe5prL6ehpp1,"{""email"":""niidjeshiedouglas@yahoo.com"",""role"":""mda_user"",""institutionId"":""ministry-of-local-government"",""source"":""mda_users_import""}"
2026-09-02T23:02:24.940Z,,bulk-import-script,user_created,user,5zBiFuVt2dXYCnKCEe5prL6ehpp1,"{""email"":""niidjeshiedouglas@yahoo.com"",""role"":""mda_user"",""institutionId"":""ministry-of-local-government"",""source"":""mda_users_import""}"
2026-09-02T23:02:27.774Z,,bulk-import-script,user_created,user,maLP68fj5AS7Fx8kReoMyx47D9z2,"{""email"":""oseisefagideaon@gmail.com"",""role"":""mda_user"",""institutionId"":""ministry-of-local-government"",""source"":""mda_users_import""}"
2026-09-02T23:02:30.129Z,,bulk-import-script,user_created,user,UMExryJSejSWtjkfvNy8Vlkvh2I2,"{""email"":""prince.adu-boafo@easternregion.gov.gh"",""role"":""mda_user"",""institutionId"":""ministry-of-local-government"",""source"":""mda_users_import""}"
2026-09-02T23:02:32.437Z,,bulk-import-script,user_created,user,VfMrTB78X2grK0DbHC82Nz9oZK72,"{""email"":""ramgnine@gmail.com"",""role"":""mda_user"",""institutionId"":""ministry-of-local-government"",""source"":""mda_users_import""}"
2026-09-02T23:02:34.955Z,,bulk-import-script,user_created,user,O6BWup4sRtdL2XhRAL1FGiEO8pc2,"{""email"":""priscilla.attipoe@mlgcra.gov.gh"",""role"":""mda_user"",""institutionId"":""ministry-of-local-government"",""source"":""mda_users_import""}"
2026-09-02T23:02:37.256Z,,bulk-import-script,user_created,user,4lAG3HoVMEWxCGI6USZ99Vq4MC43,"{""email"":""addprince1@gmail.com"",""role"":""mda_user"",""institutionId"":""ministry-of-local-government"",""source"":""mda_users_import""}"
2026-09-02T23:02:50.055Z,,bulk-import-script,user_created,user,JNryThkmXjePUX4frjOcAf0Xms92,"{""email"":""pbissiw@gmail.com"",""role"":""mda_user"",""institutionId"":""ministry-of-local-government"",""source"":""mda_users_import""}"
2026-09-02T23:02:52.350Z,,bulk-import-script,user_created,user,DYQ38F1Z44hFS2SfT7vh5IwVbLC2,"{""email"":""ziempee@gmail.com"",""role"":""mda_user"",""institutionId"":""ministry-of-local-government"",""source"":""mda_users_import""}"
2026-09-02T23:02:55.433Z,,bulk-import-script,user_created,user,YbmqCmSUdgSAdPEEJvRDK9cpO6k1,"{""email"":""owusufrimpong_p@yahoo.com"",""role"":""mda_user"",""institutionId"":""ministry-of-local-government"",""source"":""mda_users_import""}"
2026-09-02T23:02:57.836Z,,bulk-import-script,user_created,user,O9LNAX1a0GayieR1rRQPw6A2r9H2,"{""email"":""patricksenagah@yahoo.com"",""role"":""mda_user"",""institutionId"":""ministry-of-local-government"",""source"":""mda_users_import""}"
2026-09-02T23:03:00.180Z,,bulk-import-script,user_created,user,t4XBsJdO0YPMTuc0psradcVUxZv2,"{""email"":""ruth.agyeman@arcc.gov.gh"",""role"":""mda_user"",""institutionId"":""ministry-of-local-government"",""source"":""mda_users_import""}"
2026-09-02T23:03:02.498Z,,bulk-import-script,user_created,user,i9XSmtSJ7ibUM2zYZJIDegXDyEz2,"{""email"":""rodadenis@yahoo.co.uk"",""role"":""mda_user"",""institutionId"":""ministry-of-local-government"",""source"":""mda_users_import""}"
2026-09-02T23:03:04.858Z,,bulk-import-script,user_created,user,vxGKuPpSDOYqpjOvMC4PLu3uGpo1,"{""email"":""roberta.ampadu@lgs.gov.gh"",""role"":""mda_user"",""institutionId"":""ministry-of-local-government"",""source"":""mda_users_import""}"
2026-09-02T23:03:07.247Z,,bulk-import-script,user_created,user,xaaotM6eOCRSQSkGETFAEKOdo682,"{""email"":""sammydarrah@yahoo.com"",""role"":""mda_user"",""institutionId"":""ministry-of-local-government"",""source"":""mda_users_import""}"
2026-09-02T23:03:09.621Z,,bulk-import-script,user_created,user,vbkAGXTi2rZXBtgdyTYhbkvbimG3,"{""email"":""sarah.boamahduah@lgs.gov.gh"",""role"":""mda_user"",""institutionId"":""ministry-of-local-government"",""source"":""mda_users_import""}"
2026-09-02T23:03:12.092Z,,bulk-import-script,user_created,user,lQUvEy1QF1ZI5kybdZ8vmTc7Cln1,"{""email"":""sethkpodji@gmail.com"",""role"":""mda_user"",""institutionId"":""ministry-of-local-government"",""source"":""mda_users_import""}"
2026-09-02T23:03:14.388Z,,bulk-import-script,user_created,user,4EJ6A7luK3SQupx1jxASzuISIqm2,"{""email"":""joelarbi72@gmail.com"",""role"":""mda_user"",""institutionId"":""ministry-of-local-government"",""source"":""mda_users_import""}"
2026-09-02T23:03:16.732Z,,bulk-import-script,user_created,user,P53u0SRETyTqcSPS9R3pl6BCuXD2,"{""email"":""samuel_ff@yahoo.com"",""role"":""mda_user"",""institutionId"":""ministry-of-local-government"",""source"":""mda_users_import""}"
2026-09-02T23:03:31.153Z,,bulk-import-script,user_created,user,erVLy0V4GQP6Fxi7pObD0fYEQuO2,"{""email"":""sammyleesimpiney@yahoo.com"",""role"":""mda_user"",""institutionId"":""ministry-of-local-government"",""source"":""mda_users_import""}"
2026-09-02T23:03:33.392Z,,bulk-import-script,user_created,user,shm857Ni1nhvAU0rzUc1P0zJOBf1,"{""email"":""seidusuaniss@gmail.com"",""role"":""mda_user"",""institutionId"":""ministry-of-local-government"",""source"":""mda_users_import""}"
2026-09-02T23:03:35.664Z,,bulk-import-script,user_created,user,0bJcy4p5budSXClho7HNWQCENGs2,"{""email"":""samuel.tetteh@lgs.gov.gh"",""role"":""mda_user"",""institutionId"":""ministry-of-local-government"",""source"":""mda_users_import""}"
2026-09-02T23:03:38.016Z,,bulk-import-script,user_created,user,TDbOu4FZqde7M4ko4ADAfwERiEd2,"{""email"":""timothy.aryee@dpg.gov.gh"",""role"":""mda_user"",""institutionId"":""ministry-of-local-government"",""source"":""mda_users_import""}"
2026-09-02T23:03:40.272Z,,bulk-import-script,user_created,user,AxVNTPCZOih8lou0K2H9LIU04uS2,"{""email"":""atuahenethomas@yahoo.com"",""role"":""mda_user"",""institutionId"":""ministry-of-local-government"",""source"":""mda_users_import""}"
2026-09-02T23:03:42.494Z,,bulk-import-script,user_created,user,hijC88RlMlQIS2RqhTnftkWkxv63,"{""email"":""vincentdakura@gmail.com"",""role"":""mda_user"",""institutionId"":""ministry-of-local-government"",""source"":""mda_users_import""}"
2026-09-02T23:03:44.812Z,,bulk-import-script,user_created,user,CHbELN3FMdXtClR4PkdKTsUB1jv2,"{""email"":""zoltantayti22@gmail.com"",""role"":""mda_user"",""institutionId"":""ministry-of-local-government"",""source"":""mda_users_import""}"
2026-09-02T23:03:47.057Z,,bulk-import-script,user_created,user,D1HqgJIKTjQzwdbE2uP3C0xEgvI3,"{""email"":""oshingumah@gmail.com"",""role"":""mda_user"",""institutionId"":""ministry-of-local-government"",""source"":""mda_users_import""}"
2026-09-02T23:03:49.316Z,,bulk-import-script,user_created,user,xWPUAU5EQwg0PzDxoNWKPTkng4Z2,"{""email"":""wahab0515@gmail.com"",""role"":""mda_user"",""institutionId"":""ministry-of-roads-and-highways"",""source"":""mda_users_import""}"
2026-09-02T23:03:51.555Z,,bulk-import-script,user_created,user,3SrrTaBKjyeYVFFSsEvE8I5lHaU2,"{""email"":""afetsi.avege@dur.gov.gh"",""role"":""mda_user"",""institutionId"":""ministry-of-roads-and-highways"",""source"":""mda_users_import""}"
2026-09-02T23:03:53.860Z,,bulk-import-script,user_created,user,sFAmvdcF8KeOjC8cEoiEx9uawwx1,"{""email"":""akwasi.asamoah@dfr.gov.gh"",""role"":""mda_user"",""institutionId"":""ministry-of-roads-and-highways"",""source"":""mda_users_import""}"
2026-09-02T23:03:56.638Z,,bulk-import-script,user_created,user,sclR5MzkhqZu8c09PwAlZeNeuB12,"{""email"":""brentu.asor@mrh.gov.gh"",""role"":""mda_user"",""institutionId"":""ministry-of-roads-and-highways"",""source"":""mda_users_import""}"
2026-09-02T23:03:58.862Z,,bulk-import-script,user_created,user,RzcI1eHVQ6aAoR0tVoOa4hDZiVf2,"{""email"":""kwakyealice@gmail.com"",""role"":""mda_user"",""institutionId"":""ministry-of-roads-and-highways"",""source"":""mda_users_import""}"
2026-09-02T23:05:08.462Z,,bulk-import-script,user_created,user,RzcI1eHVQ6aAoR0tVoOa4hDZiVf2,"{""email"":""kwakyealice@gmail.com"",""role"":""mda_user"",""institutionId"":""ministry-of-roads-and-highways"",""source"":""mda_users_import""}"
2026-09-02T23:05:13.587Z,,bulk-import-script,user_created,user,mfojBJPvyGdGz9LDdN8MgGvR9qs2,"{""email"":""mensahanthony@yahoo.com"",""role"":""mda_user"",""institutionId"":""ministry-of-roads-and-highways"",""source"":""mda_users_import""}"
2026-09-02T23:05:15.456Z,,bulk-import-script,user_created,user,daW58OtTTof2mQTeCAmGhFFRO0C3,"{""email"":""osbalex@yahoo.com"",""role"":""mda_user"",""institutionId"":""ministry-of-roads-and-highways"",""source"":""mda_users_import""}"
2026-09-02T23:05:23.539Z,,bulk-import-script,user_created,user,eVliCJdFC2T8rmaCJuB24m9v7Iy2,"{""email"":""antheaphanosdfr@gmail.com"",""role"":""mda_user"",""institutionId"":""ministry-of-roads-and-highways"",""source"":""mda_users_import""}"
2026-09-02T23:05:25.531Z,,bulk-import-script,user_created,user,Ngmj22Hms9hvnR9APWKYtCnmrZm1,"{""email"":""abigailshardow@yahoo.com"",""role"":""mda_user"",""institutionId"":""ministry-of-roads-and-highways"",""source"":""mda_users_import""}"
2026-09-02T23:05:27.937Z,,bulk-import-script,user_created,user,scJP0UTBAnWt7Jvsg6dr0wQlC8t1,"{""email"":""belinda.bona@mrh.gov.gh"",""role"":""mda_user"",""institutionId"":""ministry-of-roads-and-highways"",""source"":""mda_users_import""}"
2026-09-02T23:05:29.820Z,,bulk-import-script,user_created,user,AW44XOUuZPbKiAGy2ue4cz18k3J2,"{""email"":""cynthiaamakyeagyeman@yahoo.com"",""role"":""mda_user"",""institutionId"":""ministry-of-roads-and-highways"",""source"":""mda_users_import""}"
2026-09-02T23:05:31.744Z,,bulk-import-script,user_created,user,7PX8nsBoJvh9TTREuRboOgklw8n1,"{""email"":""eadzimah@gmail.com"",""role"":""mda_user"",""institutionId"":""ministry-of-roads-and-highways"",""source"":""mda_users_import""}"
2026-09-02T23:05:33.756Z,,bulk-import-script,user_created,user,IR12cBglA2Mir8SA4NQJ1ng8gJf2,"{""email"":""ekaamanfo@yahoo.com"",""role"":""mda_user"",""institutionId"":""ministry-of-roads-and-highways"",""source"":""mda_users_import""}"
2026-09-02T23:05:35.683Z,,bulk-import-script,user_created,user,t5QzJ7z6vTZQaAa6GEvn5eyb72F2,"{""email"":""ernestapraku@ymail.com"",""role"":""mda_user"",""institutionId"":""ministry-of-roads-and-highways"",""source"":""mda_users_import""}"
2026-09-02T23:05:37.526Z,,bulk-import-script,user_created,user,wiwMjcnmRrYnwnq8rCzT7pyeI4i1,"{""email"":""eboxgh@gmail.com"",""role"":""mda_user"",""institutionId"":""ministry-of-roads-and-highways"",""source"":""mda_users_import""}"
2026-09-02T23:05:39.569Z,,bulk-import-script,user_created,user,EtWwGLq55sUiBlFepWWKsukXuKc2,"{""email"":""emammara@yahoo.com"",""role"":""mda_user"",""institutionId"":""ministry-of-roads-and-highways"",""source"":""mda_users_import""}"
2026-09-02T23:05:41.524Z,,bulk-import-script,user_created,user,5Ce8eN2V96PDpvIaLzA6BEUFl3u2,"{""email"":""odosueric@yahoo.co.uk"",""role"":""mda_user"",""institutionId"":""ministry-of-roads-and-highways"",""source"":""mda_users_import""}"
2026-09-02T23:05:43.387Z,,bulk-import-script,user_created,user,SlvmCIzJ6TNaDmNI5o5yABIWDMG2,"{""email"":""ahlidza@gmail.com"",""role"":""mda_user"",""institutionId"":""ministry-of-roads-and-highways"",""source"":""mda_users_import""}"
2026-09-02T23:05:45.279Z,,bulk-import-script,user_created,user,Vbv3cpwW1oNos83sxDjZNJ2TW532,"{""email"":""fngmachin@gmail.com"",""role"":""mda_user"",""institutionId"":""ministry-of-roads-and-highways"",""source"":""mda_users_import""}"
2026-09-02T23:05:47.194Z,,bulk-import-script,user_created,user,Jcz3J5QL3NQajqdtEb6R3lLeuLH3,"{""email"":""frededrick.aduagyei@highways.gov.gh"",""role"":""mda_user"",""institutionId"":""ministry-of-roads-and-highways"",""source"":""mda_users_import""}"
2026-09-02T23:05:49.129Z,,bulk-import-script,user_created,user,poUbrAq8MocI1LNWooeba240lbC2,"{""email"":""gkladdison@gmail.com"",""role"":""mda_user"",""institutionId"":""ministry-of-roads-and-highways"",""source"":""mda_users_import""}"
2026-09-02T23:05:51.025Z,,bulk-import-script,user_created,user,jsC80HptyeZzF303wEj33EH384D2,"{""email"":""gloria.lartey@dfr.gov.gh"",""role"":""mda_user"",""institutionId"":""ministry-of-roads-and-highways"",""source"":""mda_users_import""}"
2026-09-02T23:06:02.198Z,,bulk-import-script,user_created,user,dqAKiSDsPofNxsPYb37ZDEbMtLN2,"{""email"":""isaackandoh@gmail.com"",""role"":""mda_user"",""institutionId"":""ministry-of-roads-and-highways"",""source"":""mda_users_import""}"
2026-09-02T23:06:04.149Z,,bulk-import-script,user_created,user,79qMQlXn1aR0kLayXspvw2Xhos22,"{""email"":""kisidora@yahoo.com"",""role"":""mda_user"",""institutionId"":""ministry-of-roads-and-highways"",""source"":""mda_users_import""}"
2026-09-02T23:06:06.202Z,,bulk-import-script,user_created,user,63EUYgTkaheqaETXV3XzpAHaKii2,"{""email"":""joamoogottfried@gmail.com"",""role"":""mda_user"",""institutionId"":""ministry-of-roads-and-highways"",""source"":""mda_users_import""}"
2026-09-02T23:06:08.124Z,,bulk-import-script,user_created,user,0xQTgHJIhlXbzoZ9cYWGR7a0KW02,"{""email"":""jochel73@yahoo.com"",""role"":""mda_user"",""institutionId"":""ministry-of-roads-and-highways"",""source"":""mda_users_import""}"
2026-09-02T23:06:10.103Z,,bulk-import-script,user_created,user,VehTiGZLAcfGi4cPeUfbvvjHsxs1,"{""email"":""just2uu@yahoo.com"",""role"":""mda_user"",""institutionId"":""ministry-of-roads-and-highways"",""source"":""mda_users_import""}"
2026-09-02T23:06:11.972Z,,bulk-import-script,user_created,user,Bf9pn7zQLIWxFRGfpzIviEhB9eE2,"{""email"":""kodwil01@yahoo.com"",""role"":""mda_user"",""institutionId"":""ministry-of-roads-and-highways"",""source"":""mda_users_import""}"
2026-09-02T23:06:14.007Z,,bulk-import-script,user_created,user,vNVzJYsQQJfi8NXYPIZKrzq1yLw2,"{""email"":""kntiappiagyei@gmail.com"",""role"":""mda_user"",""institutionId"":""ministry-of-roads-and-highways"",""source"":""mda_users_import""}"
2026-09-02T23:06:16.102Z,,bulk-import-script,user_created,user,Mv83ka2YqohqtW53OL6pd0ACNgQ2,"{""email"":""aduseibaidoo@yahoo.com"",""role"":""mda_user"",""institutionId"":""ministry-of-roads-and-highways"",""source"":""mda_users_import""}"
2026-09-02T23:06:18.052Z,,bulk-import-script,user_created,user,VlODbog9HZaAvGfuyzrjgb3x9Zt1,"{""email"":""mallam.issahaku@highway.gov.gh"",""role"":""mda_user"",""institutionId"":""ministry-of-roads-and-highways"",""source"":""mda_users_import""}"
2026-09-02T23:06:19.934Z,,bulk-import-script,user_created,user,YlmF8VGsrsORxm7m2un8BKMkPQT2,"{""email"":""mokarj@yahoo.co.uk"",""role"":""mda_user"",""institutionId"":""ministry-of-roads-and-highways"",""source"":""mda_users_import""}"
2026-09-02T23:06:21.844Z,,bulk-import-script,user_created,user,1Xa30xOK7XbgQdXQCwrbue0Z53l2,"{""email"":""ayikooley@gmail.com"",""role"":""mda_user"",""institutionId"":""ministry-of-roads-and-highways"",""source"":""mda_users_import""}"
2026-09-02T23:06:23.781Z,,bulk-import-script,user_created,user,nPZUvg8l0gRfn1OrFmJULrsyZmZ2,"{""email"":""wahab1976@yahoo.com"",""role"":""mda_user"",""institutionId"":""ministry-of-roads-and-highways"",""source"":""mda_users_import""}"
2026-09-02T23:06:25.640Z,,bulk-import-script,user_created,user,3EgIuvFozjQqSRI6lqbrCeAy5i22,"{""email"":""patienceonny@gmail.com"",""role"":""mda_user"",""institutionId"":""ministry-of-roads-and-highways"",""source"":""mda_users_import""}"
2026-09-02T23:06:27.659Z,,bulk-import-script,user_created,user,JQpqwuIS99XRAB4jq3d4UvJsrok2,"{""email"":""paul.duah@highway.gov.gh"",""role"":""mda_user"",""institutionId"":""ministry-of-roads-and-highways"",""source"":""mda_users_import""}"
2026-09-02T23:06:29.662Z,,bulk-import-script,user_created,user,Llgg5yRYCuWRHnDYBpUehZh7k1T2,"{""email"":""ruthafutukotey@gmail.com"",""role"":""mda_user"",""institutionId"":""ministry-of-roads-and-highways"",""source"":""mda_users_import""}"
2026-09-02T23:06:37.897Z,,bulk-import-script,user_created,user,qBZ0POHLbtgQzWrRD34ewI1Tqrh1,"{""email"":""rdarkok@gmail.com"",""role"":""mda_user"",""institutionId"":""ministry-of-roads-and-highways"",""source"":""mda_users_import""}"
2026-09-02T23:06:39.965Z,,bulk-import-script,user_created,user,wbL5b8hkMzcZs09vqnfvT4tB9O43,"{""email"":""gtawiahrichard@gmail.com"",""role"":""mda_user"",""institutionId"":""ministry-of-roads-and-highways"",""source"":""mda_users_import""}"
2026-09-02T23:06:42.018Z,,bulk-import-script,user_created,user,hgN5fMjnbVcurL9rqhIcizXn6no1,"{""email"":""rukkynayan@gmail.com"",""role"":""mda_user"",""institutionId"":""ministry-of-roads-and-highways"",""source"":""mda_users_import""}"
2026-09-02T23:06:43.986Z,,bulk-import-script,user_created,user,lI86nIhAkmcwLQmOxvQqaT1Zdtm2,"{""email"":""samakuaku@yahoo.com"",""role"":""mda_user"",""institutionId"":""ministry-of-roads-and-highways"",""source"":""mda_users_import""}"
2026-09-02T23:06:45.943Z,,bulk-import-script,user_created,user,MDFNinmi1JO5d5etJ0knwCHak952,"{""email"":""sybanini@gmail.com"",""role"":""mda_user"",""institutionId"":""ministry-of-roads-and-highways"",""source"":""mda_users_import""}"
2026-09-02T23:06:47.873Z,,bulk-import-script,user_created,user,OkIx4shf0PckljTUGlICRt4h9nd2,"{""email"":""socloo@yahoo.com"",""role"":""mda_user"",""institutionId"":""ministry-of-roads-and-highways"",""source"":""mda_users_import""}"
2026-09-02T23:06:49.818Z,,bulk-import-script,user_created,user,gyord0hrJfUEvOImD7HWTiGpXo92,"{""email"":""abdulai.samira@gmail.com"",""role"":""mda_user"",""institutionId"":""ministry-of-roads-and-highways"",""source"":""mda_users_import""}"
2026-09-02T23:06:51.719Z,,bulk-import-script,user_created,user,cGB2omcf8DUO3837qcXj8QBNdMz2,"{""email"":""semendo@gmail.com"",""role"":""mda_user"",""institutionId"":""ministry-of-roads-and-highways"",""source"":""mda_users_import""}"
2026-09-02T23:06:53.625Z,,bulk-import-script,user_created,user,YoOzrm1ViQVjfNO9xLUrI4HHir32,"{""email"":""adam.bonaa@smallarmscommission.gov.gh"",""role"":""mda_user"",""institutionId"":""ministry-of-the-interior"",""source"":""mda_users_import""}"
2026-09-02T23:06:55.495Z,,bulk-import-script,user_created,user,T7FdGCQkksTTZre3Zh6PaGlfUAH2,"{""email"":""adrian.koranteng@gmail.com"",""role"":""mda_user"",""institutionId"":""ministry-of-the-interior"",""source"":""mda_users_import""}"
2026-09-02T23:06:57.302Z,,bulk-import-script,user_created,user,SZYYBAv8FjWgXm4jM2lQu5JLpSm2,"{""email"":""akorfa.asamoah@ncc.gov.gh"",""role"":""mda_user"",""institutionId"":""ministry-of-the-interior"",""source"":""mda_users_import""}"
2026-09-02T23:06:59.201Z,,bulk-import-script,user_created,user,uDtsPSeijlOOg7XBId8LEq79VQE3,"{""email"":""akwasiam@yahoo.co.uk"",""role"":""mda_user"",""institutionId"":""ministry-of-the-interior"",""source"":""mda_users_import""}"
2026-09-02T23:07:01.063Z,,bulk-import-script,user_created,user,qyZ15m5XeCgrWs8FuO7C3je0lVn1,"{""email"":""a.oti-akenten@smallarmscommission.gov.gh"",""role"":""mda_user"",""institutionId"":""ministry-of-the-interior"",""source"":""mda_users_import""}"
2026-09-02T23:07:02.860Z,,bulk-import-script,user_created,user,O2UhofLaRVUw3zLUwSyv1ticMwk2,"{""email"":""kwameampaduhayford8@gmail.com"",""role"":""mda_user"",""institutionId"":""ministry-of-the-interior"",""source"":""mda_users_import""}"
2026-09-02T23:07:04.689Z,,bulk-import-script,user_created,user,Vx0f1F79zzQPaYYne0czKFxbUrx1,"{""email"":""anita.forster@ncc.gov.gh"",""role"":""mda_user"",""institutionId"":""ministry-of-the-interior"",""source"":""mda_users_import""}"
2026-09-02T23:07:13.971Z,,bulk-import-script,user_created,user,aun1PwiXCyftTx7hUS2h5TJQNlA2,"{""email"":""tonyarthur30@gmail.com"",""role"":""mda_user"",""institutionId"":""ministry-of-the-interior"",""source"":""mda_users_import""}"
2026-09-02T23:07:15.687Z,,bulk-import-script,user_created,user,x3T7t8uBUqM3TOBs48KuHwBwS0t2,"{""email"":""soluplush@yahoo.com"",""role"":""mda_user"",""institutionId"":""ministry-of-the-interior"",""source"":""mda_users_import""}"
2026-09-02T23:07:17.314Z,,bulk-import-script,user_created,user,DZ53yxTfPCdrG3xvVCHIb8qM6jG2,"{""email"":""audreysackey3@gmail.com"",""role"":""mda_user"",""institutionId"":""ministry-of-the-interior"",""source"":""mda_users_import""}"
2026-09-02T23:07:19.073Z,,bulk-import-script,user_created,user,3dDjtIfL8AeS74TtkliYdW1hrKu2,"{""email"":""annietettegah@gmail.com"",""role"":""mda_user"",""institutionId"":""ministry-of-the-interior"",""source"":""mda_users_import""}"
2026-09-02T23:07:20.741Z,,bulk-import-script,user_created,user,wstDU21PSBbISHgXShgcvAt1jLH3,"{""email"":""barbara.franklin-torsoo@mint.gov.gh"",""role"":""mda_user"",""institutionId"":""ministry-of-the-interior"",""source"":""mda_users_import""}"
2026-09-02T23:07:22.521Z,,bulk-import-script,user_created,user,9PIiGlMYYEeaNzVzC0DQS00R6rJ2,"{""email"":""bernadette.nyonator@immigration.gov.gh"",""role"":""mda_user"",""institutionId"":""ministry-of-the-interior"",""source"":""mda_users_import""}"
2026-09-02T23:07:24.202Z,,bulk-import-script,user_created,user,hiMUFaIJkYh0JNgVnohT18LSkml2,"{""email"":""berthaeffah@yahoo.com"",""role"":""mda_user"",""institutionId"":""ministry-of-the-interior"",""source"":""mda_users_import""}"
2026-09-02T23:07:25.925Z,,bulk-import-script,user_created,user,8oJxPGjsfRR3WKirf6V5VbCmDda2,"{""email"":""caquah@nsbnc.org"",""role"":""mda_user"",""institutionId"":""ministry-of-the-interior"",""source"":""mda_users_import""}"
2026-09-02T23:07:27.587Z,,bulk-import-script,user_created,user,tp1REQJX77gqeHwTxevh6GDlz3Z2,"{""email"":""ceciyamga@gmail.com"",""role"":""mda_user"",""institutionId"":""ministry-of-the-interior"",""source"":""mda_users_import""}"
2026-09-02T23:07:29.398Z,,bulk-import-script,user_created,user,m0Gu1LhSGteIheedaxqhr6QMS373,"{""email"":""nanaclaude88@gmail.com"",""role"":""mda_user"",""institutionId"":""ministry-of-the-interior"",""source"":""mda_users_import""}"
2026-09-02T23:07:31.003Z,,bulk-import-script,user_created,user,iN7GTYM52HhOsJ77KoMw3eETpYc2,"{""email"":""caroline.tsatsu@grb.gov.gh"",""role"":""mda_user"",""institutionId"":""ministry-of-the-interior"",""source"":""mda_users_import""}"
2026-09-02T23:07:32.629Z,,bulk-import-script,user_created,user,FZFt2sElHccel818LhJcy4BSgif1,"{""email"":""daniel.brewu@immigration.gov.gh"",""role"":""mda_user"",""institutionId"":""ministry-of-the-interior"",""source"":""mda_users_import""}"
2026-09-02T23:07:34.374Z,,bulk-import-script,user_created,user,GGXLcSegb9ZzqoQ8R3aS5F1xXau1,"{""email"":""cfognfs@gmail.com"",""role"":""mda_user"",""institutionId"":""ministry-of-the-interior"",""source"":""mda_users_import""}"
2026-09-02T23:07:36.319Z,,bulk-import-script,user_created,user,HlU0zPMhS8VFFLL34UUMbT3cef43,"{""email"":""kwadwo.abeam@ghanaprisons.gov.gh"",""role"":""mda_user"",""institutionId"":""ministry-of-the-interior"",""source"":""mda_users_import""}"
2026-09-02T23:07:37.909Z,,bulk-import-script,user_created,user,ttIY55mTbwOmlWPdnvwIXEwDPXt2,"{""email"":""dennis.gyau@immigration.gov.gh"",""role"":""mda_user"",""institutionId"":""ministry-of-the-interior"",""source"":""mda_users_import""}"
2026-09-02T23:07:39.540Z,,bulk-import-script,user_created,user,VZtetiOGYtPFkR5mPtncCAY4VW93,"{""email"":""doreen.annan@mint.gov.gh"",""role"":""mda_user"",""institutionId"":""ministry-of-the-interior"",""source"":""mda_users_import""}"
2026-09-02T23:07:41.149Z,,bulk-import-script,user_created,user,2F3N7fZl4UU9UiQCmQVBtj2dPHe2,"{""email"":""davek347@gmial.com"",""role"":""mda_user"",""institutionId"":""ministry-of-the-interior"",""source"":""mda_users_import""}"
2026-09-02T23:07:42.787Z,,bulk-import-script,user_created,user,u5wudi6tOYgfkVPgEah7FFrrzBC2,"{""email"":""ruby.adumuah@gmail.com"",""role"":""mda_user"",""institutionId"":""ministry-of-the-interior"",""source"":""mda_users_import""}"
2026-09-02T23:08:44.177Z,,bulk-import-script,user_created,user,u5wudi6tOYgfkVPgEah7FFrrzBC2,"{""email"":""ruby.adumuah@gmail.com"",""role"":""mda_user"",""institutionId"":""ministry-of-the-interior"",""source"":""mda_users_import""}"
2026-09-02T23:08:46.306Z,,bulk-import-script,user_created,user,Jaab6mEHWtbXKMkOv8TPGNKd8IB2,"{""email"":""emmanuelakuffo73@gmail.com"",""role"":""mda_user"",""institutionId"":""ministry-of-the-interior"",""source"":""mda_users_import""}"
2026-09-02T23:08:48.248Z,,bulk-import-script,user_created,user,10Qxgz3HZUaE9Raf4BD2aCcLuSD2,"{""email"":""emmanuel.amakye@ghanaprisons.gov.gh"",""role"":""mda_user"",""institutionId"":""ministry-of-the-interior"",""source"":""mda_users_import""}"
2026-09-02T23:08:49.991Z,,bulk-import-script,user_created,user,nxrjipZVNdOrDRPYae4oeT0GuqA3,"{""email"":""elikem.kwadzokpo@grb.gov.gh"",""role"":""mda_user"",""institutionId"":""ministry-of-the-interior"",""source"":""mda_users_import""}"
2026-09-02T23:08:51.893Z,,bulk-import-script,user_created,user,rI5vAJd1vYQ7Mvlgs3agrjrkUlg1,"{""email"":""emmanuel.quainoo@gamingcommission.gov.gh"",""role"":""mda_user"",""institutionId"":""ministry-of-the-interior"",""source"":""mda_users_import""}"
2026-09-02T23:08:53.618Z,,bulk-import-script,user_created,user,v9tQsGMn3WZMLbvrggWZhV58bQh1,"{""email"":""enock.amo@mint.gov.gh"",""role"":""mda_user"",""institutionId"":""ministry-of-the-interior"",""source"":""mda_users_import""}"
2026-09-02T23:08:55.462Z,,bulk-import-script,user_created,user,dri68aFGUdTGcTrFWWBmaAcCl0r2,"{""email"":""naaamanobea@gmail.com"",""role"":""mda_user"",""institutionId"":""ministry-of-the-interior"",""source"":""mda_users_import""}"
2026-09-02T23:09:16.522Z,,bulk-import-script,user_created,user,W8DZILZj33UEZ2A9m6iP9snM2FB2,"{""email"":""fafianko@nscs.gov.gh"",""role"":""mda_user"",""institutionId"":""ministry-of-the-interior"",""source"":""mda_users_import""}"
2026-09-02T23:09:18.133Z,,bulk-import-script,user_created,user,pUCPNzWJlmg13zEQs7NkiGRyWkf1,"{""email"":""osaffoanim@gmail.com"",""role"":""mda_user"",""institutionId"":""ministry-of-the-interior"",""source"":""mda_users_import""}"
2026-09-02T23:09:19.845Z,,bulk-import-script,user_created,user,ByFCK72rYCNNeSSX2Sgwo6toxKI2,"{""email"":""frank.tepe-mensah@grb.gov.gh"",""role"":""mda_user"",""institutionId"":""ministry-of-the-interior"",""source"":""mda_users_import""}"
2026-09-02T23:09:21.475Z,,bulk-import-script,user_created,user,snQoIEWuzjO1hlID2x5vlhU8B9y1,"{""email"":""gabbyakasom@gmail.com"",""role"":""mda_user"",""institutionId"":""ministry-of-the-interior"",""source"":""mda_users_import""}"
2026-09-02T23:09:23.099Z,,bulk-import-script,user_created,user,09NRI8Oqv3c7cGRJNFhxhMwbQSO2,"{""email"":""georgeamoh@ymail.com"",""role"":""mda_user"",""institutionId"":""ministry-of-the-interior"",""source"":""mda_users_import""}"
2026-09-02T23:09:24.937Z,,bulk-import-script,user_created,user,M2GNA2vmsoPmr0ccy97tkzUNk6Y2,"{""email"":""gyebi.asante@smallarmscommission.gov.gh"",""role"":""mda_user"",""institutionId"":""ministry-of-the-interior"",""source"":""mda_users_import""}"
2026-09-02T23:09:26.676Z,,bulk-import-script,user_created,user,RWz4lQ0F0HX7W28jNygwOnoxgqF2,"{""email"":""grace.asempa@mint.gov.gh"",""role"":""mda_user"",""institutionId"":""ministry-of-the-interior"",""source"":""mda_users_import""}"
2026-09-02T23:09:28.443Z,,bulk-import-script,user_created,user,hcTocnV8f5QY8ZXFwTIg4YVyekt1,"{""email"":""gmakan.wujangi@mint.gov.gh"",""role"":""mda_user"",""institutionId"":""ministry-of-the-interior"",""source"":""mda_users_import""}"
2026-09-02T23:09:30.046Z,,bulk-import-script,user_created,user,JSsLc4OgIudF5ef0gNgn6VqiLsm1,"{""email"":""hawa.seini@peacecouncil.gov.gh"",""role"":""mda_user"",""institutionId"":""ministry-of-the-interior"",""source"":""mda_users_import""}"
2026-09-02T23:09:31.756Z,,bulk-import-script,user_created,user,0ZwisokYRyMD3VQ8wha8qwI6nCj1,"{""email"":""henrynsoh@gmail.com"",""role"":""mda_user"",""institutionId"":""ministry-of-the-interior"",""source"":""mda_users_import""}"
2026-09-02T23:09:33.569Z,,bulk-import-script,user_created,user,cvaUvSPPyQT4hulutoRiJcajHAq1,"{""email"":""indira.lawson@immigration.gov.gh"",""role"":""mda_user"",""institutionId"":""ministry-of-the-interior"",""source"":""mda_users_import""}"
2026-09-02T23:09:35.498Z,,bulk-import-script,user_created,user,967F4IWd24UsKBTFSO8ONEDuAXF3,"{""email"":""isaac.nkrumah@ncc.gov.gh"",""role"":""mda_user"",""institutionId"":""ministry-of-the-interior"",""source"":""mda_users_import""}"
2026-09-02T23:09:37.224Z,,bulk-import-script,user_created,user,ICwjlZ4hgPU1SFUloneQWl8yXDk1,"{""email"":""joycem.adjah@immigration.gov.gh"",""role"":""mda_user"",""institutionId"":""ministry-of-the-interior"",""source"":""mda_users_import""}"
2026-09-02T23:09:38.886Z,,bulk-import-script,user_created,user,SxKuWqBS6oZ3Zs8sJPqkWsPBrb13,"{""email"":""john.asubonteng@ncc.gov.gh"",""role"":""mda_user"",""institutionId"":""ministry-of-the-interior"",""source"":""mda_users_import""}"
2026-09-02T23:09:40.684Z,,bulk-import-script,user_created,user,JuZeIUEs2fQW5RMeFwg4WcYLO1w1,"{""email"":""jessica.ayim@mint.gov.gh"",""role"":""mda_user"",""institutionId"":""ministry-of-the-interior"",""source"":""mda_users_import""}"
2026-09-02T23:09:42.370Z,,bulk-import-script,user_created,user,KVQbwqT3KfNbNOtliwQYZ0Pkuz32,"{""email"":""johnakator@yahoo.com"",""role"":""mda_user"",""institutionId"":""ministry-of-the-interior"",""source"":""mda_users_import""}"
2026-09-02T23:09:44.447Z,,bulk-import-script,user_created,user,ZD5kInDfFiO9hpYz3fBnLYA7bQl1,"{""email"":""donkohjohn@gmail.com"",""role"":""mda_user"",""institutionId"":""ministry-of-the-interior"",""source"":""mda_users_import""}"
2026-09-02T23:09:52.438Z,,bulk-import-script,user_created,user,d0mQgbBbcXdErun039KKFZTh9XA2,"{""email"":""jennifer.uriko-kang@peacecouncil.gov.gh"",""role"":""mda_user"",""institutionId"":""ministry-of-the-interior"",""source"":""mda_users_import""}"
2026-09-02T23:09:54.224Z,,bulk-import-script,user_created,user,U0dTYG0TwlMxjmygQ4dKn9I03RE3,"{""email"":""kwasi.gk@gmail.com"",""role"":""mda_user"",""institutionId"":""ministry-of-the-interior"",""source"":""mda_users_import""}"
2026-09-02T23:09:55.878Z,,bulk-import-script,user_created,user,Ozp9nUyoIqMz4hsKPDIWB2xzbG42,"{""email"":""brusnikleticia48@gmail.com"",""role"":""mda_user"",""institutionId"":""ministry-of-the-interior"",""source"":""mda_users_import""}"
2026-09-02T23:09:57.506Z,,bulk-import-script,user_created,user,UMq4hJLBvAY5wm9PEJtyTJoW3Gl2,"{""email"":""louishamilton@gmail.com"",""role"":""mda_user"",""institutionId"":""ministry-of-the-interior"",""source"":""mda_users_import""}"
2026-09-02T23:09:59.326Z,,bulk-import-script,user_created,user,jxp1xaxO5AMThXP8TUYtCvZQjE32,"{""email"":""aimerlove15@yahoo.com"",""role"":""mda_user"",""institutionId"":""ministry-of-the-interior"",""source"":""mda_users_import""}"
2026-09-02T23:10:01.116Z,,bulk-import-script,user_created,user,s2V4JdABUGgD27PVesYaHSIiHvM2,"{""email"":""abukariups@gmail.com"",""role"":""mda_user"",""institutionId"":""ministry-of-the-interior"",""source"":""mda_users_import""}"
2026-09-02T23:10:02.924Z,,bulk-import-script,user_created,user,QYvNiLlvwCQm0NGVAaD758wXZoJ3,"{""email"":""manfredanokye@gmail.com"",""role"":""mda_user"",""institutionId"":""ministry-of-the-interior"",""source"":""mda_users_import""}"
2026-09-02T23:10:04.757Z,,bulk-import-script,user_created,user,WIbQUuGMYwarcYbi2LKQ5Ckz0sg1,"{""email"":""brako_mba@yahoo.com"",""role"":""mda_user"",""institutionId"":""ministry-of-the-interior"",""source"":""mda_users_import""}"
2026-09-02T23:10:06.442Z,,bulk-import-script,user_created,user,Ma3TXXmGbfUjPb3fc6NpF3Kuybw1,"{""email"":""nyarkomonica192@gmail.com"",""role"":""mda_user"",""institutionId"":""ministry-of-the-interior"",""source"":""mda_users_import""}"
2026-09-02T23:10:08.560Z,,bulk-import-script,user_created,user,Q8uUn0ZSHJc8p5K8IN1sGk1QlnB3,"{""email"":""michael.danful@ncc.gov.gh"",""role"":""mda_user"",""institutionId"":""ministry-of-the-interior"",""source"":""mda_users_import""}"
2026-09-02T23:10:10.229Z,,bulk-import-script,user_created,user,L55rYeHUTFhgvKxOV94ZtX7koda2,"{""email"":""addylamptey77@gmail.com"",""role"":""mda_user"",""institutionId"":""ministry-of-the-interior"",""source"":""mda_users_import""}"
2026-09-02T23:10:11.805Z,,bulk-import-script,user_created,user,Tu8qyxdo7CZBUINOtSnHUSx202W2,"{""email"":""nana.dadzie@gamingcommission.gov.gh"",""role"":""mda_user"",""institutionId"":""ministry-of-the-interior"",""source"":""mda_users_import""}"
2026-09-02T23:10:13.724Z,,bulk-import-script,user_created,user,GbbIPzOiR8Xsr2kXOOtNrqua3ez2,"{""email"":""ben.ampene@gmail.com"",""role"":""mda_user"",""institutionId"":""ministry-of-the-interior"",""source"":""mda_users_import""}"
2026-09-02T23:10:15.381Z,,bulk-import-script,user_created,user,hL1uSRuAyVNzEAaqo2CQvTmykfr2,"{""email"":""pagyeman65@gmail.com"",""role"":""mda_user"",""institutionId"":""ministry-of-the-interior"",""source"":""mda_users_import""}"
2026-09-02T23:10:17.020Z,,bulk-import-script,user_created,user,FFuMzW4RGaSllQeZFFNJfARxMsj1,"{""email"":""asarep746@gmail.com"",""role"":""mda_user"",""institutionId"":""ministry-of-the-interior"",""source"":""mda_users_import""}"
2026-09-02T23:10:18.694Z,,bulk-import-script,user_created,user,sLT8LgZvIsarQ6TEC6INJblNSCw2,"{""email"":""peter.mireku@gamingcommission.gov.gh"",""role"":""mda_user"",""institutionId"":""ministry-of-the-interior"",""source"":""mda_users_import""}"
2026-09-02T23:10:20.367Z,,bulk-import-script,user_created,user,0UxfsHugl1bWOJTaSMGl5gUlnvE2,"{""email"":""prince.frimpong@immigration.gov.gh"",""role"":""mda_user"",""institutionId"":""ministry-of-the-interior"",""source"":""mda_users_import""}"
2026-09-02T23:10:29.252Z,,bulk-import-script,user_created,user,qtYvB9QT8cY6MOCPff288zem5gF3,"{""email"":""rosea.kponyo@immigration.gov.gh"",""role"":""mda_user"",""institutionId"":""ministry-of-the-interior"",""source"":""mda_users_import""}"
2026-09-02T23:10:30.979Z,,bulk-import-script,user_created,user,e4wqesDFHmUfW0YZ63BzwPwfC5n1,"{""email"":""raymond.sackey@grb.gov.gh"",""role"":""mda_user"",""institutionId"":""ministry-of-the-interior"",""source"":""mda_users_import""}"
2026-09-02T23:10:32.863Z,,bulk-import-script,user_created,user,FdDbbt6kiZPFOfleqhm2WwtFH5y2,"{""email"":""rebecca.sam@smallarmscommission.gov.gh"",""role"":""mda_user"",""institutionId"":""ministry-of-the-interior"",""source"":""mda_users_import""}"
2026-09-02T23:10:34.530Z,,bulk-import-script,user_created,user,2FiUrwTCtVYjOHKhSJlmW3M6QUt2,"{""email"":""rita.yali@peacecouncil.gov.gh"",""role"":""mda_user"",""institutionId"":""ministry-of-the-interior"",""source"":""mda_users_import""}"
2026-09-02T23:10:36.309Z,,bulk-import-script,user_created,user,2VCRaHUK2ZM3ZTdO2GDX2kSPqJ03,"{""email"":""robert.akuoko@mint.gov.gh"",""role"":""mda_user"",""institutionId"":""ministry-of-the-interior"",""source"":""mda_users_import""}"
2026-09-02T23:10:37.948Z,,bulk-import-script,user_created,user,UQT8ED6O8gQxAw2bU3aQwNqbQ013,"{""email"":""robryeb@gmail.com"",""role"":""mda_user"",""institutionId"":""ministry-of-the-interior"",""source"":""mda_users_import""}"
2026-09-02T23:10:39.583Z,,bulk-import-script,user_created,user,LXMJWkvHP3g6NlvaiNNBwXic8Kw1,"{""email"":""selasie.adih@grb.gov.gh"",""role"":""mda_user"",""institutionId"":""ministry-of-the-interior"",""source"":""mda_users_import""}"
2026-09-02T23:10:41.355Z,,bulk-import-script,user_created,user,APygQeHgqfVXJAUqgbwz7siiYTc2,"{""email"":""senyo.agboada@yahoo.com"",""role"":""mda_user"",""institutionId"":""ministry-of-the-interior"",""source"":""mda_users_import""}"
2026-09-02T23:10:43.040Z,,bulk-import-script,user_created,user,VGtlpwEBrjUZ06mIqk7kteaBavE3,"{""email"":""sammyamissah@gmail.com"",""role"":""mda_user"",""institutionId"":""ministry-of-the-interior"",""source"":""mda_users_import""}"
2026-09-02T23:10:44.689Z,,bulk-import-script,user_created,user,OXGnbM2LvNdSoUMxuGacnqD9DlR2,"{""email"":""sarthur@nsbnc.org"",""role"":""mda_user"",""institutionId"":""ministry-of-the-interior"",""source"":""mda_users_import""}"
2026-09-02T23:10:46.347Z,,bulk-import-script,user_created,user,AtKwbGwwerbhcHwZZXZgBE14ZeZ2,"{""email"":""semefa.asimenu@peacecouncil.gov.gh"",""role"":""mda_user"",""institutionId"":""ministry-of-the-interior"",""source"":""mda_users_import""}"
2026-09-02T23:10:48.060Z,,bulk-import-script,user_created,user,rff5hc7eAKazWx7ZDsSUNyVxGc82,"{""email"":""sena.dake@gamingcommission.gov.gh"",""role"":""mda_user"",""institutionId"":""ministry-of-the-interior"",""source"":""mda_users_import""}"
2026-09-02T23:10:49.748Z,,bulk-import-script,user_created,user,ZXQ6rSqbeYhlmHrVLUKaaXO4sTB3,"{""email"":""solomon.mensah@mint.gov.gh"",""role"":""mda_user"",""institutionId"":""ministry-of-the-interior"",""source"":""mda_users_import""}"
2026-09-02T23:10:51.416Z,,bulk-import-script,user_created,user,wwXpgyjIZyeZVQbIAAlPpRaji1Q2,"{""email"":""samuel.sewor@gamingcommission.gov.gh"",""role"":""mda_user"",""institutionId"":""ministry-of-the-interior"",""source"":""mda_users_import""}"
2026-09-02T23:10:55.858Z,,bulk-import-script,user_created,user,LIapgpuZ8OYDTiVRaSW5KRWzc9C3,"{""email"":""samuel.yeboah@smallarmscommission.gov.gh"",""role"":""mda_user"",""institutionId"":""ministry-of-the-interior"",""source"":""mda_users_import""}"
2026-09-02T23:11:05.758Z,,bulk-import-script,user_created,user,kPi28l0cVLNPqdehlBFh2ri39hl2,"{""email"":""djilahs@yahoo.com"",""role"":""mda_user"",""institutionId"":""ministry-of-the-interior"",""source"":""mda_users_import""}"
2026-09-02T23:11:07.350Z,,bulk-import-script,user_created,user,Nf2VtaMe4NT5zEdAveCGNkO7qj22,"{""email"":""solomon.appiah@gamingcommission.gov.gh"",""role"":""mda_user"",""institutionId"":""ministry-of-the-interior"",""source"":""mda_users_import""}"
2026-09-02T23:11:08.946Z,,bulk-import-script,user_created,user,ZHF8CSXLCPMfi0u0rONMfwgn6m52,"{""email"":""stephenmensahdogbo@gmail.com"",""role"":""mda_user"",""institutionId"":""ministry-of-the-interior"",""source"":""mda_users_import""}"
2026-09-02T23:11:10.531Z,,bulk-import-script,user_created,user,k5VuadTJJaXD7ZGps40j70nEBbC2,"{""email"":""tetteh.padi@grb.gov.gh"",""role"":""mda_user"",""institutionId"":""ministry-of-the-interior"",""source"":""mda_users_import""}"
2026-09-02T23:11:12.213Z,,bulk-import-script,user_created,user,z55d9gnuHlajUDf8A2Wfl2HwwQE2,"{""email"":""wisdom.otu@immigration.gov.gh"",""role"":""mda_user"",""institutionId"":""ministry-of-the-interior"",""source"":""mda_users_import""}"
2026-09-02T23:11:13.857Z,,bulk-import-script,user_created,user,6IwNJoaJeDfBSIgcGZM0Rft2MxJ3,"{""email"":""agy.asomaniwinifred@gmail.com"",""role"":""mda_user"",""institutionId"":""ministry-of-the-interior"",""source"":""mda_users_import""}"
2026-09-02T23:11:15.575Z,,bulk-import-script,user_created,user,FdlJq6NvEqZDFiB7Jrp3HvX7B4M2,"{""email"":""dillyoyou@yahoo.com"",""role"":""mda_user"",""institutionId"":""ministry-of-tourism-culture-and-creative-arts"",""source"":""mda_users_import""}"
2026-09-02T23:11:17.255Z,,bulk-import-script,user_created,user,QSw19NwWHiXovdPt0FXcQMlrBF03,"{""email"":""delanyog@gmail.com"",""role"":""mda_user"",""institutionId"":""ministry-of-tourism-culture-and-creative-arts"",""source"":""mda_users_import""}"
2026-09-02T23:11:18.853Z,,bulk-import-script,user_created,user,6heJXCn8eJWuqnbiWFN0n7nekn03,"{""email"":""elsieklufio@yahoo.co.uk"",""role"":""mda_user"",""institutionId"":""ministry-of-tourism-culture-and-creative-arts"",""source"":""mda_users_import""}"
2026-09-02T23:11:20.358Z,,bulk-import-script,user_created,user,xjP9InfoI7ZEZydL2DcerOvQcdz1,"{""email"":""eric.mante-bediako@motac.gov.gh"",""role"":""mda_user"",""institutionId"":""ministry-of-tourism-culture-and-creative-arts"",""source"":""mda_users_import""}"
2026-09-02T23:11:21.971Z,,bulk-import-script,user_created,user,Z2PudjsihAYzS3J4UUETXUOTcBF2,"{""email"":""bendo2g9@yahoo.com"",""role"":""mda_user"",""institutionId"":""ministry-of-tourism-culture-and-creative-arts"",""source"":""mda_users_import""}"
2026-09-02T23:11:23.622Z,,bulk-import-script,user_created,user,lyRfsPOKxdcxxvzOVboSrPl9mzC2,"{""email"":""kweiawaa@yahoo.com"",""role"":""mda_user"",""institutionId"":""ministry-of-tourism-culture-and-creative-arts"",""source"":""mda_users_import""}"
2026-09-02T23:11:25.227Z,,bulk-import-script,user_created,user,3v7VEZVW96VLkJ8M144UvqTvqaz1,"{""email"":""niiaryeefarouk@gmail.com"",""role"":""mda_user"",""institutionId"":""ministry-of-tourism-culture-and-creative-arts"",""source"":""mda_users_import""}"
2026-09-02T23:11:26.833Z,,bulk-import-script,user_created,user,xqbA5FLHIbSWp6vHYazNd6a3htv2,"{""email"":""trudyabenaserwah@gmail.com"",""role"":""mda_user"",""institutionId"":""ministry-of-tourism-culture-and-creative-arts"",""source"":""mda_users_import""}"
2026-09-02T23:11:28.532Z,,bulk-import-script,user_created,user,4I73wVbWyJMRAkxUCO5X43FuGGD2,"{""email"":""gyirusaa24@gmail.com"",""role"":""mda_user"",""institutionId"":""ministry-of-tourism-culture-and-creative-arts"",""source"":""mda_users_import""}"
2026-09-02T23:11:30.109Z,,bulk-import-script,user_created,user,0Z3uzZru9oZalYau8E6w4MGnbvr1,"{""email"":""louismens@yahoo.com"",""role"":""mda_user"",""institutionId"":""ministry-of-tourism-culture-and-creative-arts"",""source"":""mda_users_import""}"
2026-09-02T23:11:31.674Z,,bulk-import-script,user_created,user,uh8bwtjjQEWqIsr6rhSScezBGD53,"{""email"":""richlove.wiafedoffour@nfa.gov.gh"",""role"":""mda_user"",""institutionId"":""ministry-of-tourism-culture-and-creative-arts"",""source"":""mda_users_import""}"
2026-09-02T23:11:33.534Z,,bulk-import-script,user_created,user,Am83FCB1q6MRzc6B2U2hy9h4PFl1,"{""email"":""safiatu.musah@bgl.gov.gh"",""role"":""mda_user"",""institutionId"":""ministry-of-tourism-culture-and-creative-arts"",""source"":""mda_users_import""}"
2026-09-02T23:12:35.036Z,,bulk-import-script,user_created,user,Am83FCB1q6MRzc6B2U2hy9h4PFl1,"{""email"":""safiatu.musah@bgl.gov.gh"",""role"":""mda_user"",""institutionId"":""ministry-of-tourism-culture-and-creative-arts"",""source"":""mda_users_import""}"
2026-09-02T23:12:37.136Z,,bulk-import-script,user_created,user,maEP1TLwgdc9VkSMilAuaVFoDfh2,"{""email"":""samzzel@yahoo.co.uk"",""role"":""mda_user"",""institutionId"":""ministry-of-tourism-culture-and-creative-arts"",""source"":""mda_users_import""}"
2026-09-02T23:12:39.070Z,,bulk-import-script,user_created,user,62iYILtvY7U2nW9gKsEq8aftCGR2,"{""email"":""langmagne@yahoo.com"",""role"":""mda_user"",""institutionId"":""ministry-of-tourism-culture-and-creative-arts"",""source"":""mda_users_import""}"
2026-09-02T23:12:40.967Z,,bulk-import-script,user_created,user,ur0yLV1wmsQzAyBesHD6l3g0HN73,"{""email"":""nanasackey120@gmail.com"",""role"":""mda_user"",""institutionId"":""ministry-of-tourism-culture-and-creative-arts"",""source"":""mda_users_import""}"
2026-09-02T23:12:42.833Z,,bulk-import-script,user_created,user,4S5f5oG1ZrY0im61MpTdj7Wf92k1,"{""email"":""sally.ghorglah@motac.gov.gh"",""role"":""mda_user"",""institutionId"":""ministry-of-tourism-culture-and-creative-arts"",""source"":""mda_users_import""}"
2026-09-02T23:12:44.717Z,,bulk-import-script,user_created,user,8QmlfzpAxicYgVFUB5tDWw4UNT63,"{""email"":""vboakye781@gmail.com"",""role"":""mda_user"",""institutionId"":""ministry-of-tourism-culture-and-creative-arts"",""source"":""mda_users_import""}"
2026-09-02T23:12:46.568Z,,bulk-import-script,user_created,user,2G4jArQDEHSGUSbXeqzr99WJxRi2,"{""email"":""theoflesv@gmail.com"",""role"":""mda_user"",""institutionId"":""ministry-of-tourism-culture-and-creative-arts"",""source"":""mda_users_import""}"
2026-09-02T23:12:48.711Z,,bulk-import-script,user_created,user,UfKcM7djfuaZ2OLYGJafCoLBfh12,"{""email"":""edwardosei77@gamil.com"",""role"":""mda_user"",""institutionId"":""ministry-of-tourism-culture-and-creative-arts"",""source"":""mda_users_import""}"
2026-09-02T23:12:50.549Z,,bulk-import-script,user_created,user,M2Np5xAuX0VUKS3jZV8zf2SbHeK2,"{""email"":""zabdulawumbei@gmail.com"",""role"":""mda_user"",""institutionId"":""ministry-of-tourism-culture-and-creative-arts"",""source"":""mda_users_import""}"
2026-09-02T23:12:52.515Z,,bulk-import-script,user_created,user,F9f5rFDpUEMD7U36sYgytzGBpc83,"{""email"":""andrew.aberye-mensah@gfza.gov.gh"",""role"":""mda_user"",""institutionId"":""ministry-of-trade-and-industry"",""source"":""mda_users_import""}"
2026-09-02T23:12:54.390Z,,bulk-import-script,user_created,user,3yn7AAsNpnNEHXXjuST3AYLHvS73,"{""email"":""albertoyk@yahoo.com"",""role"":""mda_user"",""institutionId"":""ministry-of-trade-and-industry"",""source"":""mda_users_import""}"
2026-09-02T23:12:56.182Z,,bulk-import-script,user_created,user,rxJyH9ntrMeN7fpc4gGpV3hrU4G3,"{""email"":""bernice.ampofo@gepa.gov.gh"",""role"":""mda_user"",""institutionId"":""ministry-of-trade-and-industry"",""source"":""mda_users_import""}"
2026-09-02T23:13:06.684Z,,bulk-import-script,user_created,user,WKQIZj14n6Zs8PykmuNgOwqQYpl2,"{""email"":""baffour.akuffo-ankama@gea.gov.gh"",""role"":""mda_user"",""institutionId"":""ministry-of-trade-and-industry"",""source"":""mda_users_import""}"
2026-09-02T23:13:08.548Z,,bulk-import-script,user_created,user,QhMdZzmPB1SaCJcjMPRUDwa6E2o1,"{""email"":""bernard.ayensu@moti.gov.gh"",""role"":""mda_user"",""institutionId"":""ministry-of-trade-and-industry"",""source"":""mda_users_import""}"
2026-09-02T23:13:10.399Z,,bulk-import-script,user_created,user,0skjGNcLYXS1OxG57WTpeeBnQsG2,"{""email"":""david.ampah@gepa.gov.gh"",""role"":""mda_user"",""institutionId"":""ministry-of-trade-and-industry"",""source"":""mda_users_import""}"
2026-09-02T23:13:12.261Z,,bulk-import-script,user_created,user,hMxdumkCw8Re2luaMYhj4xqsnSr1,"{""email"":""akuedd@gmail.com"",""role"":""mda_user"",""institutionId"":""ministry-of-trade-and-industry"",""source"":""mda_users_import""}"
2026-09-02T23:13:14.158Z,,bulk-import-script,user_created,user,Z2zAWpIl8SMFOidt3YuRkAMBiUv2,"{""email"":""zoekpn@gmail.com"",""role"":""mda_user"",""institutionId"":""ministry-of-trade-and-industry"",""source"":""mda_users_import""}"
2026-09-02T23:13:15.999Z,,bulk-import-script,user_created,user,0bIQEm3sibhR995jzSugCj4wytI2,"{""email"":""hannah.swanzy@gsa.gov.gh"",""role"":""mda_user"",""institutionId"":""ministry-of-trade-and-industry"",""source"":""mda_users_import""}"
2026-09-02T23:13:17.764Z,,bulk-import-script,user_created,user,d1zOisRPgsMatTzVqXkDAHPjOlK2,"{""email"":""ateluj77@gmail.com"",""role"":""mda_user"",""institutionId"":""ministry-of-trade-and-industry"",""source"":""mda_users_import""}"
2026-09-02T23:13:19.689Z,,bulk-import-script,user_created,user,ptLiGMq6o2UnIgwqoHg3YuTC61z1,"{""email"":""kofi.badu@gfza.gov.gh"",""role"":""mda_user"",""institutionId"":""ministry-of-trade-and-industry"",""source"":""mda_users_import""}"
2026-09-02T23:13:21.547Z,,bulk-import-script,user_created,user,ZMQ3Xv2k5hOkXKjxOkkJvZonf4o1,"{""email"":""om.akurang@moti.gov.gh"",""role"":""mda_user"",""institutionId"":""ministry-of-trade-and-industry"",""source"":""mda_users_import""}"
2026-09-02T23:13:23.365Z,,bulk-import-script,user_created,user,niaxGaAMOkQqz3h4AUzfJZUXIQZ2,"{""email"":""samuel.anokye-boakye@gea.gov.gh"",""role"":""mda_user"",""institutionId"":""ministry-of-trade-and-industry"",""source"":""mda_users_import""}"
2026-09-02T23:13:38.105Z,,bulk-import-script,user_created,user,FaGaaW7pUtP9ZmBfnhXwfaXHVkM2,"{""email"":""tina.asante@gsa.gov.gh"",""role"":""mda_user"",""institutionId"":""ministry-of-trade-and-industry"",""source"":""mda_users_import""}"
2026-09-02T23:13:40.696Z,,bulk-import-script,user_created,user,PjkIij6CRwh85aQQO8kKGoKdOev2,"{""email"":""akasimpliciti@gmail.com"",""role"":""mda_user"",""institutionId"":""ministry-of-trade-and-industry"",""source"":""mda_users_import""}"
2026-09-02T23:13:42.642Z,,bulk-import-script,user_created,user,YAJhWisvsIh3D4QitJFA4Nalr5d2,"{""email"":""motichief@moti.gov.gh"",""role"":""mda_user"",""institutionId"":""ministry-of-trade-and-industry"",""source"":""mda_users_import""}"
2026-09-02T23:13:45.703Z,,bulk-import-script,user_created,user,Vfr2kNqQweYVYJCfJG4xeTRADdw2,"{""email"":""festus.apreku@gsa.gov.gh"",""role"":""mda_user"",""institutionId"":""ministry-of-trade-and-industry"",""source"":""mda_users_import""}"
2026-09-02T23:13:47.602Z,,bulk-import-script,user_created,user,8i2trkOY8JRHqa40T0mZSutklil1,"{""email"":""ahenakwa09@gmail.com"",""role"":""mda_user"",""institutionId"":""ministry-of-trade-and-industry"",""source"":""mda_users_import""}"
2026-09-02T23:13:49.571Z,,bulk-import-script,user_created,user,oBx0HQaGtPZvtdX7wRbGHAaspHm2,"{""email"":""sackiteyebenezer74@gmail.com"",""role"":""mda_user"",""institutionId"":""ministry-of-trade-and-industry"",""source"":""mda_users_import""}"
2026-09-02T23:13:51.479Z,,bulk-import-script,user_created,user,ZHEiUtuyxNVZdoQEHU8PCx7VIxL2,"{""email"":""hannah.tetteh@gepa.gov.gh"",""role"":""mda_user"",""institutionId"":""ministry-of-trade-and-industry"",""source"":""mda_users_import""}"
2026-09-02T23:13:53.414Z,,bulk-import-script,user_created,user,0Lm7X3M5XAggS01d6ytVEZi6zeo1,"{""email"":""al-amin.al-hassan@grda.gov.gh"",""role"":""mda_user"",""institutionId"":""ministry-of-transport"",""source"":""mda_users_import""}"
2026-09-02T23:13:55.286Z,,bulk-import-script,user_created,user,5MclCmYCt0V92chPc39SfdtO0al1,"{""email"":""anabellaarthur@gmail.com"",""role"":""mda_user"",""institutionId"":""ministry-of-transport"",""source"":""mda_users_import""}"
2026-09-02T23:13:57.316Z,,bulk-import-script,user_created,user,PUfnfZTQTXhNDtMkWVpLQk0z7Ms2,"{""email"":""abigail.tetteh@dvla.gov.com"",""role"":""mda_user"",""institutionId"":""ministry-of-transport"",""source"":""mda_users_import""}"
2026-09-02T23:13:59.152Z,,bulk-import-script,user_created,user,NZkE3xJf0TVs6dhvLKgxZrcRTRM2,"{""email"":""diananaamoah@yahoo.com"",""role"":""mda_user"",""institutionId"":""ministry-of-transport"",""source"":""mda_users_import""}"
2026-09-02T23:14:01.005Z,,bulk-import-script,user_created,user,1C5PQhHQoWVQ8fgIvFWzJPhF9LD3,"{""email"":""eatetteh@gmail.com"",""role"":""mda_user"",""institutionId"":""ministry-of-transport"",""source"":""mda_users_import""}"
2026-09-02T23:15:11.165Z,,bulk-import-script,user_created,user,1C5PQhHQoWVQ8fgIvFWzJPhF9LD3,"{""email"":""eatetteh@gmail.com"",""role"":""mda_user"",""institutionId"":""ministry-of-transport"",""source"":""mda_users_import""}"
2026-09-02T23:15:13.724Z,,bulk-import-script,user_created,user,rMiRs2wyFGMO8krDo8r6i1R6dw92,"{""email"":""ncfosu@gmail.com"",""role"":""mda_user"",""institutionId"":""ministry-of-transport"",""source"":""mda_users_import""}"
2026-09-02T23:15:15.672Z,,bulk-import-script,user_created,user,5pw9LOOJVcU7mPOipXhYNzTP8G72,"{""email"":""emmanuel.kwai@mot.gov.gh"",""role"":""mda_user"",""institutionId"":""ministry-of-transport"",""source"":""mda_users_import""}"
2026-09-02T23:15:17.561Z,,bulk-import-script,user_created,user,YrGeY3rDL3MTbZUrdWtpfuG83XM2,"{""email"":""joseph.a.armah@ghanamaritime.gov.gh"",""role"":""mda_user"",""institutionId"":""ministry-of-transport"",""source"":""mda_users_import""}"
2026-09-02T23:15:19.414Z,,bulk-import-script,user_created,user,xB2spW2vFAegiJFNaRAjulOCAvf1,"{""email"":""k_addoyobo@yahoo.com"",""role"":""mda_user"",""institutionId"":""ministry-of-transport"",""source"":""mda_users_import""}"
2026-09-02T23:15:21.301Z,,bulk-import-script,user_created,user,J1tiSaSmcZhVNMS9lALzQOYvHUB3,"{""email"":""mabel.sagoe@mot.gov.gh"",""role"":""mda_user"",""institutionId"":""ministry-of-transport"",""source"":""mda_users_import""}"
2026-09-02T23:15:42.090Z,,bulk-import-script,user_created,user,FeUvLm4e65NjoML5JvRM7nga89T2,"{""email"":""michael.sarpong@grda.gov.gh"",""role"":""mda_user"",""institutionId"":""ministry-of-transport"",""source"":""mda_users_import""}"
2026-09-02T23:15:43.944Z,,bulk-import-script,user_created,user,67LG6KW2lVYBRSg5H4TsuMXtT402,"{""email"":""priscilla.n.adu-gyamfi@ghanamaritime.gov.gh"",""role"":""mda_user"",""institutionId"":""ministry-of-transport"",""source"":""mda_users_import""}"
2026-09-02T23:15:45.885Z,,bulk-import-script,user_created,user,kRJpB50MbzTTTIDnDhqrc76Ke8G3,"{""email"":""rkreginald@gmail.com"",""role"":""mda_user"",""institutionId"":""ministry-of-transport"",""source"":""mda_users_import""}"
2026-09-02T23:15:47.804Z,,bulk-import-script,user_created,user,MqI8z3tIe3fx2qZ8DTUWYK3sZY92,"{""email"":""william.akorli@dvla.gov.gh"",""role"":""mda_user"",""institutionId"":""ministry-of-transport"",""source"":""mda_users_import""}"
2026-09-02T23:15:49.679Z,,bulk-import-script,user_created,user,SP6airj0xqRn4xAVHYgCzCxOHdl2,"{""email"":""quakuanim2020@gmail.com"",""role"":""mda_user"",""institutionId"":""ministry-of-transport"",""source"":""mda_users_import""}"
2026-09-02T23:15:51.582Z,,bulk-import-script,user_created,user,YjSjBelUmiUKUf9AGzHFa8Uig7t2,"{""email"":""baasuo@gmail.com"",""role"":""mda_user"",""institutionId"":""ministry-of-works-and-housing"",""source"":""mda_users_import""}"
2026-09-02T23:15:53.370Z,,bulk-import-script,user_created,user,ICdB2pYxvzLfTFPTvNjOyq5mbQm1,"{""email"":""bkayensu@gamil.com"",""role"":""mda_user"",""institutionId"":""ministry-of-works-and-housing"",""source"":""mda_users_import""}"
2026-09-02T23:15:55.225Z,,bulk-import-script,user_created,user,z5CkL1opSqYNJ9w0Z3qGjzPnLQB2,"{""email"":""clementdarker@gmail.com"",""role"":""mda_user"",""institutionId"":""ministry-of-works-and-housing"",""source"":""mda_users_import""}"
2026-09-02T23:15:57.506Z,,bulk-import-script,user_created,user,e9uDV3Qg8CdwbLboIVGZuQsyf5r1,"{""email"":""mensahchristian098@gmail.com"",""role"":""mda_user"",""institutionId"":""ministry-of-works-and-housing"",""source"":""mda_users_import""}"
2026-09-02T23:15:59.434Z,,bulk-import-script,user_created,user,podeFLdtGQbVCmdHMFwTBHEooN52,"{""email"":""ashilekpey@gmail.com"",""role"":""mda_user"",""institutionId"":""ministry-of-works-and-housing"",""source"":""mda_users_import""}"
2026-09-02T23:16:01.356Z,,bulk-import-script,user_created,user,ZgPH3LysPOcHShWKEbRsZ1Wd2B13,"{""email"":""antiaye80@gmail.com"",""role"":""mda_user"",""institutionId"":""ministry-of-works-and-housing"",""source"":""mda_users_import""}"
2026-09-02T23:16:03.244Z,,bulk-import-script,user_created,user,RBOqPSr2uLc0VDfi2Nd3V32Y2jm1,"{""email"":""jason.addo@mwh.gov.gh"",""role"":""mda_user"",""institutionId"":""ministry-of-works-and-housing"",""source"":""mda_users_import""}"
2026-09-02T23:16:05.134Z,,bulk-import-script,user_created,user,PB1kKRzoY4TLw30IiIGgkDwHPFQ2,"{""email"":""afrimpong4477@yahoo.com"",""role"":""mda_user"",""institutionId"":""ministry-of-works-and-housing"",""source"":""mda_users_import""}"
2026-09-02T23:16:06.990Z,,bulk-import-script,user_created,user,6im7d5mWGhhIKUBqZakrPOM2n7O2,"{""email"":""lilydakor@gmail.com"",""role"":""mda_user"",""institutionId"":""ministry-of-works-and-housing"",""source"":""mda_users_import""}"
2026-09-02T23:16:08.902Z,,bulk-import-script,user_created,user,8TEwUSDDUJed2HMzsmfRjxIhr553,"{""email"":""leonard.ankrah@gmail.com"",""role"":""mda_user"",""institutionId"":""ministry-of-works-and-housing"",""source"":""mda_users_import""}"
2026-09-02T23:16:10.763Z,,bulk-import-script,user_created,user,odvvtiafK6fbYMrYlngzNGa02J22,"{""email"":""syawosei13@gmail.com"",""role"":""mda_user"",""institutionId"":""ministry-of-works-and-housing"",""source"":""mda_users_import""}"
2026-09-02T23:17:11.845Z,,bulk-import-script,user_created,user,odvvtiafK6fbYMrYlngzNGa02J22,"{""email"":""syawosei13@gmail.com"",""role"":""mda_user"",""institutionId"":""ministry-of-works-and-housing"",""source"":""mda_users_import""}"
2026-09-02T23:17:13.952Z,,bulk-import-script,user_created,user,EETu3J8Lv6Rt5JDo0NuwBHJURi43,"{""email"":""v.brew@yahoo.com"",""role"":""mda_user"",""institutionId"":""ministry-of-works-and-housing"",""source"":""mda_users_import""}"
2026-09-02T23:17:15.982Z,,bulk-import-script,user_created,user,OVBbNzV2MYZb8a2sAtM9SKKtxgi1,"{""email"":""vernapappoe@gmail.com"",""role"":""mda_user"",""institutionId"":""ministry-of-works-and-housing"",""source"":""mda_users_import""}"
2026-09-02T23:17:18.357Z,,bulk-import-script,user_created,user,5z7cVpzKZGWgs9r9N5xEklqDOdJ3,"{""email"":""tamakloewilherm1@gmail.com"",""role"":""mda_user"",""institutionId"":""ministry-of-works-and-housing"",""source"":""mda_users_import""}"
2026-09-02T23:17:20.284Z,,bulk-import-script,user_created,user,Iqy0uuFlqtc2neG91KcRK6S9Dd73,"{""email"":""dianaaddae6@gmail.com"",""role"":""mda_user"",""institutionId"":""ministry-of-youth-and-sports"",""source"":""mda_users_import""}"
2026-09-02T23:17:22.313Z,,bulk-import-script,user_created,user,AW77OY3VPYNQ6Ly4pmerUvGQ7RN2,"{""email"":""egodfred@gmail.com"",""role"":""mda_user"",""institutionId"":""ministry-of-youth-and-sports"",""source"":""mda_users_import""}"
2026-09-02T23:17:24.283Z,,bulk-import-script,user_created,user,FlQjBZpHrbhoFIrItUcaBQJiVz32,"{""email"":""mahami.issah@moys.gov.gh"",""role"":""mda_user"",""institutionId"":""ministry-of-youth-and-sports"",""source"":""mda_users_import""}"
2026-09-02T23:17:43.924Z,,bulk-import-script,user_created,user,JYEOBXfuOJQTxkdhNDhBNnQvenZ2,"{""email"":""mavis.asare@moys.gov.gh"",""role"":""mda_user"",""institutionId"":""ministry-of-youth-and-sports"",""source"":""mda_users_import""}"
2026-09-02T23:17:46.282Z,,bulk-import-script,user_created,user,TMLl2ODL58QVMCOXhLcjWJTqWqz2,"{""email"":""ttenkorangnot@gmail.com"",""role"":""mda_user"",""institutionId"":""ministry-of-youth-and-sports"",""source"":""mda_users_import""}"
2026-09-02T23:17:48.122Z,,bulk-import-script,user_created,user,jVMWjtp3RXWtb1PNTz5WHGmpZBS2,"{""email"":""clara.lartey@mosr.gov.gh"",""role"":""mda_user"",""institutionId"":""ministry-of-youth-and-sports"",""source"":""mda_users_import""}"
2026-09-02T23:17:50.290Z,,bulk-import-script,user_created,user,C5tsOP9R34g68nIASn8GCR45VKJ2,"{""email"":""king.palm@mosr.gov.gh"",""role"":""mda_user"",""institutionId"":""ministry-of-youth-and-sports"",""source"":""mda_users_import""}"
2026-09-02T23:17:52.458Z,,bulk-import-script,user_created,user,5dEI8IT3l6b5yk7fhcTfRgQ0Ubt1,"{""email"":""wilhemina.asamoah@mosr.gov.gh"",""role"":""mda_user"",""institutionId"":""ministry-of-youth-and-sports"",""source"":""mda_users_import""}"
2026-09-02T23:17:54.265Z,,bulk-import-script,user_created,user,yTxL0T3xArdhP3xQkxfJPAyAZ8H3,"{""email"":""abubgh67@gmail.com"",""role"":""mda_user"",""institutionId"":""ministry-of-lands-and-natural-resources"",""source"":""mda_users_import""}"
2026-09-02T23:17:56.101Z,,bulk-import-script,user_created,user,lw7HatgbC6P2WjWsY4XrTgy7u6E2,"{""email"":""alberta.dormenu@moi.gov.gh"",""role"":""mda_user"",""institutionId"":""ministry-of-lands-and-natural-resources"",""source"":""mda_users_import""}"
2026-09-02T23:18:06.418Z,,bulk-import-script,user_created,user,l9IV9PPbsFMYxF9YScITsIPyLbE2,"{""email"":""rasheedishaq@gmail.com"",""role"":""mda_user"",""institutionId"":""ministry-of-lands-and-natural-resources"",""source"":""mda_users_import""}"
2026-09-02T23:18:08.456Z,,bulk-import-script,user_created,user,YxyEA4Mzi2WiZHpBrseCiavi5Zd2,"{""email"":""beryl.effuein@giisdec.com"",""role"":""mda_user"",""institutionId"":""ministry-of-lands-and-natural-resources"",""source"":""mda_users_import""}"
2026-09-02T23:18:10.369Z,,bulk-import-script,user_created,user,nWTBysOUsXdUm72hNuntpXkEfy53,"{""email"":""ameyawossac@yahoo.com"",""role"":""mda_user"",""institutionId"":""ministry-of-lands-and-natural-resources"",""source"":""mda_users_import""}"
2026-09-02T23:18:12.248Z,,bulk-import-script,user_created,user,QRmz1GMkulaT0YtKK7Xatil4nmc2,"{""email"":""charles.boadi-kwakye@mincom.gov.gh"",""role"":""mda_user"",""institutionId"":""ministry-of-lands-and-natural-resources"",""source"":""mda_users_import""}"
2026-09-02T23:18:13.952Z,,bulk-import-script,user_created,user,pqQcG4HcZyTVC48yQV4JtQ9SyNI3,"{""email"":""galleyd6@gmail.com"",""role"":""mda_user"",""institutionId"":""ministry-of-lands-and-natural-resources"",""source"":""mda_users_import""}"
2026-09-02T23:18:15.837Z,,bulk-import-script,user_created,user,sfJjJRldntMXXfhwaCaW4mfpEby2,"{""email"":""kumilee2003@yahoo.co.uk"",""role"":""mda_user"",""institutionId"":""ministry-of-lands-and-natural-resources"",""source"":""mda_users_import""}"
2026-09-02T23:18:17.730Z,,bulk-import-script,user_created,user,aQvfiLaiDRQkd40dFjqnA8mcjwD3,"{""email"":""eric.brightdavis@mincom.gov.gh"",""role"":""mda_user"",""institutionId"":""ministry-of-lands-and-natural-resources"",""source"":""mda_users_import""}"
2026-09-02T23:18:19.708Z,,bulk-import-script,user_created,user,Yx3Kbj5e3gdAvoG5iwPnEXKuv3w2,"{""email"":""eyranutsugah@yahoo.com"",""role"":""mda_user"",""institutionId"":""ministry-of-lands-and-natural-resources"",""source"":""mda_users_import""}"
2026-09-02T23:18:21.622Z,,bulk-import-script,user_created,user,XAUpDEXxWCYvELow8CS4xgSBCCk2,"{""email"":""esther.nyatuame@mlnr.gov.gh"",""role"":""mda_user"",""institutionId"":""ministry-of-lands-and-natural-resources"",""source"":""mda_users_import""}"
2026-09-02T23:18:23.535Z,,bulk-import-script,user_created,user,DqAXQlqzXZUgDAWmMZVRvqW4Nsn1,"{""email"":""frankcostero2007@yahoo.com"",""role"":""mda_user"",""institutionId"":""ministry-of-lands-and-natural-resources"",""source"":""mda_users_import""}"
2026-09-02T23:18:25.459Z,,bulk-import-script,user_created,user,sMW1isAe0SdHNQZ3mBDSpEdo1g83,"{""email"":""felix.quainoo@oasl.gov.gh"",""role"":""mda_user"",""institutionId"":""ministry-of-lands-and-natural-resources"",""source"":""mda_users_import""}"
2026-09-02T23:18:27.396Z,,bulk-import-script,user_created,user,KFB1KIeBxShocBvV7BXEAa3VI2g1,"{""email"":""fktorttoh@outlook.com"",""role"":""mda_user"",""institutionId"":""ministry-of-lands-and-natural-resources"",""source"":""mda_users_import""}"
2026-09-02T23:18:29.321Z,,bulk-import-script,user_created,user,oOJhnLjENYa2xSD5A8CTRyjOFPy2,"{""email"":""arwui@yahoo.com"",""role"":""mda_user"",""institutionId"":""ministry-of-lands-and-natural-resources"",""source"":""mda_users_import""}"
2026-09-02T23:18:31.266Z,,bulk-import-script,user_created,user,g7stktR7qvWNTaQ2kIYJD6j9RK83,"{""email"":""ggiftyelikem@yahoo.com"",""role"":""mda_user"",""institutionId"":""ministry-of-lands-and-natural-resources"",""source"":""mda_users_import""}"
2026-09-02T23:18:33.191Z,,bulk-import-script,user_created,user,CkqZR7CUD1MQQBgNNXeQVNoP75k1,"{""email"":""gloria.koranteng@mimcom.gov.gh"",""role"":""mda_user"",""institutionId"":""ministry-of-lands-and-natural-resources"",""source"":""mda_users_import""}"
2026-09-02T23:19:37.212Z,,bulk-import-script,user_created,user,l8ObCUB3HQhcZ44Tgng3M6YskCI3,"{""email"":""grace.mensah@giadec.com"",""role"":""mda_user"",""institutionId"":""ministry-of-lands-and-natural-resources"",""source"":""mda_users_import""}"
2026-09-02T23:19:39.688Z,,bulk-import-script,user_created,user,CzZJgs0Ad1TzNzKyI7BBJAWcddS2,"{""email"":""suglohelen@yahoo.com"",""role"":""mda_user"",""institutionId"":""ministry-of-lands-and-natural-resources"",""source"":""mda_users_import""}"
2026-09-02T23:19:42.003Z,,bulk-import-script,user_created,user,e0Yp5Kch2LN43PwnBIroTcrpXpH3,"{""email"":""innocent.haligah@mlnr.gov.gh"",""role"":""mda_user"",""institutionId"":""ministry-of-lands-and-natural-resources"",""source"":""mda_users_import""}"
2026-09-02T23:19:44.286Z,,bulk-import-script,user_created,user,Q37Xerq8NHaOAE9aHS8mJxJrikV2,"{""email"":""joel.tetteh@mincom.gov.gh"",""role"":""mda_user"",""institutionId"":""ministry-of-lands-and-natural-resources"",""source"":""mda_users_import""}"
2026-09-02T23:19:46.585Z,,bulk-import-script,user_created,user,x4q7JBdlWGgsJJZH9KqSK7YlJv03,"{""email"":""jennifer.yankey@giadec.com"",""role"":""mda_user"",""institutionId"":""ministry-of-lands-and-natural-resources"",""source"":""mda_users_import""}"
2026-09-02T23:19:48.995Z,,bulk-import-script,user_created,user,5DjWCW9PVpYb5VcCJWBHeaHk6IH3,"{""email"":""mohammedkhadija1@gmail.com"",""role"":""mda_user"",""institutionId"":""ministry-of-lands-and-natural-resources"",""source"":""mda_users_import""}"
2026-09-02T23:19:51.271Z,,bulk-import-script,user_created,user,5atGIeVc4Na5tUv3jV1VYwpaEhQ2,"{""email"":""kosekre@hotmail.com"",""role"":""mda_user"",""institutionId"":""ministry-of-lands-and-natural-resources"",""source"":""mda_users_import""}"
2026-09-02T23:19:53.629Z,,bulk-import-script,user_created,user,ovGnTGFq7feghP0TPs1hLTfX17w2,"{""email"":""nyonatorek1@gmail.com"",""role"":""mda_user"",""institutionId"":""ministry-of-lands-and-natural-resources"",""source"":""mda_users_import""}"
2026-09-02T23:20:54.161Z,,bulk-import-script,user_created,user,ovGnTGFq7feghP0TPs1hLTfX17w2,"{""email"":""nyonatorek1@gmail.com"",""role"":""mda_user"",""institutionId"":""ministry-of-lands-and-natural-resources"",""source"":""mda_users_import""}"
2026-09-02T23:20:56.703Z,,bulk-import-script,user_created,user,temeaGypUMSSDcFoDg2DVuaU7R12,"{""email"":""missypat09@gmail.com"",""role"":""mda_user"",""institutionId"":""ministry-of-lands-and-natural-resources"",""source"":""mda_users_import""}"
2026-09-02T23:20:58.985Z,,bulk-import-script,user_created,user,c89lLLfTKcRjS9FfPkURkykqwF12,"{""email"":""prince.baakoh@outlook.com"",""role"":""mda_user"",""institutionId"":""ministry-of-lands-and-natural-resources"",""source"":""mda_users_import""}"
2026-09-02T23:21:01.436Z,,bulk-import-script,user_created,user,bWbsoyqKMFQw9mnH8Z3aFf6R0FP2,"{""email"":""abdul-rashad.asumah@mlnr.gov.gh"",""role"":""mda_user"",""institutionId"":""ministry-of-lands-and-natural-resources"",""source"":""mda_users_import""}"
2026-09-02T23:22:02.119Z,,bulk-import-script,user_created,user,bWbsoyqKMFQw9mnH8Z3aFf6R0FP2,"{""email"":""abdul-rashad.asumah@mlnr.gov.gh"",""role"":""mda_user"",""institutionId"":""ministry-of-lands-and-natural-resources"",""source"":""mda_users_import""}"
2026-09-02T23:22:04.775Z,,bulk-import-script,user_created,user,zJZHZmaQZwNhaZg4FViXL2xS76a2,"{""email"":""solomon.boye@mlnr.gov.gh"",""role"":""mda_user"",""institutionId"":""ministry-of-lands-and-natural-resources"",""source"":""mda_users_import""}"
2026-09-02T23:22:07.101Z,,bulk-import-script,user_created,user,GozBbHeLl5du963bp4ZbXxbSHDS2,"{""email"":""sammyb495@yahoo.com"",""role"":""mda_user"",""institutionId"":""ministry-of-lands-and-natural-resources"",""source"":""mda_users_import""}"
2026-09-02T23:22:09.520Z,,bulk-import-script,user_created,user,HNxqWgekE6bBQLR9FyLsyWlUEO03,"{""email"":""mensahsophia647@gmail.com"",""role"":""mda_user"",""institutionId"":""ministry-of-lands-and-natural-resources"",""source"":""mda_users_import""}"
2026-09-02T23:22:11.820Z,,bulk-import-script,user_created,user,FNFWvSWR1Mg2pk25ZDrsgqkdWj63,"{""email"":""manfi124@gmail.com"",""role"":""mda_user"",""institutionId"":""ministry-of-lands-and-natural-resources"",""source"":""mda_users_import""}"
2026-09-02T23:22:14.132Z,,bulk-import-script,user_created,user,NHjnonkbn9bCXJL2SuBS2FXcQHF2,"{""email"":""theo4ub@yahoo.com"",""role"":""mda_user"",""institutionId"":""ministry-of-lands-and-natural-resources"",""source"":""mda_users_import""}"
2026-09-02T23:23:15.458Z,,bulk-import-script,user_created,user,NHjnonkbn9bCXJL2SuBS2FXcQHF2,"{""email"":""theo4ub@yahoo.com"",""role"":""mda_user"",""institutionId"":""ministry-of-lands-and-natural-resources"",""source"":""mda_users_import""}"
2026-09-02T23:23:17.853Z,,bulk-import-script,user_created,user,VpuWhbSiyBXr0lLcBNg0jCCvkiH2,"{""email"":""nanbena@yahoo.com"",""role"":""mda_user"",""institutionId"":""national-commission-on-civic-education"",""source"":""mda_users_import""}"
2026-09-02T23:23:19.713Z,,bulk-import-script,user_created,user,iItX49gwWPfvI2l4XzbpLkZ2RHT2,"{""email"":""nccehq@yahoo.com"",""role"":""mda_user"",""institutionId"":""national-commission-on-civic-education"",""source"":""mda_users_import""}"
2026-09-02T23:23:21.619Z,,bulk-import-script,user_created,user,zcq75RlACrgsQ5GCfELCwrLsRI22,"{""email"":""kathyaddy@yahoo.com"",""role"":""mda_user"",""institutionId"":""national-commission-on-civic-education"",""source"":""mda_users_import""}"
2026-09-02T23:23:23.500Z,,bulk-import-script,user_created,user,iD8J5CP5oJYuKXJvXwRaiX7cYTZ2,"{""email"":""monmatt14@yahoo.com"",""role"":""mda_user"",""institutionId"":""national-commission-on-civic-education"",""source"":""mda_users_import""}"
2026-09-02T23:23:25.372Z,,bulk-import-script,user_created,user,BTvmCbl5ozTmpYKRXapzSifWW9l1,"{""email"":""audrey.smockamoah@ndpc.gov.gh"",""role"":""mda_user"",""institutionId"":""national-development-planning-commission"",""source"":""mda_users_import""}"
2026-09-02T23:23:27.187Z,,bulk-import-script,user_created,user,36iu8AKbkacDAI8aFEb6ibQ2cSl2,"{""email"":""angela.kpegah@ndpc.gov.gh"",""role"":""mda_user"",""institutionId"":""national-development-planning-commission"",""source"":""mda_users_import""}"
2026-09-02T23:23:29.066Z,,bulk-import-script,user_created,user,qZoL1DUlrNVxhkxAzBYniTwUjtX2,"{""email"":""charles.konglo@ndpc.gov.gh"",""role"":""mda_user"",""institutionId"":""national-development-planning-commission"",""source"":""mda_users_import""}"
2026-09-02T23:23:31.081Z,,bulk-import-script,user_created,user,TAQzi8Av3mgIZxhs2OSN0CSKM9F2,"{""email"":""godfred.irabayibayee@ndpc.gov.gh"",""role"":""mda_user"",""institutionId"":""national-development-planning-commission"",""source"":""mda_users_import""}"
2026-09-02T23:23:32.940Z,,bulk-import-script,user_created,user,10wdq9yLpnfG9SzfEZcH3MlhbAc2,"{""email"":""matilda.dichem@ndpc.gov.gh"",""role"":""mda_user"",""institutionId"":""national-development-planning-commission"",""source"":""mda_users_import""}"
2026-09-02T23:23:43.224Z,,bulk-import-script,user_created,user,Xz8pgQO0vac8omwGQaGfm91Wi8B2,"{""email"":""richard.tweneboah-kodua@ndpc.gov.gh"",""role"":""mda_user"",""institutionId"":""national-development-planning-commission"",""source"":""mda_users_import""}"
2026-09-02T23:23:45.548Z,,bulk-import-script,user_created,user,YenrcfyE5GgPdJNXh1x67BmxaJh2,"{""email"":""wilfred.sam-awortwi@ndpc.gov.gh"",""role"":""mda_user"",""institutionId"":""national-development-planning-commission"",""source"":""mda_users_import""}"
2026-09-02T23:23:47.625Z,,bulk-import-script,user_created,user,XmzJjKEx0mN5TWwcBHUUiNAc8XJ2,"{""email"":""rahaman.abdulai@nhia.gov.gh"",""role"":""mda_user"",""institutionId"":""national-health-fund"",""source"":""mda_users_import""}"
2026-09-02T23:23:49.646Z,,bulk-import-script,user_created,user,7bR4nmn9hBbYQlmml2PQO8KuHvr1,"{""email"":""albert.antwi@nhia.gov.gh"",""role"":""mda_user"",""institutionId"":""national-health-fund"",""source"":""mda_users_import""}"
2026-09-02T23:23:51.575Z,,bulk-import-script,user_created,user,CgygiksCMTPqeqziSkAvOT6tht42,"{""email"":""abdul-rahman.moomen@nhia.gov.gh"",""role"":""mda_user"",""institutionId"":""national-health-fund"",""source"":""mda_users_import""}"
2026-09-02T23:23:53.533Z,,bulk-import-script,user_created,user,G17ALSgn4HfcS0pyNE15wUPHSmT2,"{""email"":""bernard.bosomprah@nhia.gov.gh"",""role"":""mda_user"",""institutionId"":""national-health-fund"",""source"":""mda_users_import""}"
2026-09-02T23:23:55.420Z,,bulk-import-script,user_created,user,297EIPiD4VayHkceJP3f86PEO3E3,"{""email"":""christian.ahiagbah@nhia.gov.gh"",""role"":""mda_user"",""institutionId"":""national-health-fund"",""source"":""mda_users_import""}"
2026-09-02T23:23:57.320Z,,bulk-import-script,user_created,user,ffQBpdo1upeH0C5sb7wi1hWwC9H3,"{""email"":""christian.donkor@nhia.gov.gh"",""role"":""mda_user"",""institutionId"":""national-health-fund"",""source"":""mda_users_import""}"
2026-09-02T23:23:59.362Z,,bulk-import-script,user_created,user,zwg1VwS3wAYiORq1sxVAKTmZTE32,"{""email"":""da-costa.aboagye@nhia.gov.gh"",""role"":""mda_user"",""institutionId"":""national-health-fund"",""source"":""mda_users_import""}"
2026-09-02T23:24:01.295Z,,bulk-import-script,user_created,user,ZECsEcspeee0rASHnVcCdMzfLc93,"{""email"":""dominic.akurubiri@nhia.gov.gh"",""role"":""mda_user"",""institutionId"":""national-health-fund"",""source"":""mda_users_import""}"
2026-09-02T23:24:03.174Z,,bulk-import-script,user_created,user,DYApG4WyVph1Xajh1GuhtEXAm6T2,"{""email"":""daniel.koomson@nhia.gov.gh"",""role"":""mda_user"",""institutionId"":""national-health-fund"",""source"":""mda_users_import""}"
2026-09-02T23:24:05.062Z,,bulk-import-script,user_created,user,thneMoxw7uNqLDxoJnPM1XXlVWz2,"{""email"":""emmanuel.arah@nhia.gov.gh"",""role"":""mda_user"",""institutionId"":""national-health-fund"",""source"":""mda_users_import""}"
2026-09-02T23:24:06.935Z,,bulk-import-script,user_created,user,OeZ2ZwzHtVbFDj1ClTAuBKQf5mM2,"{""email"":""eric.entsie@nhia.gov.gh"",""role"":""mda_user"",""institutionId"":""national-health-fund"",""source"":""mda_users_import""}"
2026-09-02T23:24:08.768Z,,bulk-import-script,user_created,user,8mIY5teqpcXcbIapOwoFlBhRg2E3,"{""email"":""eric.nyantakyi@nhia.gov.gh"",""role"":""mda_user"",""institutionId"":""national-health-fund"",""source"":""mda_users_import""}"
2026-09-02T23:24:10.574Z,,bulk-import-script,user_created,user,DSzb6dTKIaZ4jJo7ovjXUY1s0512,"{""email"":""eric.sah@nhia.gov.gh"",""role"":""mda_user"",""institutionId"":""national-health-fund"",""source"":""mda_users_import""}"
2026-09-02T23:24:20.743Z,,bulk-import-script,user_created,user,phk4VccwYvamsyi0XgnfkSzRSsw2,"{""email"":""eric.yeboah@nhia.gov.gh"",""role"":""mda_user"",""institutionId"":""national-health-fund"",""source"":""mda_users_import""}"
2026-09-02T23:24:22.649Z,,bulk-import-script,user_created,user,tJMFhLtMQ5OK9gxozbroI8hPVUE3,"{""email"":""frank.atta-poku@nhia.gov.gh"",""role"":""mda_user"",""institutionId"":""national-health-fund"",""source"":""mda_users_import""}"
2026-09-02T23:24:24.552Z,,bulk-import-script,user_created,user,9lxSGQsjAjgf2e3GHOWeTN2tWts2,"{""email"":""kwame.nkrumah@nhia.gov.gh"",""role"":""mda_user"",""institutionId"":""national-health-fund"",""source"":""mda_users_import""}"
2026-09-02T23:24:26.464Z,,bulk-import-script,user_created,user,6DXc3B8YgucLb4arKM96GesWARC2,"{""email"":""franklin.tannor@nhia.gov.gh"",""role"":""mda_user"",""institutionId"":""national-health-fund"",""source"":""mda_users_import""}"
2026-09-02T23:24:28.374Z,,bulk-import-script,user_created,user,Tw3dfMbBAvhoIUBuR9w3uLCcTpz2,"{""email"":""george.asamoah-baah@nhia.gov.gh"",""role"":""mda_user"",""institutionId"":""national-health-fund"",""source"":""mda_users_import""}"
2026-09-02T23:24:30.269Z,,bulk-import-script,user_created,user,fKzPkul8ghaup3qS8XAlPb4aGZV2,"{""email"":""isaac.nyarko@nhia.gov.gh"",""role"":""mda_user"",""institutionId"":""national-health-fund"",""source"":""mda_users_import""}"
2026-09-02T23:24:32.175Z,,bulk-import-script,user_created,user,G0DK5iXqq3aSU2QhORUyOMO9YtP2,"{""email"":""issah.shiraz@nhia.gov.gh"",""role"":""mda_user"",""institutionId"":""national-health-fund"",""source"":""mda_users_import""}"
2026-09-02T23:24:34.078Z,,bulk-import-script,user_created,user,E5q2j3V5nMP7rRBHspCYLZMAaH63,"{""email"":""jonathan.manu@nhia.gov.gh"",""role"":""mda_user"",""institutionId"":""national-health-fund"",""source"":""mda_users_import""}"
2026-09-02T23:24:36.013Z,,bulk-import-script,user_created,user,gQd6S67ibLX1uMcaAfURrTYWjbH3,"{""email"":""mark.kofiamoako@nhia.gov.gh"",""role"":""mda_user"",""institutionId"":""national-health-fund"",""source"":""mda_users_import""}"
2026-09-02T23:24:37.903Z,,bulk-import-script,user_created,user,9YAPYoOPtJMuJe4vXlQgiN4rCeP2,"{""email"":""paul.effah@nhia.gov.gh"",""role"":""mda_user"",""institutionId"":""national-health-fund"",""source"":""mda_users_import""}"
2026-09-02T23:24:39.875Z,,bulk-import-script,user_created,user,iiWGMYPyjFWOE0VBwiOKkiiVKYH2,"{""email"":""phillip.ankomako@nhia.gov.gh"",""role"":""mda_user"",""institutionId"":""national-health-fund"",""source"":""mda_users_import""}"
2026-09-02T23:24:41.843Z,,bulk-import-script,user_created,user,KaXPrkmJZ6S5T49LoRJk3Esj5322,"{""email"":""richard.badu@nhia.gov.gh"",""role"":""mda_user"",""institutionId"":""national-health-fund"",""source"":""mda_users_import""}"
2026-09-02T23:25:04.042Z,,bulk-import-script,user_created,user,iMyNa6u9e0fi7fEg8DzfjcemUt13,"{""email"":""raymond.buamah@nhia.gov.gh"",""role"":""mda_user"",""institutionId"":""national-health-fund"",""source"":""mda_users_import""}"
2026-09-02T23:25:06.234Z,,bulk-import-script,user_created,user,DBOTj39mx7TIXM7kW5k91MKXRWJ3,"{""email"":""stephen.benyin@nhia.gov.gh"",""role"":""mda_user"",""institutionId"":""national-health-fund"",""source"":""mda_users_import""}"
2026-09-02T23:25:08.257Z,,bulk-import-script,user_created,user,CEWaRJUL9edVCfY2TJrJyKLnBFn1,"{""email"":""samuel.larsey@nhia.gov.gh"",""role"":""mda_user"",""institutionId"":""national-health-fund"",""source"":""mda_users_import""}"
2026-09-02T23:25:10.147Z,,bulk-import-script,user_created,user,XpyxCALCmPV6Gg4Is7WtRtKSLcR2,"{""email"":""coilyg@yahoo.com"",""role"":""mda_user"",""institutionId"":""national-labour-commission"",""source"":""mda_users_import""}"
2026-09-02T23:25:12.090Z,,bulk-import-script,user_created,user,lBrRPqsTgGVqTVWiDbCuS5hLCGQ2,"{""email"":""kudodim@yahoo.co.uk"",""role"":""mda_user"",""institutionId"":""national-labour-commission"",""source"":""mda_users_import""}"
2026-09-02T23:25:13.955Z,,bulk-import-script,user_created,user,GzSmkw1RFOUCn59o3xSXd6hUnXH2,"{""email"":""aspiro.kade@yahoo.com"",""role"":""mda_user"",""institutionId"":""national-labour-commission"",""source"":""mda_users_import""}"
2026-09-02T23:25:15.850Z,,bulk-import-script,user_created,user,F5tQ5qrv5nQo2jYofdnM6t5ZaJC2,"{""email"":""eyeboateng@yahoo.com"",""role"":""mda_user"",""institutionId"":""national-media-commission"",""source"":""mda_users_import""}"
2026-09-02T23:25:17.782Z,,bulk-import-script,user_created,user,1qE1xzC9CZNeNhd8ETAqROJqqF13,"{""email"":""ayahobeng79@gmail.com"",""role"":""mda_user"",""institutionId"":""national-media-commission"",""source"":""mda_users_import""}"
2026-09-02T23:25:32.682Z,,bulk-import-script,user_created,user,cv0TXhzLnvfXXJ8CWyWZjpH92jp2,"{""email"":""georgeksarpong@yahoo.co.uk"",""role"":""mda_user"",""institutionId"":""national-media-commission"",""source"":""mda_users_import""}"
2026-09-02T23:25:34.598Z,,bulk-import-script,user_created,user,dNWr7cwLFwYBm3aRxymycd1AbfN2,"{""email"":""joeblebo@gmail.com"",""role"":""mda_user"",""institutionId"":""national-media-commission"",""source"":""mda_users_import""}"
2026-09-02T23:25:36.488Z,,bulk-import-script,user_created,user,bxc2srgu6KcakqBIueks6TPtVpD3,"{""email"":""jaypanic62@gmail.com"",""role"":""mda_user"",""institutionId"":""national-media-commission"",""source"":""mda_users_import""}"
2026-09-02T23:25:38.261Z,,bulk-import-script,user_created,user,kM1Ppz6yf0Pjw5eg2BsU7jUUO0M2,"{""email"":""tsanziri@yahoo.com"",""role"":""mda_user"",""institutionId"":""national-media-commission"",""source"":""mda_users_import""}"
2026-09-02T23:25:40.135Z,,bulk-import-script,user_created,user,820Pe5JreEap3BAzycuNwi2j4p12,"{""email"":""akwanab@yahoo.com"",""role"":""mda_user"",""institutionId"":""office-of-government-machinery"",""source"":""mda_users_import""}"
2026-09-02T23:25:41.749Z,,bulk-import-script,user_created,user,MZ0mdh6KuQhOPUjnrfmaJcuwpUn1,"{""email"":""anthony.baidoo@iaa.gov.gh"",""role"":""mda_user"",""institutionId"":""office-of-government-machinery"",""source"":""mda_users_import""}"
2026-09-02T23:25:43.333Z,,bulk-import-script,user_created,user,ETNRwjGBwGQYvwAzLKV49DdJu6x1,"{""email"":""bessamon004@gmail.com"",""role"":""mda_user"",""institutionId"":""office-of-government-machinery"",""source"":""mda_users_import""}"
2026-09-02T23:25:45.014Z,,bulk-import-script,user_created,user,1n5KSVpbsbaZEFt3bWT0ClWT7to1,"{""email"":""dorasiwome@gmail.com"",""role"":""mda_user"",""institutionId"":""office-of-government-machinery"",""source"":""mda_users_import""}"
2026-09-02T23:25:46.639Z,,bulk-import-script,user_created,user,R5tktRXYY7dYXH2TyovbEfmI1pp1,"{""email"":""vanessa40aseye@gmail.com"",""role"":""mda_user"",""institutionId"":""office-of-government-machinery"",""source"":""mda_users_import""}"
2026-09-02T23:25:48.237Z,,bulk-import-script,user_created,user,ERVBLDv5FpYpLbvvAG8tQ7Kq5983,"{""email"":""peacewalkghana@yahoo.com"",""role"":""mda_user"",""institutionId"":""office-of-government-machinery"",""source"":""mda_users_import""}"
2026-09-02T23:25:49.772Z,,bulk-import-script,user_created,user,WGuJ2NACFOPHU7STtGCLD3AGHDu1,"{""email"":""badam@ndagh.org"",""role"":""mda_user"",""institutionId"":""office-of-government-machinery"",""source"":""mda_users_import""}"
2026-09-02T23:25:51.384Z,,bulk-import-script,user_created,user,wDnS2D0nR1SuHlYVMIzEBbiZIIl2,"{""email"":""comariboateng@yahoo.com"",""role"":""mda_user"",""institutionId"":""office-of-government-machinery"",""source"":""mda_users_import""}"
2026-09-02T23:25:52.988Z,,bulk-import-script,user_created,user,FYZwLzj1EqRDXw7XNvjL8A2bzUq1,"{""email"":""charlesheletsi@yahoo.com"",""role"":""mda_user"",""institutionId"":""office-of-government-machinery"",""source"":""mda_users_import""}"
2026-09-02T23:25:54.677Z,,bulk-import-script,user_created,user,X5138zuA2zVHHQGax2eSaFtt7xn2,"{""email"":""david.angoh@gipc.gov.gh"",""role"":""mda_user"",""institutionId"":""office-of-government-machinery"",""source"":""mda_users_import""}"
2026-09-02T23:25:56.446Z,,bulk-import-script,user_created,user,v1YN0X1YxMeYtJgN225s2p1uTA62,"{""email"":""daniel.kpogo@ghanaids.gov.gh"",""role"":""mda_user"",""institutionId"":""office-of-government-machinery"",""source"":""mda_users_import""}"
2026-09-02T23:25:58.060Z,,bulk-import-script,user_created,user,fB4UyHvuoaekPN1VamtZqg5q0xq1,"{""email"":""doreenmengayela@gmail.com"",""role"":""mda_user"",""institutionId"":""office-of-government-machinery"",""source"":""mda_users_import""}"
2026-09-02T23:25:59.748Z,,bulk-import-script,user_created,user,YQepTAKcoReFrKQsYquyx5cxmtA2,"{""email"":""emmanueloseia@yahoo.com"",""role"":""mda_user"",""institutionId"":""office-of-government-machinery"",""source"":""mda_users_import""}"
2026-09-02T23:26:01.395Z,,bulk-import-script,user_created,user,vVip2YEUlFQx0UR7hGeRzTPmMW23,"{""email"":""awortwe.kwabena@nia.gov.gh"",""role"":""mda_user"",""institutionId"":""office-of-government-machinery"",""source"":""mda_users_import""}"
2026-09-02T23:26:09.283Z,,bulk-import-script,user_created,user,Ipj1W6cnPrW5krb7ScXK0yDbFgp2,"{""email"":""yawnyarko2009@yahoo.com"",""role"":""mda_user"",""institutionId"":""office-of-government-machinery"",""source"":""mda_users_import""}"
2026-09-02T23:26:10.915Z,,bulk-import-script,user_created,user,bPT1zYVbexfRBXupV2YcAR5TK7G3,"{""email"":""gideon.amoabeng@mbda.gov.gh"",""role"":""mda_user"",""institutionId"":""office-of-government-machinery"",""source"":""mda_users_import""}"
2026-09-02T23:26:12.528Z,,bulk-import-script,user_created,user,QV7bjF2E6CRZH0P05MAC97iAFI42,"{""email"":""renny.ashai@yahoo.com"",""role"":""mda_user"",""institutionId"":""office-of-government-machinery"",""source"":""mda_users_import""}"
2026-09-02T23:26:14.098Z,,bulk-import-script,user_created,user,3sBuMMmkC8U8cyrxsCkzX8Vn8BJ3,"{""email"":""jdadson@mida.gov.gh"",""role"":""mda_user"",""institutionId"":""office-of-government-machinery"",""source"":""mda_users_import""}"
2026-09-02T23:26:15.702Z,,bulk-import-script,user_created,user,DPgzdmSQJZQhjIU0p474nIHxHKC3,"{""email"":""judithkyereaah@gmail.com"",""role"":""mda_user"",""institutionId"":""office-of-government-machinery"",""source"":""mda_users_import""}"
2026-09-02T23:26:17.328Z,,bulk-import-script,user_created,user,8i7aazcRRgW5Dy5LGNPFf1Qp4242,"{""email"":""joseph.sarfo-mensah@masloc.gov.gh"",""role"":""mda_user"",""institutionId"":""office-of-government-machinery"",""source"":""mda_users_import""}"
2026-09-02T23:26:19.026Z,,bulk-import-script,user_created,user,73ThXUn3MvZUOCQfBFIegUv9Bju1,"{""email"":""louis.adzato-ntem@imccod.gov.gh"",""role"":""mda_user"",""institutionId"":""office-of-government-machinery"",""source"":""mda_users_import""}"
2026-09-02T23:26:20.955Z,,bulk-import-script,user_created,user,cP5ftHnhOnUCHmG8MaMMbHuel782,"{""email"":""ltackie-yaoboi@mida.gov.gh"",""role"":""mda_user"",""institutionId"":""office-of-government-machinery"",""source"":""mda_users_import""}"
2026-09-02T23:26:22.563Z,,bulk-import-script,user_created,user,4AKg3tDtfLhMgNxvZ9StVNtin3A3,"{""email"":""magdalenea650@gmail.com"",""role"":""mda_user"",""institutionId"":""office-of-government-machinery"",""source"":""mda_users_import""}"
2026-09-02T23:26:24.123Z,,bulk-import-script,user_created,user,h2Zf8unGYwSkK6gdTUA2DosDBeC2,"{""email"":""alha8@yahoo.com"",""role"":""mda_user"",""institutionId"":""office-of-government-machinery"",""source"":""mda_users_import""}"
2026-09-02T23:26:25.751Z,,bulk-import-script,user_created,user,dGSzVwCH4de0uMs8651PrKZ86wh1,"{""email"":""michael.attah@spd.gov.gh"",""role"":""mda_user"",""institutionId"":""office-of-government-machinery"",""source"":""mda_users_import""}"
2026-09-02T23:26:27.422Z,,bulk-import-script,user_created,user,PawVg8PYVddwX7zxgg3eI2FgFBg2,"{""email"":""mohammed.haruna@zodf.gov.gh"",""role"":""mda_user"",""institutionId"":""office-of-government-machinery"",""source"":""mda_users_import""}"
2026-09-02T23:26:29.536Z,,bulk-import-script,user_created,user,3itNjRHpIQcFlz4ZJyNYOzzfnNY2,"{""email"":""monte.provencal@mpe.gov.gh"",""role"":""mda_user"",""institutionId"":""office-of-government-machinery"",""source"":""mda_users_import""}"
2026-09-02T23:26:31.238Z,,bulk-import-script,user_created,user,I3MZcQoMb1NaFCFbU018wtVkBDI3,"{""email"":""braimah.nuhu@zodf.gov.gh"",""role"":""mda_user"",""institutionId"":""office-of-government-machinery"",""source"":""mda_users_import""}"
2026-09-02T23:26:32.827Z,,bulk-import-script,user_created,user,WpFE1gKy0sbrNmnf9JaDQ3F6hnR2,"{""email"":""nysekyereababio@gmail.com"",""role"":""mda_user"",""institutionId"":""office-of-government-machinery"",""source"":""mda_users_import""}"
2026-09-02T23:26:34.460Z,,bulk-import-script,user_created,user,LvVQTp2hL4Og7AjwS7VT6FTdJ6y2,"{""email"":""paul.boye@gipc.gov.gh"",""role"":""mda_user"",""institutionId"":""office-of-government-machinery"",""source"":""mda_users_import""}"
2026-09-02T23:26:36.085Z,,bulk-import-script,user_created,user,jxoikPoVCdQNDyFGp3MMtGds5op1,"{""email"":""richmond.bosompem@mpe.gov.gh"",""role"":""mda_user"",""institutionId"":""office-of-government-machinery"",""source"":""mda_users_import""}"
2026-09-02T23:26:57.626Z,,bulk-import-script,user_created,user,iFBzoqih6EahynGh0grEdPm64Hn1,"{""email"":""richard.boateng@masloc.gov.gh"",""role"":""mda_user"",""institutionId"":""office-of-government-machinery"",""source"":""mda_users_import""}"
2026-09-02T23:26:59.669Z,,bulk-import-script,user_created,user,t624x1MDe2Os3SvDPIEAVF5YooK2,"{""email"":""richmondfrimpong784@gmail.com"",""role"":""mda_user"",""institutionId"":""office-of-government-machinery"",""source"":""mda_users_import""}"
2026-09-02T23:27:01.569Z,,bulk-import-script,user_created,user,lI7ixXvtF8gjuYnPyZBqBlPZzPN2,"{""email"":""megirasalifu@yahoo.com"",""role"":""mda_user"",""institutionId"":""office-of-government-machinery"",""source"":""mda_users_import""}"
2026-09-02T23:27:03.637Z,,bulk-import-script,user_created,user,SQHiQ7m8yMZ9fftNOmt8E0obEm12,"{""email"":""tedumadze@imccod.gov.gh"",""role"":""mda_user"",""institutionId"":""office-of-government-machinery"",""source"":""mda_users_import""}"
2026-09-02T23:27:05.843Z,,bulk-import-script,user_created,user,3YNyTWWBwuZsFK7QUDLmIzcPRtt2,"{""email"":""victoria.antwi@spd.gov.gh"",""role"":""mda_user"",""institutionId"":""office-of-government-machinery"",""source"":""mda_users_import""}"
2026-09-02T23:27:07.702Z,,bulk-import-script,user_created,user,ylokMaPk10YYxxeeYboxu6Dmt0H2,"{""email"":""wayo_68@yahoo.com"",""role"":""mda_user"",""institutionId"":""office-of-government-machinery"",""source"":""mda_users_import""}"
2026-09-02T23:27:09.550Z,,bulk-import-script,user_created,user,gqST9X5gDMW6sYZLoinmNceuqNq1,"{""email"":""walter.adabare@oag.gov.gh"",""role"":""mda_user"",""institutionId"":""office-of-government-machinery"",""source"":""mda_users_import""}"
2026-09-02T23:27:21.780Z,,bulk-import-script,user_created,user,ODWQRsjZXjPI20rSVsDms6QQHOZ2,"{""email"":""zakariaiddrisu43@yahoo.com"",""role"":""mda_user"",""institutionId"":""office-of-government-machinery"",""source"":""mda_users_import""}"
2026-09-02T23:27:23.916Z,,bulk-import-script,user_created,user,j8FKGVfaJicCZS4EbrKdIct0yZZ2,"{""email"":""radiya.abdallah@gna.ord.gh"",""role"":""mda_user"",""institutionId"":""office-of-government-machinery"",""source"":""mda_users_import""}"
2026-09-02T23:27:25.841Z,,bulk-import-script,user_created,user,qi7QWq5ohzgTN6efEVZpnVgpowE2,"{""email"":""zeinabu.musah@gna.org.gh"",""role"":""mda_user"",""institutionId"":""office-of-government-machinery"",""source"":""mda_users_import""}"
2026-09-02T23:27:27.750Z,,bulk-import-script,user_created,user,CseNBQBV2kbI0mqHFzPqEpaLwLx1,"{""email"":""donatus.silo@gna.org.gh"",""role"":""mda_user"",""institutionId"":""office-of-government-machinery"",""source"":""mda_users_import""}"
2026-09-02T23:27:29.613Z,,bulk-import-script,user_created,user,DHKjoRS8RIREGtZLIDb7SozODwv1,"{""email"":""edna.darko@gipc.gov.gh"",""role"":""mda_user"",""institutionId"":""office-of-government-machinery"",""source"":""mda_users_import""}"
2026-09-02T23:27:31.548Z,,bulk-import-script,user_created,user,CfTZgBsATASnMXsHlDgCLhZ7RPj2,"{""email"":""erictawiah@spd.gov.gh"",""role"":""mda_user"",""institutionId"":""office-of-government-machinery"",""source"":""mda_users_import""}"
2026-09-02T23:27:33.468Z,,bulk-import-script,user_created,user,mftWqOOrDKWc9XVvu553WMm7AMs2,"{""email"":""enyaahyamoah@gmail.com"",""role"":""mda_user"",""institutionId"":""office-of-government-machinery"",""source"":""mda_users_import""}"
2026-09-02T23:27:35.371Z,,bulk-import-script,user_created,user,GRIrVmPD1dQMfa1rLGN8M2J61Yb2,"{""email"":""doreen.suglee@miczd.gov.gh"",""role"":""mda_user"",""institutionId"":""office-of-government-machinery"",""source"":""mda_users_import""}"
2026-09-02T23:27:37.384Z,,bulk-import-script,user_created,user,wTomE4l8RdZFZ66oo7h89g4brCl2,"{""email"":""goftaryee@gmail.com"",""role"":""mda_user"",""institutionId"":""office-of-government-machinery"",""source"":""mda_users_import""}"
2026-09-02T23:27:39.256Z,,bulk-import-script,user_created,user,tFoxGTgyWjasTUoeRW6sjpsCPRX2,"{""email"":""ashiteyarmah012507@gmail.com"",""role"":""mda_user"",""institutionId"":""office-of-government-machinery"",""source"":""mda_users_import""}"
2026-09-02T23:27:41.124Z,,bulk-import-script,user_created,user,1avXmepcjpgh0czqWdkMZjuwJ293,"{""email"":""obdave111@yahoo.com"",""role"":""mda_user"",""institutionId"":""office-of-government-machinery"",""source"":""mda_users_import""}"
2026-09-02T23:27:42.970Z,,bulk-import-script,user_created,user,vOokI0DJonYEb7xH0VLd0xubIxN2,"{""email"":""nupaya.yussif@ghanaids.gov.gh"",""role"":""mda_user"",""institutionId"":""office-of-government-machinery"",""source"":""mda_users_import""}"
2026-09-02T23:27:44.852Z,,bulk-import-script,user_created,user,yqYY8dL22IfVwA4BTJBc43jEYZ73,"{""email"":""andrews.dzewoda@orc.gov.gh"",""role"":""mda_user"",""institutionId"":""office-of-the-attorney-general-and-ministry-of-justice"",""source"":""mda_users_import""}"
2026-09-02T23:27:57.124Z,,bulk-import-script,user_created,user,nKgBLeiBckeaYah4IXhmOIQ4bvg2,"{""email"":""oabernard20@gmail.com"",""role"":""mda_user"",""institutionId"":""office-of-the-attorney-general-and-ministry-of-justice"",""source"":""mda_users_import""}"
2026-09-02T23:28:00.177Z,,bulk-import-script,user_created,user,0SU8T2Bjq7TaPIUoRU9UdgeRT6g1,"{""email"":""bright.oppong98@aol.com"",""role"":""mda_user"",""institutionId"":""office-of-the-attorney-general-and-ministry-of-justice"",""source"":""mda_users_import""}"
2026-09-02T23:28:02.651Z,,bulk-import-script,user_created,user,6Kn1GDRUyIe7UouPnTJlYszjO3B3,"{""email"":""attahdoris1@gmail.com"",""role"":""mda_user"",""institutionId"":""office-of-the-attorney-general-and-ministry-of-justice"",""source"":""mda_users_import""}"
2026-09-02T23:28:04.987Z,,bulk-import-script,user_created,user,IZhQ69J31GQ0l4mKfKcnkTcjq5f2,"{""email"":""emmanuel.debrah@eoco.gov.gh"",""role"":""mda_user"",""institutionId"":""office-of-the-attorney-general-and-ministry-of-justice"",""source"":""mda_users_import""}"
2026-09-02T23:28:07.310Z,,bulk-import-script,user_created,user,Gy6y5lXOGsU85DUSoEgkt5rpwlC2,"{""email"":""emmanuelcan@gmail.com"",""role"":""mda_user"",""institutionId"":""office-of-the-attorney-general-and-ministry-of-justice"",""source"":""mda_users_import""}"
2026-09-02T23:28:10.426Z,,bulk-import-script,user_created,user,NH4WyoCbjOaYsPcVdXkEdOM2jO02,"{""email"":""kaytwo2020@gmail.com"",""role"":""mda_user"",""institutionId"":""office-of-the-attorney-general-and-ministry-of-justice"",""source"":""mda_users_import""}"
2026-09-02T23:28:12.725Z,,bulk-import-script,user_created,user,vQtdViELSCcqOdRz1NTGtzjYCcR2,"{""email"":""georgeannan504@gmail.com"",""role"":""mda_user"",""institutionId"":""office-of-the-attorney-general-and-ministry-of-justice"",""source"":""mda_users_import""}"
2026-09-02T23:28:15.033Z,,bulk-import-script,user_created,user,vWBMA7VQ9UeCz2wVy0CQnVCjFzl2,"{""email"":""jonashonu6@gmail.com"",""role"":""mda_user"",""institutionId"":""office-of-the-attorney-general-and-ministry-of-justice"",""source"":""mda_users_import""}"
2026-09-02T23:28:32.319Z,,bulk-import-script,user_created,user,6qxDHEcFOnWxZdS0Ln2Hb0x4r382,"{""email"":""lorlornyo.agordoh@eoco.gov.gh"",""role"":""mda_user"",""institutionId"":""office-of-the-attorney-general-and-ministry-of-justice"",""source"":""mda_users_import""}"
2026-09-02T23:28:35.053Z,,bulk-import-script,user_created,user,DMQLPeeYX5gUZrsae2W3WivHzAR2,"{""email"":""love.yeboah@orc.gov.gh"",""role"":""mda_user"",""institutionId"":""office-of-the-attorney-general-and-ministry-of-justice"",""source"":""mda_users_import""}"
2026-09-02T23:28:37.453Z,,bulk-import-script,user_created,user,ytIM1nOJdDble0BP1rbSdDJ2qct1,"{""email"":""maame.samma-peprah@orc.gov.gh"",""role"":""mda_user"",""institutionId"":""office-of-the-attorney-general-and-ministry-of-justice"",""source"":""mda_users_import""}"
2026-09-02T23:28:39.733Z,,bulk-import-script,user_created,user,akohitFyUDRe8B1O8iVn5ez7DCU2,"{""email"":""nanaishaanoya95@gmail.com"",""role"":""mda_user"",""institutionId"":""office-of-the-attorney-general-and-ministry-of-justice"",""source"":""mda_users_import""}"
2026-09-02T23:28:42.045Z,,bulk-import-script,user_created,user,cxvMQ5InWJdK4FGu2VUVNFYsLkC2,"{""email"":""brytatikpui.k@gmail.com"",""role"":""mda_user"",""institutionId"":""office-of-the-head-of-civil-service"",""source"":""mda_users_import""}"
2026-09-02T23:28:44.476Z,,bulk-import-script,user_created,user,dTvQdeB2yuQW1kx3WKiH1kmLqGF2,"{""email"":""comfort.bonsu@praad.gov.gh"",""role"":""mda_user"",""institutionId"":""office-of-the-head-of-civil-service"",""source"":""mda_users_import""}"
2026-09-02T23:28:46.767Z,,bulk-import-script,user_created,user,RIz16Hv9Byfwbk2mDKMoBcrApaI2,"{""email"":""celestina.bugyei@praad.gov.gh"",""role"":""mda_user"",""institutionId"":""office-of-the-head-of-civil-service"",""source"":""mda_users_import""}"
2026-09-02T23:28:49.281Z,,bulk-import-script,user_created,user,V8R6rjtHU5NDbYR4ilipHo4rL9n2,"{""email"":""dicksonbrobbey82@gmail.com"",""role"":""mda_user"",""institutionId"":""office-of-the-head-of-civil-service"",""source"":""mda_users_import""}"
2026-09-02T23:28:51.568Z,,bulk-import-script,user_created,user,vdWhYgnqFxWrpvfdyUXJLddMNsM2,"{""email"":""dora.dei-tumi@cstc.gov.gh"",""role"":""mda_user"",""institutionId"":""office-of-the-head-of-civil-service"",""source"":""mda_users_import""}"
2026-09-02T23:29:02.277Z,,bulk-import-script,user_created,user,JYsgMVaTNjQXshWkb3bHcjoXDbo2,"{""email"":""dorothy.napier@cstc.gov.gh"",""role"":""mda_user"",""institutionId"":""office-of-the-head-of-civil-service"",""source"":""mda_users_import""}"
2026-09-02T23:29:04.772Z,,bulk-import-script,user_created,user,g9Q5jHhmDchkxbrc3P0p7MJfenx1,"{""email"":""deborah.osei-baidoo@praad.gov.gh"",""role"":""mda_user"",""institutionId"":""office-of-the-head-of-civil-service"",""source"":""mda_users_import""}"
2026-09-02T23:29:07.063Z,,bulk-import-script,user_created,user,11IAQPj0PtQ50qtb4UdX5bPKTrn2,"{""email"":""elliot.lamptey@ohcs.gov.gh"",""role"":""mda_user"",""institutionId"":""office-of-the-head-of-civil-service"",""source"":""mda_users_import""}"
2026-09-02T23:29:09.337Z,,bulk-import-script,user_created,user,3KPK8vvb4XgjtiGSs4FVfI9Dcr22,"{""email"":""larteyanim@gmail.com"",""role"":""mda_user"",""institutionId"":""office-of-the-head-of-civil-service"",""source"":""mda_users_import""}"
2026-09-02T23:29:11.674Z,,bulk-import-script,user_created,user,cFIXCKrePiTgsYcYVtZCoJK6RJ53,"{""email"":""eunice.osae@ohcs.gov.gh"",""role"":""mda_user"",""institutionId"":""office-of-the-head-of-civil-service"",""source"":""mda_users_import""}"
2026-09-02T23:29:14.072Z,,bulk-import-script,user_created,user,b1axEKODDyNO5OMO6VNoL2eP3Ft1,"{""email"":""george.lomotey@pscmd.gov.gh"",""role"":""mda_user"",""institutionId"":""office-of-the-head-of-civil-service"",""source"":""mda_users_import""}"
2026-09-02T23:29:16.393Z,,bulk-import-script,user_created,user,9Ja3Lgh3QuPsAWLq8FmrFXI4rhB2,"{""email"":""gregory.setse@praad.gov.gh"",""role"":""mda_user"",""institutionId"":""office-of-the-head-of-civil-service"",""source"":""mda_users_import""}"
2026-09-02T23:29:18.671Z,,bulk-import-script,user_created,user,P7MZ8FueqSSp5yDH4cQsYPDvbu83,"{""email"":""jakyjoyner@yahoo.com"",""role"":""mda_user"",""institutionId"":""office-of-the-head-of-civil-service"",""source"":""mda_users_import""}"
2026-09-02T23:29:20.924Z,,bulk-import-script,user_created,user,UOoHGn9B1ZYajd9KgdtKtTEbFWk2,"{""email"":""moses.akrofi@msd.gov.gh"",""role"":""mda_user"",""institutionId"":""office-of-the-head-of-civil-service"",""source"":""mda_users_import""}"
2026-09-02T23:29:23.217Z,,bulk-import-script,user_created,user,515TKFO1DMdxA8Xl6I3AVNvNRLB3,"{""email"":""nyarkomichael97@gmail.com"",""role"":""mda_user"",""institutionId"":""office-of-the-head-of-civil-service"",""source"":""mda_users_import""}"
2026-09-02T23:29:25.554Z,,bulk-import-script,user_created,user,FqVl7ygRTrNOJzmTwhSt8IXJLcH2,"{""email"":""ebenayel@gmail.com"",""role"":""mda_user"",""institutionId"":""office-of-the-head-of-civil-service"",""source"":""mda_users_import""}"
2026-09-02T23:29:27.860Z,,bulk-import-script,user_created,user,K81p92W5uYS6GVfP7enloNFIDvE3,"{""email"":""roland.barnor@ohcs.gov.gh"",""role"":""mda_user"",""institutionId"":""office-of-the-head-of-civil-service"",""source"":""mda_users_import""}"
2026-09-02T23:29:30.107Z,,bulk-import-script,user_created,user,4M4DONJcZ6PQes5oGhNfiqDSZzk2,"{""email"":""solomonamanor123@gmail.com"",""role"":""mda_user"",""institutionId"":""office-of-the-head-of-civil-service"",""source"":""mda_users_import""}"
2026-09-02T23:29:39.631Z,,bulk-import-script,user_created,user,BB83ewCDFEdtnTpMSStmXnKvDgA3,"{""email"":""simon.atongo@pscmd.gov.gh"",""role"":""mda_user"",""institutionId"":""office-of-the-head-of-civil-service"",""source"":""mda_users_import""}"
2026-09-02T23:29:41.946Z,,bulk-import-script,user_created,user,8EQtKFxURGVTJw2P9lwS6YK21eC2,"{""email"":""jude.akoto@osp.gov.gh"",""role"":""mda_user"",""institutionId"":""office-of-the-special-prosecutor"",""source"":""mda_users_import""}"
2026-09-02T23:29:44.332Z,,bulk-import-script,user_created,user,0KMiUxlFKZXQ25nscwIS4o19lnn1,"{""email"":""kenneth.agbezuhlor@osp.gov.gh"",""role"":""mda_user"",""institutionId"":""office-of-the-special-prosecutor"",""source"":""mda_users_import""}"
2026-09-02T23:29:46.620Z,,bulk-import-script,user_created,user,9znXE1jpLGTROqjqfiYh3CUvJEI3,"{""email"":""siino.issaka@osp.gov.gh"",""role"":""mda_user"",""institutionId"":""office-of-the-special-prosecutor"",""source"":""mda_users_import""}"
2026-09-02T23:29:48.974Z,,bulk-import-script,user_created,user,cAzl3hmeEqaHGwIl7PUCjkHPWKq1,"{""email"":""ebenezer.djietror@yahoo.co.uk"",""role"":""mda_user"",""institutionId"":""parliament-of-ghana"",""source"":""mda_users_import""}"
2026-09-02T23:29:51.316Z,,bulk-import-script,user_created,user,mps9NMJC4ygmFWz81S0hpmB0RFM2,"{""email"":""wassem@parliament.gh"",""role"":""mda_user"",""institutionId"":""parliament-of-ghana"",""source"":""mda_users_import""}"
2026-09-02T23:29:53.586Z,,bulk-import-script,user_created,user,FjME89TXwKUqFUJierBgd6t64pk1,"{""email"":""adwoakyerewaa10@gmail.com"",""role"":""mda_user"",""institutionId"":""public-services-commission"",""source"":""mda_users_import""}"
2026-09-02T23:29:55.838Z,,bulk-import-script,user_created,user,SePM1XzIZTYakdXOai6vxagi9Uq1,"{""email"":""nuel2089@yahoo.com"",""role"":""mda_user"",""institutionId"":""public-services-commission"",""source"":""mda_users_import""}"
2026-09-02T23:29:58.102Z,,bulk-import-script,user_created,user,IHDg2MszIKWPdZCjZfdLStsYLC93,"{""email"":""tinaik2002@yahoo.com"",""role"":""mda_user"",""institutionId"":""public-services-commission"",""source"":""mda_users_import""}"
2026-09-02T23:30:00.368Z,,bulk-import-script,user_created,user,nYvVutvJBcZxVMuAA4fuNaIgkI32,"{""email"":""francis2009asiedu@gmail.com"",""role"":""mda_user"",""institutionId"":""public-services-commission"",""source"":""mda_users_import""}"
2026-09-02T23:30:02.676Z,,bulk-import-script,user_created,user,kK4HgOw4pnSP9ya78SxJRB2wf8N2,"{""email"":""dowuonaowoogeorge@yahoo.com"",""role"":""mda_user"",""institutionId"":""public-services-commission"",""source"":""mda_users_import""}"
2026-09-02T23:30:05.182Z,,bulk-import-script,user_created,user,umk72sx1nlV4dn7RTcYkMavwm0f2,"{""email"":""mabelamoakoatta@gmail.com"",""role"":""mda_user"",""institutionId"":""public-services-commission"",""source"":""mda_users_import""}"
2026-09-02T23:30:07.582Z,,bulk-import-script,user_created,user,j9QwlRmtFdeL9Pg2IiXEQUBWEFa2,"{""email"":""vamensah2017@gmail.com"",""role"":""mda_user"",""institutionId"":""public-services-commission"",""source"":""mda_users_import""}"
2026-09-02T23:31:09.019Z,,bulk-import-script,user_created,user,j9QwlRmtFdeL9Pg2IiXEQUBWEFa2,"{""email"":""vamensah2017@gmail.com"",""role"":""mda_user"",""institutionId"":""public-services-commission"",""source"":""mda_users_import""}"
2026-09-02T23:31:11.408Z,,bulk-import-script,user_created,user,N7j2qcyLlpWiKnQ8qPI8oDWBsF12,"{""email"":""francis.wayem@rtic.gov.gh"",""role"":""mda_user"",""institutionId"":""right-to-information-commission"",""source"":""mda_users_import""}"
2026-09-02T23:31:13.707Z,,bulk-import-script,user_created,user,zYFCPqRAagXUH4UbQV572eyMoOr2,"{""email"":""kofi.sarpong@rtic.gov.gh"",""role"":""mda_user"",""institutionId"":""right-to-information-commission"",""source"":""mda_users_import""}"
2026-09-02T23:31:16.007Z,,bulk-import-script,user_created,user,hELvsalpTkhkrEK5NJWtvjHqTNi2,"{""email"":""shirley.lartey@rtic.gov.gh"",""role"":""mda_user"",""institutionId"":""right-to-information-commission"",""source"":""mda_users_import""}"
2026-09-02T23:31:18.249Z,,bulk-import-script,user_created,user,D4ibcxpUhDY3pFE9GAt4KKTaCAq2,"{""email"":""angelica.ayanful@cagd.gov.gh"",""role"":""mda_user"",""institutionId"":""ministry-of-finance"",""source"":""mda_users_import""}"
2026-09-02T23:31:20.785Z,,bulk-import-script,user_created,user,zPbXIWAxSXRhvO4ZJJx1gyKrkYm2,"{""email"":""albert.boafo@fic.gov.gh"",""role"":""mda_user"",""institutionId"":""ministry-of-finance"",""source"":""mda_users_import""}"
2026-09-02T23:31:23.017Z,,bulk-import-script,user_created,user,oLxlSw4lcdcZHku19DxEwdao6kw1,"{""email"":""adzadzra@mofep.gov.gh"",""role"":""mda_user"",""institutionId"":""ministry-of-finance"",""source"":""mda_users_import""}"
2026-09-02T23:32:24.589Z,,bulk-import-script,user_created,user,oLxlSw4lcdcZHku19DxEwdao6kw1,"{""email"":""adzadzra@mofep.gov.gh"",""role"":""mda_user"",""institutionId"":""ministry-of-finance"",""source"":""mda_users_import""}"
2026-09-02T23:32:27.132Z,,bulk-import-script,user_created,user,JKTWH9KY7CPPFIWVBsMzPro6DBG3,"{""email"":""alfredowusu@yahoo.com"",""role"":""mda_user"",""institutionId"":""ministry-of-finance"",""source"":""mda_users_import""}"
2026-09-02T23:32:29.527Z,,bulk-import-script,user_created,user,3VDFjX74AfNxxo47HAlfEkV2bz22,"{""email"":""atamea-yeboah@mofep.gov.gh"",""role"":""mda_user"",""institutionId"":""ministry-of-finance"",""source"":""mda_users_import""}"
2026-09-02T23:32:31.807Z,,bulk-import-script,user_created,user,sDzohtswkZZTUfYYVRIOXseFnMo2,"{""email"":""bismark.aborbi-ayitey@iaa.gov.gh"",""role"":""mda_user"",""institutionId"":""ministry-of-finance"",""source"":""mda_users_import""}"
2026-09-02T23:32:43.415Z,,bulk-import-script,user_created,user,zO8ITU5ziLgOkgAToUW8yawcndl2,"{""email"":""ahmed.adama@statsghana.gov.gh"",""role"":""mda_user"",""institutionId"":""ministry-of-finance"",""source"":""mda_users_import""}"
2026-09-02T23:32:45.688Z,,bulk-import-script,user_created,user,G77YQKyDXXgEvIPIHlEH6QtOevN2,"{""email"":""bagbanu@mofep.gov.gh"",""role"":""mda_user"",""institutionId"":""ministry-of-finance"",""source"":""mda_users_import""}"
2026-09-02T23:32:48.012Z,,bulk-import-script,user_created,user,fZVOGYYBA1NUHW4xZyeXQwXLvMq1,"{""email"":""bagyane@mofep.gov.gh"",""role"":""mda_user"",""institutionId"":""ministry-of-finance"",""source"":""mda_users_import""}"
2026-09-02T23:32:50.343Z,,bulk-import-script,user_created,user,lPpq7be3n5PYvU4dr4GsZa5Zt2b2,"{""email"":""bertha.hagble@cagd.gov.gh"",""role"":""mda_user"",""institutionId"":""ministry-of-finance"",""source"":""mda_users_import""}"
2026-09-02T23:32:52.663Z,,bulk-import-script,user_created,user,iKfHnpDS5LZPv3P3rK5YVrI5pBC3,"{""email"":""boppong@mofep.gov.gh"",""role"":""mda_user"",""institutionId"":""ministry-of-finance"",""source"":""mda_users_import""}"
2026-09-02T23:32:54.975Z,,bulk-import-script,user_created,user,BlEnKUWDW5TLheX1PzZQR5HoVNm1,"{""email"":""cynthia.sallah@iaa.gov.gh"",""role"":""mda_user"",""institutionId"":""ministry-of-finance"",""source"":""mda_users_import""}"
2026-09-02T23:32:57.478Z,,bulk-import-script,user_created,user,w3sl0vgKpMSSEUydznTnJDDANPh2,"{""email"":""dcollison@mofep.gov.gh"",""role"":""mda_user"",""institutionId"":""ministry-of-finance"",""source"":""mda_users_import""}"
2026-09-02T23:32:59.896Z,,bulk-import-script,user_created,user,qM94ZIVU0dXF2QCSUx4TGKRDkMh2,"{""email"":""daniel.otoo@ppa.gov.gh"",""role"":""mda_user"",""institutionId"":""ministry-of-finance"",""source"":""mda_users_import""}"
2026-09-02T23:33:02.182Z,,bulk-import-script,user_created,user,6MPYpsPIDcWfAP5As7e9drNiSi83,"{""email"":""esther.ankomah@iat.gov.gh"",""role"":""mda_user"",""institutionId"":""ministry-of-finance"",""source"":""mda_users_import""}"
2026-09-02T23:33:04.556Z,,bulk-import-script,user_created,user,ujXuT3QQ64NNm9WCWFarEoeagwP2,"{""email"":""emelia_derkyi@yahoo.com"",""role"":""mda_user"",""institutionId"":""ministry-of-finance"",""source"":""mda_users_import""}"
2026-09-02T23:33:06.821Z,,bulk-import-script,user_created,user,811CBsskIDWwhPcm6TD995mUkTt2,"{""email"":""ernest.gyan@iat.gov.gh"",""role"":""mda_user"",""institutionId"":""ministry-of-finance"",""source"":""mda_users_import""}"
2026-09-02T23:33:09.059Z,,bulk-import-script,user_created,user,IwUwVZHmgNO24d1AzDSS1eMmExz2,"{""email"":""emmanuel.thompson@sec.gov.gh"",""role"":""mda_user"",""institutionId"":""ministry-of-finance"",""source"":""mda_users_import""}"
2026-09-02T23:33:11.306Z,,bulk-import-script,user_created,user,rNpf37a89cgUsPja1L1gEbhc0tx2,"{""email"":""eyartey@mofep.gov.gh"",""role"":""mda_user"",""institutionId"":""ministry-of-finance"",""source"":""mda_users_import""}"
2026-09-02T23:33:23.839Z,,bulk-import-script,user_created,user,Q4vMUPe6Y6MmmK6Spiykn1lIVhz2,"{""email"":""fred.ali@ppa.gov.gh"",""role"":""mda_user"",""institutionId"":""ministry-of-finance"",""source"":""mda_users_import""}"
2026-09-02T23:33:26.499Z,,bulk-import-script,user_created,user,OixgyGWPRgYMHArPsSWDvdw5gl93,"{""email"":""favadzi@mofep.gov.gh"",""role"":""mda_user"",""institutionId"":""ministry-of-finance"",""source"":""mda_users_import""}"
2026-09-02T23:33:28.772Z,,bulk-import-script,user_created,user,IrNMNQkcLLaWkGOARMhEoy2VBHm2,"{""email"":""fbaffour@mofep.gov.gh"",""role"":""mda_user"",""institutionId"":""ministry-of-finance"",""source"":""mda_users_import""}"
2026-09-02T23:33:45.828Z,,bulk-import-script,user_created,user,imOxvFYyDRgadhNhIWhl8xnNs0y2,"{""email"":""frankeyto@yahoo.com"",""role"":""mda_user"",""institutionId"":""ministry-of-finance"",""source"":""mda_users_import""}"
2026-09-02T23:33:48.203Z,,bulk-import-script,user_created,user,kdhylhhuL8Yv0kdYOJPBvSummp33,"{""email"":""fquarshie@mofep.gov.gh"",""role"":""mda_user"",""institutionId"":""ministry-of-finance"",""source"":""mda_users_import""}"
2026-09-02T23:33:50.848Z,,bulk-import-script,user_created,user,4qAMqecfKqSDUBrCte98qfpPJsz1,"{""email"":""francis.siripi@statsghana.gov.gh"",""role"":""mda_user"",""institutionId"":""ministry-of-finance"",""source"":""mda_users_import""}"
2026-09-02T23:34:52.528Z,,bulk-import-script,user_created,user,4qAMqecfKqSDUBrCte98qfpPJsz1,"{""email"":""francis.siripi@statsghana.gov.gh"",""role"":""mda_user"",""institutionId"":""ministry-of-finance"",""source"":""mda_users_import""}"
2026-09-02T23:34:54.638Z,,bulk-import-script,user_created,user,aivkd1N0UbbyxWtTH6Phvt0Ed7v1,"{""email"":""gdamalie@mofep.gov.gh"",""role"":""mda_user"",""institutionId"":""ministry-of-finance"",""source"":""mda_users_import""}"
2026-09-02T23:34:56.586Z,,bulk-import-script,user_created,user,HwCIKwKQWbWIeXYo0g8TI3bcABn1,"{""email"":""henry.sain@iaa.gov.gh"",""role"":""mda_user"",""institutionId"":""ministry-of-finance"",""source"":""mda_users_import""}"
2026-09-02T23:34:58.486Z,,bulk-import-script,user_created,user,keMpET21H7esiP9EvPb0osI5ztd2,"{""email"":""itoah@mofep.gov.gh"",""role"":""mda_user"",""institutionId"":""ministry-of-finance"",""source"":""mda_users_import""}"
2026-09-02T23:35:00.398Z,,bulk-import-script,user_created,user,xlzEigbBA1Svlw1kEAio21KcOrN2,"{""email"":""james.avedzi@sec.gov.gh"",""role"":""mda_user"",""institutionId"":""ministry-of-finance"",""source"":""mda_users_import""}"
2026-09-02T23:35:02.293Z,,bulk-import-script,user_created,user,Hlp9IxWZHRTdkjSDcr3f5ur0aAy2,"{""email"":""john.nketiah@statsghana.gov.gh"",""role"":""mda_user"",""institutionId"":""ministry-of-finance"",""source"":""mda_users_import""}"
2026-09-02T23:35:11.095Z,,bulk-import-script,user_created,user,Rxu6sY5TTwbp6SCZX0dzZSBKmnk2,"{""email"":""joycetsibun@gmail.com"",""role"":""mda_user"",""institutionId"":""ministry-of-finance"",""source"":""mda_users_import""}"
2026-09-02T23:35:13.082Z,,bulk-import-script,user_created,user,GJSxMDnQi8PsjiBCLAmuxxjMtrz2,"{""email"":""kafui.adamah@statsghana.gov.gh"",""role"":""mda_user"",""institutionId"":""ministry-of-finance"",""source"":""mda_users_import""}"
2026-09-02T23:35:14.931Z,,bulk-import-script,user_created,user,2v5eOXdx96hyntJAu2dn8Zmo7p73,"{""email"":""kwasiagyei08@yahoo.com"",""role"":""mda_user"",""institutionId"":""ministry-of-finance"",""source"":""mda_users_import""}"
2026-09-02T23:35:16.805Z,,bulk-import-script,user_created,user,2oeREntTBNMQSh6YmvPBRVpBKU92,"{""email"":""gbz.kafui@gmail.com"",""role"":""mda_user"",""institutionId"":""ministry-of-finance"",""source"":""mda_users_import""}"
2026-09-02T23:35:19.135Z,,bulk-import-script,user_created,user,IpbkDdflBiP1bB7IiZMy3yOnaVq1,"{""email"":""ldormekpo@mofep.gov.gh"",""role"":""mda_user"",""institutionId"":""ministry-of-finance"",""source"":""mda_users_import""}"
2026-09-02T23:35:21.767Z,,bulk-import-script,user_created,user,IuJLu2TS4mXqtvOOBi9aiB1qJ2s1,"{""email"":""manku@mofrp.gov.gh"",""role"":""mda_user"",""institutionId"":""ministry-of-finance"",""source"":""mda_users_import""}"
2026-09-02T23:35:24.154Z,,bulk-import-script,user_created,user,EE4qc0U1uyZW8Wha9DwDeEfNs022,"{""email"":""aaasante@mofep.gov.gh"",""role"":""mda_user"",""institutionId"":""ministry-of-finance"",""source"":""mda_users_import""}"
2026-09-02T23:35:25.987Z,,bulk-import-script,user_created,user,rAGfv9xZMvVaeFjUjELkcbF5NP32,"{""email"":""sefmag@yahoo.com"",""role"":""mda_user"",""institutionId"":""ministry-of-finance"",""source"":""mda_users_import""}"
2026-09-02T23:35:27.876Z,,bulk-import-script,user_created,user,lalsIJ65YAgM0mzzfArCTNLGUuy1,"{""email"":""myennah@mofep.gov.gh"",""role"":""mda_user"",""institutionId"":""ministry-of-finance"",""source"":""mda_users_import""}"
2026-09-02T23:35:29.730Z,,bulk-import-script,user_created,user,t1kl9FfEEbdFMcNwpWxbeN1OknB2,"{""email"":""rnazar@mofep.gov.gh"",""role"":""mda_user"",""institutionId"":""ministry-of-finance"",""source"":""mda_users_import""}"
2026-09-02T23:35:31.825Z,,bulk-import-script,user_created,user,qrvWIimwaZWUfCQFxof8yAdOMWV2,"{""email"":""okarikari@mofep.gov.gh"",""role"":""mda_user"",""institutionId"":""ministry-of-finance"",""source"":""mda_users_import""}"
2026-09-02T23:35:33.699Z,,bulk-import-script,user_created,user,r71Enio2zuOfvRxEOCRZsyTWxT12,"{""email"":""ophelia.opare@iat.gov.gh"",""role"":""mda_user"",""institutionId"":""ministry-of-finance"",""source"":""mda_users_import""}"
2026-09-02T23:35:35.665Z,,bulk-import-script,user_created,user,h2YZr8q6bGc3kT15CI5fBrQTurE2,"{""email"":""ooteng-asante@mofep.gov.gh"",""role"":""mda_user"",""institutionId"":""ministry-of-finance"",""source"":""mda_users_import""}"
2026-09-02T23:35:37.555Z,,bulk-import-script,user_created,user,9pQGUq4FTRMQrTuW2KvGq2f1Kjp2,"{""email"":""paul.emenike@iaa.gov.gh"",""role"":""mda_user"",""institutionId"":""ministry-of-finance"",""source"":""mda_users_import""}"
2026-09-02T23:35:49.626Z,,bulk-import-script,user_created,user,R0nPn9ApToWGY4jQxOJuutNQ02B3,"{""email"":""pchaayuor@mofep.gov.gh"",""role"":""mda_user"",""institutionId"":""ministry-of-finance"",""source"":""mda_users_import""}"
2026-09-02T23:35:52.172Z,,bulk-import-script,user_created,user,HJ2Zp2vHbmW0yNXa2k94Q3z66Nl2,"{""email"":""pkwafo@mofep.gov.gh"",""role"":""mda_user"",""institutionId"":""ministry-of-finance"",""source"":""mda_users_import""}"
2026-09-02T23:35:54.537Z,,bulk-import-script,user_created,user,eCi9EEj0IxSBN3F3k5C2px001Ao2,"{""email"":""pwujakpa@mofep.gov.gh"",""role"":""mda_user"",""institutionId"":""ministry-of-finance"",""source"":""mda_users_import""}"
2026-09-02T23:35:56.380Z,,bulk-import-script,user_created,user,p4ccr45dH3O7XfvZzsT8CHoTJbg2,"{""email"":""rebeccca.addo@statsghana.gov.gh"",""role"":""mda_user"",""institutionId"":""ministry-of-finance"",""source"":""mda_users_import""}"
2026-09-02T23:35:58.204Z,,bulk-import-script,user_created,user,CFMKoacETCc91k7BgnIJ6z043vq1,"{""email"":""rita.anowuoh@iaa.gov.gh"",""role"":""mda_user"",""institutionId"":""ministry-of-finance"",""source"":""mda_users_import""}"
2026-09-02T23:36:00.042Z,,bulk-import-script,user_created,user,QQ4D8VZwFwaCjawJlQcCAjpbWX12,"{""email"":""richard.asafo-adjei@fic.gov.gh"",""role"":""mda_user"",""institutionId"":""ministry-of-finance"",""source"":""mda_users_import""}"
2026-09-02T23:36:01.879Z,,bulk-import-script,user_created,user,Rt3IAmB7apZobMM1TVRvLEQStMT2,"{""email"":""iatregistrarsoffice@gmail.com"",""role"":""mda_user"",""institutionId"":""ministry-of-finance"",""source"":""mda_users_import""}"
2026-09-02T23:36:03.787Z,,bulk-import-script,user_created,user,OGCiEhMcE2akcK309y5g5NOeAUZ2,"{""email"":""rakabutu@mofep.gov.gh"",""role"":""mda_user"",""institutionId"":""ministry-of-finance"",""source"":""mda_users_import""}"
2026-09-02T23:36:05.667Z,,bulk-import-script,user_created,user,EGteji8BvKTQyLPIqwsoSjYZr962,"{""email"":""seth.anaglate@iaa.gov.gh"",""role"":""mda_user"",""institutionId"":""ministry-of-finance"",""source"":""mda_users_import""}"
2026-09-02T23:36:08.285Z,,bulk-import-script,user_created,user,GJda2VBx17SbuddR6M863K5MzvH2,"{""email"":""samuel.esiamah@statsghana.gov.gh"",""role"":""mda_user"",""institutionId"":""ministry-of-finance"",""source"":""mda_users_import""}"
2026-09-02T23:36:10.164Z,,bulk-import-script,user_created,user,rTKUxbtknbMqmklKJVeFZUPn7zk1,"{""email"":""stephenabofour@gmail.com"",""role"":""mda_user"",""institutionId"":""ministry-of-finance"",""source"":""mda_users_import""}"
2026-09-02T23:36:12.141Z,,bulk-import-script,user_created,user,aoMlb0ovvxS5gXJPUg5ev6OBLFB3,"{""email"":""sokai@mofep.gov.gh"",""role"":""mda_user"",""institutionId"":""ministry-of-finance"",""source"":""mda_users_import""}"
2026-09-02T23:36:14.130Z,,bulk-import-script,user_created,user,AurqnY5BobUdJw9Ahnnq7xXSWDg1,"{""email"":""thomas.thompson-aryee@iaa.gov.gh"",""role"":""mda_user"",""institutionId"":""ministry-of-finance"",""source"":""mda_users_import""}"
2026-09-02T23:36:26.324Z,,bulk-import-script,user_created,user,QSpohbTD2ZhIqKkdJY6IHU0dLyk1,"{""email"":""yissachar@mofep.gov.gh"",""role"":""mda_user"",""institutionId"":""ministry-of-finance"",""source"":""mda_users_import""}"
2026-09-02T23:36:28.191Z,,bulk-import-script,user_created,user,ViBFIhDOVjZwvX3UuWJNyDN3qSy1,"{""email"":""nanaodi68@gmail.com"",""role"":""mda_user"",""institutionId"":""ministry-of-health"",""source"":""mda_users_import""}"
2026-09-02T23:36:30.250Z,,bulk-import-script,user_created,user,hGyp6MBGThhzBipgtafUiA1uxkl1,"{""email"":""upcomingdebless520@gmail.com"",""role"":""mda_user"",""institutionId"":""ministry-of-health"",""source"":""mda_users_import""}"
2026-09-02T23:36:32.432Z,,bulk-import-script,user_created,user,5I7809Bk4PbqF9aFPqmRPh8s7mp1,"{""email"":""afua.amoako-mensah@fda.gov.gh"",""role"":""mda_user"",""institutionId"":""ministry-of-health"",""source"":""mda_users_import""}"
2026-09-02T23:36:34.326Z,,bulk-import-script,user_created,user,LD15sDQ7xOY3rjfVar4dlWFrvK93,"{""email"":""allenseth.anku@ghs.gov.gh"",""role"":""mda_user"",""institutionId"":""ministry-of-health"",""source"":""mda_users_import""}"
2026-09-02T23:36:36.228Z,,bulk-import-script,user_created,user,ULIlPImQBWRtvK7FaNibbW8wdOV2,"{""email"":""k.apedzi@stjohn.org.gh"",""role"":""mda_user"",""institutionId"":""ministry-of-health"",""source"":""mda_users_import""}"
2026-09-02T23:36:38.115Z,,bulk-import-script,user_created,user,GaRyHXw5sPVDwEiOzybv0Y0JAsJ3,"{""email"":""aafiakorkor1@gmail.com"",""role"":""mda_user"",""institutionId"":""ministry-of-health"",""source"":""mda_users_import""}"
2026-09-02T23:36:40.053Z,,bulk-import-script,user_created,user,ULSKZVqegndno5zdLIBJlrueIUl2,"{""email"":""adeashie@yahoo.co.uk"",""role"":""mda_user"",""institutionId"":""ministry-of-health"",""source"":""mda_users_import""}"
2026-09-02T23:36:41.960Z,,bulk-import-script,user_created,user,1YWH3cyHYwd6jOAoVAcjW3iHs9D2,"{""email"":""abuadu@ugmc.ug.edu.gh"",""role"":""mda_user"",""institutionId"":""ministry-of-health"",""source"":""mda_users_import""}"
2026-09-02T23:36:43.882Z,,bulk-import-script,user_created,user,xtUfWFqKkZXpE8f7uh3GyWjXMKu1,"{""email"":""abibadiabor1@gmail.com"",""role"":""mda_user"",""institutionId"":""ministry-of-health"",""source"":""mda_users_import""}"
2026-09-02T23:36:45.772Z,,bulk-import-script,user_created,user,MCICuEN2rtR1Ez0mEMEn9uANMq33,"{""email"":""aarondodooankrah@yahoo.com"",""role"":""mda_user"",""institutionId"":""ministry-of-health"",""source"":""mda_users_import""}"
2026-09-02T23:36:47.632Z,,bulk-import-script,user_created,user,hHsKiZd44ScC9N61TYjC0n8RWap2,"{""email"":""frempad@yahoo.com"",""role"":""mda_user"",""institutionId"":""ministry-of-health"",""source"":""mda_users_import""}"
2026-09-02T23:36:49.437Z,,bulk-import-script,user_created,user,bfZi6w3wSsboLmtL0I5z80j34xl1,"{""email"":""jonathan.marley@ghs.gov.gh"",""role"":""mda_user"",""institutionId"":""ministry-of-health"",""source"":""mda_users_import""}"
2026-09-02T23:37:51.168Z,,bulk-import-script,user_created,user,bfZi6w3wSsboLmtL0I5z80j34xl1,"{""email"":""jonathan.marley@ghs.gov.gh"",""role"":""mda_user"",""institutionId"":""ministry-of-health"",""source"":""mda_users_import""}"
2026-09-02T23:37:53.265Z,,bulk-import-script,user_created,user,XJUyILYpMxaILi0g4F4cWxmGUEj2,"{""email"":""aseye.kpodotsi@ghs.gov.gh"",""role"":""mda_user"",""institutionId"":""ministry-of-health"",""source"":""mda_users_import""}"
2026-09-02T23:37:55.120Z,,bulk-import-script,user_created,user,DAl7XU8UycXedYsImwTtoSjfYSG3,"{""email"":""adwoa.kyere@ghs.gov.gh"",""role"":""mda_user"",""institutionId"":""ministry-of-health"",""source"":""mda_users_import""}"
2026-09-02T23:37:56.986Z,,bulk-import-script,user_created,user,IGK5VAqnVPXe3kMioiYvEYziYTI2,"{""email"":""augustus.obeng@ghs.gov.gh"",""role"":""mda_user"",""institutionId"":""ministry-of-health"",""source"":""mda_users_import""}"
2026-09-02T23:37:58.899Z,,bulk-import-script,user_created,user,b23UzHktsSRVqBFwGRq1HUnGMQf1,"{""email"":""pomaahotchereabena@gmail.com"",""role"":""mda_user"",""institutionId"":""ministry-of-health"",""source"":""mda_users_import""}"
2026-09-02T23:38:00.942Z,,bulk-import-script,user_created,user,J56EhwfKicgmhpMQ2jDZeDxnFd22,"{""email"":""nyansh@yahoo.com"",""role"":""mda_user"",""institutionId"":""ministry-of-health"",""source"":""mda_users_import""}"
2026-09-02T23:38:02.933Z,,bulk-import-script,user_created,user,Tyrl7fHZzAfoCGM6ZQbyolSyEEf2,"{""email"":""a.sawiri@stjohn.org.gh"",""role"":""mda_user"",""institutionId"":""ministry-of-health"",""source"":""mda_users_import""}"
2026-09-02T23:38:04.906Z,,bulk-import-script,user_created,user,Jo2qxzr7GSST6PYFOPthSgagFh23,"{""email"":""askobeng@yahoo.co.uk"",""role"":""mda_user"",""institutionId"":""ministry-of-health"",""source"":""mda_users_import""}"
2026-09-02T23:38:06.820Z,,bulk-import-script,user_created,user,47KEvhLdwbgNn63cfwNKTQOp6pr1,"{""email"":""ali.yakubu@chag.org.gh"",""role"":""mda_user"",""institutionId"":""ministry-of-health"",""source"":""mda_users_import""}"
2026-09-02T23:38:08.641Z,,bulk-import-script,user_created,user,wCj0SrKFGagpJFcLnzgT7zowjQO2,"{""email"":""ahmedzakariah@gmail.com"",""role"":""mda_user"",""institutionId"":""ministry-of-health"",""source"":""mda_users_import""}"
2026-09-02T23:38:10.556Z,,bulk-import-script,user_created,user,lOrBnp6goKbmfUpuL6xSQGFT2282,"{""email"":""kojobede@gmail.com"",""role"":""mda_user"",""institutionId"":""ministry-of-health"",""source"":""mda_users_import""}"
2026-09-02T23:38:12.464Z,,bulk-import-script,user_created,user,Z1f8jAcydDTNqiZ20n3KZyFZ34S2,"{""email"":""brendaapedzi@gmail.com"",""role"":""mda_user"",""institutionId"":""ministry-of-health"",""source"":""mda_users_import""}"
2026-09-02T23:38:20.644Z,,bulk-import-script,user_created,user,hTktJeMvVHVz3ECiiubsTrtpns82,"{""email"":""benarthu211@gmail.com"",""role"":""mda_user"",""institutionId"":""ministry-of-health"",""source"":""mda_users_import""}"
2026-09-02T23:38:22.551Z,,bulk-import-script,user_created,user,ZRxIrmS75oYnwcqkyFtv79dJKTI3,"{""email"":""bernice.asante@moffa.gov.gh"",""role"":""mda_user"",""institutionId"":""ministry-of-health"",""source"":""mda_users_import""}"
2026-09-02T23:38:37.185Z,,bulk-import-script,user_created,user,aA8vtDsXNSZIfSBRowSVVumrFrq1,"{""email"":""atipagablaisepascal@yahoo.com"",""role"":""mda_user"",""institutionId"":""ministry-of-health"",""source"":""mda_users_import""}"
2026-09-02T23:38:39.151Z,,bulk-import-script,user_created,user,cyuDjRX0A3fSdaYbAM897yVTXL33,"{""email"":""mpck12@yahoo.com"",""role"":""mda_user"",""institutionId"":""ministry-of-health"",""source"":""mda_users_import""}"
2026-09-02T23:38:41.070Z,,bulk-import-script,user_created,user,l6MxpecgtsSNOxsFIwD09Su0EiI3,"{""email"":""b.buenortey@kbth.gov.gh"",""role"":""mda_user"",""institutionId"":""ministry-of-health"",""source"":""mda_users_import""}"
2026-09-02T23:38:43.011Z,,bulk-import-script,user_created,user,ihxBZgbXv6X2xjBf9EblkzPnWVO2,"{""email"":""benewindy@gmail.com"",""role"":""mda_user"",""institutionId"":""ministry-of-health"",""source"":""mda_users_import""}"
2026-09-02T23:38:44.977Z,,bulk-import-script,user_created,user,0cQO9W0NP9MwdzlooDD65r90QQI2,"{""email"":""bernard.mortotsi@pantanghospital.gov.gh"",""role"":""mda_user"",""institutionId"":""ministry-of-health"",""source"":""mda_users_import""}"
2026-09-02T23:38:46.851Z,,bulk-import-script,user_created,user,OG0FHox4JIMEPO0fLtjdAC9Q4pD3,"{""email"":""bnanemeh234@gmail.com"",""role"":""mda_user"",""institutionId"":""ministry-of-health"",""source"":""mda_users_import""}"
2026-09-02T23:39:50.294Z,,bulk-import-script,user_created,user,YyVVKXclB0bxcHyCAnlysn43DXq2,"{""email"":""joezy6745@gmail.com"",""role"":""mda_user"",""institutionId"":""ministry-of-health"",""source"":""mda_users_import""}"
2026-09-02T23:39:52.958Z,,bulk-import-script,user_created,user,pyF5zC0SsJhUqHetWhHzF1IEqS03,"{""email"":""benamma@yahoo.com"",""role"":""mda_user"",""institutionId"":""ministry-of-health"",""source"":""mda_users_import""}"
2026-09-02T23:39:54.897Z,,bulk-import-script,user_created,user,MSwmh9X0fdP3jHTZ5eUSbrZ3mQx2,"{""email"":""bryancesy@gmail.com"",""role"":""mda_user"",""institutionId"":""ministry-of-health"",""source"":""mda_users_import""}"
2026-09-02T23:39:56.827Z,,bulk-import-script,user_created,user,pl3REvDwuMgdlmD3qbQ9L7w9kh73,"{""email"":""silorm@yahoo.com"",""role"":""mda_user"",""institutionId"":""ministry-of-health"",""source"":""mda_users_import""}"
2026-09-02T23:39:58.685Z,,bulk-import-script,user_created,user,a84BOPRLCtNzp6yOHq5DHVBntIt1,"{""email"":""dedenuer@gmail.com"",""role"":""mda_user"",""institutionId"":""ministry-of-health"",""source"":""mda_users_import""}"
2026-09-02T23:40:00.580Z,,bulk-import-script,user_created,user,c3R5hT9mNXQa9M3qVuYTh2HC4PC3,"{""email"":""collins.agyenim@ghs.gov.gh"",""role"":""mda_user"",""institutionId"":""ministry-of-health"",""source"":""mda_users_import""}"
2026-09-02T23:40:02.509Z,,bulk-import-script,user_created,user,4z5ThqVQ0DXuXUQMTpU0ddshfxc2,"{""email"":""charitymawusi37@gmail.com"",""role"":""mda_user"",""institutionId"":""ministry-of-health"",""source"":""mda_users_import""}"
2026-09-02T23:40:04.477Z,,bulk-import-script,user_created,user,A4dvaLAoZJc4og8yvzIuOBK9Plu2,"{""email"":""camah76@yahoo.com"",""role"":""mda_user"",""institutionId"":""ministry-of-health"",""source"":""mda_users_import""}"
2026-09-02T23:40:12.814Z,,bulk-import-script,user_created,user,3HwB6IqaQxTxumeMKy2Q8ePc1G23,"{""email"":""asaregyimah1990@gmail.com"",""role"":""mda_user"",""institutionId"":""ministry-of-health"",""source"":""mda_users_import""}"
2026-09-02T23:40:14.728Z,,bulk-import-script,user_created,user,MQWjlux6o3NG9lXTYn6DBtXeW6s2,"{""email"":""cynthiaobu66@gmail.com"",""role"":""mda_user"",""institutionId"":""ministry-of-health"",""source"":""mda_users_import""}"
2026-09-02T23:40:16.564Z,,bulk-import-script,user_created,user,BQi7DqjFcQMRfsofy9tACWOwljd2,"{""email"":""brantuo.christopher@gmail.com"",""role"":""mda_user"",""institutionId"":""ministry-of-health"",""source"":""mda_users_import""}"
2026-09-02T23:40:18.534Z,,bulk-import-script,user_created,user,nrQpN6RSijeRARRpPcvSW59hSuy1,"{""email"":""chrisnarku@yahoo.com"",""role"":""mda_user"",""institutionId"":""ministry-of-health"",""source"":""mda_users_import""}"
2026-09-02T23:40:20.383Z,,bulk-import-script,user_created,user,SWywWHyXRyPYyBwEGwfnOlxGhLE2,"{""email"":""christian.boateng@ghs.gov.gh"",""role"":""mda_user"",""institutionId"":""ministry-of-health"",""source"":""mda_users_import""}"
2026-09-02T23:40:22.307Z,,bulk-import-script,user_created,user,XmGBTDkKNlSiAdU3QiuMrvgpymZ2,"{""email"":""christianapomenya@gmail.com"",""role"":""mda_user"",""institutionId"":""ministry-of-health"",""source"":""mda_users_import""}"
2026-09-02T23:40:24.164Z,,bulk-import-script,user_created,user,PpKRgbgzEQdLpCAukn9UGeDKV3C3,"{""email"":""aderrick@hth.gov.gh"",""role"":""mda_user"",""institutionId"":""ministry-of-health"",""source"":""mda_users_import""}"
2026-09-02T23:40:26.237Z,,bulk-import-script,user_created,user,tOBkKLyLufatTrISCCap5AR0nVk2,"{""email"":""dadewor@yahoo.com"",""role"":""mda_user"",""institutionId"":""ministry-of-health"",""source"":""mda_users_import""}"
2026-09-02T23:40:28.131Z,,bulk-import-script,user_created,user,olfFN842R9Uer0hTwpztFcdJP3I2,"{""email"":""doreen.gyasi19@gmail.com"",""role"":""mda_user"",""institutionId"":""ministry-of-health"",""source"":""mda_users_import""}"
2026-09-02T23:40:30.072Z,,bulk-import-script,user_created,user,5dqBYZxxNZY5iG07tSd99fOMgJj1,"{""email"":""agyeidaniel420ad@gmail.com"",""role"":""mda_user"",""institutionId"":""ministry-of-health"",""source"":""mda_users_import""}"
2026-09-02T23:40:31.934Z,,bulk-import-script,user_created,user,WyQCc6zrs7cykTxjVzD6CPYtXrA2,"{""email"":""dsesime@yahoo.co.uk"",""role"":""mda_user"",""institutionId"":""ministry-of-health"",""source"":""mda_users_import""}"
2026-09-02T23:40:33.759Z,,bulk-import-script,user_created,user,fMXQu7gT5Tfeq2BxsJlsnqGfGcl1,"{""email"":""akyen.d@gcnm.edu.gh"",""role"":""mda_user"",""institutionId"":""ministry-of-health"",""source"":""mda_users_import""}"
2026-09-02T23:40:35.949Z,,bulk-import-script,user_created,user,PYizxfKhZobIRANwOyOnkSoPPl12,"{""email"":""dameworlor@hth.gov.gh"",""role"":""mda_user"",""institutionId"":""ministry-of-health"",""source"":""mda_users_import""}"
2026-09-02T23:40:37.789Z,,bulk-import-script,user_created,user,EBunZNWnDgb6eWXE8L0eN6Y9gg23,"{""email"":""deeworld208@yahoo.com"",""role"":""mda_user"",""institutionId"":""ministry-of-health"",""source"":""mda_users_import""}"
2026-09-02T23:40:39.641Z,,bulk-import-script,user_created,user,AikyhAEztCXuyFIkNAU71CyuvbR2,"{""email"":""obdaiannang@gmail.com"",""role"":""mda_user"",""institutionId"":""ministry-of-health"",""source"":""mda_users_import""}"
2026-09-02T23:40:47.913Z,,bulk-import-script,user_created,user,MyYG1qTtvQRHkV6dS8e6xAoJq762,"{""email"":""kwamenadaniel@gmail.com"",""role"":""mda_user"",""institutionId"":""ministry-of-health"",""source"":""mda_users_import""}"
2026-09-02T23:40:49.820Z,,bulk-import-script,user_created,user,FR64yyJbhXhG9LNZ7I4zYz7xb5q1,"{""email"":""darthur707@gmail.com"",""role"":""mda_user"",""institutionId"":""ministry-of-health"",""source"":""mda_users_import""}"
2026-09-02T23:40:51.740Z,,bulk-import-script,user_created,user,eyml5iVY9bZOa3ADEfv4MP9LqdI3,"{""email"":""debikusiboakye@gmail.com"",""role"":""mda_user"",""institutionId"":""ministry-of-health"",""source"":""mda_users_import""}"
2026-09-02T23:40:53.624Z,,bulk-import-script,user_created,user,epWjYcs8VMUFjLEdotf2NEw5fFx1,"{""email"":""dorcas.boham@ghs.gov.gh"",""role"":""mda_user"",""institutionId"":""ministry-of-health"",""source"":""mda_users_import""}"
2026-09-02T23:40:55.491Z,,bulk-import-script,user_created,user,1JERTpUQCKOcsRm3WKk6Mf61Jbp1,"{""email"":""dandanquah45@gmail.com"",""role"":""mda_user"",""institutionId"":""ministry-of-health"",""source"":""mda_users_import""}"
2026-09-02T23:40:57.353Z,,bulk-import-script,user_created,user,qfIKsu1bcISr1p0wPSGoWjXDsQj2,"{""email"":""dzatadoes@gmail.com"",""role"":""mda_user"",""institutionId"":""ministry-of-health"",""source"":""mda_users_import""}"
2026-09-02T23:40:59.236Z,,bulk-import-script,user_created,user,WH1X2n8ldOXakHkiMophzIkjBUg1,"{""email"":""aķudzidzi88@gmail.com"",""role"":""mda_user"",""institutionId"":""ministry-of-health"",""source"":""mda_users_import""}"
2026-09-02T23:41:01.155Z,,bulk-import-script,user_created,user,xYUpvkiRS0VK1G8Wne4Bi9JEUen2,"{""email"":""ashongmettle723@gmail.com"",""role"":""mda_user"",""institutionId"":""ministry-of-health"",""source"":""mda_users_import""}"
2026-09-02T23:41:03.116Z,,bulk-import-script,user_created,user,UwCQE5xdLJRgK9nO1OyiN7kzDkU2,"{""email"":""oware.derrick@yahoo.com"",""role"":""mda_user"",""institutionId"":""ministry-of-health"",""source"":""mda_users_import""}"
2026-09-02T23:41:05.053Z,,bulk-import-script,user_created,user,PySZMcA3n6VjUpeF68xjP3kcKoA3,"{""email"":""littleangeldo88@gmail.com"",""role"":""mda_user"",""institutionId"":""ministry-of-health"",""source"":""mda_users_import""}"
2026-09-02T23:41:06.951Z,,bulk-import-script,user_created,user,zFGdAfIlGpbfFsnq7grXvrHbNrs2,"{""email"":""ritadzitse@gmail.com"",""role"":""mda_user"",""institutionId"":""ministry-of-health"",""source"":""mda_users_import""}"
2026-09-02T23:41:08.823Z,,bulk-import-script,user_created,user,BmNDqKDHX9YbfDYECAB6QUrpzU42,"{""email"":""emmanuel.adusei@ghs.gov.gh"",""role"":""mda_user"",""institutionId"":""ministry-of-health"",""source"":""mda_users_import""}"
2026-09-02T23:41:10.678Z,,bulk-import-script,user_created,user,2GiGdfI9GTOdX9Y7A3zFk9OshFr2,"{""email"":""esther.effahafari@ghs.gov.gh"",""role"":""mda_user"",""institutionId"":""ministry-of-health"",""source"":""mda_users_import""}"
2026-09-02T23:41:12.553Z,,bulk-import-script,user_created,user,db65lLwbNOUSKkkye6iDdFKIRI93,"{""email"":""boakyeamponsahebenezer@gmail.com"",""role"":""mda_user"",""institutionId"":""ministry-of-health"",""source"":""mda_users_import""}"
2026-09-02T23:41:14.400Z,,bulk-import-script,user_created,user,G3t1gmnVuyRTLbnGkEA3VYj7DM22,"{""email"":""edward.arthur@chag.org.gh"",""role"":""mda_user"",""institutionId"":""ministry-of-health"",""source"":""mda_users_import""}"
2026-09-02T23:41:23.659Z,,bulk-import-script,user_created,user,WJCYiVxAaEfIdQrsjh0p1cXxR7x2,"{""email"":""bessah213@gmail.com"",""role"":""mda_user"",""institutionId"":""ministry-of-health"",""source"":""mda_users_import""}"
2026-09-02T23:41:25.524Z,,bulk-import-script,user_created,user,687tfJd1BiSOsv0QqYk6InlT53o2,"{""email"":""evancus1988@gmail.com"",""role"":""mda_user"",""institutionId"":""ministry-of-health"",""source"":""mda_users_import""}"
2026-09-02T23:41:27.401Z,,bulk-import-script,user_created,user,p1C77kPlnLMBiZlilqXrbDnZgVU2,"{""email"":""evansdanso@yahoo.com"",""role"":""mda_user"",""institutionId"":""ministry-of-health"",""source"":""mda_users_import""}"
2026-09-02T23:41:29.266Z,,bulk-import-script,user_created,user,8dCWNtivlGhFRImt40IkU83xP3f1,"{""email"":""kwakyekontork@gmail.com"",""role"":""mda_user"",""institutionId"":""ministry-of-health"",""source"":""mda_users_import""}"
2026-09-02T23:41:31.071Z,,bulk-import-script,user_created,user,qx6PJPzKFsYxFfHDtHJKpTx4Epr1,"{""email"":""elodzorm@gmail.com"",""role"":""mda_user"",""institutionId"":""ministry-of-health"",""source"":""mda_users_import""}"
2026-09-02T23:41:46.077Z,,bulk-import-script,user_created,user,HOuTTh3xGCOqbFY4c15wjYrf7HO2,"{""email"":""ekemmanuel293@gmail.com"",""role"":""mda_user"",""institutionId"":""ministry-of-health"",""source"":""mda_users_import""}"
2026-09-02T23:41:47.908Z,,bulk-import-script,user_created,user,W1ALljB5sxfYvmhJ4GNwsfban4m1,"{""email"":""macdee360@gmail.com"",""role"":""mda_user"",""institutionId"":""ministry-of-health"",""source"":""mda_users_import""}"
2026-09-02T23:41:50.343Z,,bulk-import-script,user_created,user,1i9tDdzkSLYXKCQBrX2zQJIY6Dv1,"{""email"":""edith.mansah@ghs.gov.gh"",""role"":""mda_user"",""institutionId"":""ministry-of-health"",""source"":""mda_users_import""}"
2026-09-02T23:42:02.686Z,,bulk-import-script,user_created,user,yA2iOtvo2Xc1zkROozgMQCvj9lK2,"{""email"":""lisananor138@gmail.com"",""role"":""mda_user"",""institutionId"":""ministry-of-health"",""source"":""mda_users_import""}"
2026-09-02T23:42:04.815Z,,bulk-import-script,user_created,user,Kx1JCX2c88eJ8y0iBt6wOMCbclk1,"{""email"":""send2ngyedu@gmail.com"",""role"":""mda_user"",""institutionId"":""ministry-of-health"",""source"":""mda_users_import""}"
2026-09-02T23:42:06.942Z,,bulk-import-script,user_created,user,JeFob4HFGLXQTCwYzIzwKKAb1423,"{""email"":""enock.osei-adade@chag.org.gh"",""role"":""mda_user"",""institutionId"":""ministry-of-health"",""source"":""mda_users_import""}"
2026-09-02T23:42:08.833Z,,bulk-import-script,user_created,user,GSR7PsWpMFUzNHNrdjaQLp9PCiC2,"{""email"":""kwodjowusu@gmail.com"",""role"":""mda_user"",""institutionId"":""ministry-of-health"",""source"":""mda_users_import""}"
2026-09-02T23:42:10.703Z,,bulk-import-script,user_created,user,wUmyJr1JvJMGw0yoAxOI2koQSgd2,"{""email"":""eoa25@yahoo.com"",""role"":""mda_user"",""institutionId"":""ministry-of-health"",""source"":""mda_users_import""}"
2026-09-02T23:42:12.553Z,,bulk-import-script,user_created,user,CMzfG2jExnZOE3wVEZn169k9Z352,"{""email"":""janicemannel@gmail.com"",""role"":""mda_user"",""institutionId"":""ministry-of-health"",""source"":""mda_users_import""}"
2026-09-02T23:42:14.338Z,,bulk-import-script,user_created,user,G3ZHKhlMKkOfg1UuUHvVEgHP7Z22,"{""email"":""ebenezertetteh700@gmail.com"",""role"":""mda_user"",""institutionId"":""ministry-of-health"",""source"":""mda_users_import""}"
2026-09-02T23:42:16.175Z,,bulk-import-script,user_created,user,cGI0OsoVQ5ZmDmzyfgpfk6cneb42,"{""email"":""ebenezer.yensu@ghs.gov.gh"",""role"":""mda_user"",""institutionId"":""ministry-of-health"",""source"":""mda_users_import""}"
2026-09-02T23:42:18.038Z,,bulk-import-script,user_created,user,WDMyEkf1StMX5qjtu6MKY0rodXo2,"{""email"":""nketaa@yahoo.com"",""role"":""mda_user"",""institutionId"":""ministry-of-health"",""source"":""mda_users_import""}"
2026-09-02T23:42:19.848Z,,bulk-import-script,user_created,user,odP7CIDII2XaBINpusGODxuiIfK2,"{""email"":""freemanfk@yahoo.com"",""role"":""mda_user"",""institutionId"":""ministry-of-health"",""source"":""mda_users_import""}"
2026-09-02T23:42:21.736Z,,bulk-import-script,user_created,user,4xnM3CTGcWOVT7e5m4dT3VuXWCe2,"{""email"":""avumegah@stjohn.org.gh"",""role"":""mda_user"",""institutionId"":""ministry-of-health"",""source"":""mda_users_import""}"
2026-09-02T23:42:23.544Z,,bulk-import-script,user_created,user,tZza2OH8TfhK84k5M3PdUqDjIC63,"{""email"":""fbosomprah@gmail.com"",""role"":""mda_user"",""institutionId"":""ministry-of-health"",""source"":""mda_users_import""}"
2026-09-02T23:42:25.424Z,,bulk-import-script,user_created,user,y2rZoKyb8FYESCxkHsnSgTALFt22,"{""email"":""kinneddy@gmail.com"",""role"":""mda_user"",""institutionId"":""ministry-of-health"",""source"":""mda_users_import""}"
2026-09-02T23:42:27.309Z,,bulk-import-script,user_created,user,e4vPpSea6SVMh1bsBxUlqdcYaV23,"{""email"":""addog84@gmail.com"",""role"":""mda_user"",""institutionId"":""ministry-of-health"",""source"":""mda_users_import""}"
2026-09-02T23:43:28.422Z,,bulk-import-script,user_created,user,e4vPpSea6SVMh1bsBxUlqdcYaV23,"{""email"":""addog84@gmail.com"",""role"":""mda_user"",""institutionId"":""ministry-of-health"",""source"":""mda_users_import""}"
2026-09-02T23:43:30.567Z,,bulk-import-script,user_created,user,swIl5dh0VqO9DwyX1R0pkSyRMrg1,"{""email"":""gordon.afarnu@fda.gov.gh"",""role"":""mda_user"",""institutionId"":""ministry-of-health"",""source"":""mda_users_import""}"
2026-09-02T23:43:32.758Z,,bulk-import-script,user_created,user,lhIkDzsrLQWKyba8zuLtMq1dPYx2,"{""email"":""gladys.amankwah@chag.org.gh"",""role"":""mda_user"",""institutionId"":""ministry-of-health"",""source"":""mda_users_import""}"
2026-09-02T23:43:34.632Z,,bulk-import-script,user_created,user,7kwyou3yvtfrahDefX0qrnU87G32,"{""email"":""gerald.doe@chag.org.gh"",""role"":""mda_user"",""institutionId"":""ministry-of-health"",""source"":""mda_users_import""}"
2026-09-02T23:43:36.500Z,,bulk-import-script,user_created,user,6OK9kFVvI7QdWVlPCDcy5P1pJ1G3,"{""email"":""fgee2@yahoo.com"",""role"":""mda_user"",""institutionId"":""ministry-of-health"",""source"":""mda_users_import""}"
2026-09-02T23:43:38.365Z,,bulk-import-script,user_created,user,QO7TMAhgP7gGVdlfzc2ku3vrQ2J2,"{""email"":""niiadjah2000@yahoo.com"",""role"":""mda_user"",""institutionId"":""ministry-of-health"",""source"":""mda_users_import""}"
2026-09-02T23:43:40.248Z,,bulk-import-script,user_created,user,MhyvVI1vy4QNyDiLW3DSSyzN3r03,"{""email"":""gloria.patamia@fda.gov.gh"",""role"":""mda_user"",""institutionId"":""ministry-of-health"",""source"":""mda_users_import""}"
2026-09-02T23:43:58.221Z,,bulk-import-script,user_created,user,YZL3iTG5zdc9mabHcfnGlc4AVHI2,"{""email"":""richardson.g@gcnm.edu.gh"",""role"":""mda_user"",""institutionId"":""ministry-of-health"",""source"":""mda_users_import""}"
2026-09-02T23:44:00.188Z,,bulk-import-script,user_created,user,D3NUtny11xea7wGDZ8ChaWa5ZsE3,"{""email"":""cudjoedem36@gmail.com"",""role"":""mda_user"",""institutionId"":""ministry-of-health"",""source"":""mda_users_import""}"
2026-09-02T23:44:01.959Z,,bulk-import-script,user_created,user,OICKOaQ09vbvDpIgWQyZkVRBaNr2,"{""email"":""gideon.tandoh@ghs.gov.gh"",""role"":""mda_user"",""institutionId"":""ministry-of-health"",""source"":""mda_users_import""}"
2026-09-02T23:44:04.012Z,,bulk-import-script,user_created,user,8fs1qSAxskf8YCdrrlfw7RhCt7j2,"{""email"":""acquah.h@gcnm.edu.gh"",""role"":""mda_user"",""institutionId"":""ministry-of-health"",""source"":""mda_users_import""}"
2026-09-02T23:44:06.025Z,,bulk-import-script,user_created,user,ZA0Jf7uNrhOfKLKZUP9ReoQdPmt1,"{""email"":""hafizadamalhaj@hotmail.com"",""role"":""mda_user"",""institutionId"":""ministry-of-health"",""source"":""mda_users_import""}"
2026-09-02T23:44:07.938Z,,bulk-import-script,user_created,user,2ZJyouECnZOfJHFV4beBZyuX07k1,"{""email"":""hjinadu27@gmail.com"",""role"":""mda_user"",""institutionId"":""ministry-of-health"",""source"":""mda_users_import""}"
2026-09-02T23:44:09.818Z,,bulk-import-script,user_created,user,Rq7AX4uzmVQY0X7YjQGskevy45q1,"{""email"":""hagyemang@ugmc.ug.edu.gh"",""role"":""mda_user"",""institutionId"":""ministry-of-health"",""source"":""mda_users_import""}"
2026-09-02T23:44:11.691Z,,bulk-import-script,user_created,user,pe1oBe5fhTVKyrq3uPJTwrniNo12,"{""email"":""ikeb30@yahoo.com"",""role"":""mda_user"",""institutionId"":""ministry-of-health"",""source"":""mda_users_import""}"
2026-09-02T23:44:31.753Z,,bulk-import-script,user_created,user,1hNHiVEXVOYlirko18An3hivDCF2,"{""email"":""isaacnagba@gmail.com"",""role"":""mda_user"",""institutionId"":""ministry-of-health"",""source"":""mda_users_import""}"
2026-09-02T23:44:33.650Z,,bulk-import-script,user_created,user,zZqpdlyd8ccQH6xUI7tAtoZAumR2,"{""email"":""nyaaba184@gmail.com"",""role"":""mda_user"",""institutionId"":""ministry-of-health"",""source"":""mda_users_import""}"
2026-09-02T23:44:35.687Z,,bulk-import-script,user_created,user,wCARGTio5aeYUKklfx1WbvYa6YA3,"{""email"":""romeo2000usgh@yahoo.com"",""role"":""mda_user"",""institutionId"":""ministry-of-health"",""source"":""mda_users_import""}"
2026-09-02T23:44:50.438Z,,bulk-import-script,user_created,user,6gv1HLL66beAFDhMcGIkUJ1n7y72,"{""email"":""akejulius22@gmail.com"",""role"":""mda_user"",""institutionId"":""ministry-of-health"",""source"":""mda_users_import""}"
2026-09-02T23:44:52.984Z,,bulk-import-script,user_created,user,iZH4xV1Tm0MvaswOACuJNDePGup1,"{""email"":""joana.amfo@pantanghospital.gov.gh"",""role"":""mda_user"",""institutionId"":""ministry-of-health"",""source"":""mda_users_import""}"
2026-09-02T23:44:54.924Z,,bulk-import-script,user_created,user,4QKuyPFnu8X58qctUYaK582OP2R2,"{""email"":""jakelikem@ymail.com"",""role"":""mda_user"",""institutionId"":""ministry-of-health"",""source"":""mda_users_import""}"
2026-09-02T23:44:56.680Z,,bulk-import-script,user_created,user,6uCTRYqkn4O80F5tBBaM2gg2v1K3,"{""email"":""glesonus@yahoo.com"",""role"":""mda_user"",""institutionId"":""ministry-of-health"",""source"":""mda_users_import""}"
2026-09-02T23:44:58.511Z,,bulk-import-script,user_created,user,2c1N4TuIMKQZE1K3qsuWORQNJkf2,"{""email"":""josephboye1@gmail.com"",""role"":""mda_user"",""institutionId"":""ministry-of-health"",""source"":""mda_users_import""}"
2026-09-02T23:45:00.411Z,,bulk-import-script,user_created,user,kxmq7dSuVbhz1E8BadMVf2Uaqn33,"{""email"":""jdoggu@gmail.com"",""role"":""mda_user"",""institutionId"":""ministry-of-health"",""source"":""mda_users_import""}"
2026-09-02T23:46:01.993Z,,bulk-import-script,user_created,user,kxmq7dSuVbhz1E8BadMVf2Uaqn33,"{""email"":""jdoggu@gmail.com"",""role"":""mda_user"",""institutionId"":""ministry-of-health"",""source"":""mda_users_import""}"
2026-09-02T23:46:04.081Z,,bulk-import-script,user_created,user,TF3xVNz32aZoBawvmczSULdNXCY2,"{""email"":""james.duah@chag.org.gh"",""role"":""mda_user"",""institutionId"":""ministry-of-health"",""source"":""mda_users_import""}"
2026-09-02T23:46:05.963Z,,bulk-import-script,user_created,user,121LmO0ojjW6c8jrrStttJuWMy92,"{""email"":""gyim25@yahoo.com"",""role"":""mda_user"",""institutionId"":""ministry-of-health"",""source"":""mda_users_import""}"
2026-09-02T23:46:07.862Z,,bulk-import-script,user_created,user,GxhGWtv7nuXcxFHYKSaj0Rcr8dC3,"{""email"":""janetkorankye69@gmail.com"",""role"":""mda_user"",""institutionId"":""ministry-of-health"",""source"":""mda_users_import""}"
2026-09-02T23:46:09.797Z,,bulk-import-script,user_created,user,OmTGp74jYGPuGCBbWGvzAUU9PU02,"{""email"":""onlartey@gmail.com"",""role"":""mda_user"",""institutionId"":""ministry-of-health"",""source"":""mda_users_import""}"
2026-09-02T23:46:11.651Z,,bulk-import-script,user_created,user,hxTvGOiEoybccFZRzbyIAnMK4v63,"{""email"":""jeffmensah@gmail.com"",""role"":""mda_user"",""institutionId"":""ministry-of-health"",""source"":""mda_users_import""}"
2026-09-02T23:46:13.567Z,,bulk-import-script,user_created,user,YGrwv2g0rsPqgD8y4pOpARcvozu2,"{""email"":""parry.ja@gcnm.edu.gh"",""role"":""mda_user"",""institutionId"":""ministry-of-health"",""source"":""mda_users_import""}"
2026-09-02T23:46:15.600Z,,bulk-import-script,user_created,user,b1Hlu67bvwSTwmqKiAUeguGtDer2,"{""email"":""monarch27quao@gmail.com"",""role"":""mda_user"",""institutionId"":""ministry-of-health"",""source"":""mda_users_import""}"
2026-09-02T23:46:17.469Z,,bulk-import-script,user_created,user,1WtKwmf8bJerLbAzy3DLeiQVDAo1,"{""email"":""joniyaq@gmail.com"",""role"":""mda_user"",""institutionId"":""ministry-of-health"",""source"":""mda_users_import""}"
2026-09-02T23:46:19.500Z,,bulk-import-script,user_created,user,uMWfrP1qolQWfgjCCHdVMhj6CVj1,"{""email"":""skwabla@yahoo.com"",""role"":""mda_user"",""institutionId"":""ministry-of-health"",""source"":""mda_users_import""}"
2026-09-02T23:46:21.341Z,,bulk-import-script,user_created,user,fDrCDMzKp9S0YQCvIrJ75cDzNNC2,"{""email"":""jtampuori@hth.gov.gh"",""role"":""mda_user"",""institutionId"":""ministry-of-health"",""source"":""mda_users_import""}"
2026-09-02T23:46:23.177Z,,bulk-import-script,user_created,user,gO8wo4iCApbiGn7z7lt12FaZrTl2,"{""email"":""kenkwakaf@gmail.com"",""role"":""mda_user"",""institutionId"":""ministry-of-health"",""source"":""mda_users_import""}"
2026-09-02T23:46:25.088Z,,bulk-import-script,user_created,user,jH5ADa6Lpchd6BKFoE5KfQAsTIr1,"{""email"":""billansah326@gmail.com"",""role"":""mda_user"",""institutionId"":""ministry-of-health"",""source"":""mda_users_import""}"
2026-09-02T23:46:26.987Z,,bulk-import-script,user_created,user,797pri7trCdhTWw3OsS4jDQ7vG43,"{""email"":""kwame.asamoah-okyere@fda.gov.gh"",""role"":""mda_user"",""institutionId"":""ministry-of-health"",""source"":""mda_users_import""}"
2026-09-02T23:46:39.061Z,,bulk-import-script,user_created,user,n2MfFfj03fe3Y5Y8Y5cTUBntSti1,"{""email"":""kudiratolabello@gmail.com"",""role"":""mda_user"",""institutionId"":""ministry-of-health"",""source"":""mda_users_import""}"
2026-09-02T23:46:40.884Z,,bulk-import-script,user_created,user,8fT89xHjq3V9fnoPOz548S0546Q2,"{""email"":""kingsford.boakye@chag.org.gh"",""role"":""mda_user"",""institutionId"":""ministry-of-health"",""source"":""mda_users_import""}"
2026-09-02T23:46:42.890Z,,bulk-import-script,user_created,user,lHzTy5NGQ5Y4dqyzieyvjfHh7bx2,"{""email"":""okyere1003@gmail.com"",""role"":""mda_user"",""institutionId"":""ministry-of-health"",""source"":""mda_users_import""}"
2026-09-02T23:46:44.900Z,,bulk-import-script,user_created,user,D5Mg8LbL3QgPfyttzyohTqMQW9K2,"{""email"":""kdzramedo@hth.gov.gh"",""role"":""mda_user"",""institutionId"":""ministry-of-health"",""source"":""mda_users_import""}"
2026-09-02T23:46:46.685Z,,bulk-import-script,user_created,user,DTKwRgGIpsZ3lT9TExDTR6hg0xs1,"{""email"":""drkobeng@gmail.com"",""role"":""mda_user"",""institutionId"":""ministry-of-health"",""source"":""mda_users_import""}"
2026-09-02T23:46:48.527Z,,bulk-import-script,user_created,user,GsfXfx5vcQaUaKRekiWZlg0dNOM2,"{""email"":""kafui.odoi@ghs.gov.gh"",""role"":""mda_user"",""institutionId"":""ministry-of-health"",""source"":""mda_users_import""}"
2026-09-02T23:46:50.366Z,,bulk-import-script,user_created,user,cLSLwvT8geY4qED5gDwHvGO02Ca2,"{""email"":""kwakusaffu@gmail.com"",""role"":""mda_user"",""institutionId"":""ministry-of-health"",""source"":""mda_users_import""}"
2026-09-02T23:46:52.254Z,,bulk-import-script,user_created,user,YHznEsSPHCTLuE3MNndnDa5tOio2,"{""email"":""labilla@gcps.edu.gh"",""role"":""mda_user"",""institutionId"":""ministry-of-health"",""source"":""mda_users_import""}"
2026-09-02T23:46:54.267Z,,bulk-import-script,user_created,user,VplXvVyd2PfCDfgCBI2ggy17VmM2,"{""email"":""adoteylydia70@gmail.com"",""role"":""mda_user"",""institutionId"":""ministry-of-health"",""source"":""mda_users_import""}"
2026-09-02T23:46:56.139Z,,bulk-import-script,user_created,user,gkRrim1b6WhCxKA8IG1jop2p9jn1,"{""email"":""flawrencia2day@gmail.com"",""role"":""mda_user"",""institutionId"":""ministry-of-health"",""source"":""mda_users_import""}"
2026-09-02T23:46:57.996Z,,bulk-import-script,user_created,user,Km7qUhDNNVfreK5VLSZM40KWN9L2,"{""email"":""lawrencekusi@gmail.com"",""role"":""mda_user"",""institutionId"":""ministry-of-health"",""source"":""mda_users_import""}"
2026-09-02T23:46:59.856Z,,bulk-import-script,user_created,user,IgE4h3cr9EPUQlmS2nP74DFw2R53,"{""email"":""justice.larbie@ghs.gov.gh"",""role"":""mda_user"",""institutionId"":""ministry-of-health"",""source"":""mda_users_import""}"
2026-09-02T23:47:01.716Z,,bulk-import-script,user_created,user,U5Dt28GhThRi7fVPqlVZHcz8IiX2,"{""email"":""niilaud@hotmail.com"",""role"":""mda_user"",""institutionId"":""ministry-of-health"",""source"":""mda_users_import""}"
2026-09-02T23:47:03.823Z,,bulk-import-script,user_created,user,ZXJNdnJrIVR2S5heMdL6bbxtAso1,"{""email"":""moro_adams@yahoo.com"",""role"":""mda_user"",""institutionId"":""ministry-of-health"",""source"":""mda_users_import""}"
2026-09-02T23:47:05.771Z,,bulk-import-script,user_created,user,fu2FPQyAEYhwhrz6X26Mw197mj42,"{""email"":""m.agbeko@ccth.gov.gh"",""role"":""mda_user"",""institutionId"":""ministry-of-health"",""source"":""mda_users_import""}"
2026-09-02T23:47:23.694Z,,bulk-import-script,user_created,user,As9bEU4L5pSb83VrpVOF5Xui3D32,"{""email"":""maameesi.amekudzi@ghs.gov.gh"",""role"":""mda_user"",""institutionId"":""ministry-of-health"",""source"":""mda_users_import""}"
2026-09-02T23:47:25.449Z,,bulk-import-script,user_created,user,dSXHmyYPX0RidZJEFKImNk13et72,"{""email"":""amofamicheal2@gmail.com"",""role"":""mda_user"",""institutionId"":""ministry-of-health"",""source"":""mda_users_import""}"
2026-09-02T23:47:27.355Z,,bulk-import-script,user_created,user,AovAL0uuewOxJEylG4JyPw5zKRH3,"{""email"":""anafumildred@gmail.com"",""role"":""mda_user"",""institutionId"":""ministry-of-health"",""source"":""mda_users_import""}"
2026-09-02T23:47:29.224Z,,bulk-import-script,user_created,user,ZnIdIY0QGCQVIHQWViyKK7QbvSn2,"{""email"":""asiamah222@gmail.com"",""role"":""mda_user"",""institutionId"":""ministry-of-health"",""source"":""mda_users_import""}"
2026-09-02T23:47:31.104Z,,bulk-import-script,user_created,user,Ewuq6u4zT3UBjpBLAQrrniYVR0d2,"{""email"":""marian.edusei@ghs.gov.gh"",""role"":""mda_user"",""institutionId"":""ministry-of-health"",""source"":""mda_users_import""}"
2026-09-02T23:47:32.952Z,,bulk-import-script,user_created,user,evKb8qwqc8VEmrRDhof4VLeFSUW2,"{""email"":""msmillygad@gmail.com"",""role"":""mda_user"",""institutionId"":""ministry-of-health"",""source"":""mda_users_import""}"
2026-09-02T23:47:34.983Z,,bulk-import-script,user_created,user,X0H5TFFVjlOeaQqjI6crMG0EGO23,"{""email"":""malikharuna30@yahoo.com"",""role"":""mda_user"",""institutionId"":""ministry-of-health"",""source"":""mda_users_import""}"
2026-09-02T23:47:36.862Z,,bulk-import-script,user_created,user,mqi9z9WnnHMPAqW3os1QK32uAJ93,"{""email"":""marymawunyo@gmail.com"",""role"":""mda_user"",""institutionId"":""ministry-of-health"",""source"":""mda_users_import""}"
2026-09-02T23:47:38.701Z,,bulk-import-script,user_created,user,2YuEMzGj6qPYaq4AkUAGixNuCuv2,"{""email"":""macjonaskambe@yahoo.com"",""role"":""mda_user"",""institutionId"":""ministry-of-health"",""source"":""mda_users_import""}"
2026-09-02T23:47:40.498Z,,bulk-import-script,user_created,user,9QsbMCziL8brGtL3mEF20Y0Ewq23,"{""email"":""marthaomari333@gmail.com"",""role"":""mda_user"",""institutionId"":""ministry-of-health"",""source"":""mda_users_import""}"
2026-09-02T23:47:42.349Z,,bulk-import-script,user_created,user,1aDmY4iwakYljvpxrl59mD3fG1E2,"{""email"":""msereboo@ugmc.ug.edu.gh"",""role"":""mda_user"",""institutionId"":""ministry-of-health"",""source"":""mda_users_import""}"
2026-09-02T23:47:44.112Z,,bulk-import-script,user_created,user,JOpCDLd2E2XqZFIPmSFbO8WkCBp2,"{""email"":""michael.sottie@ghs.gov.gh"",""role"":""mda_user"",""institutionId"":""ministry-of-health"",""source"":""mda_users_import""}"
2026-09-02T23:47:45.925Z,,bulk-import-script,user_created,user,xu0LPysN2gYeQ7zUUvmaqzatkHf1,"{""email"":""millicent.tamakloe@nbs.gov.gh"",""role"":""mda_user"",""institutionId"":""ministry-of-health"",""source"":""mda_users_import""}"
2026-09-02T23:47:47.748Z,,bulk-import-script,user_created,user,yuMsVix0xLhiGHDade7FhhebuC12,"{""email"":""monicatorsu1@gmail.com"",""role"":""mda_user"",""institutionId"":""ministry-of-health"",""source"":""mda_users_import""}"
2026-09-02T23:47:49.596Z,,bulk-import-script,user_created,user,bqZOlWosSyfPdDrD7dt7CckdI2E3,"{""email"":""mark.zuh@ghs.gov.gh"",""role"":""mda_user"",""institutionId"":""ministry-of-health"",""source"":""mda_users_import""}"
2026-09-02T23:47:51.394Z,,bulk-import-script,user_created,user,J1A1Bmza6YWqXLLJhr9dAGbILiy2,"{""email"":""elviskusi@yahoo.com"",""role"":""mda_user"",""institutionId"":""ministry-of-health"",""source"":""mda_users_import""}"
2026-09-02T23:48:02.881Z,,bulk-import-script,user_created,user,ZM4lhYmG9JMfcc1HW50YUG1Wb2b2,"{""email"":""mcluv07@yahoo.co.uk"",""role"":""mda_user"",""institutionId"":""ministry-of-health"",""source"":""mda_users_import""}"
2026-09-02T23:48:04.985Z,,bulk-import-script,user_created,user,RZ7CFXZdB8TeNOuK1QylhxqT8st2,"{""email"":""nathaniel.nettey@nmc.gov.gh"",""role"":""mda_user"",""institutionId"":""ministry-of-health"",""source"":""mda_users_import""}"
2026-09-02T23:48:06.999Z,,bulk-import-script,user_created,user,AthMDdooSufoDhOPI6W6zn4Ujk42,"{""email"":""nkansahowiredu78@gmail.com"",""role"":""mda_user"",""institutionId"":""ministry-of-health"",""source"":""mda_users_import""}"
2026-09-02T23:48:09.001Z,,bulk-import-script,user_created,user,NXPM05plDGZJhntjh2Qe9I78KOg1,"{""email"":""noblekx@gmail.com"",""role"":""mda_user"",""institutionId"":""ministry-of-health"",""source"":""mda_users_import""}"
2026-09-02T23:48:10.708Z,,bulk-import-script,user_created,user,cgcrPlLEmQgWZ7zPO0qojNzX9Kj2,"{""email"":""osae.abigail.afua@gmail.com"",""role"":""mda_user"",""institutionId"":""ministry-of-health"",""source"":""mda_users_import""}"
2026-09-02T23:48:12.391Z,,bulk-import-script,user_created,user,ytEiAlr9SJdET198ce4aMmme5jj1,"{""email"":""oliviamoore27@yahoo.com"",""role"":""mda_user"",""institutionId"":""ministry-of-health"",""source"":""mda_users_import""}"
2026-09-02T23:48:14.080Z,,bulk-import-script,user_created,user,3RSgEN8mjzNFEdiWNO7o24rdv3m2,"{""email"":""ofeibiad10@gmail.com"",""role"":""mda_user"",""institutionId"":""ministry-of-health"",""source"":""mda_users_import""}"
2026-09-02T23:48:15.705Z,,bulk-import-script,user_created,user,tOdcUHCfp9Zz8i1rR4EDWOIt1x62,"{""email"":""perpetualadator@gmail.com"",""role"":""mda_user"",""institutionId"":""ministry-of-health"",""source"":""mda_users_import""}"
2026-09-02T23:48:17.320Z,,bulk-import-script,user_created,user,HaIgn1616Rac50OVwLEInp9ys7J3,"{""email"":""portiaaadjei1@gmail.com"",""role"":""mda_user"",""institutionId"":""ministry-of-health"",""source"":""mda_users_import""}"
2026-09-02T23:48:18.947Z,,bulk-import-script,user_created,user,Ot5epsocldh1GFtoCt59rIfzwGA2,"{""email"":""paulina.oforiadu@ghs.gov.gh"",""role"":""mda_user"",""institutionId"":""ministry-of-health"",""source"":""mda_users_import""}"
2026-09-02T23:48:20.520Z,,bulk-import-script,user_created,user,Rk5RhxjGowWKQfeDK60aMFrhP1Z2,"{""email"":""patakrofi@yahoo.com"",""role"":""mda_user"",""institutionId"":""ministry-of-health"",""source"":""mda_users_import""}"
2026-09-02T23:48:22.128Z,,bulk-import-script,user_created,user,6UZ7sVGkWnOwiRf86Q6SIAvjXff1,"{""email"":""atiamoah1985@gmal.com"",""role"":""mda_user"",""institutionId"":""ministry-of-health"",""source"":""mda_users_import""}"
2026-09-02T23:48:23.839Z,,bulk-import-script,user_created,user,tTK44DP4VMQueSXR0GYEFrR3M182,"{""email"":""pkeleblu@gmail.com"",""role"":""mda_user"",""institutionId"":""ministry-of-health"",""source"":""mda_users_import""}"
2026-09-02T23:48:25.431Z,,bulk-import-script,user_created,user,XtWlMJ55GJNyykMhRFihpTpRqCS2,"{""email"":""psgawu2@gmail.com"",""role"":""mda_user"",""institutionId"":""ministry-of-health"",""source"":""mda_users_import""}"
2026-09-02T23:48:27.085Z,,bulk-import-script,user_created,user,jJ5XBKEw9kd0tbnO7Gdt32sIiYb2,"{""email"":""peter.yeboah@chag.org.gh"",""role"":""mda_user"",""institutionId"":""ministry-of-health"",""source"":""mda_users_import""}"
2026-09-02T23:48:28.879Z,,bulk-import-script,user_created,user,ZptKPPuPOIcjoMt5I14It125cuB3,"{""email"":""timo68ro@yahoo.com"",""role"":""mda_user"",""institutionId"":""ministry-of-health"",""source"":""mda_users_import""}"
2026-09-02T23:49:32.562Z,,bulk-import-script,user_created,user,uWuMuGhC8yg8EoXswncuL22SzpI3,"{""email"":""kwameansong17@gmail.com"",""role"":""mda_user"",""institutionId"":""ministry-of-health"",""source"":""mda_users_import""}"
2026-09-02T23:49:34.700Z,,bulk-import-script,user_created,user,0YoLSVli4Va6leyADlLd6oSmmCh1,"{""email"":""rosemondasase@gmail.com"",""role"":""mda_user"",""institutionId"":""ministry-of-health"",""source"":""mda_users_import""}"
2026-09-02T23:49:37.048Z,,bulk-import-script,user_created,user,FcKIJUo3dudQ910KwOJgX907QNv2,"{""email"":""nellyboakye1164@gmail.com"",""role"":""mda_user"",""institutionId"":""ministry-of-health"",""source"":""mda_users_import""}"
2026-09-02T23:49:38.957Z,,bulk-import-script,user_created,user,JXBzi7qLSyM2O3V1bZPi8znNw9r1,"{""email"":""awukuasanter@yahoo.com"",""role"":""mda_user"",""institutionId"":""ministry-of-health"",""source"":""mda_users_import""}"
2026-09-02T23:49:41.353Z,,bulk-import-script,user_created,user,2BbmPaUBxYX1qjjlv4B19EfSBN13,"{""email"":""raphaelbrown989@yahoo.com"",""role"":""mda_user"",""institutionId"":""ministry-of-health"",""source"":""mda_users_import""}"
2026-09-02T23:49:43.205Z,,bulk-import-script,user_created,user,ijiYPXSDuEgKPyLy6vqn28FPAN13,"{""email"":""kwesipossbley2017@gmail.com"",""role"":""mda_user"",""institutionId"":""ministry-of-health"",""source"":""mda_users_import""}"
2026-09-02T23:49:45.082Z,,bulk-import-script,user_created,user,jmev6dBOySeVi3syv1hubCLHGXf2,"{""email"":""rgamor@hth.gov.gh"",""role"":""mda_user"",""institutionId"":""ministry-of-health"",""source"":""mda_users_import""}"
2026-09-02T23:49:59.677Z,,bulk-import-script,user_created,user,biC6NQIXoHa2LQ39MoE30kIryA63,"{""email"":""hiameyr@gmail.com"",""role"":""mda_user"",""institutionId"":""ministry-of-health"",""source"":""mda_users_import""}"
2026-09-02T23:50:01.634Z,,bulk-import-script,user_created,user,wOBcbhLNm2ek1zR8sICIRzd4PPy1,"{""email"":""rich5kpodo@gmail.com"",""role"":""mda_user"",""institutionId"":""ministry-of-health"",""source"":""mda_users_import""}"
2026-09-02T23:50:03.650Z,,bulk-import-script,user_created,user,h2hQE5h8K4ODUSsWtEW6sAH5D542,"{""email"":""richmond.kumi@moffa.gov.gh"",""role"":""mda_user"",""institutionId"":""ministry-of-health"",""source"":""mda_users_import""}"
2026-09-02T23:50:05.608Z,,bulk-import-script,user_created,user,vfgWBDpRMwPQ7kA9oDOZCkWWKDF2,"{""email"":""raymondnunoo66@yahoo.com"",""role"":""mda_user"",""institutionId"":""ministry-of-health"",""source"":""mda_users_import""}"
2026-09-02T23:50:07.688Z,,bulk-import-script,user_created,user,GBvPROJRFpbgjGn6f7nB4IxCkBO2,"{""email"":""richmond.sowah@ghs.gov.gh"",""role"":""mda_user"",""institutionId"":""ministry-of-health"",""source"":""mda_users_import""}"
2026-09-02T23:50:29.924Z,,bulk-import-script,user_created,user,F16SfAMTneM8E8cMWMVVBKNnbV02,"{""email"":""robert.suapim@ghs.gov.gh"",""role"":""mda_user"",""institutionId"":""ministry-of-health"",""source"":""mda_users_import""}"
2026-09-02T23:50:31.818Z,,bulk-import-script,user_created,user,Q3eh2py5dZRHOr7ROoTZ30aSNeB2,"{""email"":""rosetaylor@gmail.com"",""role"":""mda_user"",""institutionId"":""ministry-of-health"",""source"":""mda_users_import""}"
2026-09-02T23:50:33.806Z,,bulk-import-script,user_created,user,NOGEMGkEwhZ49ryl68VpyMFqG6p1,"{""email"":""addyniistephen@gmail.com"",""role"":""mda_user"",""institutionId"":""ministry-of-health"",""source"":""mda_users_import""}"
2026-09-02T23:50:35.711Z,,bulk-import-script,user_created,user,8A930e6BSWVORljz5zq0Y1bM6qD3,"{""email"":""oppongadjei10@gmail.com"",""role"":""mda_user"",""institutionId"":""ministry-of-health"",""source"":""mda_users_import""}"
2026-09-02T23:50:37.574Z,,bulk-import-script,user_created,user,iDoeQHjhoBPCXdjev8Eo5m68Mny1,"{""email"":""samuel.kabaakoriyea@ghs.gov.gh"",""role"":""mda_user"",""institutionId"":""ministry-of-health"",""source"":""mda_users_import""}"
2026-09-02T23:50:39.387Z,,bulk-import-script,user_created,user,bi2DzP8bKSeUsPSRbB5tMJ7KaLF2,"{""email"":""tcl1063@gmail.com"",""role"":""mda_user"",""institutionId"":""ministry-of-health"",""source"":""mda_users_import""}"
2026-09-02T23:50:41.219Z,,bulk-import-script,user_created,user,fB7P6SX6vXXBjLJxCO5B2QH2a4G2,"{""email"":""muuchae@gmail.com"",""role"":""mda_user"",""institutionId"":""ministry-of-health"",""source"":""mda_users_import""}"
2026-09-02T23:50:43.132Z,,bulk-import-script,user_created,user,iZTqpHSPmeUjl6960bxXUql459l1,"{""email"":""solomon.boamah@ghs.gov.gh"",""role"":""mda_user"",""institutionId"":""ministry-of-health"",""source"":""mda_users_import""}"
2026-09-02T23:50:45.306Z,,bulk-import-script,user_created,user,Gn8rcAS3Nmb9OsyaY2AJj4CtN0z2,"{""email"":""stephen.anaman@ghs.gov.gh"",""role"":""mda_user"",""institutionId"":""ministry-of-health"",""source"":""mda_users_import""}"
2026-09-02T23:50:52.643Z,,bulk-import-script,user_created,user,ejoAUwIVDhbYiIYl6Q88gI08PXL2,"{""email"":""yawsoja1@gmail.com"",""role"":""mda_user"",""institutionId"":""ministry-of-health"",""source"":""mda_users_import""}"
2026-09-02T23:50:54.609Z,,bulk-import-script,user_created,user,NKB7CK818VSLT0dH15bSlJ7fI2k2,"{""email"":""boateng.boakye@ghs.gov.gh"",""role"":""mda_user"",""institutionId"":""ministry-of-health"",""source"":""mda_users_import""}"
2026-09-02T23:50:56.537Z,,bulk-import-script,user_created,user,CYAOaS2pdBVgh2bGUkUdFREmnxF2,"{""email"":""solomon.boateng@moh.gov.gh"",""role"":""mda_user"",""institutionId"":""ministry-of-health"",""source"":""mda_users_import""}"
2026-09-02T23:50:59.017Z,,bulk-import-script,user_created,user,UBf1WOTS2XY2uKCx8YlajBSYEkj2,"{""email"":""scommeh@gcps.edu.gh"",""role"":""mda_user"",""institutionId"":""ministry-of-health"",""source"":""mda_users_import""}"
2026-09-02T23:51:01.308Z,,bulk-import-script,user_created,user,UUx3Iz4EWkQoGKfLb8O8woNvuKf1,"{""email"":""sdzokoto@hth.gov.gh"",""role"":""mda_user"",""institutionId"":""ministry-of-health"",""source"":""mda_users_import""}"
2026-09-02T23:51:03.231Z,,bulk-import-script,user_created,user,VP7Ayp06EMSoEewFeOd64vd8vPw1,"{""email"":""shahadway84@gmail.com"",""role"":""mda_user"",""institutionId"":""ministry-of-health"",""source"":""mda_users_import""}"
2026-09-02T23:51:05.664Z,,bulk-import-script,user_created,user,iGs9TXTy9IZ0iZ63NBWz0oF68TF3,"{""email"":""sethkwamekudzro200@gmail.com"",""role"":""mda_user"",""institutionId"":""ministry-of-health"",""source"":""mda_users_import""}"
2026-09-02T23:51:07.978Z,,bulk-import-script,user_created,user,6HGnwZFJcthZQap5C6oxRuf0QK92,"{""email"":""sophia.ampofokusi@ghs.gov.gh"",""role"":""mda_user"",""institutionId"":""ministry-of-health"",""source"":""mda_users_import""}"
2026-09-02T23:51:09.835Z,,bulk-import-script,user_created,user,3n5S7JasOrh427A4VEEKuHkCAMz2,"{""email"":""slaryea76@yahoo.com"",""role"":""mda_user"",""institutionId"":""ministry-of-health"",""source"":""mda_users_import""}"
2026-09-02T23:51:11.787Z,,bulk-import-script,user_created,user,piEjOpkU4YZtGoui7ce6Dedy6863,"{""email"":""sth_mkr@yahoo.com"",""role"":""mda_user"",""institutionId"":""ministry-of-health"",""source"":""mda_users_import""}"
2026-09-02T23:51:13.688Z,,bulk-import-script,user_created,user,nodWZgTLXzQH3qu0PYorRrPYevn2,"{""email"":""samuel.manu@ghs.gov.gh"",""role"":""mda_user"",""institutionId"":""ministry-of-health"",""source"":""mda_users_import""}"
2026-09-02T23:51:15.722Z,,bulk-import-script,user_created,user,uiMw9QMnQWSoB1JeDxQAChQAAUJ2,"{""email"":""mshawanatu@yahoo.com"",""role"":""mda_user"",""institutionId"":""ministry-of-health"",""source"":""mda_users_import""}"
2026-09-02T23:51:18.086Z,,bulk-import-script,user_created,user,0WLRjd4B9ihUeOgV6MsqoMGTIZb2,"{""email"":""samuel.nugblega@chag.org.gh"",""role"":""mda_user"",""institutionId"":""ministry-of-health"",""source"":""mda_users_import""}"
2026-09-02T23:51:20.256Z,,bulk-import-script,user_created,user,eVzMEVY054dc0s2cuBc1xw2X3g93,"{""email"":""samuelodame3@gmail.com"",""role"":""mda_user"",""institutionId"":""ministry-of-health"",""source"":""mda_users_import""}"
2026-09-02T23:51:28.477Z,,bulk-import-script,user_created,user,Jssmmloc2UVeLCyhuzUoS2k1Bu93,"{""email"":""staevul2000@yahoo.com"",""role"":""mda_user"",""institutionId"":""ministry-of-health"",""source"":""mda_users_import""}"
2026-09-02T23:51:30.325Z,,bulk-import-script,user_created,user,g8aCGIljLKdk4brUaCkHZwzpfiv1,"{""email"":""styplate@gmail.com"",""role"":""mda_user"",""institutionId"":""ministry-of-health"",""source"":""mda_users_import""}"
2026-09-02T23:51:32.190Z,,bulk-import-script,user_created,user,lZ8avpcMDcf7z3lq7WIvJTnyaNw2,"{""email"":""suallahm@gmal.com"",""role"":""mda_user"",""institutionId"":""ministry-of-health"",""source"":""mda_users_import""}"
2026-09-02T23:51:34.040Z,,bulk-import-script,user_created,user,MrkdIDwd7Ah5L9exyt4DTg02BhL2,"{""email"":""senavidza@gmail.com"",""role"":""mda_user"",""institutionId"":""ministry-of-health"",""source"":""mda_users_import""}"
2026-09-02T23:51:35.925Z,,bulk-import-script,user_created,user,8xjdXA1YiNMo8fAiBVhlsG9IHIn2,"{""email"":""sandra.yenzu@nmc.gov.gh"",""role"":""mda_user"",""institutionId"":""ministry-of-health"",""source"":""mda_users_import""}"
2026-09-02T23:51:37.832Z,,bulk-import-script,user_created,user,pRtWHeox3BUA2Pzl6Mph5Ma7iUp1,"{""email"":""theowasty85@gmail.com"",""role"":""mda_user"",""institutionId"":""ministry-of-health"",""source"":""mda_users_import""}"
2026-09-02T23:51:39.718Z,,bulk-import-script,user_created,user,uNO1qzKpHWfVJd1XRqlfaSrTACF2,"{""email"":""theoyawson@gmail.com"",""role"":""mda_user"",""institutionId"":""ministry-of-health"",""source"":""mda_users_import""}"
2026-09-02T23:51:41.655Z,,bulk-import-script,user_created,user,ryZK3PNwNPbKD3ZEcHyxkauDKU53,"{""email"":""unitydeku@mail.com"",""role"":""mda_user"",""institutionId"":""ministry-of-health"",""source"":""mda_users_import""}"
2026-09-02T23:51:43.577Z,,bulk-import-script,user_created,user,yI7pzRNsgySnDc9sIPgOXtityEK2,"{""email"":""victoria.abu@nbs.gov.gh"",""role"":""mda_user"",""institutionId"":""ministry-of-health"",""source"":""mda_users_import""}"
2026-09-02T23:51:45.211Z,,bulk-import-script,user_created,user,tPdOH88dVYg3Xre15rMV5goaZvC3,"{""email"":""vida.asare@moffa.gov.gh"",""role"":""mda_user"",""institutionId"":""ministry-of-health"",""source"":""mda_users_import""}"
2026-09-02T23:51:46.814Z,,bulk-import-script,user_created,user,KunJk6akFdXWyapcOpkeBFo3Xf82,"{""email"":""veroadjie759@gmail.com"",""role"":""mda_user"",""institutionId"":""ministry-of-health"",""source"":""mda_users_import""}"
2026-09-02T23:51:48.541Z,,bulk-import-script,user_created,user,fyI7uap47gW94EMAPttlRWDOQ5y1,"{""email"":""vinjoedeq79@gmail.com"",""role"":""mda_user"",""institutionId"":""ministry-of-health"",""source"":""mda_users_import""}"
2026-09-02T23:51:50.205Z,,bulk-import-script,user_created,user,gJeQE4nsyVY3vgjbTqZrPxAZAus1,"{""email"":""wagbemafo@yahoo.com"",""role"":""mda_user"",""institutionId"":""ministry-of-health"",""source"":""mda_users_import""}"
2026-09-02T23:51:51.787Z,,bulk-import-script,user_created,user,quCHhoWPLBMLmKpsnfSB15LSQLZ2,"{""email"":""william.ampofo@nvi.gov.gh"",""role"":""mda_user"",""institutionId"":""ministry-of-health"",""source"":""mda_users_import""}"
2026-09-02T23:51:54.106Z,,bulk-import-script,user_created,user,AoWkC7Ry5PWX48b8k7SElm7D1Fn2,"{""email"":""wilsonoyiajo9@gmail.com"",""role"":""mda_user"",""institutionId"":""ministry-of-health"",""source"":""mda_users_import""}"
2026-09-02T23:51:55.704Z,,bulk-import-script,user_created,user,41z3bArx7DewZ8tGTtF1bETk7oH2,"{""email"":""yy.esseku@gcpharm.edu.gh"",""role"":""mda_user"",""institutionId"":""ministry-of-health"",""source"":""mda_users_import""}"
2026-09-02T23:52:03.976Z,,bulk-import-script,user_created,user,hHI22KuSBxQvTyVBmdFvLWQ1ZKV2,"{""email"":""etogobo@gcps.edu.gh"",""role"":""mda_user"",""institutionId"":""ministry-of-health"",""source"":""mda_users_import""}"
2026-09-02T23:52:05.655Z,,bulk-import-script,user_created,user,5ZBccTDw8FZQLJ5T2ZxgTU1THOI2,"{""email"":""edmund.togobo@nvi.gov.gh"",""role"":""mda_user"",""institutionId"":""ministry-of-health"",""source"":""mda_users_import""}"
2026-09-02T23:52:07.330Z,,bulk-import-script,user_created,user,RXZQcTE7ofMN9Zar1K4AxSFc16r2,"{""email"":""chiefdirector@myde.gov.gh"",""role"":""mda_user"",""institutionId"":""ministry-of-youth-development-and-empowerment"",""source"":""mda_users_import""}"
2026-09-02T23:52:09.059Z,,bulk-import-script,user_created,user,1nquSBzeT6V7LMsGGHxNY2YIVEl1,"{""email"":""kwakye.kontor@myde.gov.gh"",""role"":""mda_user"",""institutionId"":""ministry-of-youth-development-and-empowerment"",""source"":""mda_users_import""}"
2026-09-02T23:52:10.634Z,,bulk-import-script,user_created,user,fajhOkc794dbo2LyipFyoL70CsJ2,"{""email"":""kamal-deen.abdullah@myde.gov.gh"",""role"":""mda_user"",""institutionId"":""ministry-of-youth-development-and-empowerment"",""source"":""mda_users_import""}"
2026-09-02T23:52:12.350Z,,bulk-import-script,user_created,user,OsJcIE4NCXP9VUI2MG2u11RGHfb2,"{""email"":""marian.timbillah@myde.gov.gh"",""role"":""mda_user"",""institutionId"":""ministry-of-youth-development-and-empowerment"",""source"":""mda_users_import""}"
2026-09-02T23:52:14.021Z,,bulk-import-script,user_created,user,wTxAnKupQ3PeIhdpUDRa5rAKJbp1,"{""email"":""eric.adjei@neip.gov.gh"",""role"":""mda_user"",""institutionId"":""ministry-of-youth-development-and-empowerment"",""source"":""mda_users_import""}"
2026-09-02T23:52:15.628Z,,bulk-import-script,user_created,user,TuaZ7HaPs1UQAUBu62wuyeKCBnL2,"{""email"":""andrew.agyemang@neip.gov.gh"",""role"":""mda_user"",""institutionId"":""ministry-of-youth-development-and-empowerment"",""source"":""mda_users_import""}"
2026-09-02T23:52:17.252Z,,bulk-import-script,user_created,user,CuyhX6smYSUqAFhR4pnjV1h4Rwa2,"{""email"":""mildred.dzre@neip.gov.gh"",""role"":""mda_user"",""institutionId"":""ministry-of-youth-development-and-empowerment"",""source"":""mda_users_import""}"
2026-09-02T23:52:18.933Z,,bulk-import-script,user_created,user,jiJ6kxXgE7O5GBnNaiCE2vjta6u1,"{""email"":""ruth.seddoh@nss.gov.gh"",""role"":""mda_user"",""institutionId"":""ministry-of-youth-development-and-empowerment"",""source"":""mda_users_import""}"
2026-09-02T23:52:20.530Z,,bulk-import-script,user_created,user,sfT71Mi9dPeqLgpSV9JoaIZQlvu1,"{""email"":""mark.danso@nss.gov.gh"",""role"":""mda_user"",""institutionId"":""ministry-of-youth-development-and-empowerment"",""source"":""mda_users_import""}"
2026-09-02T23:52:22.106Z,,bulk-import-script,user_created,user,tYPU6BpIm3VNqtgZp4E9LhMOz8a2,"{""email"":""blessing.nelson@nss.gov.gh"",""role"":""mda_user"",""institutionId"":""ministry-of-youth-development-and-empowerment"",""source"":""mda_users_import""}"
2026-09-02T23:52:23.697Z,,bulk-import-script,user_created,user,HTlaRRdtG7dOgd554CAYL8u8BBe2,"{""email"":""perfect.kumah@nss.gov.gh"",""role"":""mda_user"",""institutionId"":""ministry-of-youth-development-and-empowerment"",""source"":""mda_users_import""}"
2026-09-02T23:52:38.349Z,,bulk-import-script,user_created,user,Mw75xAQTXfRnyKJfCVgKv5PzD943,"{""email"":""malik.basinteli@yea.gov.gh"",""role"":""mda_user"",""institutionId"":""ministry-of-youth-development-and-empowerment"",""source"":""mda_users_import""}"
2026-09-02T23:52:40.041Z,,bulk-import-script,user_created,user,DQuKKgO3lyOAyhxNY00iU2gCc5x1,"{""email"":""benjamin.otoo@yea.gov.gh"",""role"":""mda_user"",""institutionId"":""ministry-of-youth-development-and-empowerment"",""source"":""mda_users_import""}"
2026-09-02T23:52:41.734Z,,bulk-import-script,user_created,user,IFkXa73GVjSeKHMXkrvEWUJ0qTz1,"{""email"":""divine.kumah@yea.gov.gh"",""role"":""mda_user"",""institutionId"":""ministry-of-youth-development-and-empowerment"",""source"":""mda_users_import""}"
2026-09-02T23:52:43.375Z,,bulk-import-script,user_created,user,x0JK55ahtkO3beV1IRDUBXzyx2J2,"{""email"":""beneappianing17@gmail.com"",""role"":""mda_user"",""institutionId"":""ministry-of-youth-development-and-empowerment"",""source"":""mda_users_import""}"
2026-09-02T23:52:45.130Z,,bulk-import-script,user_created,user,4OBupzastHYfQrcujA4lq5rBuJC2,"{""email"":""daney@nya.gov.gh"",""role"":""mda_user"",""institutionId"":""ministry-of-youth-development-and-empowerment"",""source"":""mda_users_import""}"
2026-09-02T23:52:46.802Z,,bulk-import-script,user_created,user,i03PP6frAUhqs5fQpQtVB2VGYUt1,"{""email"":""j.ntiforo@nya.gov.gh"",""role"":""mda_user"",""institutionId"":""ministry-of-youth-development-and-empowerment"",""source"":""mda_users_import""}"
2026-09-02T23:52:48.745Z,,bulk-import-script,user_created,user,PSyRA8bYb6Vj6aAb8CWN0b7Rdhu2,"{""email"":""eric.abrah@nya.gov.gh"",""role"":""mda_user"",""institutionId"":""ministry-of-youth-development-and-empowerment"",""source"":""mda_users_import""}"
2026-09-02T23:52:50.369Z,,bulk-import-script,user_created,user,tLaeWSg0lST1AIZIfvrC3ijI8JA3,"{""email"":""david.awotwe@nya.gov.gh"",""role"":""mda_user"",""institutionId"":""ministry-of-youth-development-and-empowerment"",""source"":""mda_users_import""}"
2026-09-04T09:25:57.865Z,,MKGoW62Iuaf5KXTj3a4LyRxrsaa2,announcement_sent,announcement,Test,"{""type"":""maintenance"",""audience"":""staff"",""topic"":""Test"",""message"":""Hello Team, this is a test broadcast for the announcement feature in the GBMS App."",""recipientCount"":21}"
2026-09-04T10:56:43.878Z,,MKGoW62Iuaf5KXTj3a4LyRxrsaa2,user_created,user,mWvST23CpcZIn0mUXcZTLwEd5D32,"{""email"":""nashie@mofep.gov.gh"",""role"":""functional_lead"",""institutionId"":""ASU""}"
2026-09-04T11:00:48.867Z,,admin-script,password_reset,user,mWvST23CpcZIn0mUXcZTLwEd5D32,"{""email"":""nashie@mofep.gov.gh"",""reason"":""set to default password per admin request""}"
2026-09-04T13:36:59.940Z,,bulk-import-script,user_created,user,7lyXTBsF1TcirKSvihxPoZiEST53,"{""email"":""mahamud.haruna@northernrcc.gov.gh"",""role"":""mda_user"",""institutionId"":""northern-rba"",""source"":""volta_serene_group78_users_import""}"
2026-09-04T13:37:02.469Z,,bulk-import-script,user_created,user,Vrhmm2R4mObV6B1t6WMtNfF36442,"{""email"":""lawoe.bright@northernrcc.gov.gh"",""role"":""mda_user"",""institutionId"":""northern-arba"",""source"":""volta_serene_group78_users_import""}"
2026-09-04T13:37:05.185Z,,bulk-import-script,user_created,user,InmBIJV8lfRoqIMJbrTbGulqHMp2,"{""email"":""tahiru.aminatu@gusheguma.gov.gh"",""role"":""mda_user"",""institutionId"":""gushiegu-municipal"",""source"":""volta_serene_group78_users_import""}"
2026-09-04T13:37:07.962Z,,bulk-import-script,user_created,user,UzA1StQ39eax72hEQFixDOJA4dL2,"{""email"":""abarikayussif@gmail.com"",""role"":""mda_user"",""institutionId"":""gushiegu-municipal"",""source"":""volta_serene_group78_users_import""}"
2026-09-04T13:37:10.721Z,,bulk-import-script,user_created,user,pREtu0IQU9aRBh3jL4aUIHGl9KE2,"{""email"":""georgina.songze@gusheguma.gov.gh"",""role"":""mda_user"",""institutionId"":""gushiegu-municipal"",""source"":""volta_serene_group78_users_import""}"
2026-09-04T13:37:13.615Z,,bulk-import-script,user_created,user,IR8ISrR5KtPUjBzFJlxHGDirY3x1,"{""email"":""haruna.sulemana@gusheguma.gov.gh"",""role"":""mda_user"",""institutionId"":""gushiegu-municipal"",""source"":""volta_serene_group78_users_import""}"
2026-09-04T13:37:16.407Z,,bulk-import-script,user_created,user,qF3zJleclfUjKQGSrAnGIt3DUuk1,"{""email"":""alhassan.mohammed-awal@karaga.gov.gh"",""role"":""mda_user"",""institutionId"":""karaga-district"",""source"":""volta_serene_group78_users_import""}"
2026-09-04T13:37:19.129Z,,bulk-import-script,user_created,user,2Ahu5ZK1RWSTHOXM8KpJV2XR9ny2,"{""email"":""sulemana.nurideen@karaga.gov.gh"",""role"":""mda_user"",""institutionId"":""karaga-district"",""source"":""volta_serene_group78_users_import""}"
2026-09-04T13:37:22.423Z,,bulk-import-script,user_created,user,ouQTcdtodMdgNejsL5PefQHH9JH3,"{""email"":""mohammed.abdul-rahim@karaga.gov.gh"",""role"":""mda_user"",""institutionId"":""karaga-district"",""source"":""volta_serene_group78_users_import""}"
2026-09-04T13:37:25.534Z,,bulk-import-script,user_created,user,7hqtIXSdpGUMCBDFEXKo2E3xrkf2,"{""email"":""zakaria.osman@kuda.gov.gh"",""role"":""mda_user"",""institutionId"":""kumbungu-district"",""source"":""volta_serene_group78_users_import""}"
2026-09-04T13:37:28.168Z,,bulk-import-script,user_created,user,qI2KP056mkT8VQJaGPeRKIwFqkj1,"{""email"":""abdul.laminu@kuda.gov.gh"",""role"":""mda_user"",""institutionId"":""kumbungu-district"",""source"":""volta_serene_group78_users_import""}"
2026-09-04T13:37:30.695Z,,bulk-import-script,user_created,user,UIcs4ga4cDcSP3ZQa7F6YBD36Ks1,"{""email"":""barichisu.adam@kuda.gov.gh"",""role"":""mda_user"",""institutionId"":""kumbungu-district"",""source"":""volta_serene_group78_users_import""}"
2026-09-04T13:37:33.654Z,,bulk-import-script,user_created,user,ebTqqgdzM6gXiMtMTtLJ6ULk4G42,"{""email"":""mahama.imoro@kuda.gov.gh"",""role"":""mda_user"",""institutionId"":""kumbungu-district"",""source"":""volta_serene_group78_users_import""}"
2026-09-04T13:37:36.278Z,,bulk-import-script,user_created,user,HcOYgNabHDTaClukAcFee9Lv5D32,"{""email"":""diabor.samata@miondistrict.gov.gh"",""role"":""mda_user"",""institutionId"":""mion-district"",""source"":""volta_serene_group78_users_import""}"
2026-09-04T13:37:38.796Z,,bulk-import-script,user_created,user,WZWyuAhTY5fYGvsRubgmLRJfiwJ3,"{""email"":""james.sanefu@miondistrict.gov.gh"",""role"":""mda_user"",""institutionId"":""mion-district"",""source"":""volta_serene_group78_users_import""}"
2026-09-04T13:37:41.332Z,,bulk-import-script,user_created,user,TQeHKTzeCrh39kKrycXev4T0zny2,"{""email"":""yakubu.shaibu@miondistrict.gov.gh"",""role"":""mda_user"",""institutionId"":""mion-district"",""source"":""volta_serene_group78_users_import""}"
2026-09-04T13:37:43.894Z,,bulk-import-script,user_created,user,oizsgxYPNZfYr6iCfnKlg6xJmxt2,"{""email"":""ibrahim.mariam@miondistrict.gov.gh"",""role"":""mda_user"",""institutionId"":""mion-district"",""source"":""volta_serene_group78_users_import""}"
2026-09-04T13:37:46.471Z,,bulk-import-script,user_created,user,qe7cXuzmMbfYcRekdtCyAf5Oemy2,"{""email"":""hamdallatu.alhassan@nanton.gov.gh"",""role"":""mda_user"",""institutionId"":""nanton-district"",""source"":""volta_serene_group78_users_import""}"
2026-09-04T13:37:48.957Z,,bulk-import-script,user_created,user,loiYYZRSjQYsmtfOOj1X9lSC1Mg1,"{""email"":""yussif.harruna@nanton.gov.gh"",""role"":""mda_user"",""institutionId"":""nanton-district"",""source"":""volta_serene_group78_users_import""}"
2026-09-04T13:37:51.456Z,,bulk-import-script,user_created,user,HFyVAvHSuRceABzqnuo5Hl3JOMs2,"{""email"":""bifani-baauk@nanton.gov.gh"",""role"":""mda_user"",""institutionId"":""nanton-district"",""source"":""volta_serene_group78_users_import""}"
2026-09-04T13:37:54.002Z,,bulk-import-script,user_created,user,arY3aCwKR6d8wdAFAkqEvyecIjG2,"{""email"":""amina.alhassan@nanton.gov.gh"",""role"":""mda_user"",""institutionId"":""nanton-district"",""source"":""volta_serene_group78_users_import""}"
2026-09-04T13:37:56.487Z,,bulk-import-script,user_created,user,PM1g1rhP1QNEbge8L0VtusArpew1,"{""email"":""lawrence.agyekum@nnma.gov.gh"",""role"":""mda_user"",""institutionId"":""nanumba-north-municipal"",""source"":""volta_serene_group78_users_import""}"
2026-09-04T13:37:58.919Z,,bulk-import-script,user_created,user,HL8EQlsjXfUnLcwsZg1tZdhY3Nb2,"{""email"":""mohammed.sa-ad@nnma.gov.gh"",""role"":""mda_user"",""institutionId"":""nanumba-north-municipal"",""source"":""volta_serene_group78_users_import""}"
2026-09-04T13:38:01.308Z,,bulk-import-script,user_created,user,5CTKRcIBiIakGUqD5oeZAQY0HXl1,"{""email"":""abdulai.ibrahim@nnma.gov.gh"",""role"":""mda_user"",""institutionId"":""nanumba-north-municipal"",""source"":""volta_serene_group78_users_import""}"
2026-09-04T13:38:03.844Z,,bulk-import-script,user_created,user,RBc3ULANJSSzisJhSKsyGf279v53,"{""email"":""abukari.iddrisu@nsda.gov.gh"",""role"":""mda_user"",""institutionId"":""nanumba-south-district"",""source"":""volta_serene_group78_users_import""}"
2026-09-04T13:38:06.376Z,,bulk-import-script,user_created,user,5FYgxDiWAFX2XIPSGNjdukrezDy1,"{""email"":""alhassan.majeed@nsda.gov.gh"",""role"":""mda_user"",""institutionId"":""nanumba-south-district"",""source"":""volta_serene_group78_users_import""}"
2026-09-04T13:38:08.865Z,,bulk-import-script,user_created,user,SrKcEy14tSM03JKrXXp9A9BR1HX2,"{""email"":""francis.osei@nsda.gov.gh"",""role"":""mda_user"",""institutionId"":""nanumba-south-district"",""source"":""volta_serene_group78_users_import""}"
2026-09-04T13:38:11.419Z,,bulk-import-script,user_created,user,wkhN3Mjafnf4Bcl0lJNxy9rAGsx1,"{""email"":""musah.mumun@nsda.gov.gh"",""role"":""mda_user"",""institutionId"":""nanumba-south-district"",""source"":""volta_serene_group78_users_import""}"
2026-09-04T13:38:14.146Z,,bulk-import-script,user_created,user,BbNo5tru3TXIOpFQ2jzqLpJxYqJ3,"{""email"":""obed.turner@sda.gov.gh"",""role"":""mda_user"",""institutionId"":""saboba-district"",""source"":""volta_serene_group78_users_import""}"
2026-09-04T13:38:16.576Z,,bulk-import-script,user_created,user,TSK5fmJeQyTBcn4kPv51ukUfLdC3,"{""email"":""koyaja.ndiibi@sda.gov.gh"",""role"":""mda_user"",""institutionId"":""saboba-district"",""source"":""volta_serene_group78_users_import""}"
2026-09-04T13:38:19.008Z,,bulk-import-script,user_created,user,LUDi0aLwB8dV7Y6TmZuyo5ZBAsg1,"{""email"":""yakubu.mubarik@sda.gov.gh"",""role"":""mda_user"",""institutionId"":""saboba-district"",""source"":""volta_serene_group78_users_import""}"
2026-09-04T13:38:21.754Z,,bulk-import-script,user_created,user,OwHwBMCWQWe2dQXXTgUM9z4zFA23,"{""email"":""nashirudeen.musah@sda.gov.gh"",""role"":""mda_user"",""institutionId"":""saboba-district"",""source"":""volta_serene_group78_users_import""}"
2026-09-04T13:38:24.205Z,,bulk-import-script,user_created,user,3MU3BcHLaKWzmTYNxxaqQ0tfIBB3,"{""email"":""nathaniel.asiah@sagma.gov.gh"",""role"":""mda_user"",""institutionId"":""sagnerigu-municipal"",""source"":""volta_serene_group78_users_import""}"
2026-09-04T13:38:26.803Z,,bulk-import-script,user_created,user,t0eqqZ56ryMMmnxxB4zETxcIezl1,"{""email"":""ahmed.ibrahim@sagma.gov.gh"",""role"":""mda_user"",""institutionId"":""sagnerigu-municipal"",""source"":""volta_serene_group78_users_import""}"
2026-09-04T13:38:29.302Z,,bulk-import-script,user_created,user,NXURWaYl4xeDbDMT22bJCOIIA9o1,"{""email"":""sylvia.azumah@sagma.gov.gh"",""role"":""mda_user"",""institutionId"":""sagnerigu-municipal"",""source"":""volta_serene_group78_users_import""}"
2026-09-04T13:38:31.641Z,,bulk-import-script,user_created,user,9WAs0lGkUwfJJETaGJUQ8xIuEUJ2,"{""email"":""mariam.mohammed@sagma.gov.gh"",""role"":""mda_user"",""institutionId"":""sagnerigu-municipal"",""source"":""volta_serene_group78_users_import""}"
2026-09-04T13:38:34.015Z,,bulk-import-script,user_created,user,DZlzCc6PkmhrN14roIX19xL8ilF3,"{""email"":""zaharawu.imrana@saveluguma.gov.gh"",""role"":""mda_user"",""institutionId"":""savelugu-district"",""source"":""volta_serene_group78_users_import""}"
2026-09-04T13:38:36.851Z,,bulk-import-script,user_created,user,m1GgM9vqsqhlHj7Gz290JrpZo9c2,"{""email"":""imoro.aziz@saveluguma.gov.gh"",""role"":""mda_user"",""institutionId"":""savelugu-district"",""source"":""volta_serene_group78_users_import""}"
2026-09-04T13:38:39.167Z,,bulk-import-script,user_created,user,qu1uodYc7hefq7mTubBAfwNMT182,"{""email"":""alhassan.abdul-jalil@saveluguma.gov.gh"",""role"":""mda_user"",""institutionId"":""savelugu-district"",""source"":""volta_serene_group78_users_import""}"
2026-09-04T13:38:41.473Z,,bulk-import-script,user_created,user,1LDKBONuHcP7oSoiw8tNmGfodby2,"{""email"":""imoro.ruhaima@saveluguma.gov.gh"",""role"":""mda_user"",""institutionId"":""savelugu-district"",""source"":""volta_serene_group78_users_import""}"
2026-09-04T13:38:44.297Z,,bulk-import-script,user_created,user,XLBNQHq3DOddMuPcxrvAVApee072,"{""email"":""ngbalik.bentun@kpda.gov.gh"",""role"":""mda_user"",""institutionId"":""kpandai-district-assembly"",""source"":""volta_serene_group78_users_import""}"
2026-09-04T13:38:46.750Z,,bulk-import-script,user_created,user,KbYX3iDW7ARVvAG3kCxcA0zroC62,"{""email"":""fatawu.tahiru@kpda.gov.gh"",""role"":""mda_user"",""institutionId"":""kpandai-district-assembly"",""source"":""volta_serene_group78_users_import""}"
2026-09-04T13:38:48.924Z,,bulk-import-script,user_created,user,462G9EhFT1azu1bms3APMiRTqO33,"{""email"":""ziblila.yahaya@kpda.gov.gh"",""role"":""mda_user"",""institutionId"":""kpandai-district-assembly"",""source"":""volta_serene_group78_users_import""}"
2026-09-04T13:38:51.158Z,,bulk-import-script,user_created,user,40FFUppnleSUKCPvhli7Uadr3yh1,"{""email"":""ayuba.ibrahim@kpda.gov.gh"",""role"":""mda_user"",""institutionId"":""kpandai-district-assembly"",""source"":""volta_serene_group78_users_import""}"
2026-09-04T13:38:53.352Z,,bulk-import-script,user_created,user,n4rSo6nMvFbuVaBdP2r9yW2AbSs2,"{""email"":""juliusab2012@gmail.com"",""role"":""mda_user"",""institutionId"":""tamale-metropolis"",""source"":""volta_serene_group78_users_import""}"
2026-09-04T13:38:55.499Z,,bulk-import-script,user_created,user,dzbRwUeigdSDyGov0zTMYlUJqGA2,"{""email"":""ayinyadia48@gmail.com"",""role"":""mda_user"",""institutionId"":""tamale-metropolis"",""source"":""volta_serene_group78_users_import""}"
2026-09-04T13:38:57.549Z,,bulk-import-script,user_created,user,JUSXc2Ohhih4MDlrVzVx2z8D4dE2,"{""email"":""sibaweihi.masahudu@tamalemetro.gov.gh"",""role"":""mda_user"",""institutionId"":""tamale-metropolis"",""source"":""volta_serene_group78_users_import""}"
2026-09-04T13:38:59.767Z,,bulk-import-script,user_created,user,TAD14g5UQ6ZDRTyVxQiPCA81Mw22,"{""email"":""musah.tayiba@tamalemetro.gov.gh"",""role"":""mda_user"",""institutionId"":""tamale-metropolis"",""source"":""volta_serene_group78_users_import""}"
2026-09-04T13:39:02.111Z,,bulk-import-script,user_created,user,FHKCmVFcPNdqvB91s4EKQVmiDKK2,"{""email"":""alhassan.abukari@tsda.gov.gh"",""role"":""mda_user"",""institutionId"":""tatale-sanguli-district"",""source"":""volta_serene_group78_users_import""}"
2026-09-04T13:39:04.445Z,,bulk-import-script,user_created,user,R2ArrRWOnVVKtU2cCllwi4iFVta2,"{""email"":""salifuadam41@yahoo.com"",""role"":""mda_user"",""institutionId"":""tatale-sanguli-district"",""source"":""volta_serene_group78_users_import""}"
2026-09-04T13:39:07.282Z,,bulk-import-script,user_created,user,XNwOlH6WbdRi4iRnS1d1dqH3HN33,"{""email"":""evans.ubabela@tsda.gov.gh"",""role"":""mda_user"",""institutionId"":""tatale-sanguli-district"",""source"":""volta_serene_group78_users_import""}"
2026-09-04T13:39:09.553Z,,bulk-import-script,user_created,user,yvCkNJL8oKeryjYlSHKCS9QdFKt2,"{""email"":""abdul-manan.voo@tsda.gov.gh"",""role"":""mda_user"",""institutionId"":""tatale-sanguli-district"",""source"":""volta_serene_group78_users_import""}"
2026-09-04T13:39:11.840Z,,bulk-import-script,user_created,user,T7lQzRblzhdCgz3OHWvnRMcf1hQ2,"{""email"":""sophia.azure@tolon.gov.gh"",""role"":""mda_user"",""institutionId"":""tolon-district"",""source"":""volta_serene_group78_users_import""}"
2026-09-04T13:39:14.585Z,,bulk-import-script,user_created,user,bXx1JkC8elgjtuJACHZw1yYi6k13,"{""email"":""joan.azangeo@tolon.gov.gh"",""role"":""mda_user"",""institutionId"":""tolon-district"",""source"":""volta_serene_group78_users_import""}"
2026-09-04T13:39:16.638Z,,bulk-import-script,user_created,user,YhvXMG7AeMdh0ohtaUmiQXdvoDo1,"{""email"":""abdul-rahim.haffiz@tolon.gov.gh"",""role"":""mda_user"",""institutionId"":""tolon-district"",""source"":""volta_serene_group78_users_import""}"
2026-09-04T13:39:19.443Z,,bulk-import-script,user_created,user,f2MOK9oXgsdOqfwdjErGfhHaYDB2,"{""email"":""sulemana.ganiyu@tolon.gov.gh"",""role"":""mda_user"",""institutionId"":""tolon-district"",""source"":""volta_serene_group78_users_import""}"
2026-09-04T13:39:21.790Z,,bulk-import-script,user_created,user,vI6kYg5kOKSrtWTYTd2Q4WPjm8T2,"{""email"":""abdula.abdul-majeed@yma.gov.gh"",""role"":""mda_user"",""institutionId"":""yendi-municipal"",""source"":""volta_serene_group78_users_import""}"
2026-09-04T13:39:24.005Z,,bulk-import-script,user_created,user,EJdGyqrKJ7ObXxRTI10cQE4Vcay2,"{""email"":""musah.namyala@yma.gov.gh"",""role"":""mda_user"",""institutionId"":""yendi-municipal"",""source"":""volta_serene_group78_users_import""}"
2026-09-04T13:39:26.144Z,,bulk-import-script,user_created,user,IeIQAEE8tqRztquDsxUhEo03htE2,"{""email"":""alidu.amin@yma.gov.gh"",""role"":""mda_user"",""institutionId"":""yendi-municipal"",""source"":""volta_serene_group78_users_import""}"
2026-09-04T13:39:28.943Z,,bulk-import-script,user_created,user,0BVTFnnWE5eZctJSZeJhEU1pNUB2,"{""email"":""sanja.nilamor@yma.gov.gh"",""role"":""mda_user"",""institutionId"":""yendi-municipal"",""source"":""volta_serene_group78_users_import""}"
2026-09-04T13:39:32.499Z,,bulk-import-script,user_created,user,b6ATJ79aIvZzs4UrEVteHq4b0g23,"{""email"":""necessity2007@gmail.com"",""role"":""mda_user"",""institutionId"":""zabzugu-district"",""source"":""volta_serene_group78_users_import""}"
2026-09-04T13:39:34.731Z,,bulk-import-script,user_created,user,5ED7IgZGd6adpcLhP4Tc0hw7UjE3,"{""email"":""lambonbiyaak@gmail.com"",""role"":""mda_user"",""institutionId"":""zabzugu-district"",""source"":""volta_serene_group78_users_import""}"
2026-09-04T13:39:37.094Z,,bulk-import-script,user_created,user,vd5s9aNSMCfWtMEolu8tMYxJwB03,"{""email"":""alhassan.zakaria-nabla@zabzugudistric.gov.gh"",""role"":""mda_user"",""institutionId"":""zabzugu-district"",""source"":""volta_serene_group78_users_import""}"
2026-09-04T13:39:39.398Z,,bulk-import-script,user_created,user,FxXls2EbhaVzc765lDmyjMiFBfS2,"{""email"":""issah.miftawu@zabzugudistrict.gov.gh"",""role"":""mda_user"",""institutionId"":""zabzugu-district"",""source"":""volta_serene_group78_users_import""}"
2026-09-04T13:39:41.374Z,,bulk-import-script,user_created,user,4EJ6A7luK3SQupx1jxASzuISIqm2,"{""email"":""joelarbi72@gmail.com"",""role"":""mda_user"",""institutionId"":""savannah-rba"",""source"":""volta_serene_group78_users_import""}"
2026-09-04T13:39:43.483Z,,bulk-import-script,user_created,user,sxpUJKjX7bRHthE0hImT0xmNH3u1,"{""email"":""rashmufti653@gmail.com"",""role"":""mda_user"",""institutionId"":""savannah-arba"",""source"":""volta_serene_group78_users_import""}"
2026-09-04T13:39:45.573Z,,bulk-import-script,user_created,user,Fzjbsk2uGrhMdgTbGjI5rikjBq32,"{""email"":""osman.alhassan@bda.gov.gh"",""role"":""mda_user"",""institutionId"":""bole-district"",""source"":""volta_serene_group78_users_import""}"
2026-09-04T13:39:47.732Z,,bulk-import-script,user_created,user,aawZqyxiqMd4DQ4hM3ogxMNVia33,"{""email"":""alhassan.abubakari@bda.gov.gh"",""role"":""mda_user"",""institutionId"":""bole-district"",""source"":""volta_serene_group78_users_import""}"
2026-09-04T13:39:49.991Z,,bulk-import-script,user_created,user,92XGgnqGerabAcdOOED2z3Tvk3U2,"{""email"":""nmusahnabilla530@gmail.com"",""role"":""mda_user"",""institutionId"":""bole-district"",""source"":""volta_serene_group78_users_import""}"
2026-09-04T13:39:52.172Z,,bulk-import-script,user_created,user,ejgtzoSe1Wf9Y0NaZmSkTPN7LuY2,"{""email"":""mbonwura301@gmail.com"",""role"":""mda_user"",""institutionId"":""bole-district"",""source"":""volta_serene_group78_users_import""}"
2026-09-04T13:39:54.358Z,,bulk-import-script,user_created,user,qlY4SaOnLtUsGzMQVb4bjdEuuby2,"{""email"":""bayason42@gmail.com"",""role"":""mda_user"",""institutionId"":""east-gonja-municipal"",""source"":""volta_serene_group78_users_import""}"
2026-09-04T13:39:57.128Z,,bulk-import-script,user_created,user,ZaKmJ678dmV3WxaFdsZYeUMTlMv1,"{""email"":""habdulsamin@gmail.com"",""role"":""mda_user"",""institutionId"":""east-gonja-municipal"",""source"":""volta_serene_group78_users_import""}"
2026-09-04T13:39:59.320Z,,bulk-import-script,user_created,user,YnKt7iXju0VQCAujrH3lUf2tBG72,"{""email"":""yakubu.muniru@egma.gov.gh"",""role"":""mda_user"",""institutionId"":""east-gonja-municipal"",""source"":""volta_serene_group78_users_import""}"
2026-09-04T13:40:01.551Z,,bulk-import-script,user_created,user,1wE0P1dn30VmCCrDpfn3POCAsxB3,"{""email"":""mubashir.mohammed@egma.gov.gh"",""role"":""mda_user"",""institutionId"":""east-gonja-municipal"",""source"":""volta_serene_group78_users_import""}"
2026-09-04T13:40:03.854Z,,bulk-import-script,user_created,user,pTtQr2EqhfaIkNm9D04cxYMbzPO2,"{""email"":""abdulai.abdul-razak@cgda.gov.gh"",""role"":""mda_user"",""institutionId"":""gonja-central-district"",""source"":""volta_serene_group78_users_import""}"
2026-09-04T13:40:06.079Z,,bulk-import-script,user_created,user,EcSI8PZhh4drzZXrGetrFqJZ2Os2,"{""email"":""gifty.laar@cgda.gov.gh"",""role"":""mda_user"",""institutionId"":""gonja-central-district"",""source"":""volta_serene_group78_users_import""}"
2026-09-04T13:40:08.241Z,,bulk-import-script,user_created,user,KfZNODnsUJVpk9QpuC4bmrTyfQf2,"{""email"":""miditunni@cgda.gov.gh"",""role"":""mda_user"",""institutionId"":""gonja-central-district"",""source"":""volta_serene_group78_users_import""}"
2026-09-04T13:40:10.592Z,,bulk-import-script,user_created,user,HDW6RHoPFwgHNv6ZBHvpdJA7fly2,"{""email"":""seph.boasa@cgda.gov.gh"",""role"":""mda_user"",""institutionId"":""gonja-central-district"",""source"":""volta_serene_group78_users_import""}"
2026-09-04T13:40:12.929Z,,bulk-import-script,user_created,user,IGQ2DPDlOEUytVYY0BSzilNo0X63,"{""email"":""yahaya.mahama@negda.gov.gh"",""role"":""mda_user"",""institutionId"":""north-east-gonja-district"",""source"":""volta_serene_group78_users_import""}"
2026-09-04T13:40:15.214Z,,bulk-import-script,user_created,user,W3gYogYMuMNrRYTJR2prmBrhixJ2,"{""email"":""imoro.issah@negda.gov.gh"",""role"":""mda_user"",""institutionId"":""north-east-gonja-district"",""source"":""volta_serene_group78_users_import""}"
2026-09-04T13:40:17.491Z,,bulk-import-script,user_created,user,cvrSe7ESqkTtSc7yQ4dOSKvXGS02,"{""email"":""yakubufadelrahaman@yahoo.com"",""role"":""mda_user"",""institutionId"":""north-east-gonja-district"",""source"":""volta_serene_group78_users_import""}"
2026-09-04T13:40:19.630Z,,bulk-import-script,user_created,user,dDTuLXlFnlObwnnvhZ1kwEpQ2Kn2,"{""email"":""yakubu.tahiru@negda.gov.gh"",""role"":""mda_user"",""institutionId"":""north-east-gonja-district"",""source"":""volta_serene_group78_users_import""}"
2026-09-04T13:40:22.076Z,,bulk-import-script,user_created,user,Sm5llUkiruN6xj2hYaHVs9PXy9D2,"{""email"":""kuudaar.edwin@ngda.gov.gh"",""role"":""mda_user"",""institutionId"":""north-gonja-district"",""source"":""volta_serene_group78_users_import""}"
2026-09-04T13:40:24.192Z,,bulk-import-script,user_created,user,ti9jsbwH1haXm1xNULpa9x8qlwJ3,"{""email"":""issahaku.elisha@ngda.gov.gh"",""role"":""mda_user"",""institutionId"":""north-gonja-district"",""source"":""volta_serene_group78_users_import""}"
2026-09-04T13:40:26.544Z,,bulk-import-script,user_created,user,YqKVfPkwmKTijwMiOsYAWGwjMx73,"{""email"":""abubakari.yahaya@ngda.gov.gh"",""role"":""mda_user"",""institutionId"":""north-gonja-district"",""source"":""volta_serene_group78_users_import""}"
2026-09-04T13:40:28.693Z,,bulk-import-script,user_created,user,8i2SQv8sZaZ5GhB9W3iUP6kkj8n2,"{""email"":""tikabavug2018@gmail.com"",""role"":""mda_user"",""institutionId"":""north-gonja-district"",""source"":""volta_serene_group78_users_import""}"
2026-09-04T13:40:31.714Z,,bulk-import-script,user_created,user,HcFSplK8L0htz43M9b6wqcVEGzJ2,"{""email"":""yakubumahamud@gmail.com"",""role"":""mda_user"",""institutionId"":""sawla-tuna-kalba-district"",""source"":""volta_serene_group78_users_import""}"
2026-09-04T13:40:33.992Z,,bulk-import-script,user_created,user,c0grfONtFzbsNPTQYYVfd3hh5Um2,"{""email"":""ahmeddonkoh14@gmail.com"",""role"":""mda_user"",""institutionId"":""sawla-tuna-kalba-district"",""source"":""volta_serene_group78_users_import""}"
2026-09-04T13:40:36.409Z,,bulk-import-script,user_created,user,pTEB0SAF57SLK6qhlhMbtMwPmJv1,"{""email"":""sule.lukman86@gmail.com"",""role"":""mda_user"",""institutionId"":""sawla-tuna-kalba-district"",""source"":""volta_serene_group78_users_import""}"
2026-09-04T13:40:38.740Z,,bulk-import-script,user_created,user,5khvzbMe1hQ2ef3aImIN0ldHheK2,"{""email"":""attakarahabdullatif2015@gmail.com"",""role"":""mda_user"",""institutionId"":""sawla-tuna-kalba-district"",""source"":""volta_serene_group78_users_import""}"
2026-09-04T13:40:40.897Z,,bulk-import-script,user_created,user,Lu3awyxLTIcCIb6fBiJnqCmokRH3,"{""email"":""richard.asabere@wgda.gov.gh"",""role"":""mda_user"",""institutionId"":""west-gonja-district"",""source"":""volta_serene_group78_users_import""}"
2026-09-04T13:40:43.275Z,,bulk-import-script,user_created,user,7dQVTyXwvceX9cJibzeeHHFbw1g1,"{""email"":""awuffor.amidu@wgda.gov.gh"",""role"":""mda_user"",""institutionId"":""west-gonja-district"",""source"":""volta_serene_group78_users_import""}"
2026-09-04T13:40:45.668Z,,bulk-import-script,user_created,user,slZOVKf9nceJiamdDiYRA5bdbX22,"{""email"":""wenapetea.demarah@wgda.gov.gh"",""role"":""mda_user"",""institutionId"":""west-gonja-district"",""source"":""volta_serene_group78_users_import""}"
2026-09-04T15:06:18.533Z,,MKGoW62Iuaf5KXTj3a4LyRxrsaa2,user_updated,user,rAG2URNKfYXncjG26HRoLVpLYFS2,"{""isActive"":false}"
2026-09-04T16:33:04.042Z,,MKGoW62Iuaf5KXTj3a4LyRxrsaa2,user_updated,user,vI6kYg5kOKSrtWTYTd2Q4WPjm8T2,"{""email"":""abdulai.abdul-majeed@yma.gov.gh""}"
2026-09-04T16:33:47.719Z,,MKGoW62Iuaf5KXTj3a4LyRxrsaa2,user_updated,user,arY3aCwKR6d8wdAFAkqEvyecIjG2,"{""email"":""alhassan.amina@nanton.gov.gh""}"
2026-09-04T16:43:12.142Z,,MKGoW62Iuaf5KXTj3a4LyRxrsaa2,user_updated,user,vd5s9aNSMCfWtMEolu8tMYxJwB03,"{""email"":""alhassan.zakaria-nabla@zabzugudistrict.gov.gh""}"
2026-09-04T20:11:16.172Z,,admin-script,password_reset,user,AovAL0uuewOxJEylG4JyPw5zKRH3,"{""email"":""anafumildred@gmail.com"",""reason"":""user reported unable to log in — reset to default password""}"
2026-09-04T20:11:17.354Z,,admin-script,password_reset,user,ijiYPXSDuEgKPyLy6vqn28FPAN13,"{""email"":""kwesipossbley2017@gmail.com"",""reason"":""user reported unable to log in — reset to default password""}"
2026-09-04T20:15:21.700Z,,admin-script,password_reset,user,kfP2RfiTsFRhx5ZRSKNAT2DhvcC3,"{""email"":""asamoahnatty@gmail.com"",""reason"":""user reported unable to log in — reset to default password (Nathaniel Takyi Asamoah)""}"
2026-09-08T10:39:12.103Z,,bulk-import-script,user_created,user,96ENnXE04RalnkmRnMhbSMeQ0Q93,"{""email"":""kingsley.nunoo@wrcc.gov.gh"",""role"":""mda_user"",""institutionId"":""western-rba"",""source"":""gbmsupport_users_import""}"
2026-09-08T10:39:14.523Z,,bulk-import-script,user_created,user,oG0KhcBAyFctVT6HCjuVELQxtqY2,"{""email"":""rhoda.danquah@wrcc.gov.gh"",""role"":""mda_user"",""institutionId"":""western-arba"",""source"":""gbmsupport_users_import""}"
2026-09-08T10:39:16.931Z,,bulk-import-script,user_created,user,CwPZ24fObzXwrLpekFaH6fpHRy03,"{""email"":""yakubu_issah@yahoo.com"",""role"":""mda_user"",""institutionId"":""ahanta-west-municipal"",""source"":""gbmsupport_users_import""}"
2026-09-08T10:39:19.291Z,,bulk-import-script,user_created,user,K6fpxsnx7nbunNjApAoOE5XStFE2,"{""email"":""sarah.anyemi@gmail.com"",""role"":""mda_user"",""institutionId"":""ahanta-west-municipal"",""source"":""gbmsupport_users_import""}"
2026-09-08T10:39:21.750Z,,bulk-import-script,user_created,user,sd3tC7VOJpYeYOT3NYJOKeaNM6E2,"{""email"":""naomifiaklu96@gmail.com"",""role"":""mda_user"",""institutionId"":""ahanta-west-municipal"",""source"":""gbmsupport_users_import""}"
2026-09-08T10:39:24.085Z,,bulk-import-script,user_created,user,PxBoc3QsZ4RTEZB5A5Ees7b9CCJ2,"{""email"":""samuelt8@gmail.com"",""role"":""mda_user"",""institutionId"":""ahanta-west-municipal"",""source"":""gbmsupport_users_import""}"
2026-09-08T10:39:26.509Z,,bulk-import-script,user_created,user,dWzMhYbmwiOtA5SR49FegzBooJk1,"{""email"":""philp.asante@acda.gov.gh"",""role"":""mda_user"",""institutionId"":""amenfi-central-district"",""source"":""gbmsupport_users_import""}"
2026-09-08T10:39:28.807Z,,bulk-import-script,user_created,user,Hk7ksJYfSZRUFoqy0bLllicR77g1,"{""email"":""martin.asemah@acda.gov.gh"",""role"":""mda_user"",""institutionId"":""amenfi-central-district"",""source"":""gbmsupport_users_import""}"
2026-09-08T10:39:31.251Z,,bulk-import-script,user_created,user,i6Qf7yVl5vdihPxbHim4Ghr4usv2,"{""email"":""festus.rockson@acda.gov.gh"",""role"":""mda_user"",""institutionId"":""amenfi-central-district"",""source"":""gbmsupport_users_import""}"
2026-09-08T10:39:33.639Z,,bulk-import-script,user_created,user,F1qQZornJsg3CMRKX9oh9MTXsvl1,"{""email"":""randolf.arthur@acda.gov.gh"",""role"":""mda_user"",""institutionId"":""amenfi-central-district"",""source"":""gbmsupport_users_import""}"
2026-09-08T10:39:35.925Z,,bulk-import-script,user_created,user,4Zmc0CqZJxb607OOYXt7icnp2gn1,"{""email"":""emmanuel.yartel@ekma.gov.gh"",""role"":""mda_user"",""institutionId"":""effia-kwesimintsim-municipal"",""source"":""gbmsupport_users_import""}"
2026-09-08T10:39:38.267Z,,bulk-import-script,user_created,user,44qOM4QIGmavP15lGYITfOvnmFU2,"{""email"":""selina.buaba@ekma.gov.gh"",""role"":""mda_user"",""institutionId"":""effia-kwesimintsim-municipal"",""source"":""gbmsupport_users_import""}"
2026-09-08T10:39:40.618Z,,bulk-import-script,user_created,user,iF7rXMjg26h8u6bpEFh4vidzhXI2,"{""email"":""boatenge53@gmail.com"",""role"":""mda_user"",""institutionId"":""effia-kwesimintsim-municipal"",""source"":""gbmsupport_users_import""}"
2026-09-08T10:39:42.986Z,,bulk-import-script,user_created,user,GS6l1VdEmOU01GjeRRWSFwkBl9E3,"{""email"":""bridgit.agyekum@ekma.gov.gh"",""role"":""mda_user"",""institutionId"":""effia-kwesimintsim-municipal"",""source"":""gbmsupport_users_import""}"
2026-09-08T10:39:45.324Z,,bulk-import-script,user_created,user,lWJHDGHD9obPbDB2OmMzPggI8hM2,"{""email"":""fiifiaidoo1@gmail.com"",""role"":""mda_user"",""institutionId"":""ellembelle-district"",""source"":""gbmsupport_users_import""}"
2026-09-08T10:39:47.709Z,,bulk-import-script,user_created,user,RjrVzuTXWsQAvIJMzG40RlORoPx2,"{""email"":""rubydonkor99@gmail.com"",""role"":""mda_user"",""institutionId"":""ellembelle-district"",""source"":""gbmsupport_users_import""}"
2026-09-08T10:39:50.052Z,,bulk-import-script,user_created,user,TWT07BucvFdgGzuus1FL93naSRz1,"{""email"":""tracyrocson@gmail.com"",""role"":""mda_user"",""institutionId"":""ellembelle-district"",""source"":""gbmsupport_users_import""}"
2026-09-08T10:39:52.934Z,,bulk-import-script,user_created,user,B79tJz7BMFhePLMJ2g8XQvJrSo13,"{""email"":""andohcharlotte@gmail.com"",""role"":""mda_user"",""institutionId"":""ellembelle-district"",""source"":""gbmsupport_users_import""}"
2026-09-08T10:39:55.424Z,,bulk-import-script,user_created,user,AcKC5Xcq6CMVaLoW0Kt4G2rkjXF2,"{""email"":""kobinaarcher5@gmail.com"",""role"":""mda_user"",""institutionId"":""jomoro-municipal"",""source"":""gbmsupport_users_import""}"
2026-09-08T10:39:57.768Z,,bulk-import-script,user_created,user,95KFIG6lZkdgnYJdhXl7dXCskRz1,"{""email"":""armoo.plaunder1991@gmail.com"",""role"":""mda_user"",""institutionId"":""jomoro-municipal"",""source"":""gbmsupport_users_import""}"
2026-09-08T10:40:00.369Z,,bulk-import-script,user_created,user,FzsM2ALfFGd1LIH0J4yc5pBhhoH3,"{""email"":""reubenackahpmp1992@gmail.com"",""role"":""mda_user"",""institutionId"":""jomoro-municipal"",""source"":""gbmsupport_users_import""}"
2026-09-08T10:40:03.228Z,,bulk-import-script,user_created,user,UeNNuUvvoOfQ7iqSyS6AahWcgoC3,"{""email"":""gavnnaaidoo@gmail.com"",""role"":""mda_user"",""institutionId"":""jomoro-municipal"",""source"":""gbmsupport_users_import""}"
2026-09-08T10:40:05.789Z,,bulk-import-script,user_created,user,Jn58XU3AgQgAhgvDCUWP80e9Uzk2,"{""email"":""mensah_daniella@yahoo.com"",""role"":""mda_user"",""institutionId"":""mpohor-district"",""source"":""gbmsupport_users_import""}"
2026-09-08T10:40:08.117Z,,bulk-import-script,user_created,user,EebAg3VulHWEbIrzcSrVGqlL3qk2,"{""email"":""sethdarlingtonackah@yahoo.com"",""role"":""mda_user"",""institutionId"":""mpohor-district"",""source"":""gbmsupport_users_import""}"
2026-09-08T10:40:10.489Z,,bulk-import-script,user_created,user,waRQy3wgS8TKEHRYsl3JSZNUMYF2,"{""email"":""owusur780@gmail.com"",""role"":""mda_user"",""institutionId"":""mpohor-district"",""source"":""gbmsupport_users_import""}"
2026-09-08T10:40:12.831Z,,bulk-import-script,user_created,user,d1PhSlVKuINHzimW4bzwqPAMJ8D2,"{""email"":""edmundkwekuappiah@gmail.com"",""role"":""mda_user"",""institutionId"":""mpohor-district"",""source"":""gbmsupport_users_import""}"
2026-09-08T10:40:15.119Z,,bulk-import-script,user_created,user,NfMu5ruEwte88qAL8tTQUYtYNnT2,"{""email"":""isabelladoku92@gmail.com"",""role"":""mda_user"",""institutionId"":""nzema-east-municipal"",""source"":""gbmsupport_users_import""}"
2026-09-08T10:40:17.386Z,,bulk-import-script,user_created,user,zM1N27ZHuuVNLfxEueSUZ1mALDn1,"{""email"":""priscquaye@gmail.com"",""role"":""mda_user"",""institutionId"":""nzema-east-municipal"",""source"":""gbmsupport_users_import""}"
2026-09-08T10:40:19.739Z,,bulk-import-script,user_created,user,7tU80PbZGhb31giwbNI5SX3xAfG2,"{""email"":""dankwah884@gmail.com"",""role"":""mda_user"",""institutionId"":""prestea-huni-valley-municipal"",""source"":""gbmsupport_users_import""}"
2026-09-08T10:40:22.098Z,,bulk-import-script,user_created,user,NGneYjYjWpUY7waei69rRaITmU62,"{""email"":""asumadu88@gmail.com"",""role"":""mda_user"",""institutionId"":""prestea-huni-valley-municipal"",""source"":""gbmsupport_users_import""}"
2026-09-08T10:40:24.489Z,,bulk-import-script,user_created,user,VeKTiY8ApRWjtWXgUugsZBLsHwC2,"{""email"":""isaac.thammensah19@gmail.com"",""role"":""mda_user"",""institutionId"":""prestea-huni-valley-municipal"",""source"":""gbmsupport_users_import""}"
2026-09-08T10:40:26.934Z,,bulk-import-script,user_created,user,mr1MlWnYSnMIEWaAVJYxOGXwXcr1,"{""email"":""sampsonowusufordjour@gmail.com"",""role"":""mda_user"",""institutionId"":""prestea-huni-valley-municipal"",""source"":""gbmsupport_users_import""}"
2026-09-08T10:40:29.273Z,,bulk-import-script,user_created,user,3IhmeVJlMkhCucHBS9bnKZdzh7n2,"{""email"":""afua.amankwaah@stma.gov.gh"",""role"":""mda_user"",""institutionId"":""sekondi-takoradi-metropolis"",""source"":""gbmsupport_users_import""}"
2026-09-08T10:40:31.530Z,,bulk-import-script,user_created,user,AYaQItdQbtclNYe2dLxOkkWyLiu1,"{""email"":""macelino.mensah@stma.gov.gh"",""role"":""mda_user"",""institutionId"":""sekondi-takoradi-metropolis"",""source"":""gbmsupport_users_import""}"
2026-09-08T10:40:33.941Z,,bulk-import-script,user_created,user,cjpT4iEO3XRdE59IeXCrue5W1Ps1,"{""email"":""emmanuel.conduah@stma.gov.gh"",""role"":""mda_user"",""institutionId"":""sekondi-takoradi-metropolis"",""source"":""gbmsupport_users_import""}"
2026-09-08T10:40:36.338Z,,bulk-import-script,user_created,user,6w7nNfqw85edLJbQKOtruKsEV4G2,"{""email"":""kodwo.blankson@shamadistrict.gov.gh"",""role"":""mda_user"",""institutionId"":""shama-district"",""source"":""gbmsupport_users_import""}"
2026-09-08T10:40:38.640Z,,bulk-import-script,user_created,user,qFNH8lbjBNR99WfMyLj8ZAdYXjB3,"{""email"":""annie.mawulorm@shamadistrict.gov.gh"",""role"":""mda_user"",""institutionId"":""shama-district"",""source"":""gbmsupport_users_import""}"
2026-09-08T10:40:41.096Z,,bulk-import-script,user_created,user,jQjHINqMd8Ww8E2fpkgIW2OXqiy2,"{""email"":""kofi.opoku@shamadistrict.gov.gh"",""role"":""mda_user"",""institutionId"":""shama-district"",""source"":""gbmsupport_users_import""}"
2026-09-08T10:40:43.499Z,,bulk-import-script,user_created,user,sfGibDAidShqNIWLRMFBjcHqKZy2,"{""email"":""agnes.borquaye@shamadistrict.gov.gh"",""role"":""mda_user"",""institutionId"":""shama-district"",""source"":""gbmsupport_users_import""}"
2026-09-08T10:40:45.885Z,,bulk-import-script,user_created,user,7TKiGehMFjQuievg8qgobgIJakI2,"{""email"":""bright.appiah@tnma.gov.gh"",""role"":""mda_user"",""institutionId"":""tarkwa-nsuaem-municipal"",""source"":""gbmsupport_users_import""}"
2026-09-08T10:40:48.336Z,,bulk-import-script,user_created,user,svetUL4biKgVc40dHeKvpK22noo1,"{""email"":""gifty.andoh@tnma.gov.gh"",""role"":""mda_user"",""institutionId"":""tarkwa-nsuaem-municipal"",""source"":""gbmsupport_users_import""}"
2026-09-08T10:40:50.693Z,,bulk-import-script,user_created,user,ESDb5QMEFySSSVOm2IkuFlyuMaG3,"{""email"":""mavis.ackon@tnma.gov.gh"",""role"":""mda_user"",""institutionId"":""tarkwa-nsuaem-municipal"",""source"":""gbmsupport_users_import""}"
2026-09-08T10:40:52.789Z,,bulk-import-script,user_created,user,JOYb9XNSJHVZV4RKiTWHypTfY252,"{""email"":""dennis.woode@tnma.gov.gh"",""role"":""mda_user"",""institutionId"":""tarkwa-nsuaem-municipal"",""source"":""gbmsupport_users_import""}"
2026-09-08T10:40:54.891Z,,bulk-import-script,user_created,user,8YCZ71fOCzS9b6InHWwvx4Qj2Qx1,"{""email"":""gaidoo371@gmail.com"",""role"":""mda_user"",""institutionId"":""wassa-amenfi-east-district"",""source"":""gbmsupport_users_import""}"
2026-09-08T10:40:57.025Z,,bulk-import-script,user_created,user,7aFvaUbgkQTA1Sv3WYaTJBIqExt2,"{""email"":""chadiowusu@gmail.com"",""role"":""mda_user"",""institutionId"":""wassa-amenfi-east-district"",""source"":""gbmsupport_users_import""}"
2026-09-08T10:40:59.147Z,,bulk-import-script,user_created,user,56yFE3kZSAaLdSPhq0n9ea0sbMz1,"{""email"":""ekowtawiah1990@gmail.com"",""role"":""mda_user"",""institutionId"":""wassa-amenfi-east-district"",""source"":""gbmsupport_users_import""}"
2026-09-08T10:41:01.080Z,,bulk-import-script,user_created,user,cEazovptKWM0TTap1HtAljnpGv93,"{""email"":""joejoesson1212@gmail.com"",""role"":""mda_user"",""institutionId"":""wassa-amenfi-west-district"",""source"":""gbmsupport_users_import""}"
2026-09-08T10:41:03.132Z,,bulk-import-script,user_created,user,R7aA9oExCqOJuGyQtHuoTmxmRCr2,"{""email"":""sompayeh70@gmail.com"",""role"":""mda_user"",""institutionId"":""wassa-amenfi-west-district"",""source"":""gbmsupport_users_import""}"
2026-09-08T10:41:05.751Z,,bulk-import-script,user_created,user,RBAArHxwRHedPhrIxNiXQLvDkhe2,"{""email"":""hagarappiah13@gmail.com"",""role"":""mda_user"",""institutionId"":""wassa-amenfi-west-district"",""source"":""gbmsupport_users_import""}"
2026-09-08T10:41:07.745Z,,bulk-import-script,user_created,user,zMIc8R83POZaqUc2FuicJpYzYu62,"{""email"":""macmattimus1@gmail.com"",""role"":""mda_user"",""institutionId"":""wassa-amenfi-west-district"",""source"":""gbmsupport_users_import""}"
2026-09-08T10:41:09.840Z,,bulk-import-script,user_created,user,w5sCZ8eTn5To9dMPdkk58APspGv1,"{""email"":""richardackah704@gmail.com"",""role"":""mda_user"",""institutionId"":""wassa-east-district"",""source"":""gbmsupport_users_import""}"
2026-09-08T10:41:11.914Z,,bulk-import-script,user_created,user,6Wkk7uj2eSV1brT1xcFMAqUZTzk2,"{""email"":""justice.annan@weda.gov.gh"",""role"":""mda_user"",""institutionId"":""wassa-east-district"",""source"":""gbmsupport_users_import""}"
2026-09-08T10:41:13.931Z,,bulk-import-script,user_created,user,I73tn0mnNePrUJN4ILq3954d7hx2,"{""email"":""mahmoudadamseinu@gmail.com"",""role"":""mda_user"",""institutionId"":""wassa-east-district"",""source"":""gbmsupport_users_import""}"
2026-09-08T10:41:15.828Z,,bulk-import-script,user_created,user,zNEHOp2FDUMJa2GZ7WbDTIQ4Uq73,"{""email"":""georgina.appeadu@weda.gov.gh"",""role"":""mda_user"",""institutionId"":""wassa-east-district"",""source"":""gbmsupport_users_import""}"
2026-09-08T10:41:17.806Z,,bulk-import-script,user_created,user,UUjyMNGyE6VXIBXTmBB6dhYRfvZ2,"{""email"":""kyerewaa.darko@nema.gov.gh"",""role"":""mda_user"",""institutionId"":""nzema-east-municipal"",""source"":""gbmsupport_users_import""}"
2026-09-08T10:41:19.765Z,,bulk-import-script,user_created,user,LvNUq8DDQqeLkWJ9B8C2IXqUhUb2,"{""email"":""jaasyloveja4@gmail.com"",""role"":""mda_user"",""institutionId"":""sekondi-takoradi-metropolis"",""source"":""gbmsupport_users_import""}"
2026-09-10T10:09:56.126Z,,MKGoW62Iuaf5KXTj3a4LyRxrsaa2,user_created,user,mANhlyS5PpVUrEWIt8a9OF9BY6F2,"{""email"":""appiahhagar13@gmail.com"",""role"":""mda_user"",""institutionId"":""Wassa Amenfi West""}"
2026-09-11T13:49:39.916Z,,bulk-import-script,user_created,user,4lAG3HoVMEWxCGI6USZ99Vq4MC43,"{""email"":""addprince1@gmail.com"",""role"":""mda_user"",""institutionId"":""western-north-rba"",""source"":""volta_serene_group1112_users_import""}"
2026-09-11T13:49:43.225Z,,bulk-import-script,user_created,user,QNcv5jyqQmTFkjeKfLUx5pdao1r2,"{""email"":""desmondasante2013@gmail.com"",""role"":""mda_user"",""institutionId"":""western-north-arba"",""source"":""volta_serene_group1112_users_import""}"
2026-09-11T13:49:46.277Z,,bulk-import-script,user_created,user,xRIhm449dIPG9DvVNkgkPMC72L62,"{""email"":""adutwum.john@aoma.gov.gh"",""role"":""mda_user"",""institutionId"":""aowin-municipal"",""source"":""volta_serene_group1112_users_import""}"
2026-09-11T13:49:49.840Z,,bulk-import-script,user_created,user,UpEjrRIPTncz0YUKKXHpQrGwg6E3,"{""email"":""brew.francis@aoma.gov.gh"",""role"":""mda_user"",""institutionId"":""aowin-municipal"",""source"":""volta_serene_group1112_users_import""}"
2026-09-11T13:49:53.153Z,,bulk-import-script,user_created,user,1YSNXexsB8RKu9ohE2Itf2yKHOb2,"{""email"":""michael.ofori-nkrumah@aoma.gov.gh"",""role"":""mda_user"",""institutionId"":""aowin-municipal"",""source"":""volta_serene_group1112_users_import""}"
2026-09-11T13:49:56.693Z,,bulk-import-script,user_created,user,PyD4ESFRMiU5gCcTwN226KUiFkR2,"{""email"":""grace.brew@aoma.gov.gh"",""role"":""mda_user"",""institutionId"":""aowin-municipal"",""source"":""volta_serene_group1112_users_import""}"
2026-09-11T13:50:00.194Z,,bulk-import-script,user_created,user,cDYydeh4IVhhH4MW9E9Yp5puvpu1,"{""email"":""peter.mensah@biaeastda.gov.gh"",""role"":""mda_user"",""institutionId"":""bia-east-district"",""source"":""volta_serene_group1112_users_import""}"
2026-09-11T13:50:03.475Z,,bulk-import-script,user_created,user,thMKHhQDHqXF5LBx3XkWn4Sx06a2,"{""email"":""daniel.nuamah@biaeastda.gov.gh"",""role"":""mda_user"",""institutionId"":""bia-east-district"",""source"":""volta_serene_group1112_users_import""}"
2026-09-11T13:50:06.451Z,,bulk-import-script,user_created,user,dBS8iaFl5AVD9eKGXtkpqL12JwP2,"{""email"":""kwaku.antwi@biaeastda.gov.gh"",""role"":""mda_user"",""institutionId"":""bia-east-district"",""source"":""volta_serene_group1112_users_import""}"
2026-09-11T13:50:09.683Z,,bulk-import-script,user_created,user,VKF40KP4wWbKjode52VOVRxdTwI3,"{""email"":""eric.dadson@bwdas.gov.gh"",""role"":""mda_user"",""institutionId"":""bia-west-district"",""source"":""volta_serene_group1112_users_import""}"
2026-09-11T13:50:13.111Z,,bulk-import-script,user_created,user,uBO9gOFIFfcZ27GRaBKkX4N6Vnh2,"{""email"":""daniel.gyabaah@bwdas.gov.gh"",""role"":""mda_user"",""institutionId"":""bia-west-district"",""source"":""volta_serene_group1112_users_import""}"
2026-09-11T13:50:16.500Z,,bulk-import-script,user_created,user,Hgv6KbCu49c2KcM0iqXe3mmArJ93,"{""email"":""jeffrey.asmah@bwdas.gov.gh"",""role"":""mda_user"",""institutionId"":""bia-west-district"",""source"":""volta_serene_group1112_users_import""}"
2026-09-11T13:50:20.178Z,,bulk-import-script,user_created,user,vf47U1vrQRho4x96lQlzxpyXRjC3,"{""email"":""edinam.doh@bwdas.gov.gh"",""role"":""mda_user"",""institutionId"":""bia-west-district"",""source"":""volta_serene_group1112_users_import""}"
2026-09-11T13:50:23.461Z,,bulk-import-script,user_created,user,4cYtUmnYOyR5nSMV1MsLJDnsJyu1,"{""email"":""elvisbrightkwessie@gmail.com"",""role"":""mda_user"",""institutionId"":""bibiani-anhwiaso-bekwai-municipal"",""source"":""volta_serene_group1112_users_import""}"
2026-09-11T13:50:27.644Z,,bulk-import-script,user_created,user,XlyWlkrxPTh0CEgKPGn7l0B1VGQ2,"{""email"":""rocksonfenyi@gmail.com"",""role"":""mda_user"",""institutionId"":""bibiani-anhwiaso-bekwai-municipal"",""source"":""volta_serene_group1112_users_import""}"
2026-09-11T13:50:30.135Z,,bulk-import-script,user_created,user,wm8MFE5H9iNNDuOKXmD6cNSSgxj2,"{""email"":""vkyei41@gmail.com"",""role"":""mda_user"",""institutionId"":""bibiani-anhwiaso-bekwai-municipal"",""source"":""volta_serene_group1112_users_import""}"
2026-09-11T13:50:33.872Z,,bulk-import-script,user_created,user,C9v7uQHJ6eQ8S3RjP9nBifTKQfT2,"{""email"":""lawrence.amenshiah@bodida.gov.gh"",""role"":""mda_user"",""institutionId"":""bodi-district"",""source"":""volta_serene_group1112_users_import""}"
2026-09-11T13:50:37.589Z,,bulk-import-script,user_created,user,q1emfUyUE3eSazwgXTwnq2aNFtx1,"{""email"":""obed.asante@bodida.gov.gh"",""role"":""mda_user"",""institutionId"":""bodi-district"",""source"":""volta_serene_group1112_users_import""}"
2026-09-11T13:50:40.953Z,,bulk-import-script,user_created,user,ktIDfarx23PfOl8ABjy4lXoROsP2,"{""email"":""emmanuel.opoku@gmail.com"",""role"":""mda_user"",""institutionId"":""bodi-district"",""source"":""volta_serene_group1112_users_import""}"
2026-09-11T13:50:44.360Z,,bulk-import-script,user_created,user,cvOQiAFMCRSTFFRMDKMkxbibUlB3,"{""email"":""pnkrumah9@gmail.com"",""role"":""mda_user"",""institutionId"":""bodi-district"",""source"":""volta_serene_group1112_users_import""}"
2026-09-11T13:50:47.870Z,,bulk-import-script,user_created,user,Ay532IzHuoZcA6AfPXHeIq1cJoq2,"{""email"":""ambrose.gogo@juada.gov.gh"",""role"":""mda_user"",""institutionId"":""juaboso-district"",""source"":""volta_serene_group1112_users_import""}"
2026-09-11T13:50:51.174Z,,bulk-import-script,user_created,user,pSMe1R3l7Vdp0oqYOO2hJ8oNOSo2,"{""email"":""bright.kpobi-mawuenyegah@juada.gov.gh"",""role"":""mda_user"",""institutionId"":""juaboso-district"",""source"":""volta_serene_group1112_users_import""}"
2026-09-11T13:50:55.168Z,,bulk-import-script,user_created,user,wNKTGgDq42QMqctvM9myLVvuArs2,"{""email"":""victor.yemoh-ofoli@juada.gov.gh"",""role"":""mda_user"",""institutionId"":""juaboso-district"",""source"":""volta_serene_group1112_users_import""}"
2026-09-11T13:50:58.926Z,,bulk-import-script,user_created,user,vda1KEHnodhmORX6FXjpEDVyBXh1,"{""email"":""kenneth.amakye-paul@juada.gov.gh"",""role"":""mda_user"",""institutionId"":""juaboso-district"",""source"":""volta_serene_group1112_users_import""}"
2026-09-11T13:51:02.286Z,,bulk-import-script,user_created,user,VZbWdEr3cDV1bTSIXSRtwZusif62,"{""email"":""noah.ankorah@sada.gov.gh"",""role"":""mda_user"",""institutionId"":""sefwi-akontombra-district"",""source"":""volta_serene_group1112_users_import""}"
2026-09-11T13:51:05.519Z,,bulk-import-script,user_created,user,IbGdMiFkJGRXoSqogF2Amv2U4T33,"{""email"":""kobina.andam@sada.gov.gh"",""role"":""mda_user"",""institutionId"":""sefwi-akontombra-district"",""source"":""volta_serene_group1112_users_import""}"
2026-09-11T13:51:09.128Z,,bulk-import-script,user_created,user,Wmw3pdqXJNbYtQKLKZQWqf2rHOi2,"{""email"":""emmanuel.kwarteng@sada.gov.gh"",""role"":""mda_user"",""institutionId"":""sefwi-akontombra-district"",""source"":""volta_serene_group1112_users_import""}"
2026-09-11T13:51:13.002Z,,bulk-import-script,user_created,user,bC9bFfrITLdu0lbNy05mNSuvgeC2,"{""email"":""stephen.amofah@sada.gov.gh"",""role"":""mda_user"",""institutionId"":""sefwi-akontombra-district"",""source"":""volta_serene_group1112_users_import""}"
2026-09-11T13:51:16.722Z,,bulk-import-script,user_created,user,xJwvwvc2tkPTp2f0dUmcqyOuTHt2,"{""email"":""christian.nkuah@swma.gov.gh"",""role"":""mda_user"",""institutionId"":""sefwi-wiawso-municipal"",""source"":""volta_serene_group1112_users_import""}"
2026-09-11T13:51:19.984Z,,bulk-import-script,user_created,user,SrLNngCfa7R1HRcnbsM8iWsGzEq2,"{""email"":""richkidfarisjnr90@gmail.com"",""role"":""mda_user"",""institutionId"":""sefwi-wiawso-municipal"",""source"":""volta_serene_group1112_users_import""}"
2026-09-11T13:51:23.620Z,,bulk-import-script,user_created,user,iyPXfs10vdM1Cbh6iauDy8OQ28j1,"{""email"":""mabel.baah-darkoh@swma.gov.gh"",""role"":""mda_user"",""institutionId"":""sefwi-wiawso-municipal"",""source"":""volta_serene_group1112_users_import""}"
2026-09-11T13:51:27.015Z,,bulk-import-script,user_created,user,tRHutyE70hVBkh2VGoOwjkEWMTo1,"{""email"":""kumah.delali@swma.gov.gh"",""role"":""mda_user"",""institutionId"":""sefwi-wiawso-municipal"",""source"":""volta_serene_group1112_users_import""}"
2026-09-11T13:51:30.705Z,,bulk-import-script,user_created,user,9UFBaJZSs4fWB6AvMlglJ6emC7m1,"{""email"":""ebenezer.abassa@suada.gov.gh"",""role"":""mda_user"",""institutionId"":""suaman-district"",""source"":""volta_serene_group1112_users_import""}"
2026-09-11T13:51:34.133Z,,bulk-import-script,user_created,user,IjSvDShK8ZOIqkLJxLxwCdgh0fe2,"{""email"":""reuben.hammond@suada.gov.gh"",""role"":""mda_user"",""institutionId"":""suaman-district"",""source"":""volta_serene_group1112_users_import""}"
2026-09-11T13:51:37.971Z,,bulk-import-script,user_created,user,uOyhg30riENQpoNztz6hfHEDAs82,"{""email"":""augustine.quayson@suada.gov.gh"",""role"":""mda_user"",""institutionId"":""suaman-district"",""source"":""volta_serene_group1112_users_import""}"
2026-09-11T13:51:41.267Z,,bulk-import-script,user_created,user,6VZIY4lJCPci9Xd2U5BSGeygGP63,"{""email"":""emmanuel.amoako-boateng@westernnorth.gov.gh"",""role"":""mda_user"",""institutionId"":""suaman-district"",""source"":""volta_serene_group1112_users_import""}"
2026-09-11T13:51:44.301Z,,bulk-import-script,user_created,user,N54jGVpSKxV56WoNVwGPPET88E53,"{""email"":""thomas.atuahene@arcc.gov.gh"",""role"":""mda_user"",""institutionId"":""ashanti-rba"",""source"":""volta_serene_group1112_users_import""}"
2026-09-11T13:51:47.203Z,,bulk-import-script,user_created,user,t4XBsJdO0YPMTuc0psradcVUxZv2,"{""email"":""ruth.agyeman@arcc.gov.gh"",""role"":""mda_user"",""institutionId"":""ashanti-arba"",""source"":""volta_serene_group1112_users_import""}"
2026-09-11T13:51:50.837Z,,bulk-import-script,user_created,user,yv8IQkmoCgTXro6hJ0G59XHjIED2,"{""email"":""douglas.anyatewon@amansiewest.gov.gh"",""role"":""mda_user"",""institutionId"":""amansie-west-district"",""source"":""volta_serene_group1112_users_import""}"
2026-09-11T13:51:54.139Z,,bulk-import-script,user_created,user,wP3ReNN8tfWa1as16CXi9fnscqE3,"{""email"":""osei.emmanuel.oe95@gmail.com"",""role"":""mda_user"",""institutionId"":""amansie-west-district"",""source"":""volta_serene_group1112_users_import""}"
2026-09-11T13:51:57.642Z,,bulk-import-script,user_created,user,GOKXjzHP7dStKO93160gQfXb5b62,"{""email"":""issahrukaya@amansiewestdistrictassemblygov.gh"",""role"":""mda_user"",""institutionId"":""amansie-west-district"",""source"":""volta_serene_group1112_users_import""}"
2026-09-11T13:52:00.909Z,,bulk-import-script,user_created,user,34tQEps6iYMNGrFscaKA9adix9u2,"{""email"":""gadu.bright@aakcma.gov.gh"",""role"":""mda_user"",""institutionId"":""asante-akim-central-municipal"",""source"":""volta_serene_group1112_users_import""}"
2026-09-11T13:52:04.288Z,,bulk-import-script,user_created,user,zuiPQhnZhfQl536QvO1avbWDVJg2,"{""email"":""nanafrimpongdankwah83@gmail.com"",""role"":""mda_user"",""institutionId"":""asante-akim-central-municipal"",""source"":""volta_serene_group1112_users_import""}"
2026-09-11T13:52:07.384Z,,bulk-import-script,user_created,user,gIbCv5VoseZkiJ7F8yVlveTfMHs1,"{""email"":""asarebediakod3@gmail.com"",""role"":""mda_user"",""institutionId"":""asante-akim-central-municipal"",""source"":""volta_serene_group1112_users_import""}"
2026-09-11T13:52:10.535Z,,bulk-import-script,user_created,user,6ZYnpHqxh4Zrk3hvsYkrTlI1O8E2,"{""email"":""agyei.lord@aakcma.gov.gh"",""role"":""mda_user"",""institutionId"":""asante-akim-central-municipal"",""source"":""volta_serene_group1112_users_import""}"
2026-09-11T13:52:14.015Z,,bulk-import-script,user_created,user,nrZDmHJn8KRWp7PJHkKUR70bj8Z2,"{""email"":""christian.owusu@aanda.gov.gh"",""role"":""mda_user"",""institutionId"":""asante-akim-north-district"",""source"":""volta_serene_group1112_users_import""}"
2026-09-11T13:52:17.623Z,,bulk-import-script,user_created,user,8P1ZJMHLZQTtNNn0cwqiir2yFDy2,"{""email"":""ekow.attrams@aanda.gov.gh"",""role"":""mda_user"",""institutionId"":""asante-akim-north-district"",""source"":""volta_serene_group1112_users_import""}"
2026-09-11T13:52:20.881Z,,bulk-import-script,user_created,user,KFRKQLSfM8dQekAEjRPKFMI6wmJ2,"{""email"":""linda.appiah@aanda.gov.gh"",""role"":""mda_user"",""institutionId"":""asante-akim-north-district"",""source"":""volta_serene_group1112_users_import""}"
2026-09-11T13:52:24.768Z,,bulk-import-script,user_created,user,YgpNNgyRQ5el7hPVu79aw1jTbmN2,"{""email"":""akwasi.boateng@aanda.gov.gh"",""role"":""mda_user"",""institutionId"":""asante-akim-north-district"",""source"":""volta_serene_group1112_users_import""}"
2026-09-11T13:52:28.225Z,,bulk-import-script,user_created,user,KPu4k6KMoeOZAWpF8fN7NZZkfOv2,"{""email"":""koduah.francis@aasma.gov.gh"",""role"":""mda_user"",""institutionId"":""asante-akim-south-district"",""source"":""volta_serene_group1112_users_import""}"
2026-09-11T13:52:31.135Z,,bulk-import-script,user_created,user,JMKpjwSUkIdg2uLrURexHUAD2L22,"{""email"":""asare.akosua@aasma.gov.gh"",""role"":""mda_user"",""institutionId"":""asante-akim-south-district"",""source"":""volta_serene_group1112_users_import""}"
2026-09-11T13:52:33.881Z,,bulk-import-script,user_created,user,eIumVmhgl2gkLZ6fc9V8fLztUlI2,"{""email"":""amoako.dominic@aasma.gov.gh"",""role"":""mda_user"",""institutionId"":""asante-akim-south-district"",""source"":""volta_serene_group1112_users_import""}"
2026-09-11T13:52:37.575Z,,bulk-import-script,user_created,user,0cvRuyTVhmNNTfbBJ9hz1ZiMnkE2,"{""email"":""ernest.daboh@aasma.gov.gh"",""role"":""mda_user"",""institutionId"":""asante-akim-south-district"",""source"":""volta_serene_group1112_users_import""}"
2026-09-11T13:52:41.432Z,,bulk-import-script,user_created,user,UtRUd1C9Eadl22s0cD7DhGJk9ih1,"{""email"":""nanaba73@gmail.com"",""role"":""mda_user"",""institutionId"":""asokore-mampong-municipal"",""source"":""volta_serene_group1112_users_import""}"
2026-09-11T13:52:44.914Z,,bulk-import-script,user_created,user,YLxe9Tr8IuWVQCM3MeitjVFDuSp1,"{""email"":""tawiahnaomi00@gmail.com"",""role"":""mda_user"",""institutionId"":""asokore-mampong-municipal"",""source"":""volta_serene_group1112_users_import""}"
2026-09-11T13:52:48.921Z,,bulk-import-script,user_created,user,7251MAUKjiMlsb6tObcFa724Z882,"{""email"":""sultansulty45@gmail.com"",""role"":""mda_user"",""institutionId"":""asokore-mampong-municipal"",""source"":""volta_serene_group1112_users_import""}"
2026-09-11T13:52:52.077Z,,bulk-import-script,user_created,user,GC9CX6sRR4QMV0nueZHKdWr0sfq1,"{""email"":""sidneygaglo92@gmail.com"",""role"":""mda_user"",""institutionId"":""asokore-mampong-municipal"",""source"":""volta_serene_group1112_users_import""}"
2026-09-11T13:52:54.880Z,,bulk-import-script,user_created,user,rsaXsUYOiXUG3Uw0pYOFGTTEAn93,"{""email"":""dominic.yeboahkodie@askma.gov.gh"",""role"":""mda_user"",""institutionId"":""asokwa-municipal"",""source"":""volta_serene_group1112_users_import""}"
2026-09-11T13:52:59.554Z,,bulk-import-script,user_created,user,a8O0LmWVnhXx1EAYMsQ8b3QsgpB3,"{""email"":""portia.boye@askma.gov.gh"",""role"":""mda_user"",""institutionId"":""asokwa-municipal"",""source"":""volta_serene_group1112_users_import""}"
2026-09-11T13:53:02.631Z,,bulk-import-script,user_created,user,X33BBRUeMLfDG4yGOtBvvPsC8Em1,"{""email"":""roland.gyimahankoanah@askma.gov.gh"",""role"":""mda_user"",""institutionId"":""asokwa-municipal"",""source"":""volta_serene_group1112_users_import""}"
2026-09-11T13:53:06.356Z,,bulk-import-script,user_created,user,hH2fi6avKQbcHCPTt2bKLS2vcVG3,"{""email"":""evelyn.botchway@askma.gov.gh"",""role"":""mda_user"",""institutionId"":""asokwa-municipal"",""source"":""volta_serene_group1112_users_import""}"
2026-09-11T13:53:09.856Z,,bulk-import-script,user_created,user,pwur7bjlxjP7mImk8ot614laJJq2,"{""email"":""daniel.ntiri-nyame@atkda.gov.gh"",""role"":""mda_user"",""institutionId"":""atwima-kwanwoma-district"",""source"":""volta_serene_group1112_users_import""}"
2026-09-11T13:53:12.897Z,,bulk-import-script,user_created,user,Lp02sPrefphfIVcn9OimifDl7PG3,"{""email"":""theophilus.imbeah@atkda.gov.gh"",""role"":""mda_user"",""institutionId"":""atwima-kwanwoma-district"",""source"":""volta_serene_group1112_users_import""}"
2026-09-11T13:53:15.996Z,,bulk-import-script,user_created,user,YxNmLUDP2Ueu9qoY9jQbr6Ho9qj2,"{""email"":""emmanuel.donkor@atkda.gov.gh"",""role"":""mda_user"",""institutionId"":""atwima-kwanwoma-district"",""source"":""volta_serene_group1112_users_import""}"
2026-09-11T13:53:19.111Z,,bulk-import-script,user_created,user,HEm3i4X5L3gRYt7TaTRzhNBZprn2,"{""email"":""breenieamysville@gmail.com"",""role"":""mda_user"",""institutionId"":""atwima-kwanwoma-district"",""source"":""volta_serene_group1112_users_import""}"
2026-09-11T13:53:22.471Z,,bulk-import-script,user_created,user,nlZfdWJPwTcji8uEyRGmNwkFpEr1,"{""email"":""hillary.achana@atmda.gov.gh"",""role"":""mda_user"",""institutionId"":""atwima-mponua-district"",""source"":""volta_serene_group1112_users_import""}"
2026-09-11T13:53:25.807Z,,bulk-import-script,user_created,user,FLGyaUhCTWP654sYHzfE8tnvJ5u2,"{""email"":""owusu.emmanuel@atmda.gov.gh"",""role"":""mda_user"",""institutionId"":""atwima-mponua-district"",""source"":""volta_serene_group1112_users_import""}"
2026-09-11T13:53:29.565Z,,bulk-import-script,user_created,user,VhXWuINhbgP7SRyO9r3EfpU0JKh1,"{""email"":""victor.appiah@atmda.gov.gh"",""role"":""mda_user"",""institutionId"":""atwima-mponua-district"",""source"":""volta_serene_group1112_users_import""}"
2026-09-11T13:53:32.487Z,,bulk-import-script,user_created,user,MbkYk5wXsVdMEYh0P2bdViWPkLi2,"{""email"":""wisdomkwortsi@gmail.com"",""role"":""mda_user"",""institutionId"":""atwima-nwabiagya-district"",""source"":""volta_serene_group1112_users_import""}"
2026-09-11T13:53:35.587Z,,bulk-import-script,user_created,user,GNVrfr12OSPd9fw5SLGyfeXZbZr2,"{""email"":""amadu.malik@atwimanma.gov.gh"",""role"":""mda_user"",""institutionId"":""atwima-nwabiagya-district"",""source"":""volta_serene_group1112_users_import""}"
2026-09-11T13:53:39.001Z,,bulk-import-script,user_created,user,jTP5PIv7O7UPFStXcbWeHZTsoJC2,"{""email"":""patience.yapalleh@atwimanma.gov.gh"",""role"":""mda_user"",""institutionId"":""atwima-nwabiagya-district"",""source"":""volta_serene_group1112_users_import""}"
2026-09-11T13:53:42.555Z,,bulk-import-script,user_created,user,QOLGbF2EbGfLTdfJZqnNjejXLg13,"{""email"":""ericadomako68@gmail.com"",""role"":""mda_user"",""institutionId"":""atwima-nwabiagya-district"",""source"":""volta_serene_group1112_users_import""}"
2026-09-11T13:53:45.477Z,,bulk-import-script,user_created,user,Ct4TuuHYqYX7aY070gushkbRdoF2,"{""email"":""b.oseitutu1@gmail.com"",""role"":""mda_user"",""institutionId"":""atwima-nwabiagya-north-district"",""source"":""volta_serene_group1112_users_import""}"
2026-09-11T13:53:48.634Z,,bulk-import-script,user_created,user,msVQDCCVWycA4ppPl9tYCmUc3XK2,"{""email"":""adelaide.pomaa@annda.gov.gh"",""role"":""mda_user"",""institutionId"":""atwima-nwabiagya-north-district"",""source"":""volta_serene_group1112_users_import""}"
2026-09-11T13:53:52.121Z,,bulk-import-script,user_created,user,tCOXk4aAt3eLcAGJ5Ioom4rzPPs2,"{""email"":""dennis.dadson@annda.gov.gh"",""role"":""mda_user"",""institutionId"":""atwima-nwabiagya-north-district"",""source"":""volta_serene_group1112_users_import""}"
2026-09-11T13:53:55.028Z,,bulk-import-script,user_created,user,kdkDuxrqkPQ8oWPQYdWNSiD53R92,"{""email"":""mary.aparik@annda.gov.gh"",""role"":""mda_user"",""institutionId"":""atwima-nwabiagya-north-district"",""source"":""volta_serene_group1112_users_import""}"
2026-09-11T13:53:57.633Z,,bulk-import-script,user_created,user,sYqWkPJnjHb5l5cCmKGPMyW6p0t2,"{""email"":""ernest.attobrah@bma.gov.gh"",""role"":""mda_user"",""institutionId"":""bekwai-municipal"",""source"":""volta_serene_group1112_users_import""}"
2026-09-11T13:54:01.129Z,,bulk-import-script,user_created,user,nQgsSRTadibm2BGhTXn20i2aNYp2,"{""email"":""anastasia.ansu_gyeabour@bma.gov.gh"",""role"":""mda_user"",""institutionId"":""bekwai-municipal"",""source"":""volta_serene_group1112_users_import""}"
2026-09-11T13:54:03.896Z,,bulk-import-script,user_created,user,sIE9L1jgmlOqZXoL3yFIT94NNG03,"{""email"":""yaw.kwakye@bma.gov.gh"",""role"":""mda_user"",""institutionId"":""bekwai-municipal"",""source"":""volta_serene_group1112_users_import""}"
2026-09-11T13:54:06.967Z,,bulk-import-script,user_created,user,AcH5cGonEST3mQvWBEmNMSWwSQY2,"{""email"":""mavis.addo@bma.gov.gh"",""role"":""mda_user"",""institutionId"":""bekwai-municipal"",""source"":""volta_serene_group1112_users_import""}"
2026-09-11T16:22:06.140Z,,MKGoW62Iuaf5KXTj3a4LyRxrsaa2,user_updated,user,ktIDfarx23PfOl8ABjy4lXoROsP2,"{""email"":""emmanuel.opoku@bodida.gov.gh""}"
2026-09-11T16:23:22.705Z,,MKGoW62Iuaf5KXTj3a4LyRxrsaa2,user_updated,user,7251MAUKjiMlsb6tObcFa724Z882,"{""email"":""sultan.alhassan@amma.gov.gh""}"
2026-09-11T16:25:45.951Z,,MKGoW62Iuaf5KXTj3a4LyRxrsaa2,user_updated,user,HEm3i4X5L3gRYt7TaTRzhNBZprn2,"{""email"":""maamah.ambreen@atkda.gov.gh""}"
2026-09-15T11:46:03.964Z,,bulk-import-script,user_created,user,huyCSV3tZDTBhCAZPzHsdFMxmDt1,"{""email"":""kweku.opoku@ofma.gov.gh"",""role"":""mda_user"",""institutionId"":""offinso-municipal"",""source"":""ashanti_users_import""}"
2026-09-15T11:46:08.555Z,,bulk-import-script,user_created,user,SmEnhwcAfhYFt3X0dj7HGjlZhaz1,"{""email"":""darkoakwasiyeboah@gmail.com"",""role"":""mda_user"",""institutionId"":""offinso-municipal"",""source"":""ashanti_users_import""}"
2026-09-15T11:46:14.402Z,,bulk-import-script,user_created,user,t8iiO1i4LUgd3tknm67CrPeiTOm1,"{""email"":""abigail.boamah@ofma.gov.gh"",""role"":""mda_user"",""institutionId"":""offinso-municipal"",""source"":""ashanti_users_import""}"
2026-09-15T11:46:17.210Z,,bulk-import-script,user_created,user,p2rEY2X7yJb0vnGCfG10uFy9nQn2,"{""email"":""galhassan10@gmail.com"",""role"":""mda_user"",""institutionId"":""offinso-north-district"",""source"":""ashanti_users_import""}"
2026-09-15T11:46:19.957Z,,bulk-import-script,user_created,user,v3r1DoURV5Z41XhiUhILRcixuk43,"{""email"":""joshua.mensah@onda.gov.gh"",""role"":""mda_user"",""institutionId"":""offinso-north-district"",""source"":""ashanti_users_import""}"
2026-09-15T11:46:23.481Z,,bulk-import-script,user_created,user,ciUHxfSzPcOVZw0pJNJALVagc1S2,"{""email"":""wususika@gmail.com"",""role"":""mda_user"",""institutionId"":""offinso-north-district"",""source"":""ashanti_users_import""}"
2026-09-15T11:46:27.596Z,,bulk-import-script,user_created,user,qD5aMUXbUSgaGIC0Ydl8q6mkIRZ2,"{""email"":""mavisnkrumah43@gmail.com"",""role"":""mda_user"",""institutionId"":""offinso-north-district"",""source"":""ashanti_users_import""}"
2026-09-15T11:46:30.283Z,,bulk-import-script,user_created,user,hkWIDZmIGqe7zpAhxXLwuDonUhl1,"{""email"":""angela.osei-tutu@ofkma.gov.gh"",""role"":""mda_user"",""institutionId"":""oforikrom-municipal"",""source"":""ashanti_users_import""}"
2026-09-15T11:46:34.407Z,,bulk-import-script,user_created,user,29uDZDMFbSTouABMRzfzOHcttdc2,"{""email"":""linda.senccherey@ofkma.gov.gh"",""role"":""mda_user"",""institutionId"":""oforikrom-municipal"",""source"":""ashanti_users_import""}"
2026-09-15T11:46:40.952Z,,bulk-import-script,user_created,user,SBS1grkHPzaKL8Np8roiBSKAUpx1,"{""email"":""emmanuel.osei@ofkma.gov.gh"",""role"":""mda_user"",""institutionId"":""oforikrom-municipal"",""source"":""ashanti_users_import""}"
2026-09-15T11:46:43.719Z,,bulk-import-script,user_created,user,1byfxMZNBJglHkbpi1g7688KRcC2,"{""email"":""daniel.agyekum@ofkma.gov.gh"",""role"":""mda_user"",""institutionId"":""oforikrom-municipal"",""source"":""ashanti_users_import""}"
2026-09-15T11:46:47.165Z,,bulk-import-script,user_created,user,WpFE1gKy0sbrNmnf9JaDQ3F6hnR2,"{""email"":""nysekyereababio@gmail.com"",""role"":""mda_user"",""institutionId"":""old-tafo-municipal"",""source"":""ashanti_users_import""}"
2026-09-15T11:46:51.176Z,,bulk-import-script,user_created,user,BBxAWJU28Ae1WZ4EFWpl5azimBG3,"{""email"":""rafatu.mohammed@otma.gov.gh"",""role"":""mda_user"",""institutionId"":""old-tafo-municipal"",""source"":""ashanti_users_import""}"
2026-09-15T11:46:54.718Z,,bulk-import-script,user_created,user,8wQg0Z9dvPNkPLrCeH3ymYJEpBX2,"{""email"":""kingsley.oseimanu@otma.gov.gh"",""role"":""mda_user"",""institutionId"":""old-tafo-municipal"",""source"":""ashanti_users_import""}"
2026-09-15T11:46:58.152Z,,bulk-import-script,user_created,user,Hpwp2oadPDbQdmMNLAinKWpe0lt2,"{""email"":""michael.ofori@otma.gov.gh"",""role"":""mda_user"",""institutionId"":""old-tafo-municipal"",""source"":""ashanti_users_import""}"
2026-09-15T11:47:01.631Z,,bulk-import-script,user_created,user,QiU0sjIrICXG0sXWncjfxVvLzX12,"{""email"":""godfredloung@gmail.com"",""role"":""mda_user"",""institutionId"":""sekyere-afram-plains-district"",""source"":""ashanti_users_import""}"
2026-09-15T11:47:06.921Z,,bulk-import-script,user_created,user,TOC8rt0PxYMACTCnKKIRDiOuqOo1,"{""email"":""frank.bonsu@sapda.gov.gh"",""role"":""mda_user"",""institutionId"":""sekyere-afram-plains-district"",""source"":""ashanti_users_import""}"
2026-09-15T11:47:10.206Z,,bulk-import-script,user_created,user,aT4LDqconqSKuOyUMyYEgvChOza2,"{""email"":""seth.tawiah@scda.gov.gh"",""role"":""mda_user"",""institutionId"":""sekyere-central-district"",""source"":""ashanti_users_import""}"
2026-09-15T11:47:13.567Z,,bulk-import-script,user_created,user,qAqAvyRA6Be1f862W3EET23zCYp2,"{""email"":""douglas.osei@scda.gov.gh"",""role"":""mda_user"",""institutionId"":""sekyere-central-district"",""source"":""ashanti_users_import""}"
2026-09-15T11:47:17.063Z,,bulk-import-script,user_created,user,OuBsEWiTO5T0zFiXyLWlmOnlQ4x1,"{""email"":""mabel.kankam@scda.gov.gh"",""role"":""mda_user"",""institutionId"":""sekyere-central-district"",""source"":""ashanti_users_import""}"
2026-09-15T11:47:21.419Z,,bulk-import-script,user_created,user,kYmr8F9RoiPIiIDQinWfLUMxYGA2,"{""email"":""paul.boadu@seda.gov.gh"",""role"":""mda_user"",""institutionId"":""sekyere-east-district"",""source"":""ashanti_users_import""}"
2026-09-15T11:47:26.285Z,,bulk-import-script,user_created,user,BOMDcp7dTTQoRxR6mii60GYfe9g1,"{""email"":""isaac.amponsah@seda.gov.gh"",""role"":""mda_user"",""institutionId"":""sekyere-east-district"",""source"":""ashanti_users_import""}"
2026-09-15T11:47:30.653Z,,bulk-import-script,user_created,user,zJyswcOjabNgj6Txk5aG4FqCYul1,"{""email"":""kallai@seda.gov.gh"",""role"":""mda_user"",""institutionId"":""sekyere-east-district"",""source"":""ashanti_users_import""}"
2026-09-15T11:47:34.439Z,,bulk-import-script,user_created,user,3C9lD05BkzPXVLxa89GaySrsqDn2,"{""email"":""patrick.dwamena@seda.gov.gh"",""role"":""mda_user"",""institutionId"":""sekyere-east-district"",""source"":""ashanti_users_import""}"
2026-09-15T11:47:38.176Z,,bulk-import-script,user_created,user,Fbln5BNDZGUKIPKgEH1xCx5FIln2,"{""email"":""brian.afriyie@skda.gov.gh"",""role"":""mda_user"",""institutionId"":""sekyere-kumawu-district"",""source"":""ashanti_users_import""}"
2026-09-15T11:47:55.230Z,,bulk-import-script,user_created,user,8FQJLPc7KoWr0VkwBknO4iNjsQp2,"{""email"":""richard.darkwa@skda.gov.gh"",""role"":""mda_user"",""institutionId"":""sekyere-kumawu-district"",""source"":""ashanti_users_import""}"
2026-09-15T11:47:59.454Z,,bulk-import-script,user_created,user,y0Wv9jSabPb3jTmzlPTuYReknVK2,"{""email"":""richard.ofosuhene@skda.gov.gh"",""role"":""mda_user"",""institutionId"":""sekyere-kumawu-district"",""source"":""ashanti_users_import""}"
2026-09-15T11:48:11.614Z,,bulk-import-script,user_created,user,mm5y8R7TVgXT9qwtsIdB2njTTHk2,"{""email"":""imuranadam85@gmail.com"",""role"":""mda_user"",""institutionId"":""sekyere-kumawu-district"",""source"":""ashanti_users_import""}"
2026-09-15T11:48:15.641Z,,bulk-import-script,user_created,user,GmPk9fQituecbByGisnLr1WBPKS2,"{""email"":""rabiatu.issah@ssma.gov.gh"",""role"":""mda_user"",""institutionId"":""sekyere-south-district"",""source"":""ashanti_users_import""}"
2026-09-15T11:48:20.668Z,,bulk-import-script,user_created,user,2FS1dKtnSkUlgbmKsP9BP8TVsRX2,"{""email"":""solomon.appiah@ssma.gov.gh"",""role"":""mda_user"",""institutionId"":""sekyere-south-district"",""source"":""ashanti_users_import""}"
2026-09-15T11:48:25.048Z,,bulk-import-script,user_created,user,Zlt1EeQ6Fjb7PznecnqULM1qcsq2,"{""email"":""diana.yeboah@ssma.gov.gh"",""role"":""mda_user"",""institutionId"":""sekyere-south-district"",""source"":""ashanti_users_import""}"
2026-09-15T11:48:30.536Z,,bulk-import-script,user_created,user,ZWxjmXkm5NcSgORYo0QqKckJHc12,"{""email"":""nanamesu75@gmail.com"",""role"":""mda_user"",""institutionId"":""sekyere-south-district"",""source"":""ashanti_users_import""}"
2026-09-15T11:48:34.658Z,,bulk-import-script,user_created,user,zNh8fNavqpeYPARXp9Ot6VyI31D2,"{""email"":""asamoahabeiku@yahoo.com"",""role"":""mda_user"",""institutionId"":""suame-municipal"",""source"":""ashanti_users_import""}"
2026-09-15T11:48:39.295Z,,bulk-import-script,user_created,user,Oec9XPM0lQXNdUKzEH1D1ZgSig33,"{""email"":""sussan.osei@suamema.gov.gh"",""role"":""mda_user"",""institutionId"":""suame-municipal"",""source"":""ashanti_users_import""}"
2026-09-15T11:48:44.773Z,,bulk-import-script,user_created,user,eu9477MF7GWwTsvM8jBSlJGjLet1,"{""email"":""gs.bansah@gmail.com"",""role"":""mda_user"",""institutionId"":""suame-municipal"",""source"":""ashanti_users_import""}"
2026-09-15T11:48:49.152Z,,bulk-import-script,user_created,user,TgBjSFHPJHfWaivoMI5fX2f1DW62,"{""email"":""rebecca.annor@suamema.gov.gh"",""role"":""mda_user"",""institutionId"":""suame-municipal"",""source"":""ashanti_users_import""}"
2026-09-15T11:48:53.513Z,,bulk-import-script,user_created,user,axDnnopkVbP0XGYNdUx6MoJDXcw1,"{""email"":""phyllis.abrokwa-harriet@bosomtwe.gov.gh"",""role"":""mda_user"",""institutionId"":""bosumtwi-district"",""source"":""ashanti_users_import""}"
2026-09-15T11:48:57.932Z,,bulk-import-script,user_created,user,9ZBm7BSwv0g59AHKf8qLHE4Mr2G2,"{""email"":""jeff.asare@bosomtwe.gov.gh"",""role"":""mda_user"",""institutionId"":""bosumtwi-district"",""source"":""ashanti_users_import""}"
2026-09-15T11:49:02.573Z,,bulk-import-script,user_created,user,EpfduORtHlWaE7WTU0x2dpJQPEX2,"{""email"":""freshman.bandim@bosomtwe.gov.gh"",""role"":""mda_user"",""institutionId"":""bosumtwi-district"",""source"":""ashanti_users_import""}"
2026-09-15T11:49:06.088Z,,bulk-import-script,user_created,user,Pwue5Z9fzRZug8a151gYcMsiM1H3,"{""email"":""patrick.kofi-adu@bosomtwe.gov.gh"",""role"":""mda_user"",""institutionId"":""bosumtwi-district"",""source"":""ashanti_users_import""}"
2026-09-15T11:49:11.412Z,,bulk-import-script,user_created,user,3flGWr9eBSWCuY5GIfFBe55BHP43,"{""email"":""bernice.addae-gyan@ejima.gov.gh"",""role"":""mda_user"",""institutionId"":""ejisu-municipal"",""source"":""ashanti_users_import""}"
2026-09-15T11:49:18.361Z,,bulk-import-script,user_created,user,ksu1zwvwJ2ZDQ71CgPcMXaaiy1C2,"{""email"":""sally.antwiboasiako@ejima.gov.gh"",""role"":""mda_user"",""institutionId"":""ejisu-municipal"",""source"":""ashanti_users_import""}"
2026-09-15T11:49:30.734Z,,bulk-import-script,user_created,user,hhsB1CkFQYXgVs5l76CsnCp73w23,"{""email"":""emmanuel.frimpong@ejima.gov.gh"",""role"":""mda_user"",""institutionId"":""ejisu-municipal"",""source"":""ashanti_users_import""}"
2026-09-15T11:49:34.239Z,,bulk-import-script,user_created,user,NX5e8N8jXzeXQJWfv9Ila9M70jr1,"{""email"":""kingspride2000@gmail.com"",""role"":""mda_user"",""institutionId"":""ejisu-municipal"",""source"":""ashanti_users_import""}"
2026-09-15T11:49:38.948Z,,bulk-import-script,user_created,user,jen8pWsHhgUXMMwGiwwwpiNO1Ef2,"{""email"":""felixkwasi1990@gmail.com"",""role"":""mda_user"",""institutionId"":""ejura-sekyeredumasi-district"",""source"":""ashanti_users_import""}"
2026-09-15T11:49:46.230Z,,bulk-import-script,user_created,user,9y1UWh5yEUZb0FjsoiMa153x6fi2,"{""email"":""baffour.twum@esma.gov.gh"",""role"":""mda_user"",""institutionId"":""ejura-sekyeredumasi-district"",""source"":""ashanti_users_import""}"
2026-09-15T11:49:49.655Z,,bulk-import-script,user_created,user,wix570CPX0VhGQo64VFScIvlrPh1,"{""email"":""albert.attakorah@esma.gov.gh"",""role"":""mda_user"",""institutionId"":""ejura-sekyeredumasi-district"",""source"":""ashanti_users_import""}"
2026-09-15T11:49:52.479Z,,bulk-import-script,user_created,user,YHax7iqHqTVo5ecXggjJsE85yrc2,"{""email"":""ramzi.alhassan@esma.gov.gh"",""role"":""mda_user"",""institutionId"":""ejura-sekyeredumasi-district"",""source"":""ashanti_users_import""}"
2026-09-15T11:49:55.864Z,,bulk-import-script,user_created,user,2jTlrw2mkpdjmWL7ymrGlzTwbGt2,"{""email"":""jones.kani@kma.gov.gh"",""role"":""mda_user"",""institutionId"":""kumasi-metropolis"",""source"":""ashanti_users_import""}"
2026-09-15T11:50:00.239Z,,bulk-import-script,user_created,user,yqF9vyNuDBdbZbBKQEsJF0oIG6z2,"{""email"":""eric.nunoo@kma.gov.gh"",""role"":""mda_user"",""institutionId"":""kumasi-metropolis"",""source"":""ashanti_users_import""}"
2026-09-15T11:50:05.873Z,,bulk-import-script,user_created,user,TZSvwhoRb3eaeyi4KpPl3XYWH8u2,"{""email"":""grant.nkrumah@kma.gov.gh"",""role"":""mda_user"",""institutionId"":""kumasi-metropolis"",""source"":""ashanti_users_import""}"
2026-09-15T11:50:10.362Z,,bulk-import-script,user_created,user,JAqVMtpyndWZ6aGuTVg396u2LII2,"{""email"":""yaa.acheampong@kma.gov.gh"",""role"":""mda_user"",""institutionId"":""kumasi-metropolis"",""source"":""ashanti_users_import""}"
2026-09-15T11:50:15.495Z,,bulk-import-script,user_created,user,TGsIHu3R7VeIq25NFeDXj6DvplN2,"{""email"":""adjeiboateng18@yahoo.com"",""role"":""mda_user"",""institutionId"":""kwabre-east-district"",""source"":""ashanti_users_import""}"
2026-09-15T11:50:18.290Z,,bulk-import-script,user_created,user,LrDeR9nVhLdko4W7SGRYbZLq7633,"{""email"":""lordina.afriyie@kema.gov.gh"",""role"":""mda_user"",""institutionId"":""kwabre-east-district"",""source"":""ashanti_users_import""}"
2026-09-15T11:50:25.515Z,,bulk-import-script,user_created,user,6fKtGiScePeUGSTt9Lmsqsi9Aib2,"{""email"":""ericasumaning@gmail.com"",""role"":""mda_user"",""institutionId"":""kwabre-east-district"",""source"":""ashanti_users_import""}"
2026-09-15T11:50:28.770Z,,bulk-import-script,user_created,user,HUPQHcpY8rbCx0hPZ4z4GeG1vpz1,"{""email"":""mary.okyere@kema.gov.gh"",""role"":""mda_user"",""institutionId"":""kwabre-east-district"",""source"":""ashanti_users_import""}"
2026-09-15T11:50:33.042Z,,bulk-import-script,user_created,user,ZMjN9KzYrbT6HSDgP2YXvVFmPpO2,"{""email"":""joseph.owusu@kwadma.gov.gh"",""role"":""mda_user"",""institutionId"":""kwadaso-municipal"",""source"":""ashanti_users_import""}"
2026-09-15T11:50:36.636Z,,bulk-import-script,user_created,user,34sSsUKoWRa84wmeYlPnjIVFrqw2,"{""email"":""maxwell.frimpong@kwadma.gov.gh"",""role"":""mda_user"",""institutionId"":""kwadaso-municipal"",""source"":""ashanti_users_import""}"
2026-09-15T11:50:42.837Z,,bulk-import-script,user_created,user,AAdAzVhuVJf5KThS2Od0Okzfcj52,"{""email"":""aseidu.samuel@kwadma.gov.gh"",""role"":""mda_user"",""institutionId"":""kwadaso-municipal"",""source"":""ashanti_users_import""}"
2026-09-15T11:50:48.252Z,,bulk-import-script,user_created,user,7atT0IgEq7fJmVP29Hw1efmnJSG3,"{""email"":""barbara.banahene@kwadma.gov.gh"",""role"":""mda_user"",""institutionId"":""kwadaso-municipal"",""source"":""ashanti_users_import""}"
2026-09-15T11:50:53.384Z,,bulk-import-script,user_created,user,xCMyc4wTCSU92Gg5lPjjIokHM8f2,"{""email"":""emmanuel.osei@mma.gov.gh"",""role"":""mda_user"",""institutionId"":""mampong-municipal"",""source"":""ashanti_users_import""}"
2026-09-15T11:51:00.509Z,,bulk-import-script,user_created,user,nJPwV4IC3kVdWjYKqxacv2iM7Cu1,"{""email"":""georgeasomaning@mma.gov.gh"",""role"":""mda_user"",""institutionId"":""mampong-municipal"",""source"":""ashanti_users_import""}"
2026-09-15T11:51:04.793Z,,bulk-import-script,user_created,user,b4l4VA5igCZwrlxqn8EwbYuXCsl1,"{""email"":""millicent.agyemang@mma.gov.gh"",""role"":""mda_user"",""institutionId"":""mampong-municipal"",""source"":""ashanti_users_import""}"
2026-09-15T11:51:08.712Z,,bulk-import-script,user_created,user,V2jfFjepzSfPtzlX9Pu4NobgGTG3,"{""email"":""dorigen.yiadom@mma.gov.gh"",""role"":""mda_user"",""institutionId"":""mampong-municipal"",""source"":""ashanti_users_import""}"
2026-09-15T11:51:14.560Z,,bulk-import-script,user_created,user,YySFs1Gl6GfxXcd4DU5ZahkZ2kS2,"{""email"":""kusi.appiah@oeda.gov.gh"",""role"":""mda_user"",""institutionId"":""obuasi-east-district"",""source"":""ashanti_users_import""}"
2026-09-15T11:51:18.740Z,,bulk-import-script,user_created,user,jxRzEk69wmhnoQFqBbmmuMAFTi52,"{""email"":""barbara.ameyaw@oeda.gov.gh"",""role"":""mda_user"",""institutionId"":""obuasi-east-district"",""source"":""ashanti_users_import""}"
2026-09-15T11:51:23.708Z,,bulk-import-script,user_created,user,jGy1P8qknkXtPskqHAtV6BB2tZy2,"{""email"":""maameagyeiwaa22@gmail.com"",""role"":""mda_user"",""institutionId"":""obuasi-east-district"",""source"":""ashanti_users_import""}"
2026-09-15T11:51:28.268Z,,bulk-import-script,user_created,user,30tlFDBt9QYjkRX9MEW1xqnRjuE2,"{""email"":""rolland.asare@oma.gov.gh"",""role"":""mda_user"",""institutionId"":""obuasi-municipal"",""source"":""ashanti_users_import""}"
2026-09-15T11:51:32.377Z,,bulk-import-script,user_created,user,TztBBpzyWBMwwAWNg9b6S0vqj7M2,"{""email"":""richard.ofori@oma.gov.gh"",""role"":""mda_user"",""institutionId"":""obuasi-municipal"",""source"":""ashanti_users_import""}"
2026-09-15T11:51:36.995Z,,bulk-import-script,user_created,user,aZUbnAPiiQTT36sxIjfzTAh57LJ2,"{""email"":""edna.arko@oma.gov.gh"",""role"":""mda_user"",""institutionId"":""obuasi-municipal"",""source"":""ashanti_users_import""}"
2026-09-15T11:51:41.460Z,,bulk-import-script,user_created,user,JwPg5bMdspcFiDjQLVkUbiipV4C3,"{""email"":""patrick.marfo_antwi@amansiecentral.gov.gh"",""role"":""mda_user"",""institutionId"":""amansie-central-district"",""source"":""ashanti_users_import""}"
2026-09-15T11:51:48.898Z,,bulk-import-script,user_created,user,6QeZ84e3Dna2Z6UM18FK028TfM32,"{""email"":""lindaapuri@gmail.com"",""role"":""mda_user"",""institutionId"":""amansie-central-district"",""source"":""ashanti_users_import""}"
2026-09-15T11:52:21.722Z,,bulk-import-script,user_created,user,pHisGq9McaW0tzQNvWmjYyhTPAy2,"{""email"":""vida.mills@amansiecentral.gov.gh"",""role"":""mda_user"",""institutionId"":""amansie-central-district"",""source"":""ashanti_users_import""}"
2026-09-15T11:53:20.168Z,,bulk-import-script,user_created,user,JWMkFDMB87cDfSjQz976yxXBORj1,"{""email"":""christian.peprah-mensah@adnda.gov.gh"",""role"":""mda_user"",""institutionId"":""adansi-north-district"",""source"":""ashanti_users_import""}"
2026-09-15T11:53:26.398Z,,bulk-import-script,user_created,user,H5gEoMMJIxhINI77DUHRKxZSCgJ3,"{""email"":""joshua.donkor@adnda.gov.gh"",""role"":""mda_user"",""institutionId"":""adansi-north-district"",""source"":""ashanti_users_import""}"
2026-09-15T11:53:29.495Z,,bulk-import-script,user_created,user,XAM8Xq4uHlR7UeU2SnUJzkGtqQF2,"{""email"":""oseiabigailaboagyewaa1994@gmail.com"",""role"":""mda_user"",""institutionId"":""adansi-north-district"",""source"":""ashanti_users_import""}"
2026-09-15T11:53:32.614Z,,bulk-import-script,user_created,user,TYWBmEEG9VPsYeRV7ynOLSg2y1x1,"{""email"":""emmanuel.ohyeamang@adnda.gov.gh"",""role"":""mda_user"",""institutionId"":""adansi-north-district"",""source"":""ashanti_users_import""}"
2026-09-15T11:53:36.651Z,,bulk-import-script,user_created,user,Vp6MjTQsTfdVtKMdRpDwPOVEEy82,"{""email"":""amoahchristy38@gmail.com"",""role"":""mda_user"",""institutionId"":""sekyere-afram-plains-district"",""source"":""ashanti_users_import""}"
2026-09-15T16:34:54.799Z,,MKGoW62Iuaf5KXTj3a4LyRxrsaa2,user_updated,user,ZWxjmXkm5NcSgORYo0QqKckJHc12,"{""email"":""Isaac.kyei@ssma.gov.gh""}"
2026-09-15T16:39:32.688Z,,MKGoW62Iuaf5KXTj3a4LyRxrsaa2,user_updated,user,jGy1P8qknkXtPskqHAtV6BB2tZy2,"{""email"":""mariam.owusu@oeda.gov.gh""}"
2026-09-15T16:46:29.240Z,,MKGoW62Iuaf5KXTj3a4LyRxrsaa2,user_updated,user,QiU0sjIrICXG0sXWncjfxVvLzX12,"{""email"":""godfred.loung@sapda.gov.gh""}"
2026-09-15T19:20:51.150Z,,MKGoW62Iuaf5KXTj3a4LyRxrsaa2,user_created,user,eWIqYfnIBJPIBDa54ad1WmSuyvz1,"{""email"":""queenly.devor@kma.gov.gh"",""role"":""mda_user"",""institutionId"":""Kumasi Municipal Assembly""}"
2026-09-17T11:06:58.711Z,,MKGoW62Iuaf5KXTj3a4LyRxrsaa2,user_created,user,G6CXcJJQxyR26z7zobUgU72L1Ww2,"{""email"":""philimon.akande@kpma.gov.gh"",""role"":""mda_user"",""institutionId"":""kpando municipal assembly""}"
2026-09-17T11:11:13.363Z,,MKGoW62Iuaf5KXTj3a4LyRxrsaa2,user_created,user,aRK0VsLk2KZhOkebzsDV1MsqkJf1,"{""email"":""augustinatandoh1987@gmail.com"",""role"":""mda_user"",""institutionId"":""Sunyani Municipal Assembly""}"
2026-09-17T11:42:24.826Z,,MKGoW62Iuaf5KXTj3a4LyRxrsaa2,user_updated,user,gn81lNHcCdXEe9GA1WZI8yv6P003,"{""isActive"":false}"
2026-09-17T11:43:13.372Z,,MKGoW62Iuaf5KXTj3a4LyRxrsaa2,user_updated,user,gyyMKWfIAFPZzvfdbWG67c9KkGL2,"{""isActive"":false}"
2026-09-17T22:57:32.177Z,,bulk-import-script,user_created,user,hHdsBnlGf6NU9p06MeDYx3KrHLq1,"{""email"":""asiwome.dor@scholarships.gov.gh"",""role"":""mda_user"",""institutionId"":""ghana-scholarships-authority"",""source"":""capacity_building_users_import""}"
2026-09-17T22:57:35.315Z,,bulk-import-script,user_created,user,JOpCDLd2E2XqZFIPmSFbO8WkCBp2,"{""email"":""michael.sottie@ghs.gov.gh"",""role"":""mda_user"",""institutionId"":""ghana-health-service"",""source"":""capacity_building_users_import""}"
2026-09-17T22:57:38.716Z,,bulk-import-script,user_created,user,dSXHmyYPX0RidZJEFKImNk13et72,"{""email"":""amofamicheal2@gmail.com"",""role"":""mda_user"",""institutionId"":""ministry-of-lands-and-natural-resources"",""source"":""capacity_building_users_import""}"
2026-09-17T22:57:41.756Z,,bulk-import-script,user_created,user,KeZEocOB7uVh7NeR2ioNrVI62ev1,"{""email"":""edith.ababio-amoah@unescoghana.gov.gg"",""role"":""mda_user"",""institutionId"":""ghana-commission-for-unesco"",""source"":""capacity_building_users_import""}"
2026-09-17T22:57:44.352Z,,bulk-import-script,user_created,user,YbWZ9N26fyXZxSjb4oDDQnaywts2,"{""email"":""nathanielnettey@nmc.gov.gh"",""role"":""mda_user"",""institutionId"":""nursing-and-midwifery-council"",""source"":""capacity_building_users_import""}"
2026-09-17T22:57:47.390Z,,bulk-import-script,user_created,user,zmJm58ffCqN5qQVg2FxCRpPW7dt1,"{""email"":""mavis.asare@mosr.gov.gh"",""role"":""mda_user"",""institutionId"":""ministry-of-sports-and-recreation"",""source"":""capacity_building_users_import""}"
2026-09-17T22:57:50.065Z,,bulk-import-script,user_created,user,vWBMA7VQ9UeCz2wVy0CQnVCjFzl2,"{""email"":""jonashonu6@gmail.com"",""role"":""mda_user"",""institutionId"":""office-of-the-attorney-general-and-ministry-of-justice"",""source"":""capacity_building_users_import""}"
2026-09-17T22:57:53.416Z,,bulk-import-script,user_created,user,MjGn1f1z4ycPr3nyuySRW3XabXV2,"{""email"":""evans.kelly@gnrf.gov.gh"",""role"":""mda_user"",""institutionId"":""ghana-national-research-fund"",""source"":""capacity_building_users_import""}"
2026-09-17T22:57:56.312Z,,bulk-import-script,user_created,user,2gZaBIlOhXXrM0Xv5UwoIDSeAjz1,"{""email"":""quophiacidick@gmail.com"",""role"":""mda_user"",""institutionId"":""office-of-the-registrar-of-companies"",""source"":""capacity_building_users_import""}"
2026-09-17T22:57:59.263Z,,bulk-import-script,user_created,user,rpJAw0FnxdQNykHwuj8GtbvDw9o1,"{""email"":""alexander.adu-antwi@fishcom.gov.gh"",""role"":""mda_user"",""institutionId"":""fisheries-commission"",""source"":""capacity_building_users_import""}"
2026-09-17T22:58:02.395Z,,bulk-import-script,user_created,user,qrM9PxrFOdN1p5YEqlYYggPLQPi2,"{""email"":""marie.boateng@nasia.gov.gh"",""role"":""mda_user"",""institutionId"":""national-schools-inspectorate-authority"",""source"":""capacity_building_users_import""}"
2026-09-17T22:58:04.981Z,,bulk-import-script,user_created,user,U5Dt28GhThRi7fVPqlVZHcz8IiX2,"{""email"":""niilaud@hotmail.com"",""role"":""mda_user"",""institutionId"":""weija-gbawe-municipal-hospital"",""source"":""capacity_building_users_import""}"
2026-09-17T22:58:08.139Z,,bulk-import-script,user_created,user,FqVl7ygRTrNOJzmTwhSt8IXJLcH2,"{""email"":""ebenayel@gmail.com"",""role"":""mda_user"",""institutionId"":""government-secretarial-school"",""source"":""capacity_building_users_import""}"
2026-09-17T22:58:11.691Z,,bulk-import-script,user_created,user,G7MjS2aZpqX2rFt5Gl7ncoCahnw1,"{""email"":""marian.kumi@mosr.gov.gh"",""role"":""mda_user"",""institutionId"":""ministry-of-sports-and-recreation"",""source"":""capacity_building_users_import""}"
2026-09-17T22:58:14.965Z,,bulk-import-script,user_created,user,q052wu4v8WUsAP5ZYaUrQAXFVdm1,"{""email"":""mabugri@mofep.gov.gh"",""role"":""mda_user"",""institutionId"":""ministry-of-finance"",""source"":""capacity_building_users_import""}"
2026-09-17T22:58:18.554Z,,bulk-import-script,user_created,user,oH0WZD4ZlQem1Lh9O4jIs7hpHd42,"{""email"":""daniel.appiahapetorgbor@ghs.gov.gh"",""role"":""mda_user"",""institutionId"":""ghana-health-service"",""source"":""capacity_building_users_import""}"
2026-09-17T22:58:21.461Z,,bulk-import-script,user_created,user,4J63Bo7A3KOMaeXGkoi5J80KQLj1,"{""email"":""kojo.acquah@nasia.gov.gh"",""role"":""mda_user"",""institutionId"":""national-schools-inspectorate-authority"",""source"":""capacity_building_users_import""}"
2026-09-17T22:58:24.729Z,,bulk-import-script,user_created,user,gwFE2JiwKJcKgE1GWJ9vwlhdDni2,"{""email"":""agnes.assan@fishcom.gov.gh"",""role"":""mda_user"",""institutionId"":""fisheries-commission"",""source"":""capacity_building_users_import""}"
2026-09-17T22:58:27.880Z,,bulk-import-script,user_created,user,lPpq7be3n5PYvU4dr4GsZa5Zt2b2,"{""email"":""bertha.hagble@cagd.gov.gh"",""role"":""mda_user"",""institutionId"":""controller-and-accountant-general-s-department"",""source"":""capacity_building_users_import""}"
2026-09-17T22:58:31.129Z,,bulk-import-script,user_created,user,XeDhCwsRoDUsZeNVacbYdoENu7u2,"{""email"":""aotoo@energycom.gov.gh"",""role"":""mda_user"",""institutionId"":""energy-commission"",""source"":""capacity_building_users_import""}"
2026-09-17T22:58:34.238Z,,bulk-import-script,user_created,user,wrF1zeGzwVN65pB0YKPX7wlZrt62,"{""email"":""awotwedavid8@gmail.com"",""role"":""mda_user"",""institutionId"":""national-youth-authority"",""source"":""capacity_building_users_import""}"
2026-09-17T22:58:37.111Z,,bulk-import-script,user_created,user,bWqRUGdyLcZXboQ4tX0YT4EDknM2,"{""email"":""samueloforituga23@gmail.com"",""role"":""mda_user"",""institutionId"":""ghana-police-service"",""source"":""capacity_building_users_import""}"
2026-09-17T22:58:39.364Z,,bulk-import-script,user_created,user,nYvVutvJBcZxVMuAA4fuNaIgkI32,"{""email"":""francis2009asiedu@gmail.com"",""role"":""mda_user"",""institutionId"":""public-services-commission"",""source"":""capacity_building_users_import""}"
2026-09-17T22:58:42.195Z,,bulk-import-script,user_created,user,4ewRQqoW46afaQBpQaPYQpdPYr93,"{""email"":""louis.opoku@rtic.gov.gh"",""role"":""mda_user"",""institutionId"":""right-to-information-commission"",""source"":""capacity_building_users_import""}"
2026-09-17T22:58:45.016Z,,bulk-import-script,user_created,user,xZ39B3xkWhbwG0U2mET1s4o92fk1,"{""email"":""maudkyeth@gmail.com"",""role"":""mda_user"",""institutionId"":""ministry-of-food-and-agriculture"",""source"":""capacity_building_users_import""}"
2026-09-17T22:58:47.731Z,,bulk-import-script,user_created,user,Sr75crgj3IgNCxANzzUOe4Qo5gA2,"{""email"":""emmanuel.dadzie@mofa.gov.gh"",""role"":""mda_user"",""institutionId"":""ministry-of-food-and-agriculture"",""source"":""capacity_building_users_import""}"
2026-09-17T22:58:51.166Z,,bulk-import-script,user_created,user,jjKvjBS9fLbyTky0iJNQq1WpkBz1,"{""email"":""maybayor@yahoo.com"",""role"":""mda_user"",""institutionId"":""ministry-of-food-and-agriculture"",""source"":""capacity_building_users_import""}"
2026-09-17T22:58:53.802Z,,bulk-import-script,user_created,user,sxpUJKjX7bRHthE0hImT0xmNH3u1,"{""email"":""rashmufti653@gmail.com"",""role"":""mda_user"",""institutionId"":""savannah-regional-coordinating-council"",""source"":""capacity_building_users_import""}"
2026-09-17T22:58:57.060Z,,bulk-import-script,user_created,user,rWskFkZDjiZUo7EtH1mXUyhW5Gg1,"{""email"":""john.young@gaec.gov.gh"",""role"":""mda_user"",""institutionId"":""ghana-atomic-energy-commission"",""source"":""capacity_building_users_import""}"
2026-09-17T22:58:59.935Z,,bulk-import-script,user_created,user,hD6o6J0kcxR3IysLbrFru63ZnvY2,"{""email"":""loretta.degbe@ohcs.gov.gh"",""role"":""mda_user"",""institutionId"":""office-of-the-head-of-civil-service"",""source"":""capacity_building_users_import""}"
2026-09-17T22:59:02.886Z,,bulk-import-script,user_created,user,TVzIY29LoSRn8CTb9yi1i9bGt4G2,"{""email"":""frank.adigbo1974@gmail.com"",""role"":""mda_user"",""institutionId"":""ministry-of-environment-science-technology-and-innovation"",""source"":""capacity_building_users_import""}"
2026-09-17T22:59:05.592Z,,bulk-import-script,user_created,user,i03PP6frAUhqs5fQpQtVB2VGYUt1,"{""email"":""j.ntiforo@nya.gov.gh"",""role"":""mda_user"",""institutionId"":""national-youth-authority"",""source"":""capacity_building_users_import""}"
2026-09-17T22:59:09.073Z,,bulk-import-script,user_created,user,E6aUZaw5TSP28qqVz4QTfMy1r3r2,"{""email"":""adjeirachel60@gmail.com"",""role"":""mda_user"",""institutionId"":""ministry-of-environment-science-technology-and-innovation"",""source"":""capacity_building_users_import""}"
2026-09-17T22:59:12.043Z,,bulk-import-script,user_created,user,7oU4xV1IIqeVssLBeFAhAyOShFC3,"{""email"":""eyeboah@gtec.edu.gh"",""role"":""mda_user"",""institutionId"":""ghana-tertiary-education-commission-gtec"",""source"":""capacity_building_users_import""}"
2026-09-17T22:59:14.351Z,,bulk-import-script,user_created,user,0bJcy4p5budSXClho7HNWQCENGs2,"{""email"":""samuel.tetteh@lgs.gov.gh"",""role"":""mda_user"",""institutionId"":""office-of-the-head-of-local-government-service"",""source"":""capacity_building_users_import""}"
2026-09-17T22:59:17.358Z,,bulk-import-script,user_created,user,EU4lyofRF4ggI7RnI4tqfhCd66r1,"{""email"":""kofi.adusei@fishcom.gov.gh"",""role"":""mda_user"",""institutionId"":""fisheries-commission"",""source"":""capacity_building_users_import""}"
2026-09-17T22:59:20.353Z,,bulk-import-script,user_created,user,LNP2TX6Xj3ZOFGZ4MRII6YEjYtR2,"{""email"":""m.anafu@kbth.gov.gh"",""role"":""mda_user"",""institutionId"":""korle-bu-teaching-hospital"",""source"":""capacity_building_users_import""}"
2026-09-17T22:59:23.442Z,,bulk-import-script,user_created,user,17ixpnFLuTTSbZSfnX00DcgqSVc2,"{""email"":""frederick.addo@gtvets.gov.gh"",""role"":""mda_user"",""institutionId"":""ghana-tvet-service"",""source"":""capacity_building_users_import""}"
2026-09-17T22:59:27.049Z,,bulk-import-script,user_created,user,JbwQg7nHBDReJji4rT4WKPP4jo03,"{""email"":""rubby.mac-kafui@mesti.gov.gh"",""role"":""mda_user"",""institutionId"":""ministry-of-environment-science-technology-and-innovation"",""source"":""capacity_building_users_import""}"
2026-09-17T22:59:29.780Z,,bulk-import-script,user_created,user,bxc2srgu6KcakqBIueks6TPtVpD3,"{""email"":""jaypanic62@gmail.com"",""role"":""mda_user"",""institutionId"":""national-media-commission"",""source"":""capacity_building_users_import""}"
2026-09-17T22:59:32.777Z,,bulk-import-script,user_created,user,imOxvFYyDRgadhNhIWhl8xnNs0y2,"{""email"":""frankeyto@yahoo.com"",""role"":""mda_user"",""institutionId"":""controller-and-accountant-general-s-department"",""source"":""capacity_building_users_import""}"
2026-09-17T22:59:35.549Z,,bulk-import-script,user_created,user,rxJyH9ntrMeN7fpc4gGpV3hrU4G3,"{""email"":""bernice.ampofo@gepa.gov.gh"",""role"":""mda_user"",""institutionId"":""ghana-export-promotion-authority"",""source"":""capacity_building_users_import""}"
2026-09-17T22:59:39.238Z,,bulk-import-script,user_created,user,ZHEiUtuyxNVZdoQEHU8PCx7VIxL2,"{""email"":""hannah.tetteh@gepa.gov.gh"",""role"":""mda_user"",""institutionId"":""ghana-export-promotion-authority"",""source"":""capacity_building_users_import""}"
2026-09-17T22:59:42.631Z,,bulk-import-script,user_created,user,psOyfmas2PT7x2dwM93QLSlqc7V2,"{""email"":""arthur.ebenezer748@gmail.com"",""role"":""mda_user"",""institutionId"":""ministry-of-food-and-agriculture"",""source"":""capacity_building_users_import""}"
2026-09-17T22:59:45.750Z,,bulk-import-script,user_created,user,cscHgOU8Yfh4ktoeQs23NKcmhSz2,"{""email"":""kweku_isaac@yahoo.com"",""role"":""mda_user"",""institutionId"":""lands-commission"",""source"":""capacity_building_users_import""}"
2026-09-17T22:59:49.548Z,,bulk-import-script,user_created,user,nef7vhT5UIfHiOQmzz8S3dVuDUG3,"{""email"":""emmanuel.acquah@psc.gov.gh"",""role"":""mda_user"",""institutionId"":""public-services-commission"",""source"":""capacity_building_users_import""}"
2026-09-17T22:59:52.523Z,,bulk-import-script,user_created,user,O3o4hHYQs1Qj9gGhS4xtmltGFD52,"{""email"":""sirmaths1983@gmail.com"",""role"":""mda_user"",""institutionId"":""national-health-insurance-authority-nhia"",""source"":""capacity_building_users_import""}"
2026-09-17T22:59:55.395Z,,bulk-import-script,user_created,user,7mqhhD7QLnSImeVanDosKiu0UmL2,"{""email"":""constance.asiedu@psc.gov.gh"",""role"":""mda_user"",""institutionId"":""public-services-commission"",""source"":""capacity_building_users_import""}"
2026-09-17T22:59:58.644Z,,bulk-import-script,user_created,user,qXiZEi0Cd9ekwgEJcRD12ZBQs2N2,"{""email"":""mabel.danquah@ewastefund.gov.gh"",""role"":""mda_user"",""institutionId"":""electrical-and-electronic-waste-management-fund"",""source"":""capacity_building_users_import""}"
2026-09-17T23:00:01.712Z,,bulk-import-script,user_created,user,jVMWjtp3RXWtb1PNTz5WHGmpZBS2,"{""email"":""clara.lartey@mosr.gov.gh"",""role"":""mda_user"",""institutionId"":""ministry-of-sports-and-recreation"",""source"":""capacity_building_users_import""}"
2026-09-17T23:00:04.794Z,,bulk-import-script,user_created,user,axu2fVREkyeIEEEWSHDPZMzyBgd2,"{""email"":""nathaniel.asamoah@doc.gov.gh"",""role"":""mda_user"",""institutionId"":""department-of-co-operatives"",""source"":""capacity_building_users_import""}"
2026-09-17T23:00:07.962Z,,bulk-import-script,user_created,user,I3MZcQoMb1NaFCFbU018wtVkBDI3,"{""email"":""braimah.nuhu@zodf.gov.gh"",""role"":""mda_user"",""institutionId"":""zongo-development-fund"",""source"":""capacity_building_users_import""}"
2026-09-17T23:00:10.499Z,,bulk-import-script,user_created,user,fajhOkc794dbo2LyipFyoL70CsJ2,"{""email"":""kamal-deen.abdullah@myde.gov.gh"",""role"":""mda_user"",""institutionId"":""ministry-of-youth-development-and-empowerment"",""source"":""capacity_building_users_import""}"
2026-09-17T23:00:13.995Z,,bulk-import-script,user_created,user,LvJBkAsxhDVjDd3NNU8Q40BxKA52,"{""email"":""phyllis.yamoah@myde.gov.gh"",""role"":""mda_user"",""institutionId"":""ministry-of-youth-development-and-empowerment"",""source"":""capacity_building_users_import""}"
2026-09-17T23:00:16.772Z,,bulk-import-script,user_created,user,TMLl2ODL58QVMCOXhLcjWJTqWqz2,"{""email"":""ttenkorangnot@gmail.com"",""role"":""mda_user"",""institutionId"":""national-sports-authority"",""source"":""capacity_building_users_import""}"
2026-09-17T23:00:19.983Z,,bulk-import-script,user_created,user,C5tsOP9R34g68nIASn8GCR45VKJ2,"{""email"":""king.palm@mosr.gov.gh"",""role"":""mda_user"",""institutionId"":""ministry-of-sports-and-recreation"",""source"":""capacity_building_users_import""}"
2026-09-17T23:00:23.166Z,,bulk-import-script,user_created,user,dpufNKMzBddq7l9rAVYSCL3lhri2,"{""email"":""charles.donkor@nhia.gov.gh"",""role"":""mda_user"",""institutionId"":""national-health-insurance-authority-nhia"",""source"":""capacity_building_users_import""}"
2026-09-17T23:00:26.573Z,,bulk-import-script,user_created,user,rNpf37a89cgUsPja1L1gEbhc0tx2,"{""email"":""eyartey@mofep.gov.gh"",""role"":""mda_user"",""institutionId"":""ministry-of-finance"",""source"":""capacity_building_users_import""}"
2026-09-17T23:00:29.802Z,,bulk-import-script,user_created,user,0xoIv50bfhUDArmJxWKVq1XW8I92,"{""email"":""francis.yamoah@zicds.gov.gh"",""role"":""mda_user"",""institutionId"":""zongo-and-inner-city-development-secretariat"",""source"":""capacity_building_users_import""}"
2026-09-17T23:00:32.988Z,,bulk-import-script,user_created,user,7zgPqNNq46MdjjQXsALBxaPvO4b2,"{""email"":""isaac.aidoo@fishcom.gov.gh"",""role"":""mda_user"",""institutionId"":""fisheries-commission"",""source"":""capacity_building_users_import""}"
2026-09-17T23:00:36.286Z,,bulk-import-script,user_created,user,83Bzzt0fBiYRV0eFc9N0XEC5Dbr1,"{""email"":""mary.nkansa@fishcom.gov.gh"",""role"":""mda_user"",""institutionId"":""fisheries-commission"",""source"":""capacity_building_users_import""}"
2026-09-17T23:00:39.276Z,,bulk-import-script,user_created,user,8aQ5OvCpuchGFdC1r7lMfMXqkX22,"{""email"":""emmanuel.nyonator@fc.gov.gh"",""role"":""mda_user"",""institutionId"":""forestry-commission"",""source"":""capacity_building_users_import""}"
2026-09-17T23:00:41.884Z,,bulk-import-script,user_created,user,34B64DEmuPcfbrwWpI6sp2rA8rO2,"{""email"":""josiah.commodore@lgs.gov.gh"",""role"":""mda_user"",""institutionId"":""office-of-the-head-of-local-government-service"",""source"":""capacity_building_users_import""}"
2026-09-17T23:00:44.356Z,,bulk-import-script,user_created,user,jlNSE8FavAckQHdzmR5rFvdC1Vm2,"{""email"":""dannyshalom39@gmail.com"",""role"":""mda_user"",""institutionId"":""central-regional-coordinating-council"",""source"":""capacity_building_users_import""}"
2026-09-17T23:00:47.284Z,,bulk-import-script,user_created,user,n6doHdMmnCWeGtCMpFqMzjDsnkA2,"{""email"":""marian.nortey@unescoghana.gov.gh"",""role"":""mda_user"",""institutionId"":""ghana-commission-for-unesco"",""source"":""capacity_building_users_import""}"
2026-09-17T23:00:50.340Z,,bulk-import-script,user_created,user,QSnzqRmGgKOSXkzqXui7cDyjbtj1,"{""email"":""apollonius.asare@unescoghana.gov.gh"",""role"":""mda_user"",""institutionId"":""ghana-commission-for-unesco"",""source"":""capacity_building_users_import""}"
2026-09-17T23:00:52.737Z,,bulk-import-script,user_created,user,VIg1XIwEH8UjZv3rRLQlIbuodDe2,"{""email"":""edith.ababio@unescoghana.gov.gh"",""role"":""mda_user"",""institutionId"":""ghana-commission-for-unesco"",""source"":""capacity_building_users_import""}"
2026-09-17T23:00:55.609Z,,bulk-import-script,user_created,user,yTFmLKJaNKeg7KCB3Q6BCef6UM73,"{""email"":""anthony.mensah@rmtf.gov.gh"",""role"":""mda_user"",""institutionId"":""road-maintenance-trust-fund"",""source"":""capacity_building_users_import""}"
2026-09-17T23:00:58.024Z,,bulk-import-script,user_created,user,XDUCGkCnObU3m2euW6KuAKwowpL2,"{""email"":""felix.atse@ewastefund.gov.gh"",""role"":""mda_user"",""institutionId"":""electrical-and-electronic-waste-management-fund"",""source"":""capacity_building_users_import""}"
2026-09-17T23:01:01.429Z,,bulk-import-script,user_created,user,7xMf0wa1jAOrprk4eVwUv7grQF42,"{""email"":""mercy.mac-arthur@rmtf.gov.gh"",""role"":""mda_user"",""institutionId"":""road-maintenance-trust-fund"",""source"":""capacity_building_users_import""}"
2026-09-17T23:01:03.644Z,,bulk-import-script,user_created,user,811CBsskIDWwhPcm6TD995mUkTt2,"{""email"":""ernest.gyan@iat.gov.gh"",""role"":""mda_user"",""institutionId"":""institute-of-accountancy-training"",""source"":""capacity_building_users_import""}"
2026-09-17T23:01:06.339Z,,bulk-import-script,user_created,user,FdDbbt6kiZPFOfleqhm2WwtFH5y2,"{""email"":""rebecca.sam@smallarmscommission.gov.gh"",""role"":""mda_user"",""institutionId"":""national-commission-on-small-arms-and-light-weapons"",""source"":""capacity_building_users_import""}"
2026-09-17T23:01:08.780Z,,bulk-import-script,user_created,user,e4vPpSea6SVMh1bsBxUlqdcYaV23,"{""email"":""addog84@gmail.com"",""role"":""mda_user"",""institutionId"":""allied-health-professions-council"",""source"":""capacity_building_users_import""}"
2026-09-17T23:01:12.103Z,,bulk-import-script,user_created,user,IrNMNQkcLLaWkGOARMhEoy2VBHm2,"{""email"":""fbaffour@mofep.gov.gh"",""role"":""mda_user"",""institutionId"":""ministry-of-finance"",""source"":""capacity_building_users_import""}"
2026-09-17T23:01:16.189Z,,bulk-import-script,user_created,user,MdKQ73KNzZXBewTylzoFUOJtroj1,"{""email"":""esther.tetteh@hydro.gov.gh"",""role"":""mda_user"",""institutionId"":""ghana-hydrological-authority"",""source"":""capacity_building_users_import""}"
2026-09-17T23:01:18.924Z,,bulk-import-script,user_created,user,nKJezWXNDqWFbxlsJ0TjLRXRYoj2,"{""email"":""koboraopoku@gmail.com"",""role"":""mda_user"",""institutionId"":""national-health-insurance-authority-nhia"",""source"":""capacity_building_users_import""}"
2026-09-17T23:01:22.223Z,,bulk-import-script,user_created,user,g75oBEOJz2SMEEc1TEAWPlYewBS2,"{""email"":""sampson.ackaah@nhia.gov.gh"",""role"":""mda_user"",""institutionId"":""national-health-insurance-authority-nhia"",""source"":""capacity_building_users_import""}"
2026-09-17T23:01:25.267Z,,bulk-import-script,user_created,user,do4iWCWXMyUJCl0dSIzL6a5JMu52,"{""email"":""innosah77@gmail.com"",""role"":""mda_user"",""institutionId"":""weija-gbawe-municipal-hospital"",""source"":""capacity_building_users_import""}"
2026-09-17T23:01:27.674Z,,bulk-import-script,user_created,user,7KPiksgeoRSRYUzWoqNyp6mLPW43,"{""email"":""francis.dorkenoo@mogcsp.gov.gh"",""role"":""mda_user"",""institutionId"":""ministry-of-gender-children-and-social-protection"",""source"":""capacity_building_users_import""}"
2026-09-17T23:01:31.445Z,,bulk-import-script,user_created,user,4Mvw5CKMtyaTxOaNB4SHjlV1ldd2,"{""email"":""bronville12@gmail.com"",""role"":""mda_user"",""institutionId"":""fisheries-commission"",""source"":""capacity_building_users_import""}"
2026-09-17T23:01:34.624Z,,bulk-import-script,user_created,user,H92QTEdGERRdMqCSlgO4XLC0rfq2,"{""email"":""jenni.my.2@gmail.com"",""role"":""mda_user"",""institutionId"":""public-sector-reform-secretariat"",""source"":""capacity_building_users_import""}"
2026-09-17T23:01:39.138Z,,bulk-import-script,user_created,user,b3uDP1fmXOhCFYzEfyOaIslZFxq2,"{""email"":""kingsfordadu300@gmail.com"",""role"":""mda_user"",""institutionId"":""national-health-insurance-authority-nhia"",""source"":""capacity_building_users_import""}"
2026-09-17T23:01:41.976Z,,bulk-import-script,user_created,user,uFUcyrJDrxUHe8BJinL7ApDUcbC2,"{""email"":""elvdenn1998@gmail.com"",""role"":""mda_user"",""institutionId"":""council-for-scientific-and-industrial-research-csir"",""source"":""capacity_building_users_import""}"
2026-09-17T23:01:45.203Z,,bulk-import-script,user_created,user,ufELbkov7ubIGqU2EbpXZ9jHKNn2,"{""email"":""frimp.george@gmail.com"",""role"":""mda_user"",""institutionId"":""centre-for-plant-medicine-research"",""source"":""capacity_building_users_import""}"
2026-09-17T23:01:48.554Z,,bulk-import-script,user_created,user,hCBNp2oZwkT0TAEMxgZ6slBvwgF2,"{""email"":""fuseina09@gmail.com"",""role"":""mda_user"",""institutionId"":""fisheries-commission"",""source"":""capacity_building_users_import""}"
2026-09-17T23:01:51.819Z,,bulk-import-script,user_created,user,5iPj0bXk59eEd3F9wSPiMPm0PWn1,"{""email"":""cmuzole39@gmail.com"",""role"":""mda_user"",""institutionId"":""council-for-scientific-and-industrial-research-csir"",""source"":""capacity_building_users_import""}"
2026-09-17T23:01:54.993Z,,bulk-import-script,user_created,user,gwVfvWiv5DXH3CHkfw5ifYn964r2,"{""email"":""bernicehansenak20@gmail.com"",""role"":""mda_user"",""institutionId"":""korle-bu-teaching-hospital"",""source"":""capacity_building_users_import""}"
2026-09-17T23:01:57.726Z,,bulk-import-script,user_created,user,gIUu4lw3PWUFuZSotSNSDY5yvzC3,"{""email"":""johnasubonteng91@gmail.com"",""role"":""mda_user"",""institutionId"":""narcotics-control-commission"",""source"":""capacity_building_users_import""}"
2026-09-17T23:02:00.644Z,,bulk-import-script,user_created,user,jkj2p3a9WqNfmYqy394NmVyR9yF2,"{""email"":""anabella.arthur@mot.gov.gh"",""role"":""mda_user"",""institutionId"":""ministry-of-transport"",""source"":""capacity_building_users_import""}"
2026-09-17T23:02:03.848Z,,bulk-import-script,user_created,user,Vrhmm2R4mObV6B1t6WMtNfF36442,"{""email"":""lawoe.bright@northernrcc.gov.gh"",""role"":""mda_user"",""institutionId"":""northern-regional-coordinating-council"",""source"":""capacity_building_users_import""}"
2026-09-17T23:02:06.978Z,,bulk-import-script,user_created,user,0ZwisokYRyMD3VQ8wha8qwI6nCj1,"{""email"":""henrynsoh@gmail.com"",""role"":""mda_user"",""institutionId"":""ghana-national-fire-service"",""source"":""capacity_building_users_import""}"
2026-09-17T23:02:09.176Z,,bulk-import-script,user_created,user,vbkAGXTi2rZXBtgdyTYhbkvbimG3,"{""email"":""sarah.boamahduah@lgs.gov.gh"",""role"":""mda_user"",""institutionId"":""office-of-the-head-of-local-government-service"",""source"":""capacity_building_users_import""}"
2026-09-17T23:02:12.555Z,,bulk-import-script,user_created,user,tTvurJwoGNUdnPPk450ljUQvn1Z2,"{""email"":""zenaida.gumah@uercc.gov.gh"",""role"":""mda_user"",""institutionId"":""upper-east-regional-coordinating-council"",""source"":""capacity_building_users_import""}"
2026-09-17T23:02:16.206Z,,bulk-import-script,user_created,user,xpayNY7mgAQUVorBeWrrfF8niFu1,"{""email"":""ampemdarkojohn@yahoo.com"",""role"":""mda_user"",""institutionId"":""eastern-regional-coordinating-council"",""source"":""capacity_building_users_import""}"
2026-09-17T23:02:18.895Z,,bulk-import-script,user_created,user,snQoIEWuzjO1hlID2x5vlhU8B9y1,"{""email"":""gabbyakasom@gmail.com"",""role"":""mda_user"",""institutionId"":""ghana-national-fire-service"",""source"":""capacity_building_users_import""}"
2026-09-17T23:02:22.361Z,,bulk-import-script,user_created,user,Rt3IAmB7apZobMM1TVRvLEQStMT2,"{""email"":""iatregistrarsoffice@gmail.com"",""role"":""mda_user"",""institutionId"":""institute-of-accountancy-training"",""source"":""capacity_building_users_import""}"
2026-09-17T23:02:25.203Z,,bulk-import-script,user_created,user,AJput5hE4DbyOuABJ7d5XjPvfks1,"{""email"":""karenasiamah@gmail.com"",""role"":""mda_user"",""institutionId"":""ministry-of-environment-science-technology-and-innovation"",""source"":""capacity_building_users_import""}"
2026-09-17T23:02:27.801Z,,bulk-import-script,user_created,user,BbSiFWKIScSCI8HpGqn7SNCgq852,"{""email"":""nancy.boakye-amankwah@csa.gov.gh"",""role"":""mda_user"",""institutionId"":""cyber-security-authority"",""source"":""capacity_building_users_import""}"
2026-09-17T23:02:30.448Z,,bulk-import-script,user_created,user,Q37Xerq8NHaOAE9aHS8mJxJrikV2,"{""email"":""joel.tetteh@mincom.gov.gh"",""role"":""mda_user"",""institutionId"":""minerals-commission"",""source"":""capacity_building_users_import""}"
2026-09-17T23:02:34.030Z,,bulk-import-script,user_created,user,HDT7JJQakCNqJmhPJNSEqSEU5eP2,"{""email"":""chelseaasare27@gmail.com"",""role"":""mda_user"",""institutionId"":""minerals-commission"",""source"":""capacity_building_users_import""}"
2026-09-17T23:02:37.040Z,,bulk-import-script,user_created,user,SB7bI7bDKQfq8wwbkjjkbrWlnPG3,"{""email"":""rhodamensah18@gmail.com"",""role"":""mda_user"",""institutionId"":""national-teaching-council"",""source"":""capacity_building_users_import""}"
2026-09-17T23:02:39.762Z,,bulk-import-script,user_created,user,ZyiQpAZq8uSW8RLeOyzGH0SqXdC3,"{""email"":""ken.boateng@mogcsp.gov.gh"",""role"":""mda_user"",""institutionId"":""ministry-of-gender-children-and-social-protection"",""source"":""capacity_building_users_import""}"
2026-09-17T23:02:42.058Z,,bulk-import-script,user_created,user,L55rYeHUTFhgvKxOV94ZtX7koda2,"{""email"":""addylamptey77@gmail.com"",""role"":""mda_user"",""institutionId"":""ghana-national-fire-service"",""source"":""capacity_building_users_import""}"
2026-09-17T23:02:44.598Z,,bulk-import-script,user_created,user,Iqy0uuFlqtc2neG91KcRK6S9Dd73,"{""email"":""dianaaddae6@gmail.com"",""role"":""mda_user"",""institutionId"":""national-sports-college-winneba"",""source"":""capacity_building_users_import""}"
2026-09-17T23:02:47.457Z,,bulk-import-script,user_created,user,EBJT352nrYaA6HfL5y8od1xkYNJ3,"{""email"":""sandrasiaw@yahoo.com"",""role"":""mda_user"",""institutionId"":""weija-gbawe-municipal-hospital"",""source"":""capacity_building_users_import""}"
2026-09-17T23:02:50.904Z,,bulk-import-script,user_created,user,Xyxt9p4qLqhA8kOj6Kov15lkn902,"{""email"":""asanteantiprince@gmail.com"",""role"":""mda_user"",""institutionId"":""national-teaching-council"",""source"":""capacity_building_users_import""}"
2026-09-17T23:02:53.586Z,,bulk-import-script,user_created,user,Ipj1W6cnPrW5krb7ScXK0yDbFgp2,"{""email"":""yawnyarko2009@yahoo.com"",""role"":""mda_user"",""institutionId"":""office-of-government-machinery"",""source"":""capacity_building_users_import""}"
2026-09-17T23:02:56.436Z,,bulk-import-script,user_created,user,ERzXNVtY5iZBS83TLotlAZdPHTv1,"{""email"":""spasamoah@gmail.com"",""role"":""mda_user"",""institutionId"":""council-for-scientific-and-industrial-research-csir"",""source"":""capacity_building_users_import""}"
2026-09-17T23:02:59.068Z,,bulk-import-script,user_created,user,3ZhA0JBY1nNzbG8N06jCC6U7cJi1,"{""email"":""james.kuofie@nra.gov.gh"",""role"":""mda_user"",""institutionId"":""nuclear-regulatory-authority"",""source"":""capacity_building_users_import""}"
2026-09-17T23:03:02.086Z,,bulk-import-script,user_created,user,9v5gwcHqf1eefUHK6tlxsuXrdDF3,"{""email"":""prince.andoh@ncpd.gov.gh"",""role"":""mda_user"",""institutionId"":""national-council-on-persons-with-disability"",""source"":""capacity_building_users_import""}"
2026-09-17T23:03:04.816Z,,bulk-import-script,user_created,user,ON3BrNeb29bsmASdVztSdPDyQwH2,"{""email"":""abigail.otoo@chraj.gov.gh"",""role"":""mda_user"",""institutionId"":""commission-on-human-rights-and-administrative-justice"",""source"":""capacity_building_users_import""}"
2026-09-17T23:03:07.707Z,,bulk-import-script,user_created,user,vCioILTCmMdTCB4MBzjJI5vH82u1,"{""email"":""leonard.nunoo@ohcs.gov.gh"",""role"":""mda_user"",""institutionId"":""office-of-the-head-of-civil-service"",""source"":""capacity_building_users_import""}"
2026-09-17T23:03:10.720Z,,bulk-import-script,user_created,user,A0ugnk8cppbO2lmUGrcaOioTgCH2,"{""email"":""maxwell.lamptey@ohcs.gov.gh"",""role"":""mda_user"",""institutionId"":""office-of-the-head-of-civil-service"",""source"":""capacity_building_users_import""}"
2026-09-17T23:03:14.099Z,,bulk-import-script,user_created,user,Snh19BJccTT9t2XmUULLpwqElva2,"{""email"":""jones.agyei@nra.gov.gh"",""role"":""mda_user"",""institutionId"":""nuclear-regulatory-authority"",""source"":""capacity_building_users_import""}"
2026-09-17T23:03:17.399Z,,bulk-import-script,user_created,user,Zhs8I99ScDRGRqhd3BombqJIk143,"{""email"":""jayim@mint.gov.gh"",""role"":""mda_user"",""institutionId"":""ministry-of-the-interior"",""source"":""capacity_building_users_import""}"
2026-09-17T23:03:20.618Z,,bulk-import-script,user_created,user,x6luwVRvIYcbXjqCFEvonmd0icB3,"{""email"":""raymondsackey27@yahoo.com"",""role"":""mda_user"",""institutionId"":""ghana-refugee-board"",""source"":""capacity_building_users_import""}"
2026-09-17T23:03:23.600Z,,bulk-import-script,user_created,user,8TEwUSDDUJed2HMzsmfRjxIhr553,"{""email"":""leonard.ankrah@gmail.com"",""role"":""mda_user"",""institutionId"":""department-of-rural-housing"",""source"":""capacity_building_users_import""}"
2026-09-17T23:03:26.766Z,,bulk-import-script,user_created,user,KbOn4bQLVuPUp9HvV1w7J97VrL73,"{""email"":""eboascot@yahoo.com"",""role"":""mda_user"",""institutionId"":""national-development-planning-commission"",""source"":""capacity_building_users_import""}"
2026-09-17T23:03:29.533Z,,bulk-import-script,user_created,user,L376SRMf31S5b3dc2srboocF24O2,"{""email"":""elormnyat@gmail.com"",""role"":""mda_user"",""institutionId"":""ministry-of-lands-and-natural-resources"",""source"":""capacity_building_users_import""}"
2026-09-17T23:03:31.942Z,,bulk-import-script,user_created,user,Nf2VtaMe4NT5zEdAveCGNkO7qj22,"{""email"":""solomon.appiah@gamingcommission.gov.gh"",""role"":""mda_user"",""institutionId"":""gaming-commission"",""source"":""capacity_building_users_import""}"
2026-09-17T23:03:34.842Z,,bulk-import-script,user_created,user,CUy5EQyyznTNOuKUNvcHSnvI0Qi1,"{""email"":""theosoba@gmail.com"",""role"":""mda_user"",""institutionId"":""council-for-scientific-and-industrial-research-csir"",""source"":""capacity_building_users_import""}"
2026-09-17T23:03:37.918Z,,bulk-import-script,user_created,user,YS8bMxUrukMwZggC6vYbwyguhuk1,"{""email"":""yeboahemmanuel91@yahoo.com"",""role"":""mda_user"",""institutionId"":""information-services-department"",""source"":""capacity_building_users_import""}"
2026-09-17T23:03:41.078Z,,bulk-import-script,user_created,user,UR04SNIbAQNnodpFnUvmnkgM8im2,"{""email"":""emmanuelamooba86@gmail.com"",""role"":""mda_user"",""institutionId"":""department-of-community-development"",""source"":""capacity_building_users_import""}"
2026-09-17T23:03:44.007Z,,bulk-import-script,user_created,user,qnzxeglhFbMp8WrONzkm2PQMpou1,"{""email"":""owusuaa436@gmail.com"",""role"":""mda_user"",""institutionId"":""controller-and-accountant-general-s-department"",""source"":""capacity_building_users_import""}"
2026-09-17T23:03:46.218Z,,bulk-import-script,user_created,user,iomf0rG1GKNxNRuVpjbocWZFuWx1,"{""email"":""magnus.amoa-bosompem@pcsrc.gov.gh"",""role"":""mda_user"",""institutionId"":""postal-and-courier-services-regulatory-commission"",""source"":""capacity_building_users_import""}"
2026-09-17T23:03:49.025Z,,bulk-import-script,user_created,user,6IwNJoaJeDfBSIgcGZM0Rft2MxJ3,"{""email"":""agy.asomaniwinifred@gmail.com"",""role"":""mda_user"",""institutionId"":""ghana-national-fire-service"",""source"":""capacity_building_users_import""}"
2026-09-17T23:03:52.287Z,,bulk-import-script,user_created,user,ySt7JrUtLoU6SL5xLv4THcEhpSP2,"{""email"":""eric.mante-bediako@motcca.gov.gh"",""role"":""mda_user"",""institutionId"":""ministry-of-tourism-culture-and-creative-arts"",""source"":""capacity_building_users_import""}"
2026-09-17T23:03:55.594Z,,bulk-import-script,user_created,user,oyKVnZnjBQPlKhzqM3SsquJU60P2,"{""email"":""jeffreyboat3@gmail.com"",""role"":""mda_user"",""institutionId"":""kwame-nkrumah-memorial-park"",""source"":""capacity_building_users_import""}"
2026-09-17T23:03:59.095Z,,bulk-import-script,user_created,user,zeSVZDQqMJORmCYI8AyLTVFTwf83,"{""email"":""ntaddymorton@energycom.gov.gh"",""role"":""mda_user"",""institutionId"":""energy-commission"",""source"":""capacity_building_users_import""}"
2026-09-17T23:04:02.700Z,,bulk-import-script,user_created,user,Q6giAQZ4klfIMVszDOqBVf01npz1,"{""email"":""samuel.sieh@nia.gov.gh"",""role"":""mda_user"",""institutionId"":""national-identification-authority"",""source"":""capacity_building_users_import""}"
2026-09-17T23:04:06.017Z,,bulk-import-script,user_created,user,qLkpP0IbPVdQzCsqfFenS8lhfx52,"{""email"":""mavis.sackey@yahoo.com"",""role"":""mda_user"",""institutionId"":""ghana-museums-and-monuments-board"",""source"":""capacity_building_users_import""}"
2026-09-17T23:04:09.288Z,,bulk-import-script,user_created,user,eVkL6VnC2lUTQiZPNyBdj9aaCDr1,"{""email"":""fmahama@energycom.gov.gh"",""role"":""mda_user"",""institutionId"":""energy-commission"",""source"":""capacity_building_users_import""}"
2026-09-17T23:04:13.094Z,,bulk-import-script,user_created,user,z6PWd93GarNzzVMSAFt12ZbbVoj1,"{""email"":""pkaleku@energycom.gov.gh"",""role"":""mda_user"",""institutionId"":""energy-commission"",""source"":""capacity_building_users_import""}"
2026-09-17T23:04:15.198Z,,bulk-import-script,user_created,user,X0UJToifk5MGQV8A8zlWBa2f1Lr2,"{""email"":""naomi.yirenkyi@moc.gov.gh"",""role"":""mda_user"",""institutionId"":""ministry-of-communications-digital-technology-and-innovations"",""source"":""capacity_building_users_import""}"
2026-09-17T23:04:17.669Z,,bulk-import-script,user_created,user,Z2PudjsihAYzS3J4UUETXUOTcBF2,"{""email"":""bendo2g9@yahoo.com"",""role"":""mda_user"",""institutionId"":""ghana-tourism-authority"",""source"":""capacity_building_users_import""}"
2026-09-17T23:04:20.756Z,,bulk-import-script,user_created,user,NKNOi6RzvUQ6PxNKOHOzQkvCf8G2,"{""email"":""frank.owusu@ncpd.gov.gh"",""role"":""mda_user"",""institutionId"":""national-council-on-persons-with-disability"",""source"":""capacity_building_users_import""}"
2026-09-17T23:04:24.072Z,,bulk-import-script,user_created,user,EbvlVj8IcCglCb3VfC5atI96yBB3,"{""email"":""qobbiec@gmail.com"",""role"":""mda_user"",""institutionId"":""ghana-tourism-authority"",""source"":""capacity_building_users_import""}"
2026-09-17T23:04:27.741Z,,bulk-import-script,user_created,user,KlycCqX7k4RqWO4it9QSGbUmXTY2,"{""email"":""sally.gborglah@motcca.gov.gh"",""role"":""mda_user"",""institutionId"":""ministry-of-tourism-culture-and-creative-arts"",""source"":""capacity_building_users_import""}"
2026-09-17T23:04:30.927Z,,bulk-import-script,user_created,user,7BmZRCRtSZariq8quhqkRukqbkf2,"{""email"":""eliezeroseibempong25@gmail.com"",""role"":""mda_user"",""institutionId"":""ghana-tourism-authority"",""source"":""capacity_building_users_import""}"
2026-09-17T23:04:33.950Z,,bulk-import-script,user_created,user,BkECqXnvhIXn4kaXTv87UbQPKuO2,"{""email"":""gladys.kally@motcca.gov.gh"",""role"":""mda_user"",""institutionId"":""ministry-of-tourism-culture-and-creative-arts"",""source"":""capacity_building_users_import""}"
2026-09-17T23:04:36.662Z,,bulk-import-script,user_created,user,mXkNxH9psdW62ocGW4byfwNBsML2,"{""email"":""afimensah97@yahoo.com"",""role"":""mda_user"",""institutionId"":""ministry-of-tourism-culture-and-creative-arts"",""source"":""capacity_building_users_import""}"
2026-09-17T23:04:39.241Z,,bulk-import-script,user_created,user,EcX5U57e6McUtCcFDu1KK3vv0v52,"{""email"":""richard.boateng24@hotmail.com"",""role"":""mda_user"",""institutionId"":""microfinance-and-small-loans-centre-masloc"",""source"":""capacity_building_users_import""}"
2026-09-17T23:04:42.297Z,,bulk-import-script,user_created,user,W5iHdlRBfThjHx4ANUN7K3vZclF3,"{""email"":""alice.opoku-kontoh@nfa.gov.gh"",""role"":""mda_user"",""institutionId"":""national-film-authority"",""source"":""capacity_building_users_import""}"
2026-09-17T23:04:45.442Z,,bulk-import-script,user_created,user,fmtYpQhPCSeXJSU8JEwRH3gKuWT2,"{""email"":""aparry@energycom.gov.gh"",""role"":""mda_user"",""institutionId"":""energy-commission"",""source"":""capacity_building_users_import""}"
2026-09-17T23:04:48.609Z,,bulk-import-script,user_created,user,6heJXCn8eJWuqnbiWFN0n7nekn03,"{""email"":""elsieklufio@yahoo.co.uk"",""role"":""mda_user"",""institutionId"":""ministry-of-tourism-culture-and-creative-arts"",""source"":""capacity_building_users_import""}"
2026-09-17T23:04:51.501Z,,bulk-import-script,user_created,user,fxhrFd3W5GMSYBdqm1WhA3YCx1K2,"{""email"":""fridolinejnr@gmail.com"",""role"":""mda_user"",""institutionId"":""nuclear-regulatory-authority"",""source"":""capacity_building_users_import""}"
2026-09-17T23:04:54.162Z,,bulk-import-script,user_created,user,vym2MWzuSSbrMlB3b3C86aginOH2,"{""email"":""richard.quansah@mesti.gov.gh"",""role"":""mda_user"",""institutionId"":""ministry-of-environment-science-technology-and-innovation"",""source"":""capacity_building_users_import""}"
2026-09-17T23:04:57.478Z,,bulk-import-script,user_created,user,M0gbyzA3SwavvJgEjxMtPjYsGum1,"{""email"":""abigail.dwirah@ncpd.gov.gh"",""role"":""mda_user"",""institutionId"":""national-council-on-persons-with-disability"",""source"":""capacity_building_users_import""}"
2026-09-17T23:05:00.840Z,,bulk-import-script,user_created,user,4E56NdglXqUMKUMnP8NrSVK3BHk1,"{""email"":""zabdulaiwumbei@gmail.com"",""role"":""mda_user"",""institutionId"":""national-theatre-of-ghana"",""source"":""capacity_building_users_import""}"
2026-09-17T23:05:03.199Z,,bulk-import-script,user_created,user,kNmIKDftfVaSX7fjT0z0Hjk3Yf23,"{""email"":""gibayee@gmail.com"",""role"":""mda_user"",""institutionId"":""national-development-planning-commission"",""source"":""capacity_building_users_import""}"
2026-09-17T23:05:06.848Z,,bulk-import-script,user_created,user,mRmXLSnecaYIFyBgaCIXx6zbzGg2,"{""email"":""bright.oppong@mojagd.gov.gh"",""role"":""mda_user"",""institutionId"":""office-of-the-attorney-general-and-ministry-of-justice"",""source"":""capacity_building_users_import""}"
2026-09-17T23:05:09.616Z,,bulk-import-script,user_created,user,nWBIMLubrsaC0kzb30YvsEoRtp12,"{""email"":""stephenabofuor@gmail.com"",""role"":""mda_user"",""institutionId"":""controller-and-accountant-general-s-department"",""source"":""capacity_building_users_import""}"
2026-09-17T23:05:12.124Z,,bulk-import-script,user_created,user,nKgBLeiBckeaYah4IXhmOIQ4bvg2,"{""email"":""oabernard20@gmail.com"",""role"":""mda_user"",""institutionId"":""office-of-the-attorney-general-and-ministry-of-justice"",""source"":""capacity_building_users_import""}"
2026-09-17T23:05:15.238Z,,bulk-import-script,user_created,user,02jemBXuYGcobFVctyyLB55dID32,"{""email"":""felixiaoz@yahoo.com"",""role"":""mda_user"",""institutionId"":""national-folklore-board"",""source"":""capacity_building_users_import""}"
2026-09-17T23:05:17.685Z,,bulk-import-script,user_created,user,yoynEuYgfjbV76gQLQHD7Ao9fbo2,"{""email"":""bortey.isaac-newton@audit.gov.gh"",""role"":""mda_user"",""institutionId"":""audit-service"",""source"":""capacity_building_users_import""}"
2026-09-17T23:05:20.670Z,,bulk-import-script,user_created,user,EkstII0wvHfUnwyrdN3FagT8yAT2,"{""email"":""francis.amesawu@gida.gov.gh"",""role"":""mda_user"",""institutionId"":""ghana-irrigation-development-authority"",""source"":""capacity_building_users_import""}"
2026-09-17T23:05:23.116Z,,bulk-import-script,user_created,user,3wuL4XO4Q7XPlBoAnHECn0lmcbc2,"{""email"":""nichole.abbey@fishcom.gov.gh"",""role"":""mda_user"",""institutionId"":""fisheries-commission"",""source"":""capacity_building_users_import""}"
2026-09-17T23:05:26.144Z,,bulk-import-script,user_created,user,aouemVl6gch6ERkU9oQCm1yl2W83,"{""email"":""daniel.sam53@yahoo.com"",""role"":""mda_user"",""institutionId"":""central-regional-coordinating-council"",""source"":""capacity_building_users_import""}"
2026-09-17T23:05:28.844Z,,bulk-import-script,user_created,user,2G4jArQDEHSGUSbXeqzr99WJxRi2,"{""email"":""theoflesv@gmail.com"",""role"":""mda_user"",""institutionId"":""ghana-museums-and-monuments-board"",""source"":""capacity_building_users_import""}"
2026-09-17T23:05:32.019Z,,bulk-import-script,user_created,user,tZ5ayRyRI3Nbl513NvKSDiuFP0W2,"{""email"":""abigailakwayisi@gmail.com"",""role"":""mda_user"",""institutionId"":""creative-arts-agency"",""source"":""capacity_building_users_import""}"
2026-09-17T23:05:34.842Z,,bulk-import-script,user_created,user,VBjU7kP2nUT1ynA4Qwp1w37wsLr2,"{""email"":""michael.amofah@nia.gov.gh"",""role"":""mda_user"",""institutionId"":""national-identification-authority"",""source"":""capacity_building_users_import""}"
2026-09-17T23:05:37.679Z,,bulk-import-script,user_created,user,pRtWHeox3BUA2Pzl6Mph5Ma7iUp1,"{""email"":""theowasty85@gmail.com"",""role"":""mda_user"",""institutionId"":""ghana-health-service-achimota-hospital"",""source"":""capacity_building_users_import""}"
2026-09-17T23:05:40.804Z,,bulk-import-script,user_created,user,l2HZxEihe9Zqs6R5OB7fRwJoJ7H2,"{""email"":""john.nketia@statsghana.gov.gh"",""role"":""mda_user"",""institutionId"":""ghana-statistical-service"",""source"":""capacity_building_users_import""}"
2026-09-17T23:05:43.950Z,,bulk-import-script,user_created,user,E0SRjl3rbkSQIAZC8jDzcdYKBH73,"{""email"":""kofieyiah@yahoo.co.uk"",""role"":""mda_user"",""institutionId"":""ministry-of-tourism-culture-and-creative-arts"",""source"":""capacity_building_users_import""}"
2026-09-17T23:05:46.703Z,,bulk-import-script,user_created,user,MvYl9aA73nc5GxAIQmM3yXsauHS2,"{""email"":""vida.ogoe@yahoo.co.uk"",""role"":""mda_user"",""institutionId"":""environmental-protection-agency"",""source"":""capacity_building_users_import""}"
2026-09-17T23:05:49.415Z,,bulk-import-script,user_created,user,PSyRA8bYb6Vj6aAb8CWN0b7Rdhu2,"{""email"":""eric.abrah@nya.gov.gh"",""role"":""mda_user"",""institutionId"":""national-youth-authority"",""source"":""capacity_building_users_import""}"
2026-09-17T23:05:52.346Z,,bulk-import-script,user_created,user,tLrz9W0wrRbcW5b8zMWvNgPU28W2,"{""email"":""benedict.sagoe@gdnr.org.gh"",""role"":""mda_user"",""institutionId"":""ghana-domain-name-registry"",""source"":""capacity_building_users_import""}"
2026-09-17T23:05:55.062Z,,bulk-import-script,user_created,user,h40w4fZKwSM2nzqXQqpXPPpjp1w1,"{""email"":""charleswireko96@gmail.com"",""role"":""mda_user"",""institutionId"":""national-commission-on-culture"",""source"":""capacity_building_users_import""}"
2026-09-17T23:05:58.166Z,,bulk-import-script,user_created,user,U3qaumx2sZaoeF2xXML3rGAo4nY2,"{""email"":""lacquah02.law@gmail.com"",""role"":""mda_user"",""institutionId"":""ghana-museums-and-monuments-board"",""source"":""capacity_building_users_import""}"
2026-09-17T23:06:00.970Z,,bulk-import-script,user_created,user,0zIT7oSuTVVOh9lHvOFOADuWdn92,"{""email"":""eboakye@outlook.com"",""role"":""mda_user"",""institutionId"":""council-for-scientific-and-industrial-research-csir"",""source"":""capacity_building_users_import""}"
2026-09-17T23:06:03.799Z,,bulk-import-script,user_created,user,wz1k34NuZRWj0pIlUa5lF5p6Yu63,"{""email"":""yemohchris@gmail.com"",""role"":""mda_user"",""institutionId"":""ministry-of-lands-and-natural-resources"",""source"":""capacity_building_users_import""}"
2026-09-17T23:06:06.582Z,,bulk-import-script,user_created,user,gU0ZUut7KPPzhCVZHfBDOzEtE9J3,"{""email"":""kobina.sackey@mtcca.gov.gh"",""role"":""mda_user"",""institutionId"":""ministry-of-tourism-culture-and-creative-arts"",""source"":""capacity_building_users_import""}"
2026-09-17T23:06:09.489Z,,bulk-import-script,user_created,user,8eKcHleAwzdip0DCyqGGp2vsJZf2,"{""email"":""stephen.benyin@nhia.govgh"",""role"":""mda_user"",""institutionId"":""national-health-insurance-authority-nhia"",""source"":""capacity_building_users_import""}"
2026-09-17T23:06:11.802Z,,bulk-import-script,user_created,user,yqYY8dL22IfVwA4BTJBc43jEYZ73,"{""email"":""andrews.dzewoda@orc.gov.gh"",""role"":""mda_user"",""institutionId"":""office-of-the-registrar-of-companies"",""source"":""capacity_building_users_import""}"
2026-09-17T23:06:15.079Z,,bulk-import-script,user_created,user,8pftAVbxHvWhEjeKgjXEKgsmi5s1,"{""email"":""godfred.amponsah@myde.gov.gh"",""role"":""mda_user"",""institutionId"":""ministry-of-youth-development-and-empowerment"",""source"":""capacity_building_users_import""}"
2026-09-17T23:06:17.897Z,,bulk-import-script,user_created,user,urlXSCJBIzWdP2qJeAKnB1lPnLw1,"{""email"":""jerome.avornyo@csa.gov.gh"",""role"":""mda_user"",""institutionId"":""cyber-security-authority"",""source"":""capacity_building_users_import""}"
2026-09-17T23:06:20.402Z,,bulk-import-script,user_created,user,iPIWXI80GoZyronkAp5tv808KFR2,"{""email"":""brightod82@gmail.com"",""role"":""mda_user"",""institutionId"":""ghana-tourism-authority"",""source"":""capacity_building_users_import""}"
2026-09-17T23:06:23.297Z,,bulk-import-script,user_created,user,pBKOnIWDgnZu69leZwZBC51PW052,"{""email"":""akomahsafo@gmail.com"",""role"":""mda_user"",""institutionId"":""national-biosafety-authority"",""source"":""capacity_building_users_import""}"
2026-09-17T23:06:26.080Z,,bulk-import-script,user_created,user,FnsKC1nGG2MbPgtttwRltTCcGOk1,"{""email"":""georginaaziedorme@gmail.com"",""role"":""mda_user"",""institutionId"":""national-film-authority"",""source"":""capacity_building_users_import""}"
2026-09-17T23:06:28.466Z,,bulk-import-script,user_created,user,t4XBsJdO0YPMTuc0psradcVUxZv2,"{""email"":""ruth.agyeman@arcc.gov.gh"",""role"":""mda_user"",""institutionId"":""ashanti-regional-coordinating-council"",""source"":""capacity_building_users_import""}"
2026-09-17T23:06:31.195Z,,bulk-import-script,user_created,user,8n0LTRzQvJSy1MXXIS1AwFDpkqB3,"{""email"":""samgyan592@gmail.com"",""role"":""mda_user"",""institutionId"":""national-peace-council"",""source"":""capacity_building_users_import""}"
2026-09-17T23:06:34.189Z,,bulk-import-script,user_created,user,UKGCrDkq6KfPZGEnqXzgxsYlKps2,"{""email"":""antoaniette.ahiakpah@gta.gov.gh"",""role"":""mda_user"",""institutionId"":""ghana-tourism-authority"",""source"":""capacity_building_users_import""}"
2026-09-17T23:06:36.544Z,,bulk-import-script,user_created,user,FdlJq6NvEqZDFiB7Jrp3HvX7B4M2,"{""email"":""dillyoyou@yahoo.com"",""role"":""mda_user"",""institutionId"":""national-theatre-of-ghana"",""source"":""capacity_building_users_import""}"
2026-09-17T23:06:39.154Z,,bulk-import-script,user_created,user,WsHtdS0foMesfA1lHWSXUG405E12,"{""email"":""john.twumasi@myde.gov.gh"",""role"":""mda_user"",""institutionId"":""ministry-of-youth-development-and-empowerment"",""source"":""capacity_building_users_import""}"
2026-09-17T23:06:41.999Z,,bulk-import-script,user_created,user,hcTocnV8f5QY8ZXFwTIg4YVyekt1,"{""email"":""gmakan.wujangi@mint.gov.gh"",""role"":""mda_user"",""institutionId"":""ministry-of-the-interior"",""source"":""capacity_building_users_import""}"
2026-09-17T23:06:45.986Z,,bulk-import-script,user_created,user,VjwCN0WC6yNN0vHJYZfaLfqGCmG2,"{""email"":""doris.tsogbe@ncpd.gov.gh"",""role"":""mda_user"",""institutionId"":""national-council-on-persons-with-disability"",""source"":""capacity_building_users_import""}"
2026-09-17T23:06:49.161Z,,bulk-import-script,user_created,user,4XEDYhMvR7eDprPxfyaMh0Bcl8v2,"{""email"":""jacklinedenteh99@gmail.com"",""role"":""mda_user"",""institutionId"":""ghana-integrated-aluminium-development-corporation-giadec"",""source"":""capacity_building_users_import""}"
2026-09-17T23:06:51.601Z,,bulk-import-script,user_created,user,GKxBLzq6emWn9VlP124SulHHgg13,"{""email"":""yankey.jennie@gmail.com"",""role"":""mda_user"",""institutionId"":""ghana-integrated-aluminium-development-corporation-giadec"",""source"":""capacity_building_users_import""}"
2026-09-17T23:06:54.442Z,,bulk-import-script,user_created,user,c0kEwHntT0RoQ8CGsEhj5lrbz2F3,"{""email"":""thomas.assibi@csa.gov.gh"",""role"":""mda_user"",""institutionId"":""cyber-security-authority"",""source"":""capacity_building_users_import""}"
2026-09-17T23:06:57.408Z,,bulk-import-script,user_created,user,yWjFtjGrLNNGLPuZmPIMrpRIrJg2,"{""email"":""cedyank@yahoo.com"",""role"":""mda_user"",""institutionId"":""council-for-scientific-and-industrial-research-csir"",""source"":""capacity_building_users_import""}"
2026-09-17T23:06:59.816Z,,bulk-import-script,user_created,user,xDCYWQg0VlXAF5tMLciywJpKltC3,"{""email"":""lawrence.acolatse@cendlos.gov.gh"",""role"":""mda_user"",""institutionId"":""centre-for-national-distance-learning-and-open-schooling-cendlos"",""source"":""capacity_building_users_import""}"
2026-09-17T23:07:02.332Z,,bulk-import-script,user_created,user,0MSUjANjvJg0mxS8gpiytviXxwu1,"{""email"":""esther.amoah@mofaq.gov.gh"",""role"":""mda_user"",""institutionId"":""ministry-of-fisheries-aqua-culture-development"",""source"":""capacity_building_users_import""}"
2026-09-17T23:07:06.019Z,,bulk-import-script,user_created,user,e5jZTFDRSEWFd7FQOBQcPM4AWZ73,"{""email"":""owusuaa.boakye@ohcs.gov.gh"",""role"":""mda_user"",""institutionId"":""office-of-the-head-of-civil-service"",""source"":""capacity_building_users_import""}"
2026-09-17T23:07:08.964Z,,bulk-import-script,user_created,user,vmmFM42kEFc84hcmOxpprqfboNi1,"{""email"":""adiepenaampomah@gmail.com"",""role"":""mda_user"",""institutionId"":""ministry-of-lands-and-natural-resources"",""source"":""capacity_building_users_import""}"
2026-09-17T23:07:11.759Z,,bulk-import-script,user_created,user,JmK9qa82aQg4k4ZDYLNtYSN7UH43,"{""email"":""mumin.ibrahim21@gmail.com"",""role"":""mda_user"",""institutionId"":""ministry-of-lands-and-natural-resources"",""source"":""capacity_building_users_import""}"
2026-09-17T23:07:14.777Z,,bulk-import-script,user_created,user,QZcfavQTpvSgDPGxEXJ4vIzRgZY2,"{""email"":""naa-dromo.adzekwei@mosr.gov.gh"",""role"":""mda_user"",""institutionId"":""ministry-of-sports-and-recreation"",""source"":""capacity_building_users_import""}"
2026-09-17T23:07:17.475Z,,bulk-import-script,user_created,user,Any82k96A1WZ0v2kegiZbABKlVP2,"{""email"":""christyoppong3@gmail.com"",""role"":""mda_user"",""institutionId"":""ministry-of-youth-development-and-empowerment"",""source"":""capacity_building_users_import""}"
2026-09-17T23:07:20.759Z,,bulk-import-script,user_created,user,3wSZqI0hLoXNNa9Qj7N4lHRDDdD3,"{""email"":""ericusgarbi@gmail.com"",""role"":""mda_user"",""institutionId"":""office-of-the-registrar-of-companies"",""source"":""capacity_building_users_import""}"
2026-09-17T23:07:24.077Z,,bulk-import-script,user_created,user,7Sp9D4n94henaMfVatNbFwt1Cz93,"{""email"":""manunafi95@gmail.com"",""role"":""mda_user"",""institutionId"":""ghana-muslim-mission-college-of-education"",""source"":""capacity_building_users_import""}"
2026-09-17T23:07:27.176Z,,bulk-import-script,user_created,user,BTs6kpHtCnWFlHb9nBh9RU6Xh4H3,"{""email"":""hannah.payne@mesti.gov.gh"",""role"":""mda_user"",""institutionId"":""ministry-of-environment-science-technology-and-innovation"",""source"":""capacity_building_users_import""}"
2026-09-17T23:07:29.614Z,,bulk-import-script,user_created,user,N54jGVpSKxV56WoNVwGPPET88E53,"{""email"":""thomas.atuahene@arcc.gov.gh"",""role"":""mda_user"",""institutionId"":""ashanti-regional-coordinating-council"",""source"":""capacity_building_users_import""}"
2026-09-17T23:07:32.423Z,,bulk-import-script,user_created,user,APsulIFCqeWe4w7Iy9VdXxkRWbl1,"{""email"":""sheilaletsa@gmail.com"",""role"":""mda_user"",""institutionId"":""fisheries-commission"",""source"":""capacity_building_users_import""}"
2026-09-17T23:07:34.892Z,,bulk-import-script,user_created,user,F5tQ5qrv5nQo2jYofdnM6t5ZaJC2,"{""email"":""eyeboateng@yahoo.com"",""role"":""mda_user"",""institutionId"":""national-media-commission"",""source"":""capacity_building_users_import""}"
2026-09-17T23:07:37.661Z,,bulk-import-script,user_created,user,o4M4vYEdE8Uwel2M12J9M36FwIk1,"{""email"":""sylvester.wotordzor@orc.gov.gh"",""role"":""mda_user"",""institutionId"":""office-of-the-registrar-of-companies"",""source"":""capacity_building_users_import""}"
2026-09-17T23:07:40.940Z,,bulk-import-script,user_created,user,IyHbalMiCRWCDZ3EtCzvisynYyD2,"{""email"":""bright.boateng@csa.gov.gh"",""role"":""mda_user"",""institutionId"":""cyber-security-authority"",""source"":""capacity_building_users_import""}"
2026-09-17T23:07:43.942Z,,bulk-import-script,user_created,user,3geT71hap5fNeDvh8ltmWX8JZkq1,"{""email"":""faosei@energycom.gov.gh"",""role"":""mda_user"",""institutionId"":""energy-commission"",""source"":""capacity_building_users_import""}"
2026-09-17T23:07:46.962Z,,bulk-import-script,user_created,user,BC9cSGZ0k2NuanMk7NI9ztHEbrv1,"{""email"":""adjeikyereh@gmail.com"",""role"":""mda_user"",""institutionId"":""university-of-engineering-and-agricultural-sciences"",""source"":""capacity_building_users_import""}"
2026-09-17T23:07:49.407Z,,bulk-import-script,user_created,user,KunJk6akFdXWyapcOpkeBFo3Xf82,"{""email"":""veroadjie759@gmail.com"",""role"":""mda_user"",""institutionId"":""centre-for-plant-medicine-research"",""source"":""capacity_building_users_import""}"
2026-09-17T23:07:52.209Z,,bulk-import-script,user_created,user,r4rnCikIUjgz3sxkEFpMkvIi2At2,"{""email"":""isaacaduko@yahoo.com"",""role"":""mda_user"",""institutionId"":""ghana-museums-and-monuments-board"",""source"":""capacity_building_users_import""}"
2026-09-17T23:07:55.128Z,,bulk-import-script,user_created,user,5SbkpcNXz9hdPqRP9r3PuoAxTCa2,"{""email"":""ziemgifty@gmail.com"",""role"":""mda_user"",""institutionId"":""christ-the-teacher-college-of-education"",""source"":""capacity_building_users_import""}"
2026-09-17T23:07:57.922Z,,bulk-import-script,user_created,user,F5VTX04rEahFx4iaEgUidOIQk0q1,"{""email"":""aniaboeli@gmail.com"",""role"":""mda_user"",""institutionId"":""national-road-safety-authority"",""source"":""capacity_building_users_import""}"
2026-09-17T23:08:00.517Z,,bulk-import-script,user_created,user,XtCbxWPHx8PHoOA9KrrNqQnPjvt2,"{""email"":""emefa.tsagli@nra.gov.gh"",""role"":""mda_user"",""institutionId"":""nuclear-regulatory-authority"",""source"":""capacity_building_users_import""}"
2026-09-17T23:08:03.382Z,,bulk-import-script,user_created,user,RJSsvBY148e8CBL1xhVkBC5k1312,"{""email"":""bright.gyadu-addai@mofaq.gov.gh"",""role"":""mda_user"",""institutionId"":""ministry-of-fisheries-aqua-culture-development"",""source"":""capacity_building_users_import""}"
2026-09-17T23:08:05.822Z,,bulk-import-script,user_created,user,iwTxOBTWdDZNDlx4Vn9NfE60vko2,"{""email"":""anita.abruquah@bgl.gov.gh"",""role"":""mda_user"",""institutionId"":""bureau-of-ghana-languages"",""source"":""capacity_building_users_import""}"
2026-09-17T23:08:09.440Z,,bulk-import-script,user_created,user,H9t7qEDCZgZTINBymfuPZNam59O2,"{""email"":""rosemary.martey@bgl.gov.gh"",""role"":""mda_user"",""institutionId"":""bureau-of-ghana-languages"",""source"":""capacity_building_users_import""}"
2026-09-17T23:08:12.096Z,,bulk-import-script,user_created,user,ihxBZgbXv6X2xjBf9EblkzPnWVO2,"{""email"":""benewindy@gmail.com"",""role"":""mda_user"",""institutionId"":""community-22-polyclinic-ashaiman"",""source"":""capacity_building_users_import""}"
2026-09-17T23:08:15.571Z,,bulk-import-script,user_created,user,C8VReNogb7Wv09gyx7yx6dPsVXA2,"{""email"":""rita.boadu@orc.gov.gh"",""role"":""mda_user"",""institutionId"":""office-of-the-registrar-of-companies"",""source"":""capacity_building_users_import""}"
2026-09-17T23:08:18.378Z,,bulk-import-script,user_created,user,KO5dSKrAhtWxUpCJjn8YE7fkyNu2,"{""email"":""nanavirt@outlook.com"",""role"":""mda_user"",""institutionId"":""council-for-scientific-and-industrial-research-csir"",""source"":""capacity_building_users_import""}"
2026-09-17T23:08:21.131Z,,bulk-import-script,user_created,user,lJk4fiaa14US2SSvupCtUZa67IH2,"{""email"":""solo11159@gmail.com"",""role"":""mda_user"",""institutionId"":""ministry-of-lands-and-natural-resources"",""source"":""capacity_building_users_import""}"
2026-09-17T23:08:24.073Z,,bulk-import-script,user_created,user,w3AeMzm35iQe6h8t3JmUttQYCJG2,"{""email"":""elsie.lekettey@energymin.gov.gh"",""role"":""mda_user"",""institutionId"":""ministry-of-energy-and-green-transition"",""source"":""capacity_building_users_import""}"
2026-09-17T23:08:27.008Z,,bulk-import-script,user_created,user,Pg19ZSCYtBh2FOSIy2qZuoZLF222,"{""email"":""ahiatony2001@yahoo.com"",""role"":""mda_user"",""institutionId"":""council-for-scientific-and-industrial-research-csir"",""source"":""capacity_building_users_import""}"
2026-09-17T23:08:29.810Z,,bulk-import-script,user_created,user,4I73wVbWyJMRAkxUCO5X43FuGGD2,"{""email"":""gyirusaa24@gmail.com"",""role"":""mda_user"",""institutionId"":""national-commission-on-culture"",""source"":""capacity_building_users_import""}"
2026-09-17T23:08:32.389Z,,bulk-import-script,user_created,user,7Oi3wq38X7d90iPcCb9VJvQIpVf2,"{""email"":""johnnyamedeka@yahoo.com"",""role"":""mda_user"",""institutionId"":""council-for-scientific-and-industrial-research-csir"",""source"":""capacity_building_users_import""}"
2026-09-17T23:08:35.427Z,,bulk-import-script,user_created,user,nAq4UQGHuRPd5Wak6zKD7NpLmMJ2,"{""email"":""adjetey305@yahoo.com"",""role"":""mda_user"",""institutionId"":""council-for-scientific-and-industrial-research-csir"",""source"":""capacity_building_users_import""}"
2026-09-17T23:08:38.334Z,,bulk-import-script,user_created,user,w8eX4jeUCrPydGHtk91FY380xdx2,"{""email"":""cirocforthemen@gmail.com"",""role"":""mda_user"",""institutionId"":""national-disaster-management-organisation-nadmo"",""source"":""capacity_building_users_import""}"
2026-09-17T23:08:40.941Z,,bulk-import-script,user_created,user,wbmkJDaOzBY07NeuxLqbVhTNWGw1,"{""email"":""pomaa.antwi-darko@gbdc.gov.gh"",""role"":""mda_user"",""institutionId"":""ghana-book-development-council"",""source"":""capacity_building_users_import""}"
2026-09-17T23:08:44.103Z,,bulk-import-script,user_created,user,1LZfYpeypQUpEjulxlSA0mQbx7D3,"{""email"":""amakyeemma76@gmail.com"",""role"":""mda_user"",""institutionId"":""ghana-prisons-service"",""source"":""capacity_building_users_import""}"
2026-09-17T23:08:47.150Z,,bulk-import-script,user_created,user,jfuIMWSOj2VEIGuVF3ybARYFUxr2,"{""email"":""sulleymanawudu6@gmail.com"",""role"":""mda_user"",""institutionId"":""national-disaster-management-organisation-nadmo"",""source"":""capacity_building_users_import""}"
2026-09-17T23:08:50.076Z,,bulk-import-script,user_created,user,lyRfsPOKxdcxxvzOVboSrPl9mzC2,"{""email"":""kweiawaa@yahoo.com"",""role"":""mda_user"",""institutionId"":""national-theatre-of-ghana"",""source"":""capacity_building_users_import""}"
2026-09-17T23:08:52.658Z,,bulk-import-script,user_created,user,wSNvoVEQzdNF0d1pmRGY0PR3gcC2,"{""email"":""paula.oppong4@gmail.com"",""role"":""mda_user"",""institutionId"":""christ-the-teacher-college-of-education"",""source"":""capacity_building_users_import""}"
2026-09-17T23:08:55.110Z,,bulk-import-script,user_created,user,DCKKaxqTvye7SXb1eJo3jB8Q2R73,"{""email"":""nanayaw.ofori-agyei@epa.gov.gh"",""role"":""mda_user"",""institutionId"":""environmental-protection-agency"",""source"":""capacity_building_users_import""}"
2026-09-17T23:08:58.025Z,,bulk-import-script,user_created,user,yelrZMzk83gfpDcD2U1JkpuCfIj2,"{""email"":""richard.cobbinah@dfi.gov.gh"",""role"":""mda_user"",""institutionId"":""department-of-factories-inspectorate"",""source"":""capacity_building_users_import""}"
2026-09-17T23:09:00.859Z,,bulk-import-script,user_created,user,FjCxsFpl86f0TASpgNr6ifh31p23,"{""email"":""judithkyeraah@gmail.com"",""role"":""mda_user"",""institutionId"":""office-of-the-president"",""source"":""capacity_building_users_import""}"
2026-09-17T23:09:03.918Z,,bulk-import-script,user_created,user,kbbYA7c55xeLchjRUBSqUY9ytTZ2,"{""email"":""doreen.suglee@zicds.gov.gh"",""role"":""mda_user"",""institutionId"":""zongo-and-inner-city-development-secretariat"",""source"":""capacity_building_users_import""}"
2026-09-17T23:09:06.883Z,,bulk-import-script,user_created,user,ztA95G57DNUQyWA8oXpVqguThII2,"{""email"":""frankeyto1982@gmail.com"",""role"":""mda_user"",""institutionId"":""controller-and-accountant-general-s-department"",""source"":""capacity_building_users_import""}"
2026-09-17T23:09:09.796Z,,bulk-import-script,user_created,user,j9iJj0DLs0SQVcTxkUGEKtHf6Y42,"{""email"":""francisayahmint@gmail.com"",""role"":""mda_user"",""institutionId"":""national-media-commission"",""source"":""capacity_building_users_import""}"
2026-09-17T23:09:13.111Z,,bulk-import-script,user_created,user,wXrKD0sfc5RA8DYW3XmOcq5fwZy1,"{""email"":""osei.asibey@oop.gov.gh"",""role"":""mda_user"",""institutionId"":""office-of-government-machinery"",""source"":""capacity_building_users_import""}"
2026-09-17T23:09:15.875Z,,bulk-import-script,user_created,user,wLiAwBaJ0oMLxaMSBOoqNhOSN3f2,"{""email"":""glorianoi69@gmail.com"",""role"":""mda_user"",""institutionId"":""ministry-of-employment-and-labour-relations"",""source"":""capacity_building_users_import""}"
2026-09-17T23:09:18.566Z,,bulk-import-script,user_created,user,5ZHXOwQXF8YtQaSIAAEK7uE6NN42,"{""email"":""edwardarthur2g0@gmail.com"",""role"":""mda_user"",""institutionId"":""christian-health-association-of-ghana"",""source"":""capacity_building_users_import""}"
2026-09-17T23:09:20.765Z,,bulk-import-script,user_created,user,NK6dYikrI9XNwsZo3MXqmQoY4xs1,"{""email"":""gifty.sau@zicds.gov.gh"",""role"":""mda_user"",""institutionId"":""zongo-and-inner-city-development-secretariat"",""source"":""capacity_building_users_import""}"
2026-09-17T23:09:23.235Z,,bulk-import-script,user_created,user,sfJjJRldntMXXfhwaCaW4mfpEby2,"{""email"":""kumilee2003@yahoo.co.uk"",""role"":""mda_user"",""institutionId"":""ministry-of-lands-and-natural-resources"",""source"":""capacity_building_users_import""}"
2026-09-17T23:09:26.081Z,,bulk-import-script,user_created,user,nUYEVaWpllNUZ70LhgPMIaYGF3y2,"{""email"":""agnes.ofori-yeboah@nba.gov.gh"",""role"":""mda_user"",""institutionId"":""national-biosafety-authority"",""source"":""capacity_building_users_import""}"
2026-09-17T23:09:29.762Z,,bulk-import-script,user_created,user,1Y53hGDwTBYN1ItyjwQVgukmnH22,"{""email"":""joseph.kubi@nhia.gov.gh"",""role"":""mda_user"",""institutionId"":""national-health-insurance-authority-nhia"",""source"":""capacity_building_users_import""}"
2026-09-17T23:09:32.877Z,,bulk-import-script,user_created,user,SKeIdJ8johbEoaLz3FembLd17yG2,"{""email"":""franklyn026@gmail.com"",""role"":""mda_user"",""institutionId"":""national-disaster-management-organisation-nadmo"",""source"":""capacity_building_users_import""}"
2026-09-17T23:09:36.008Z,,bulk-import-script,user_created,user,sbcUqjjfUtNoMJW83Y1NeELYjq53,"{""email"":""bankimoun123@gmail.com"",""role"":""mda_user"",""institutionId"":""council-for-scientific-and-industrial-research-csir"",""source"":""capacity_building_users_import""}"
2026-09-17T23:09:39.003Z,,bulk-import-script,user_created,user,hHLZ1mD1MMg4mEEX572yH5o5Dkr1,"{""email"":""interestabi3@gmail.com"",""role"":""mda_user"",""institutionId"":""centre-for-national-distance-learning-and-open-schooling-cendlos"",""source"":""capacity_building_users_import""}"
2026-09-17T23:09:41.859Z,,bulk-import-script,user_created,user,v6D9ZP8FdlTEhO4wXbreBvOmCKx1,"{""email"":""ernestamoah1991@gmail.com"",""role"":""mda_user"",""institutionId"":""national-health-insurance-authority-nhia"",""source"":""capacity_building_users_import""}"
2026-09-17T23:09:44.592Z,,bulk-import-script,user_created,user,xNQIpVvVTKW1xZ6JPA7kdFXGWWC3,"{""email"":""naomi.abassah@motcca.gov.gh"",""role"":""mda_user"",""institutionId"":""ministry-of-tourism-culture-and-creative-arts"",""source"":""capacity_building_users_import""}"
2026-09-17T23:09:47.784Z,,bulk-import-script,user_created,user,9dPwVhMV0hXT6SG7IBc2S7wfSOt1,"{""email"":""nikoikenneth@gmail.com"",""role"":""mda_user"",""institutionId"":""ghana-statistical-service"",""source"":""capacity_building_users_import""}"
2026-09-17T23:09:50.756Z,,bulk-import-script,user_created,user,2VCRaHUK2ZM3ZTdO2GDX2kSPqJ03,"{""email"":""robert.akuoko@mint.gov.gh"",""role"":""mda_user"",""institutionId"":""ministry-of-the-interior"",""source"":""capacity_building_users_import""}"
2026-09-17T23:09:53.455Z,,bulk-import-script,user_created,user,iNpPgOTJFaPfWlkA8hl1pArlYoG3,"{""email"":""al-hassan.abdul@ktc.gov.gh"",""role"":""mda_user"",""institutionId"":""ministry-of-roads-and-highways"",""source"":""capacity_building_users_import""}"
2026-09-17T23:09:56.443Z,,bulk-import-script,user_created,user,L9ylxaGCERgTL2OSLavjKCZrYTm2,"{""email"":""piismaqer@gmail.com"",""role"":""mda_user"",""institutionId"":""department-of-community-development"",""source"":""capacity_building_users_import""}"
2026-09-17T23:09:59.596Z,,bulk-import-script,user_created,user,GifAuf8eN6e1RtQ0mTjrC2E8wvj1,"{""email"":""akua.adu-gyamfi@gbdc.gov.gh"",""role"":""mda_user"",""institutionId"":""ghana-book-development-council"",""source"":""capacity_building_users_import""}"
2026-09-17T23:10:02.148Z,,bulk-import-script,user_created,user,GJSxMDnQi8PsjiBCLAmuxxjMtrz2,"{""email"":""kafui.adamah@statsghana.gov.gh"",""role"":""mda_user"",""institutionId"":""ghana-statistical-service"",""source"":""capacity_building_users_import""}"
2026-09-17T23:10:06.455Z,,bulk-import-script,user_created,user,kPi28l0cVLNPqdehlBFh2ri39hl2,"{""email"":""djilahs@yahoo.com"",""role"":""mda_user"",""institutionId"":""national-disaster-management-organisation-nadmo"",""source"":""capacity_building_users_import""}"
2026-09-17T23:10:08.995Z,,bulk-import-script,user_created,user,69kLXI1q3Hc3tmbz7tIlOHfhL702,"{""email"":""godwin.quansah@labourdepartment.gov.gh"",""role"":""mda_user"",""institutionId"":""labour-department"",""source"":""capacity_building_users_import""}"
2026-09-17T23:10:11.551Z,,bulk-import-script,user_created,user,wSE4QAcKxqVezcyuuipZ90OX4i12,"{""email"":""gifty.tsatsu@melr.gov.gh"",""role"":""mda_user"",""institutionId"":""ministry-of-employment-and-labour-relations"",""source"":""capacity_building_users_import""}"
2026-09-17T23:10:14.892Z,,bulk-import-script,user_created,user,mHTqT7etgFOmsGtLwqboSe0LTgV2,"{""email"":""hayfordjkc@gmail.com"",""role"":""mda_user"",""institutionId"":""ghana-prisons-service"",""source"":""capacity_building_users_import""}"
2026-09-17T23:10:18.101Z,,bulk-import-script,user_created,user,7BwYNAs7P3dQ1Q6yFk7aglmTLuc2,"{""email"":""donchyna@yahoo.com"",""role"":""mda_user"",""institutionId"":""ministry-of-employment-and-labour-relations"",""source"":""capacity_building_users_import""}"
2026-09-17T23:10:21.309Z,,bulk-import-script,user_created,user,l3F8HkzXJEYdBlZq51DKLbNGeTh2,"{""email"":""niyi25032017@gmail.com"",""role"":""mda_user"",""institutionId"":""council-of-state"",""source"":""capacity_building_users_import""}"
2026-09-17T23:10:24.391Z,,bulk-import-script,user_created,user,Ar20knuLLmOlaNAfSlr1pk5Sib92,"{""email"":""rosemond70quansah@yahoo.com"",""role"":""mda_user"",""institutionId"":""management-development-and-productivity-institute"",""source"":""capacity_building_users_import""}"
2026-09-17T23:10:27.972Z,,bulk-import-script,user_created,user,03yVKK5lUOfhe1cuEZZMsgIhRaK2,"{""email"":""zinash4all@yahoo.com"",""role"":""mda_user"",""institutionId"":""ghana-co-operative-college"",""source"":""capacity_building_users_import""}"
2026-09-17T23:10:30.744Z,,bulk-import-script,user_created,user,0uU7vVxbJsUn2bUzvX3qRz5xUwP2,"{""email"":""irene.aryee@mdpi.gov.gh"",""role"":""mda_user"",""institutionId"":""management-development-and-productivity-institute"",""source"":""capacity_building_users_import""}"
2026-09-17T23:10:33.669Z,,bulk-import-script,user_created,user,FdHW2eNnM1g4a4lXP4Wm7ES0iJj2,"{""email"":""alfredkwame2005@gmail.com"",""role"":""mda_user"",""institutionId"":""management-development-and-productivity-institute"",""source"":""capacity_building_users_import""}"
2026-09-17T23:10:36.598Z,,bulk-import-script,user_created,user,p2JZul0w4acOQISaPgpR6DYCrsv1,"{""email"":""richard.abredu23@gmail.com"",""role"":""mda_user"",""institutionId"":""national-disaster-management-organisation-nadmo"",""source"":""capacity_building_users_import""}"
2026-09-17T23:10:39.636Z,,bulk-import-script,user_created,user,T8eJ8HiKHIVtnn7A4PmFDNTH6wG3,"{""email"":""omaneosei@gmail.com"",""role"":""mda_user"",""institutionId"":""ministry-of-gender-children-and-social-protection"",""source"":""capacity_building_users_import""}"
2026-09-17T23:10:42.749Z,,bulk-import-script,user_created,user,CTOzDnGBPtZWLQfEqkRDaiV8VBv1,"{""email"":""gifty.akoto@labourdepartment.gov.gh"",""role"":""mda_user"",""institutionId"":""labour-department"",""source"":""capacity_building_users_import""}"
2026-09-17T23:10:45.176Z,,bulk-import-script,user_created,user,E5q2j3V5nMP7rRBHspCYLZMAaH63,"{""email"":""jonathan.manu@nhia.gov.gh"",""role"":""mda_user"",""institutionId"":""national-health-insurance-authority-nhia"",""source"":""capacity_building_users_import""}"
2026-09-17T23:10:48.385Z,,bulk-import-script,user_created,user,tf7v6aKvppbajyhT9V1IggbnvoI2,"{""email"":""gabynapoleon14@gmail.com"",""role"":""mda_user"",""institutionId"":""labour-department"",""source"":""capacity_building_users_import""}"
2026-09-17T23:10:51.380Z,,bulk-import-script,user_created,user,jKKFGTsGeZWrM3QS5qK5JNZGmP52,"{""email"":""estherasambo631@gmail.com"",""role"":""mda_user"",""institutionId"":""department-of-community-development"",""source"":""capacity_building_users_import""}"
2026-09-17T23:10:54.004Z,,bulk-import-script,user_created,user,QLYkvvohBsO3F6DxrlArJPpkPJl2,"{""email"":""anthony.quansah@fairwages.gov.gh"",""role"":""mda_user"",""institutionId"":""fair-wages-and-salaries-commission"",""source"":""capacity_building_users_import""}"
2026-09-17T23:10:57.195Z,,bulk-import-script,user_created,user,eRef7JxUece9wkeZ80aEwzl2hZ62,"{""email"":""seciro2010@yahoo.com"",""role"":""mda_user"",""institutionId"":""gaming-commission"",""source"":""capacity_building_users_import""}"
2026-09-17T23:10:59.885Z,,bulk-import-script,user_created,user,JuZeIUEs2fQW5RMeFwg4WcYLO1w1,"{""email"":""jessica.ayim@mint.gov.gh"",""role"":""mda_user"",""institutionId"":""ministry-of-the-interior"",""source"":""capacity_building_users_import""}"
2026-09-17T23:11:02.925Z,,bulk-import-script,user_created,user,8wE1zWsykzRZ6afR29hu9s47hnc2,"{""email"":""ritaofori197@gmail.com"",""role"":""mda_user"",""institutionId"":""department-of-co-operatives"",""source"":""capacity_building_users_import""}"
2026-09-17T23:11:05.717Z,,bulk-import-script,user_created,user,GNb7PtnEnHRWqWoSnVojzqqXqdb2,"{""email"":""emmanuel.otutu@melr.gov.gh"",""role"":""mda_user"",""institutionId"":""ministry-of-employment-and-labour-relations"",""source"":""capacity_building_users_import""}"
2026-09-17T23:11:08.685Z,,bulk-import-script,user_created,user,5geLn9mgdQavM6o64m91kHGS5c72,"{""email"":""oseitutuelvis245@gmail.com"",""role"":""mda_user"",""institutionId"":""ghana-prisons-service"",""source"":""capacity_building_users_import""}"
2026-09-17T23:11:11.658Z,,bulk-import-script,user_created,user,5R1LgrGkRneGA942h4CiCGzmUQL2,"{""email"":""isaac.adorku@melr.gov.gh"",""role"":""mda_user"",""institutionId"":""ministry-of-employment-and-labour-relations"",""source"":""capacity_building_users_import""}"
2026-09-17T23:11:14.904Z,,bulk-import-script,user_created,user,qVgpTJ3U5zeCPup0xKKgrS3Kxuh1,"{""email"":""phran6ka@yahoo.com"",""role"":""mda_user"",""institutionId"":""gaming-commission"",""source"":""capacity_building_users_import""}"
2026-09-17T23:11:17.532Z,,bulk-import-script,user_created,user,vxGKuPpSDOYqpjOvMC4PLu3uGpo1,"{""email"":""roberta.ampadu@lgs.gov.gh"",""role"":""mda_user"",""institutionId"":""office-of-the-head-of-local-government-service"",""source"":""capacity_building_users_import""}"
2026-09-17T23:11:20.746Z,,bulk-import-script,user_created,user,WUTMnBswU9XJ94ipiOtVApxiFAv1,"{""email"":""matilgye@gmail.com"",""role"":""mda_user"",""institutionId"":""management-development-and-productivity-institute"",""source"":""capacity_building_users_import""}"
2026-09-17T23:11:23.717Z,,bulk-import-script,user_created,user,STcAQToEZPWlnOsvz1uW4AJpOLD2,"{""email"":""dappiah@mofep.gov.gh"",""role"":""mda_user"",""institutionId"":""ministry-of-finance"",""source"":""capacity_building_users_import""}"
2026-09-17T23:11:26.818Z,,bulk-import-script,user_created,user,V5KqOrNfsbfntJeL2xH1AM98OTf1,"{""email"":""sheba.djanie@melr.gov.gh"",""role"":""mda_user"",""institutionId"":""ministry-of-employment-and-labour-relations"",""source"":""capacity_building_users_import""}"
2026-09-17T23:11:29.603Z,,bulk-import-script,user_created,user,rjjGjNG0PUb2IVmTOgZyipf7UYJ2,"{""email"":""estherres34@gmail.com"",""role"":""mda_user"",""institutionId"":""greater-accra-regional-coordinating-council"",""source"":""capacity_building_users_import""}"
2026-09-17T23:11:32.625Z,,bulk-import-script,user_created,user,UHXwLJCdzTavlA7Yicz0Axuvn6z1,"{""email"":""fiifi.bruceghartey@gtvets.gov.gh"",""role"":""mda_user"",""institutionId"":""ghana-tvet-service"",""source"":""capacity_building_users_import""}"
2026-09-17T23:11:35.282Z,,bulk-import-script,user_created,user,7K6qYb9LFbOGwrEo5cSBY5T6INZ2,"{""email"":""joysenyo@gmail.com"",""role"":""mda_user"",""institutionId"":""ministry-of-employment-and-labour-relations"",""source"":""capacity_building_users_import""}"
2026-09-17T23:11:38.156Z,,bulk-import-script,user_created,user,WV9EvLJgs5TolxZXDXTrnwPTcZk1,"{""email"":""caro.lave@yahoo.com"",""role"":""mda_user"",""institutionId"":""ghana-tvet-service"",""source"":""capacity_building_users_import""}"
2026-09-17T23:11:40.924Z,,bulk-import-script,user_created,user,X7KhXW69MhaPx3ogyLUlWCqvGh52,"{""email"":""fouadsarpong@gmail.com"",""role"":""mda_user"",""institutionId"":""ghana-muslim-mission-college-of-education"",""source"":""capacity_building_users_import""}"
2026-09-17T23:11:43.475Z,,bulk-import-script,user_created,user,3apFf9IDFncwWT244KhloG2JsQG2,"{""email"":""dynanickyden@gmail.com"",""role"":""mda_user"",""institutionId"":""central-regional-coordinating-council"",""source"":""capacity_building_users_import""}"
2026-09-17T23:11:46.322Z,,bulk-import-script,user_created,user,HiUMKxc12vcEpFBDqGx1XUBEVaM2,"{""email"":""kofiaddoyobo551@gmail.com"",""role"":""mda_user"",""institutionId"":""national-road-safety-authority"",""source"":""capacity_building_users_import""}"
2026-09-17T23:11:50.009Z,,bulk-import-script,user_created,user,0flES48c5dYOu0RGGz2deLuk3mu2,"{""email"":""ali.yakubu@chag.rog.gh"",""role"":""mda_user"",""institutionId"":""christian-health-association-of-ghana"",""source"":""capacity_building_users_import""}"
2026-09-17T23:11:52.554Z,,bulk-import-script,user_created,user,wiwMjcnmRrYnwnq8rCzT7pyeI4i1,"{""email"":""eboxgh@gmail.com"",""role"":""mda_user"",""institutionId"":""road-maintenance-trust-fund"",""source"":""capacity_building_users_import""}"
2026-09-17T23:11:56.170Z,,bulk-import-script,user_created,user,K8BqgUrjodQn46RgaY0D0gmDpOY2,"{""email"":""eyendaw@ubids.edu.gh"",""role"":""mda_user"",""institutionId"":""management-development-and-productivity-institute"",""source"":""capacity_building_users_import""}"
2026-09-17T23:11:59.585Z,,bulk-import-script,user_created,user,mjeDmMGJOwQUfqJqfbVaoIuYRaB2,"{""email"":""abedadomako@gmail.com"",""role"":""mda_user"",""institutionId"":""national-council-for-curriculum-and-assessment"",""source"":""capacity_building_users_import""}"
2026-09-17T23:12:02.316Z,,bulk-import-script,user_created,user,O7vdnyBB5ihCRcf7jhE77az2Plg1,"{""email"":""sarmah33@gmail.com"",""role"":""mda_user"",""institutionId"":""national-commission-on-small-arms-and-light-weapons"",""source"":""capacity_building_users_import""}"
2026-09-17T23:12:05.329Z,,bulk-import-script,user_created,user,84E8LuZyBFX9ZO6XN8b19529P0Z2,"{""email"":""gbekorc@gmail.com"",""role"":""mda_user"",""institutionId"":""ghana-tvet-service"",""source"":""capacity_building_users_import""}"
2026-09-17T23:12:08.220Z,,bulk-import-script,user_created,user,00ZIbuQOzJZNOSDv5du5nsQaA8V2,"{""email"":""oppongemma5@gmail.com"",""role"":""mda_user"",""institutionId"":""community-water-and-sanitation-agency"",""source"":""capacity_building_users_import""}"
2026-09-17T23:12:10.765Z,,bulk-import-script,user_created,user,jgluYlMuoybOiCcgiuUylozdhmC3,"{""email"":""peter.prah@melr.govgh"",""role"":""mda_user"",""institutionId"":""ministry-of-employment-and-labour-relations"",""source"":""capacity_building_users_import""}"
2026-09-17T23:12:14.601Z,,bulk-import-script,user_created,user,PNk5qpe9zkYQmbnAtqrgysBqAUE3,"{""email"":""ericamesibotchway@gmail.com"",""role"":""mda_user"",""institutionId"":""zongo-and-inner-city-development-secretariat"",""source"":""capacity_building_users_import""}"
2026-09-17T23:12:17.435Z,,bulk-import-script,user_created,user,Jo2qxzr7GSST6PYFOPthSgagFh23,"{""email"":""askobeng@yahoo.co.uk"",""role"":""mda_user"",""institutionId"":""mental-health-authority"",""source"":""capacity_building_users_import""}"
2026-09-17T23:12:20.127Z,,bulk-import-script,user_created,user,2FiUrwTCtVYjOHKhSJlmW3M6QUt2,"{""email"":""rita.yali@peacecouncil.gov.gh"",""role"":""mda_user"",""institutionId"":""national-population-council"",""source"":""capacity_building_users_import""}"
2026-09-17T23:12:23.963Z,,bulk-import-script,user_created,user,Ojdb3CQPhHUKcWEsCS7uLDrd9ya2,"{""email"":""oseituruelvis245@gmail.com"",""role"":""mda_user"",""institutionId"":""ghana-prisons-service"",""source"":""capacity_building_users_import""}"
2026-09-17T23:12:27.187Z,,bulk-import-script,user_created,user,0e6BXjxlq1boNEVuqobZm4VdVnZ2,"{""email"":""lawkueem@gmail.com"",""role"":""mda_user"",""institutionId"":""labour-department"",""source"":""capacity_building_users_import""}"
2026-09-17T23:12:29.823Z,,bulk-import-script,user_created,user,nmZ7WsxeoWP8uqDhjTK7h7sa3Y12,"{""email"":""kwesi.anderson@nba.gov.gh"",""role"":""mda_user"",""institutionId"":""nba"",""source"":""capacity_building_users_import""}"
2026-09-17T23:12:33.543Z,,bulk-import-script,user_created,user,IFysiwM9nKY3zv77FfzRV8wp6tn1,"{""email"":""alex.quayson@gmail.com"",""role"":""mda_user"",""institutionId"":""ghana-tvet-service"",""source"":""capacity_building_users_import""}"
2026-09-17T23:12:36.437Z,,bulk-import-script,user_created,user,RzcI1eHVQ6aAoR0tVoOa4hDZiVf2,"{""email"":""kwakyealice@gmail.com"",""role"":""mda_user"",""institutionId"":""road-maintenance-trust-fund"",""source"":""capacity_building_users_import""}"
2026-09-17T23:12:39.416Z,,bulk-import-script,user_created,user,cfV3GG8FAKbgiDxxSA0R2Sbj1xA3,"{""email"":""prince.boateng@nacca.gov.gh"",""role"":""mda_user"",""institutionId"":""national-council-for-curriculum-and-assessment"",""source"":""capacity_building_users_import""}"
2026-09-17T23:12:42.413Z,,bulk-import-script,user_created,user,47KEvhLdwbgNn63cfwNKTQOp6pr1,"{""email"":""ali.yakubu@chag.org.gh"",""role"":""mda_user"",""institutionId"":""christian-health-association-of-ghana"",""source"":""capacity_building_users_import""}"
2026-09-17T23:12:45.179Z,,bulk-import-script,user_created,user,49xJqgC0jXO4oO9t8YaLRZejpWD3,"{""email"":""nyonatorb@gmail.com"",""role"":""mda_user"",""institutionId"":""ghana-immigration-service"",""source"":""capacity_building_users_import""}"
2026-09-17T23:12:47.955Z,,bulk-import-script,user_created,user,uhvpVqwq0URIkb7roMH4wpDIZp23,"{""email"":""kingsford.adu@nhia.gov.gh"",""role"":""mda_user"",""institutionId"":""national-health-insurance-authority-nhia"",""source"":""capacity_building_users_import""}"
2026-09-17T23:12:50.329Z,,bulk-import-script,user_created,user,BlFAvbzi3NSlZIC31idrsNxT2Hy1,"{""email"":""adwoa.kwakye@gtarcc.gov.gh"",""role"":""mda_user"",""institutionId"":""greater-accra-regional-coordinating-council"",""source"":""capacity_building_users_import""}"
2026-09-17T23:12:53.074Z,,bulk-import-script,user_created,user,3DkSEaPRZbPpYwiD12hVVHeVIz13,"{""email"":""samuel.boateng@nhia.gov.gh"",""role"":""mda_user"",""institutionId"":""national-health-insurance-authority-nhia"",""source"":""capacity_building_users_import""}"
2026-09-17T23:12:55.883Z,,bulk-import-script,user_created,user,kPSNzOa8vHaLyw8TyWXFNoxiaRy1,"{""email"":""francis.sarpong@labourdepartment.gov.gh"",""role"":""mda_user"",""institutionId"":""labour-department"",""source"":""capacity_building_users_import""}"
2026-09-17T23:12:59.148Z,,bulk-import-script,user_created,user,9Kwu4dSt8KWGk5mJF3Q2uYGsFd92,"{""email"":""sngmenkaara@yahoo.com"",""role"":""mda_user"",""institutionId"":""christian-health-association-of-ghana"",""source"":""capacity_building_users_import""}"
2026-09-17T23:13:01.828Z,,bulk-import-script,user_created,user,sNTafeESbJZ3AdFVBnXCuxkCLGJ2,"{""email"":""richard.mude@gbdc.gov.gh"",""role"":""mda_user"",""institutionId"":""ghana-book-development-council"",""source"":""capacity_building_users_import""}"
2026-09-17T23:13:04.821Z,,bulk-import-script,user_created,user,Ma3TXXmGbfUjPb3fc6NpF3Kuybw1,"{""email"":""nyarkomonica192@gmail.com"",""role"":""mda_user"",""institutionId"":""ghana-national-fire-service"",""source"":""capacity_building_users_import""}"
2026-09-17T23:13:08.225Z,,bulk-import-script,user_created,user,zFBCOWo22BQTF7f2yU1a8rjB76m2,"{""email"":""kwadwoantwi629@gmail.com"",""role"":""mda_user"",""institutionId"":""ghana-prisons-service"",""source"":""capacity_building_users_import""}"
2026-09-17T23:13:11.266Z,,bulk-import-script,user_created,user,busUs797oCP1iPvAHpBJqUIY4TF3,"{""email"":""emmanuel.kwao@mot.gov.gh"",""role"":""mda_user"",""institutionId"":""ministry-of-transport"",""source"":""capacity_building_users_import""}"
2026-09-17T23:13:14.377Z,,bulk-import-script,user_created,user,0V4UhdXpgIRY0TapZwGKMreZIKm2,"{""email"":""actionken@yahoo.com"",""role"":""mda_user"",""institutionId"":""ministry-of-education"",""source"":""capacity_building_users_import""}"
2026-09-17T23:13:17.228Z,,bulk-import-script,user_created,user,RsZkCinVKKOG6wvRecPypFEVkHW2,"{""email"":""gbz.kafui@iat.gov.gh"",""role"":""mda_user"",""institutionId"":""institute-of-accountancy-training"",""source"":""capacity_building_users_import""}"
2026-09-17T23:13:21.175Z,,bulk-import-script,user_created,user,zpv4xI9XISObWOVBcO7cRzc51s33,"{""email"":""michael.aryeh@highways.gov.gh"",""role"":""mda_user"",""institutionId"":""ghana-highway-authority"",""source"":""capacity_building_users_import""}"
2026-09-17T23:13:23.663Z,,bulk-import-script,user_created,user,sclR5MzkhqZu8c09PwAlZeNeuB12,"{""email"":""brentu.asor@mrh.gov.gh"",""role"":""mda_user"",""institutionId"":""ministry-of-roads-and-highways"",""source"":""capacity_building_users_import""}"
2026-09-17T23:13:26.043Z,,bulk-import-script,user_created,user,BQi7DqjFcQMRfsofy9tACWOwljd2,"{""email"":""brantuo.christopher@gmail.com"",""role"":""mda_user"",""institutionId"":""ghana-health-service"",""source"":""capacity_building_users_import""}"
2026-09-17T23:13:29.050Z,,bulk-import-script,user_created,user,LmvnNw0xcZWtxST5wA8GLRWLqan1,"{""email"":""bella.assignon@lac.gov.gh"",""role"":""mda_user"",""institutionId"":""legal-aid-commission"",""source"":""capacity_building_users_import""}"
2026-09-17T23:13:31.369Z,,bulk-import-script,user_created,user,8EQtKFxURGVTJw2P9lwS6YK21eC2,"{""email"":""jude.akoto@osp.gov.gh"",""role"":""mda_user"",""institutionId"":""office-of-the-special-prosecutor"",""source"":""capacity_building_users_import""}"
2026-09-17T23:13:35.183Z,,bulk-import-script,user_created,user,4ZpaEFk8TUgAyISnwRQgmuHr1Qx1,"{""email"":""agyan@mofep.gov.gh"",""role"":""mda_user"",""institutionId"":""ministry-of-finance"",""source"":""capacity_building_users_import""}"
2026-09-17T23:13:38.593Z,,bulk-import-script,user_created,user,IEj05lBfkrRfU9IYILyMQwCI2SW2,"{""email"":""stephieyankson@yahoo.com"",""role"":""mda_user"",""institutionId"":""ministry-of-defence"",""source"":""capacity_building_users_import""}"
2026-09-17T23:13:42.063Z,,bulk-import-script,user_created,user,Oqk5pkVD1ggN002oxjLQWZiWsyU2,"{""email"":""amabrentu@gmail.com"",""role"":""mda_user"",""institutionId"":""ministry-of-roads-and-highways"",""source"":""capacity_building_users_import""}"
2026-09-17T23:13:44.679Z,,bulk-import-script,user_created,user,hIV3MLnc0dhRjJfSxCwsEq7baRG2,"{""email"":""esselemmanuel1000@gmail.com"",""role"":""mda_user"",""institutionId"":""department-of-urban-roads"",""source"":""capacity_building_users_import""}"
2026-09-17T23:13:47.600Z,,bulk-import-script,user_created,user,ivarCwxsueOqPF2SHdSWxOKIDEr2,"{""email"":""nanaamatenegyaa@gmail.com"",""role"":""mda_user"",""institutionId"":""ministry-of-defence"",""source"":""capacity_building_users_import""}"
2026-09-17T23:13:50.937Z,,bulk-import-script,user_created,user,GmqztQGL60bDwLoBXOpdF71fjHC3,"{""email"":""enoch.batsa@chraj.gov.gh"",""role"":""mda_user"",""institutionId"":""commission-on-human-rights-and-administrative-justice"",""source"":""capacity_building_users_import""}"
2026-09-17T23:13:53.821Z,,bulk-import-script,user_created,user,Llgg5yRYCuWRHnDYBpUehZh7k1T2,"{""email"":""ruthafutukotey@gmail.com"",""role"":""mda_user"",""institutionId"":""ghana-highway-authority"",""source"":""capacity_building_users_import""}"
2026-09-17T23:13:56.419Z,,bulk-import-script,user_created,user,7M3ansDdpQh92LsYLP7J2XgmcWj1,"{""email"":""magdalene.adams@oop.gov.gh"",""role"":""mda_user"",""institutionId"":""office-of-the-president"",""source"":""capacity_building_users_import""}"
2026-09-17T23:13:59.619Z,,bulk-import-script,user_created,user,Iw6tU97COwPsGusyqauHHtDMpVK2,"{""email"":""dankyibediako@yahoo.com"",""role"":""mda_user"",""institutionId"":""community-water-and-sanitation-agency"",""source"":""capacity_building_users_import""}"
2026-09-17T23:14:02.274Z,,bulk-import-script,user_created,user,AOFgPwjcTESkB6Y40L4GwLuIBrf1,"{""email"":""edoughan@gtec.edu.gh"",""role"":""mda_user"",""institutionId"":""ghana-tertiary-education-commission-gtec"",""source"":""capacity_building_users_import""}"
2026-09-17T23:14:05.263Z,,bulk-import-script,user_created,user,sMZRcKa1uVQo0gBi4LYqLg7VzEF2,"{""email"":""mubarik.seidu@lac.gov.gh"",""role"":""mda_user"",""institutionId"":""legal-aid-commission"",""source"":""capacity_building_users_import""}"
2026-09-17T23:14:08.627Z,,bulk-import-script,user_created,user,QinqJOrsOfVDeoPeA355dAAxwpf2,"{""email"":""elizabethaduanokye@gmail.com"",""role"":""mda_user"",""institutionId"":""ministry-of-trade-and-industry"",""source"":""capacity_building_users_import""}"
2026-09-17T23:14:11.532Z,,bulk-import-script,user_created,user,1iIxrlgBWzVmwotZhV6QEIK6xCH2,"{""email"":""reginald.brimpong@gitc.gov.gh"",""role"":""mda_user"",""institutionId"":""ghana-international-trade-commission"",""source"":""capacity_building_users_import""}"
2026-09-17T23:14:14.364Z,,bulk-import-script,user_created,user,2kymHvROwIXAU4dKkEuPRUELfkU2,"{""email"":""eunice.addo@gitc.gov.gh"",""role"":""mda_user"",""institutionId"":""ghana-international-trade-commission"",""source"":""capacity_building_users_import""}"
2026-09-17T23:14:17.442Z,,bulk-import-script,user_created,user,xb9zoKKWZUMqz4bOTjCKc5loWVu2,"{""email"":""stephen.bonsu-mensah@gida.gov.gh"",""role"":""mda_user"",""institutionId"":""ghana-irrigation-development-authority"",""source"":""capacity_building_users_import""}"
2026-09-17T23:14:19.773Z,,bulk-import-script,user_created,user,FKgH3gBsyzYSip1sDZHgsej0NwC3,"{""email"":""prince.attoh-okine@mogcsp.gov.gh"",""role"":""mda_user"",""institutionId"":""ministry-of-gender-children-and-social-protection"",""source"":""capacity_building_users_import""}"
2026-09-17T23:14:23.138Z,,bulk-import-script,user_created,user,QRv3KBY48qUqEJycaNZoiBJzSOw1,"{""email"":""alfred.nartey@mogcsp.gov.gh"",""role"":""mda_user"",""institutionId"":""ministry-of-gender-children-and-social-protection"",""source"":""capacity_building_users_import""}"
2026-09-17T23:14:25.597Z,,bulk-import-script,user_created,user,ijiYPXSDuEgKPyLy6vqn28FPAN13,"{""email"":""kwesipossbley2017@gmail.com"",""role"":""mda_user"",""institutionId"":""ahmadiyya-muslim-health-service-ghana"",""source"":""capacity_building_users_import""}"
2026-09-17T23:14:28.886Z,,bulk-import-script,user_created,user,0GGSWUpMhJWypHHsnqRjYS4Syu12,"{""email"":""emilzash@yahoo.com"",""role"":""mda_user"",""institutionId"":""ghana-broadcasting-corporation"",""source"":""capacity_building_users_import""}"
2026-09-17T23:14:31.652Z,,bulk-import-script,user_created,user,ZegOKQOFxZXlosC8ExiPFxr2lzk1,"{""email"":""isaiah.kwofie@fishcom.gov.gh"",""role"":""mda_user"",""institutionId"":""fisheries-commission"",""source"":""capacity_building_users_import""}"
2026-09-17T23:14:34.208Z,,bulk-import-script,user_created,user,FaGaaW7pUtP9ZmBfnhXwfaXHVkM2,"{""email"":""tina.asante@gsa.gov.gh"",""role"":""mda_user"",""institutionId"":""ghana-standards-authority"",""source"":""capacity_building_users_import""}"
2026-09-17T23:14:36.874Z,,bulk-import-script,user_created,user,iItX49gwWPfvI2l4XzbpLkZ2RHT2,"{""email"":""nccehq@yahoo.com"",""role"":""mda_user"",""institutionId"":""ncce"",""source"":""capacity_building_users_import""}"
2026-09-17T23:14:40.188Z,,bulk-import-script,user_created,user,tdorrQcO8IbdidM1fdhtegvr7WK2,"{""email"":""lynda.coffie@mogcsp.gov.gh"",""role"":""mda_user"",""institutionId"":""ministry-of-gender-children-and-social-protection"",""source"":""capacity_building_users_import""}"
2026-09-17T23:14:43.027Z,,bulk-import-script,user_created,user,mQctYBtcmNeqalixTt3f428YFWq1,"{""email"":""lokko.frederick@mogcsp.gov.gh"",""role"":""mda_user"",""institutionId"":""ministry-of-gender-children-and-social-protection"",""source"":""capacity_building_users_import""}"
2026-09-17T23:14:45.296Z,,bulk-import-script,user_created,user,AwBP11h1HONSladkCJ1pqkdr0Hp2,"{""email"":""akuamoah.boateng24@gmail.com"",""role"":""mda_user"",""institutionId"":""commission-on-human-rights-and-administrative-justice"",""source"":""capacity_building_users_import""}"
2026-09-17T23:14:48.160Z,,bulk-import-script,user_created,user,d1zOisRPgsMatTzVqXkDAHPjOlK2,"{""email"":""ateluj77@gmail.com"",""role"":""mda_user"",""institutionId"":""gratis-foundation"",""source"":""capacity_building_users_import""}"
2026-09-17T23:14:51.203Z,,bulk-import-script,user_created,user,45TYoxBLv5hW2Rkvy5pA8TMHSTD2,"{""email"":""ezekiel.laryea@bdr.gov.gh"",""role"":""mda_user"",""institutionId"":""births-and-deaths-registry"",""source"":""capacity_building_users_import""}"
2026-09-17T23:14:53.574Z,,bulk-import-script,user_created,user,F9f5rFDpUEMD7U36sYgytzGBpc83,"{""email"":""andrew.aberye-mensah@gfza.gov.gh"",""role"":""mda_user"",""institutionId"":""ghana-free-zones-authority"",""source"":""capacity_building_users_import""}"
2026-09-17T23:14:56.667Z,,bulk-import-script,user_created,user,lZ4eV7BWc9d8nor22HMB3w2FrGq1,"{""email"":""tillydichem@gmail.com"",""role"":""mda_user"",""institutionId"":""national-development-planning-commission"",""source"":""capacity_building_users_import""}"
2026-09-17T23:14:59.708Z,,bulk-import-script,user_created,user,wmtgRid3I6Xya8zKDoIit0Y7FaH2,"{""email"":""frimpomaa.mantey@mofaq.gov.gh"",""role"":""mda_user"",""institutionId"":""ministry-of-fisheries-aqua-culture-development"",""source"":""capacity_building_users_import""}"
2026-09-17T23:15:02.288Z,,bulk-import-script,user_created,user,9TppXuN4UVXgz5YHIuk8HsMbujB3,"{""email"":""linda.ansate@mofaq.gov.gh"",""role"":""mda_user"",""institutionId"":""ministry-of-fisheries-aqua-culture-development"",""source"":""capacity_building_users_import""}"
2026-09-17T23:15:04.929Z,,bulk-import-script,user_created,user,8i7aazcRRgW5Dy5LGNPFf1Qp4242,"{""email"":""joseph.sarfo-mensah@masloc.gov.gh"",""role"":""mda_user"",""institutionId"":""microfinance-and-small-loans-centre-masloc"",""source"":""capacity_building_users_import""}"
2026-09-17T23:15:07.813Z,,bulk-import-script,user_created,user,MZ0mdh6KuQhOPUjnrfmaJcuwpUn1,"{""email"":""anthony.baidoo@iaa.gov.gh"",""role"":""mda_user"",""institutionId"":""internal-audit-agency"",""source"":""capacity_building_users_import""}"
2026-09-17T23:15:10.436Z,,bulk-import-script,user_created,user,88NHQcgatmhEPwScuW0nm036tV32,"{""email"":""benwus1@yahoo.com"",""role"":""mda_user"",""institutionId"":""ghana-tvet-service"",""source"":""capacity_building_users_import""}"
2026-09-17T23:15:13.522Z,,bulk-import-script,user_created,user,MICX3ARJAMTfgJmd9OdgwzY50wz2,"{""email"":""aseye.tinglafo@psrs.gov.gh"",""role"":""mda_user"",""institutionId"":""public-sector-reform-secretariat"",""source"":""capacity_building_users_import""}"
2026-09-17T23:15:16.463Z,,bulk-import-script,user_created,user,ZqnWEY9slvMLKnNMT1V27g59yB33,"{""email"":""mumuniisaiah@gmail.com"",""role"":""mda_user"",""institutionId"":""northern-development-authority"",""source"":""capacity_building_users_import""}"
2026-09-17T23:15:19.479Z,,bulk-import-script,user_created,user,Z0eu5PmKerUzTQVbw5JxzA8fir92,"{""email"":""stephanie.dey@moti.gov.gh"",""role"":""mda_user"",""institutionId"":""ministry-of-trade-and-industry"",""source"":""capacity_building_users_import""}"
2026-09-17T23:15:22.043Z,,bulk-import-script,user_created,user,hMxdumkCw8Re2luaMYhj4xqsnSr1,"{""email"":""akuedd@gmail.com"",""role"":""mda_user"",""institutionId"":""gratis-foundation"",""source"":""capacity_building_users_import""}"
2026-09-17T23:15:24.928Z,,bulk-import-script,user_created,user,C0vvfXt9I1QwZJB9xLpGs3ztSmX2,"{""email"":""abena.asare@mogcsp.gov.gh"",""role"":""mda_user"",""institutionId"":""ministry-of-gender-children-and-social-protection"",""source"":""capacity_building_users_import""}"
2026-09-17T23:15:27.318Z,,bulk-import-script,user_created,user,qi7QWq5ohzgTN6efEVZpnVgpowE2,"{""email"":""zeinabu.musah@gna.org.gh"",""role"":""mda_user"",""institutionId"":""ghana-news-agency"",""source"":""capacity_building_users_import""}"
2026-09-17T23:15:31.077Z,,bulk-import-script,user_created,user,vWzndJnoCpVzLvi2yYo5pYPgvum1,"{""email"":""pamela.coke@ohcs.gov.gh"",""role"":""mda_user"",""institutionId"":""office-of-the-head-of-civil-service"",""source"":""capacity_building_users_import""}"
2026-09-17T23:15:34.353Z,,bulk-import-script,user_created,user,Y8qsqooLTCdthrtpvml4rbgDzDb2,"{""email"":""godfred.bayee@ndpc.gov.gh"",""role"":""mda_user"",""institutionId"":""national-development-planning-commission"",""source"":""capacity_building_users_import""}"
2026-09-17T23:15:37.270Z,,bulk-import-script,user_created,user,VpuWhbSiyBXr0lLcBNg0jCCvkiH2,"{""email"":""nanbena@yahoo.com"",""role"":""mda_user"",""institutionId"":""ncce"",""source"":""capacity_building_users_import""}"
2026-09-17T23:15:40.168Z,,bulk-import-script,user_created,user,iD8J5CP5oJYuKXJvXwRaiX7cYTZ2,"{""email"":""monmatt14@yahoo.com"",""role"":""mda_user"",""institutionId"":""ncce"",""source"":""capacity_building_users_import""}"
2026-09-17T23:15:43.094Z,,bulk-import-script,user_created,user,zLs4fHVWTuXHuLKQ98PBGYJoiNU2,"{""email"":""sarah.quainoo@iaa.gov.gh"",""role"":""mda_user"",""institutionId"":""internal-audit-agency"",""source"":""capacity_building_users_import""}"
2026-09-17T23:15:46.478Z,,bulk-import-script,user_created,user,NJqK2ctcZAZIAu5ZLr0SS9i3I083,"{""email"":""philip.dzamesi@iaa.gov.gh"",""role"":""mda_user"",""institutionId"":""internal-audit-agency"",""source"":""capacity_building_users_import""}"
2026-09-17T23:15:49.751Z,,bulk-import-script,user_created,user,52ZxQbLfhQbEiABdhA348NSKTy13,"{""email"":""isaac.dwamena@scholarships.gov.gh"",""role"":""mda_user"",""institutionId"":""ghana-scholarships-authority"",""source"":""capacity_building_users_import""}"
2026-09-17T23:15:52.634Z,,bulk-import-script,user_created,user,hAEhJRfxYXgzxoVr2QBYNkI8sgj1,"{""email"":""joshua.asiedu@mogcsp.gov.gh"",""role"":""mda_user"",""institutionId"":""ministry-of-gender-children-and-social-protection"",""source"":""capacity_building_users_import""}"
2026-09-17T23:15:55.226Z,,bulk-import-script,user_created,user,1oDnebO4NjX0UsXT7vC2RMhkEnv1,"{""email"":""lottydear55@gmail.com"",""role"":""mda_user"",""institutionId"":""diaspora-affairs-office"",""source"":""capacity_building_users_import""}"
2026-09-17T23:15:57.981Z,,bulk-import-script,user_created,user,FVFA9USGSNVdgh5zxoL8cc0bVEu2,"{""email"":""osuabaeffrim@gmail.com"",""role"":""mda_user"",""institutionId"":""ministry-of-roads-and-highways"",""source"":""capacity_building_users_import""}"
2026-09-17T23:16:00.894Z,,bulk-import-script,user_created,user,wokONA0ro7TcUe9qNMhIn6TButj1,"{""email"":""samuel.attoh-okine@ohcs.gov.gh"",""role"":""mda_user"",""institutionId"":""office-of-the-head-of-civil-service"",""source"":""capacity_building_users_import""}"
2026-09-17T23:16:04.367Z,,bulk-import-script,user_created,user,ja1PuWyxX4UMH4Nme6MMAPSb68g2,"{""email"":""ocanseynathan7@gmail.com"",""role"":""mda_user"",""institutionId"":""ministry-of-gender-children-and-social-protection"",""source"":""capacity_building_users_import""}"
2026-09-17T23:16:07.350Z,,bulk-import-script,user_created,user,MbJmDRnVpHXxuoxDgoXQpCs5Xkm2,"{""email"":""fisca233@gmail.com"",""role"":""mda_user"",""institutionId"":""national-security-council-secretariat"",""source"":""capacity_building_users_import""}"
2026-09-17T23:16:10.442Z,,bulk-import-script,user_created,user,mftWqOOrDKWc9XVvu553WMm7AMs2,"{""email"":""enyaahyamoah@gmail.com"",""role"":""mda_user"",""institutionId"":""office-of-government-machinery"",""source"":""capacity_building_users_import""}"
2026-09-17T23:16:13.254Z,,bulk-import-script,user_created,user,PaBZkfgjrtfLrz5CzMh5NNQEtpx1,"{""email"":""nuhuibrahim@yahoo.com"",""role"":""mda_user"",""institutionId"":""ministry-of-food-and-agriculture"",""source"":""capacity_building_users_import""}"
2026-09-17T23:16:16.062Z,,bulk-import-script,user_created,user,BmIc8TCtglMUhjXV8ra0n2yKCmn1,"{""email"":""bernard.owusu@ctvet.gov.gh"",""role"":""mda_user"",""institutionId"":""ghana-tvet-service"",""source"":""capacity_building_users_import""}"
2026-09-17T23:16:18.757Z,,bulk-import-script,user_created,user,zz4ZhtLKFJdddrMR4Z8xdSYtrv23,"{""email"":""mne1mrannan@yahoo.com"",""role"":""mda_user"",""institutionId"":""ministry-of-food-and-agriculture"",""source"":""capacity_building_users_import""}"
2026-09-17T23:16:21.772Z,,bulk-import-script,user_created,user,GcrgTvFZNBdB7zIMm11lElFKlR13,"{""email"":""seth.gyeketey@mogcsp.gov.gh"",""role"":""mda_user"",""institutionId"":""ministry-of-gender-children-and-social-protection"",""source"":""capacity_building_users_import""}"
2026-09-17T23:16:25.084Z,,bulk-import-script,user_created,user,jDDmpCglJxOdlWyecAHVeSZnQYh1,"{""email"":""zong996@gmail.com"",""role"":""mda_user"",""institutionId"":""ministry-of-roads-and-highways"",""source"":""capacity_building_users_import""}"
2026-09-17T23:16:27.907Z,,bulk-import-script,user_created,user,zpLHdbp732atNgqhYi9Fe9qTt6E3,"{""email"":""emmanuel.adu@ctvet.gov.gh"",""role"":""mda_user"",""institutionId"":""ghana-tvet-service"",""source"":""capacity_building_users_import""}"
2026-09-17T23:16:30.542Z,,bulk-import-script,user_created,user,QB9g7PJDyHTgOhhDSdMkpQNVLLG3,"{""email"":""eugene.tetteh@gipa.gov.gh"",""role"":""mda_user"",""institutionId"":""ghana-investment-promotion-authority"",""source"":""capacity_building_users_import""}"
2026-09-17T23:16:32.906Z,,bulk-import-script,user_created,user,qrLKzWmP1cVtseV2y5QqGWt1Xj22,"{""email"":""ato.arkhurst@gipa.gov.gh"",""role"":""mda_user"",""institutionId"":""ghana-investment-promotion-authority"",""source"":""capacity_building_users_import""}"
2026-09-17T23:16:35.581Z,,bulk-import-script,user_created,user,6tGFXiqjISdgeFrRlme8dMLnyMC3,"{""email"":""lovia.afoakwa@ndpc.gov.gh"",""role"":""mda_user"",""institutionId"":""national-development-planning-commission"",""source"":""capacity_building_users_import""}"
2026-09-17T23:16:38.406Z,,bulk-import-script,user_created,user,cP5ftHnhOnUCHmG8MaMMbHuel782,"{""email"":""ltackie-yaoboi@mida.gov.gh"",""role"":""mda_user"",""institutionId"":""millennium-development-authority-mida"",""source"":""capacity_building_users_import""}"
2026-09-17T23:16:40.975Z,,bulk-import-script,user_created,user,XGR72u5iaeO1QgunDNpDvXa5c2h2,"{""email"":""tkrichardtk@gmail.com"",""role"":""mda_user"",""institutionId"":""national-development-planning-commission"",""source"":""capacity_building_users_import""}"
2026-09-17T23:16:44.128Z,,bulk-import-script,user_created,user,mb4JM8nM1uQYedbjkR9VVycYRHb2,"{""email"":""davek347@gmail.com"",""role"":""mda_user"",""institutionId"":""national-security-council-secretariat"",""source"":""capacity_building_users_import""}"
2026-09-17T23:16:46.757Z,,bulk-import-script,user_created,user,3yn7AAsNpnNEHXXjuST3AYLHvS73,"{""email"":""albertoyk@yahoo.com"",""role"":""mda_user"",""institutionId"":""gratis-foundation"",""source"":""capacity_building_users_import""}"
2026-09-17T23:16:48.954Z,,bulk-import-script,user_created,user,K81p92W5uYS6GVfP7enloNFIDvE3,"{""email"":""roland.barnor@ohcs.gov.gh"",""role"":""mda_user"",""institutionId"":""office-of-the-head-of-civil-service"",""source"":""capacity_building_users_import""}"
2026-09-17T23:16:51.980Z,,bulk-import-script,user_created,user,P6HSChS3fEYH6iuDYyEBca7WVV13,"{""email"":""radiya.abdallah@gna.org.gh"",""role"":""mda_user"",""institutionId"":""ghana-news-agency"",""source"":""capacity_building_users_import""}"
2026-09-17T23:16:54.868Z,,bulk-import-script,user_created,user,lT9tnyDFl5RHmcxWakF7T0YSko73,"{""email"":""afoakwa.lovia@gmail.com"",""role"":""mda_user"",""institutionId"":""national-development-planning-commission"",""source"":""capacity_building_users_import""}"
2026-09-17T23:16:57.725Z,,bulk-import-script,user_created,user,TTPwXvsISxdMXFig67UDe9NQylG2,"{""email"":""eric.botchway@zicds.gov.gh"",""role"":""mda_user"",""institutionId"":""zongo-and-inner-city-development-secretariat"",""source"":""capacity_building_users_import""}"
2026-09-17T23:17:00.567Z,,bulk-import-script,user_created,user,GkkZgUET1KMIIwnGt5kzKkkAwcH2,"{""email"":""mashkaisa83@gmail.com"",""role"":""mda_user"",""institutionId"":""ministry-of-gender-children-and-social-protection"",""source"":""capacity_building_users_import""}"
2026-09-17T23:17:03.178Z,,bulk-import-script,user_created,user,kub8p0Y6XPbOXVlJvMtZ9HH554t1,"{""email"":""abigail.amankwah@luspa.gov.gh"",""role"":""mda_user"",""institutionId"":""luspa-mlgcra"",""source"":""capacity_building_users_import""}"
2026-09-17T23:17:06.074Z,,bulk-import-script,user_created,user,jMTPX5IKlqdRWxfZuQH3twca3Kx2,"{""email"":""lhssnmurtada@gmail.com"",""role"":""mda_user"",""institutionId"":""zongo-and-inner-city-development-secretariat"",""source"":""capacity_building_users_import""}"
2026-09-17T23:17:08.451Z,,bulk-import-script,user_created,user,V6jIV5A6ldWnSkFP7YGfPH8bEzO2,"{""email"":""fuseina.shaibu@fishcom.gov.gh"",""role"":""mda_user"",""institutionId"":""fisheries-commission"",""source"":""capacity_building_users_import""}"
2026-09-17T23:17:11.513Z,,bulk-import-script,user_created,user,6NvQtWfc7RMCwFt6nd3ObMLfg4E2,"{""email"":""paul.boye@gipa.gov.gh"",""role"":""mda_user"",""institutionId"":""ghana-investment-promotion-authority"",""source"":""capacity_building_users_import""}"
2026-09-17T23:17:14.576Z,,bulk-import-script,user_created,user,hVk6VBDHfle46xhp5EDM3X85O8w2,"{""email"":""nafisah.kadri@mogcsp.gov.gh"",""role"":""mda_user"",""institutionId"":""ministry-of-gender-children-and-social-protection"",""source"":""capacity_building_users_import""}"
2026-09-17T23:17:17.247Z,,bulk-import-script,user_created,user,pw8z1F4FrPgTu7hhuzqHkTZctW53,"{""email"":""ebotwi@mida.gov.gh"",""role"":""mda_user"",""institutionId"":""millennium-development-authority-mida"",""source"":""capacity_building_users_import""}"
2026-09-17T23:17:20.143Z,,bulk-import-script,user_created,user,ydv3OeQJx0TKowR05K0E74yVNMR2,"{""email"":""suleku.muniru@mfa.gov.gh"",""role"":""mda_user"",""institutionId"":""ministry-of-foreign-affairs-and-regional-integration"",""source"":""capacity_building_users_import""}"
2026-09-17T23:17:22.987Z,,bulk-import-script,user_created,user,iHxXP0JQDCVJOQCofSCw5rarkFy2,"{""email"":""ali.barko@npc.gov.gh"",""role"":""mda_user"",""institutionId"":""national-population-council"",""source"":""capacity_building_users_import""}"
2026-09-17T23:17:25.734Z,,bulk-import-script,user_created,user,cfozQkvGcxW9hA8YcNkPQRolQHp2,"{""email"":""maame.sackey@mfa.gov.gh"",""role"":""mda_user"",""institutionId"":""ministry-of-foreign-affairs-and-regional-integration"",""source"":""capacity_building_users_import""}"
2026-09-17T23:17:28.103Z,,bulk-import-script,user_created,user,4UaH9sWyNAQZYzNbhOo55nbvLPT2,"{""email"":""iabdulaziz67@yahoo.com"",""role"":""mda_user"",""institutionId"":""commission-on-human-rights-and-administrative-justice"",""source"":""capacity_building_users_import""}"
2026-09-17T23:17:30.999Z,,bulk-import-script,user_created,user,8oCaBwFMIQMhUVqU4Y4ju67fbkh1,"{""email"":""seiduahmed101@gmail.com"",""role"":""mda_user"",""institutionId"":""northern-development-authority"",""source"":""capacity_building_users_import""}"
2026-09-17T23:17:33.740Z,,bulk-import-script,user_created,user,wJNF3rhd2PaPvVHmY6zAin9WWQ22,"{""email"":""angelina.egbenya@mfa.gov.gh"",""role"":""mda_user"",""institutionId"":""ministry-of-foreign-affairs-and-regional-integration"",""source"":""capacity_building_users_import""}"
2026-09-17T23:17:36.604Z,,bulk-import-script,user_created,user,JJNhSBDAHta6J9tQoXCJVdWyi593,"{""email"":""ishmael.genyah@ncpd.gov.gh"",""role"":""mda_user"",""institutionId"":""national-council-on-persons-with-disability"",""source"":""capacity_building_users_import""}"
2026-09-17T23:17:40.632Z,,bulk-import-script,user_created,user,FfLPIzk6xGQbAJrhcQlQFaUEbYh2,"{""email"":""genyahi@gmail.com"",""role"":""mda_user"",""institutionId"":""national-council-on-persons-with-disability"",""source"":""capacity_building_users_import""}"
2026-09-17T23:17:43.948Z,,bulk-import-script,user_created,user,nwC6GkkByOWfYzopNCh6IJhHWbZ2,"{""email"":""mavis.agyeiwaa-kyei@orc.gov.gh"",""role"":""mda_user"",""institutionId"":""office-of-the-registrar-of-companies"",""source"":""capacity_building_users_import""}"
2026-09-17T23:17:47.127Z,,bulk-import-script,user_created,user,LGsK1q5vscQpWosGDhGZ0CpHf692,"{""email"":""horatius.bekoe29@gmail.com"",""role"":""mda_user"",""institutionId"":""ghana-india-kofi-annan-centre-of-excellence-in-ict-gi-kace"",""source"":""capacity_building_users_import""}"
2026-09-17T23:17:49.615Z,,bulk-import-script,user_created,user,KFB1KIeBxShocBvV7BXEAa3VI2g1,"{""email"":""fktorttoh@outlook.com"",""role"":""mda_user"",""institutionId"":""lands-commission"",""source"":""capacity_building_users_import""}"
2026-09-17T23:17:52.037Z,,bulk-import-script,user_created,user,e8wy1ZY7Ile07UW0mVECfM9hW2o1,"{""email"":""cletus.sekwo@ghbc.gov.gh"",""role"":""mda_user"",""institutionId"":""ghana-boundary-commission"",""source"":""capacity_building_users_import""}"
2026-09-17T23:17:55.018Z,,bulk-import-script,user_created,user,C6d4pArBOrd7QrrmB2Kyox91KLs1,"{""email"":""george.asare@nca.org.gh"",""role"":""mda_user"",""institutionId"":""national-communications-authority-nca"",""source"":""capacity_building_users_import""}"
2026-09-17T23:17:58.004Z,,bulk-import-script,user_created,user,Fq6qT0h4JDWa9l9bwe24EFoxRsu1,"{""email"":""nana.brempong@moc.gov.gh"",""role"":""mda_user"",""institutionId"":""ministry-of-communications-digital-technology-and-innovations"",""source"":""capacity_building_users_import""}"
2026-09-17T23:18:00.517Z,,bulk-import-script,user_created,user,5zfgzmkSt0gtCGfvMBRyIHvVZuJ3,"{""email"":""walter.adabere@oag.gov.gh"",""role"":""mda_user"",""institutionId"":""office-of-the-administrator-general"",""source"":""capacity_building_users_import""}"
2026-09-17T23:18:03.609Z,,bulk-import-script,user_created,user,6VmauZjFggQKprmFI0eiTyqbDnE2,"{""email"":""richard.opoku-sarkodie@nca.org.gh"",""role"":""mda_user"",""institutionId"":""national-communications-authority-nca"",""source"":""capacity_building_users_import""}"
2026-09-17T23:18:06.473Z,,bulk-import-script,user_created,user,ZWNiGsNkzBSxzgQwldrFBg95vYd2,"{""email"":""samuel.newton@moc.gov.gh"",""role"":""mda_user"",""institutionId"":""ministry-of-communications-digital-technology-and-innovations"",""source"":""capacity_building_users_import""}"
2026-09-17T23:18:08.842Z,,bulk-import-script,user_created,user,zZFuqihWgEhj8ogDyEZXFLy9rVb2,"{""email"":""austin.hesse@moc.gov.gh"",""role"":""mda_user"",""institutionId"":""ministry-of-communications-digital-technology-and-innovations"",""source"":""capacity_building_users_import""}"
2026-09-17T23:18:11.405Z,,bulk-import-script,user_created,user,CwChUVVPoxOh2ss5fxCwOPAny613,"{""email"":""dickson.twumasi@nita.gov.gh"",""role"":""mda_user"",""institutionId"":""national-information-technology-agency"",""source"":""capacity_building_users_import""}"
2026-09-17T23:18:14.409Z,,bulk-import-script,user_created,user,VmP0qmL1mpbKkLaK0QtOVg5XL2Y2,"{""email"":""noduro@mofep.gov.gh"",""role"":""mda_user"",""institutionId"":""ministry-of-finance"",""source"":""capacity_building_users_import""}"
2026-09-17T23:18:16.844Z,,bulk-import-script,user_created,user,GozBbHeLl5du963bp4ZbXxbSHDS2,"{""email"":""sammyb495@yahoo.com"",""role"":""mda_user"",""institutionId"":""lands-commission"",""source"":""capacity_building_users_import""}"
2026-09-17T23:18:19.633Z,,bulk-import-script,user_created,user,MTVrDqk1AKd4nSwvq8w6dJjF4N62,"{""email"":""jadams@moc.gov.gh"",""role"":""mda_user"",""institutionId"":""ministry-of-communications-digital-technology-and-innovations"",""source"":""capacity_building_users_import""}"
2026-09-17T23:18:22.449Z,,bulk-import-script,user_created,user,TzxeLq8Dskf8hdLQmhHpVk6AcsV2,"{""email"":""gabriel.dwumah@gi-kace.gov.gh"",""role"":""mda_user"",""institutionId"":""ghana-india-kofi-annan-centre-of-excellence-in-ict-gi-kace"",""source"":""capacity_building_users_import""}"
2026-09-17T23:18:25.120Z,,bulk-import-script,user_created,user,AgX6KWQL3kOsFQLJRtcm2SBYp6F3,"{""email"":""irene.agyeman@moc.giv.gh"",""role"":""mda_user"",""institutionId"":""ministry-of-communications-digital-technology-and-innovations"",""source"":""capacity_building_users_import""}"
2026-09-17T23:18:27.951Z,,bulk-import-script,user_created,user,Fxpa8RKWbFcNUluYNQr08wsCVvA2,"{""email"":""faizuq@yahoo.com"",""role"":""mda_user"",""institutionId"":""ghana-school-of-survey-and-mapping"",""source"":""capacity_building_users_import""}"
2026-09-17T23:18:30.310Z,,bulk-import-script,user_created,user,vB3JEYi373aMm6UnAcyci5VNLZ62,"{""email"":""asabea51@gmail.com"",""role"":""mda_user"",""institutionId"":""ministry-of-sports-and-recreation"",""source"":""capacity_building_users_import""}"
2026-09-17T23:18:33.210Z,,bulk-import-script,user_created,user,44bnIS6meAQJYB6GNHUIaXRTpZ42,"{""email"":""tabitha.darko@ghbc.gov.gh"",""role"":""mda_user"",""institutionId"":""ghana-boundary-commission"",""source"":""capacity_building_users_import""}"
2026-09-17T23:18:35.880Z,,bulk-import-script,user_created,user,CTQAXB2tUXVkkiOVZpvfon0btsz2,"{""email"":""elham.gausu@gi-kace.gov.gh"",""role"":""mda_user"",""institutionId"":""ghana-india-kofi-annan-centre-of-excellence-in-ict-gi-kace"",""source"":""capacity_building_users_import""}"
2026-09-17T23:18:38.583Z,,bulk-import-script,user_created,user,W32vvVI6W2cYiCUiwcwHsiayuFL2,"{""email"":""keren.osekre@ggsa.gov.gh"",""role"":""mda_user"",""institutionId"":""ghana-geological-survey-authority"",""source"":""capacity_building_users_import""}"
2026-09-17T23:18:41.470Z,,bulk-import-script,user_created,user,cWpy0uftp6gsGBlshvkzvYb3QsZ2,"{""email"":""nosei2011@gmail.com"",""role"":""mda_user"",""institutionId"":""office-of-the-administrator-general"",""source"":""capacity_building_users_import""}"
2026-09-17T23:18:44.317Z,,bulk-import-script,user_created,user,Q5ueocPR1PUwm1FAnl3eWNcrY633,"{""email"":""kwadwo.boadu@gdnr.org.gh"",""role"":""mda_user"",""institutionId"":""ghana-domain-name-registry"",""source"":""capacity_building_users_import""}"
2026-09-17T23:18:47.303Z,,bulk-import-script,user_created,user,sAcU0Iy2tMbaINglcteUrP0xXZz2,"{""email"":""smahama47@gmail.com"",""role"":""mda_user"",""institutionId"":""national-folklore-board"",""source"":""capacity_building_users_import""}"
2026-09-17T23:18:50.633Z,,bulk-import-script,user_created,user,1xMpBlMiehgCaCdNghoFG995RX52,"{""email"":""katheine.dovlo@ghbc.gov.gh"",""role"":""mda_user"",""institutionId"":""ghana-boundary-commission"",""source"":""capacity_building_users_import""}"
2026-09-17T23:18:53.537Z,,bulk-import-script,user_created,user,IYAVKMdzSKhoLJwoR6WR9ih1TyS2,"{""email"":""anthony.ocran@oag.gov.gh"",""role"":""mda_user"",""institutionId"":""office-of-the-administrator-general"",""source"":""capacity_building_users_import""}"
2026-09-17T23:18:56.441Z,,bulk-import-script,user_created,user,LM9PM8zi8lMIiukLJCddbjXrQlG3,"{""email"":""emmanuel.obu-cann@orc.gov.gh"",""role"":""mda_user"",""institutionId"":""office-of-the-registrar-of-companies"",""source"":""capacity_building_users_import""}"
2026-09-17T23:18:59.132Z,,bulk-import-script,user_created,user,w0NumSIvHVPiPztPBmjLIJjULBX2,"{""email"":""kwaku.agyei-larbi@dpc.gov.gh"",""role"":""mda_user"",""institutionId"":""data-protection-commission"",""source"":""capacity_building_users_import""}"
2026-09-17T23:19:02.190Z,,bulk-import-script,user_created,user,KWTBbijNKsfwixE8bqQAkeSpXdF2,"{""email"":""patbaidoo1975@gmail.com"",""role"":""mda_user"",""institutionId"":""office-of-the-administrator-general"",""source"":""capacity_building_users_import""}"
2026-09-17T23:19:04.664Z,,bulk-import-script,user_created,user,r8zpePtKVKPpB4XlBz9scxiXLuF2,"{""email"":""anthony.awuviri@meteo.gov.gh"",""role"":""mda_user"",""institutionId"":""ghana-meteorological-agency"",""source"":""capacity_building_users_import""}"
2026-09-17T23:19:07.292Z,,bulk-import-script,user_created,user,1tflcxxqGzbjqoXrhhsj3wXaSeo2,"{""email"":""joandzatey@gmail.com"",""role"":""mda_user"",""institutionId"":""department-of-parks-and-gardens"",""source"":""capacity_building_users_import""}"
2026-09-17T23:19:11.430Z,,bulk-import-script,user_created,user,PFxuiUCXx3aMKUwDyaBClPM4qyE3,"{""email"":""linda.akrobor@dpc.gov.gh"",""role"":""mda_user"",""institutionId"":""data-protection-commission"",""source"":""capacity_building_users_import""}"
2026-09-17T23:19:14.963Z,,bulk-import-script,user_created,user,QUEXTIjNG2VvDfiI1LV96tsn9qt2,"{""email"":""richardson.bortey@moc.gov.gh"",""role"":""mda_user"",""institutionId"":""ministry-of-communications-digital-technology-and-innovations"",""source"":""capacity_building_users_import""}"
2026-09-17T23:19:17.814Z,,bulk-import-script,user_created,user,fWyR61rzCwQkjBA0S5cJy8KERGF3,"{""email"":""kateamankwah1@yahoo.com"",""role"":""mda_user"",""institutionId"":""ministry-of-communications-digital-technology-and-innovations"",""source"":""capacity_building_users_import""}"
2026-09-17T23:19:20.550Z,,bulk-import-script,user_created,user,hiMUFaIJkYh0JNgVnohT18LSkml2,"{""email"":""berthaeffah@yahoo.com"",""role"":""mda_user"",""institutionId"":""national-peace-council"",""source"":""capacity_building_users_import""}"
2026-09-17T23:19:23.528Z,,bulk-import-script,user_created,user,oYnwLWsaVVYXFBHMTC1FbzkIpH72,"{""email"":""isaac.armah@mofad.gov.gh"",""role"":""mda_user"",""institutionId"":""ministry-of-fisheries-aqua-culture-development"",""source"":""capacity_building_users_import""}"
2026-09-17T23:19:26.415Z,,bulk-import-script,user_created,user,91tDPnIJkyMazENln5Ipnh7gEqz1,"{""email"":""papachazzy@yahoo.co.uk"",""role"":""mda_user"",""institutionId"":""complementary-education-agency"",""source"":""capacity_building_users_import""}"
2026-09-17T23:19:29.008Z,,bulk-import-script,user_created,user,3yojqPNRsNYfw6dlB61Nq3yMYLk1,"{""email"":""edith.ababio-amoah@unescoghana.gov.gh"",""role"":""mda_user"",""institutionId"":""ghana-commission-for-unesco"",""source"":""capacity_building_users_import""}"
2026-09-17T23:19:31.848Z,,bulk-import-script,user_created,user,IlBQ9R0ErUevUUwHfXrvHctT8Zm1,"{""email"":""marianedusei.yaa@gmail.com"",""role"":""mda_user"",""institutionId"":""ghana-health-service"",""source"":""capacity_building_users_import""}"
2026-09-17T23:19:34.216Z,,bulk-import-script,user_created,user,AhfbQiYs4XSPOAnH8NZGB5IrT0s1,"{""email"":""snrdav9@gmail.com"",""role"":""mda_user"",""institutionId"":""complementary-education-agency"",""source"":""capacity_building_users_import""}"
2026-09-17T23:19:36.720Z,,bulk-import-script,user_created,user,ls9q7G8m7rOQTnViApHMlBx2v2c2,"{""email"":""cephas.agboka@ctvet.gov.gh"",""role"":""mda_user"",""institutionId"":""ghana-tvet-service"",""source"":""capacity_building_users_import""}"
2026-09-17T23:19:39.738Z,,bulk-import-script,user_created,user,9DPLLP0dLRgQOPpVcc0Ok7Q30Rr2,"{""email"":""daniel.amankwa@lgs.gov.gh"",""role"":""mda_user"",""institutionId"":""office-of-the-head-of-local-government-service"",""source"":""capacity_building_users_import""}"
2026-09-17T23:19:42.370Z,,bulk-import-script,user_created,user,l6MxpecgtsSNOxsFIwD09Su0EiI3,"{""email"":""b.buenortey@kbth.gov.gh"",""role"":""mda_user"",""institutionId"":""korle-bu-teaching-hospital"",""source"":""capacity_building_users_import""}"
2026-09-17T23:19:45.323Z,,bulk-import-script,user_created,user,u7Au8oxTe4ZSjbj2IJIykjoVAnb2,"{""email"":""lois.dzamesi@ctvet.gov.gh"",""role"":""mda_user"",""institutionId"":""ghana-tvet-service"",""source"":""capacity_building_users_import""}"
2026-09-17T23:19:47.890Z,,bulk-import-script,user_created,user,4qAMqecfKqSDUBrCte98qfpPJsz1,"{""email"":""francis.siripi@statsghana.gov.gh"",""role"":""mda_user"",""institutionId"":""ghana-statistical-service"",""source"":""capacity_building_users_import""}"
2026-09-17T23:19:50.753Z,,bulk-import-script,user_created,user,zO8ITU5ziLgOkgAToUW8yawcndl2,"{""email"":""ahmed.adama@statsghana.gov.gh"",""role"":""mda_user"",""institutionId"":""ghana-statistical-service"",""source"":""capacity_building_users_import""}"
2026-09-17T23:19:54.365Z,,bulk-import-script,user_created,user,41mz2XX6SUXmPUu6ts5a6TVsezI3,"{""email"":""setordjiadelaide@gmail.com"",""role"":""mda_user"",""institutionId"":""weija-gbawe-municipal-hospital"",""source"":""capacity_building_users_import""}"
2026-09-17T23:19:57.783Z,,bulk-import-script,user_created,user,UhFBScIyKGfzjMLxXJhYKs37iCK2,"{""email"":""anartey@mofep.gov.gh"",""role"":""mda_user"",""institutionId"":""ministry-of-finance"",""source"":""capacity_building_users_import""}"
2026-09-17T23:20:01.578Z,,bulk-import-script,user_created,user,HvzVtcASpMU86ho5hpiFUYLPN9J2,"{""email"":""adatsiannabel75@gmail.com"",""role"":""mda_user"",""institutionId"":""ministry-of-education"",""source"":""capacity_building_users_import""}"
2026-09-17T23:20:04.916Z,,bulk-import-script,user_created,user,s02MCfrOsNOB7mijKuhR0xArAbV2,"{""email"":""anita.avadu@moe.gov.gh"",""role"":""mda_user"",""institutionId"":""ministry-of-education"",""source"":""capacity_building_users_import""}"
2026-09-17T23:20:07.850Z,,bulk-import-script,user_created,user,p63KTaInZTe4AzfZAGN4IRnbrlM2,"{""email"":""tetteh.jonathan@moe.gov.gh"",""role"":""mda_user"",""institutionId"":""ministry-of-education"",""source"":""capacity_building_users_import""}"
2026-09-17T23:20:10.572Z,,bulk-import-script,user_created,user,ICwjlZ4hgPU1SFUloneQWl8yXDk1,"{""email"":""joycem.adjah@immigration.gov.gh"",""role"":""mda_user"",""institutionId"":""ghana-immigration-service"",""source"":""capacity_building_users_import""}"
2026-09-17T23:20:13.495Z,,bulk-import-script,user_created,user,0oL4vU5tWaMoixGPaWbDwIf5BlP2,"{""email"":""benjamin.yemidi@moe.gov.gh"",""role"":""mda_user"",""institutionId"":""ministry-of-education"",""source"":""capacity_building_users_import""}"
2026-09-17T23:20:16.738Z,,bulk-import-script,user_created,user,DBOTj39mx7TIXM7kW5k91MKXRWJ3,"{""email"":""stephen.benyin@nhia.gov.gh"",""role"":""mda_user"",""institutionId"":""national-health-insurance-authority-nhia"",""source"":""capacity_building_users_import""}"
2026-09-17T23:20:19.950Z,,bulk-import-script,user_created,user,lAhsVWiLenPZKRWRU6EPr0hNaJY2,"{""email"":""marvin.ankoma@mod.gov.gh"",""role"":""mda_user"",""institutionId"":""ministry-of-defence"",""source"":""capacity_building_users_import""}"
2026-09-17T23:20:23.558Z,,bulk-import-script,user_created,user,e8B07hQQA2fmqulKXLGd8rkMUzh1,"{""email"":""sefakor.heloo@mod.gov.gh"",""role"":""mda_user"",""institutionId"":""ministry-of-defence"",""source"":""capacity_building_users_import""}"
2026-09-17T23:20:26.294Z,,bulk-import-script,user_created,user,s8i2uqlMY7YGXH15NiSqx4TUvjx1,"{""email"":""ckwaw1998@gmail.com"",""role"":""mda_user"",""institutionId"":""national-health-insurance-authority-nhia"",""source"":""capacity_building_users_import""}"
2026-09-17T23:20:29.791Z,,bulk-import-script,user_created,user,5o9zfHuBzgcXGz2BwNb60keRstC2,"{""email"":""zoltan.twumbarimah@brcc.gov.gh"",""role"":""mda_user"",""institutionId"":""bono-regional-coordinating-council"",""source"":""capacity_building_users_import""}"
2026-09-17T23:20:31.918Z,,bulk-import-script,user_created,user,jJeRDo6gtvY53C9Dcch9XQLwPAk2,"{""email"":""benjamin.sumabe@audit.gov.gh"",""role"":""mda_user"",""institutionId"":""audit-service"",""source"":""capacity_building_users_import""}"
2026-09-17T23:20:34.728Z,,bulk-import-script,user_created,user,MMlQ8QZNBHX2XX0LVPVbQSew37Z2,"{""email"":""charles.kwaw@nhia.gov.gh"",""role"":""mda_user"",""institutionId"":""national-health-insurance-authority-nhia"",""source"":""capacity_building_users_import""}"
2026-09-17T23:20:37.470Z,,bulk-import-script,user_created,user,lCJqh6gY0SU9Z1Z6X5PrP3z5G4m2,"{""email"":""adominic@gtec.edu.gh"",""role"":""mda_user"",""institutionId"":""ghana-tertiary-education-commission-gtec"",""source"":""capacity_building_users_import""}"
2026-09-17T23:20:40.443Z,,bulk-import-script,user_created,user,OBQPWcLt1fQzoCsG8UdhX7vV63E3,"{""email"":""lamp.loui@gmail.com"",""role"":""mda_user"",""institutionId"":""ministry-of-education"",""source"":""capacity_building_users_import""}"
2026-09-17T23:20:44.174Z,,bulk-import-script,user_created,user,KmVXMWFU2OcHW1iUEZfd3nbqnX13,"{""email"":""john.asare@unescoghana.gov.gh"",""role"":""mda_user"",""institutionId"":""ghana-commission-for-unesco"",""source"":""capacity_building_users_import""}"
2026-09-17T23:20:47.061Z,,bulk-import-script,user_created,user,G17ALSgn4HfcS0pyNE15wUPHSmT2,"{""email"":""bernard.bosomprah@nhia.gov.gh"",""role"":""mda_user"",""institutionId"":""national-health-insurance-authority-nhia"",""source"":""capacity_building_users_import""}"
2026-09-17T23:20:50.025Z,,bulk-import-script,user_created,user,ZN1JgcRVhngF1g1GiWarp7D0cRB3,"{""email"":""naomi.addo@mod.gov.gh"",""role"":""mda_user"",""institutionId"":""ministry-of-defence"",""source"":""capacity_building_users_import""}"
2026-09-17T23:20:52.949Z,,bulk-import-script,user_created,user,JTUxprYMloYDGCLwlTJgOTVLkqd2,"{""email"":""isaac.appoh@nacca.gov.gh"",""role"":""mda_user"",""institutionId"":""national-council-for-curriculum-and-assessment"",""source"":""capacity_building_users_import""}"
2026-09-17T23:20:55.650Z,,bulk-import-script,user_created,user,LhjS7zwasdUB2nJvnhmwTAPDwJ42,"{""email"":""florence.awuku@energymin.gov.gh"",""role"":""mda_user"",""institutionId"":""ministry-of-energy-and-green-transition"",""source"":""capacity_building_users_import""}"
2026-09-17T23:20:58.614Z,,bulk-import-script,user_created,user,O9LNAX1a0GayieR1rRQPw6A2r9H2,"{""email"":""patricksenagah@yahoo.com"",""role"":""mda_user"",""institutionId"":""volta-regional-coordinating-council"",""source"":""capacity_building_users_import""}"
2026-09-17T23:21:02.034Z,,bulk-import-script,user_created,user,0817RARkXpQSbxMoFl223rZwlzG3,"{""email"":""agboedith10@gmail.com"",""role"":""mda_user"",""institutionId"":""ghana-tvet-service"",""source"":""capacity_building_users_import""}"
2026-09-17T23:21:04.675Z,,bulk-import-script,user_created,user,bpVWU3yfVAZGeYyjG84AEb2BYdD3,"{""email"":""gadsonsk72@gmail.com"",""role"":""mda_user"",""institutionId"":""volta-regional-coordinating-council"",""source"":""capacity_building_users_import""}"
2026-09-17T23:21:07.763Z,,bulk-import-script,user_created,user,jdNePDaESKN6IdjqmItRWyppETD3,"{""email"":""cmofori@yahoo.com"",""role"":""mda_user"",""institutionId"":""ghana-tvet-service"",""source"":""capacity_building_users_import""}"
2026-09-17T23:21:10.884Z,,bulk-import-script,user_created,user,kjL9pC5LDueLkeclNtaGvAjdwBZ2,"{""email"":""agboediyh10@gmail.com"",""role"":""mda_user"",""institutionId"":""ghana-tvet-service"",""source"":""capacity_building_users_import""}"
2026-09-17T23:21:13.239Z,,bulk-import-script,user_created,user,6MEunTpntUhxUYf0KIFuggq1AL13,"{""email"":""yvonne.agyen-mensah@gtvets.gov.gh"",""role"":""mda_user"",""institutionId"":""ghana-tvet-service"",""source"":""capacity_building_users_import""}"
2026-09-17T23:21:16.512Z,,bulk-import-script,user_created,user,uMBdkGf2mKS1YG0O8rw7A9LL5cy1,"{""email"":""rdarko-ampem@mofep.gov.gh"",""role"":""mda_user"",""institutionId"":""ministry-of-finance"",""source"":""capacity_building_users_import""}"
2026-09-17T23:21:18.727Z,,bulk-import-script,user_created,user,HHlXTdLlMvMpuVofdODNZhTxM2G3,"{""email"":""jeffrey.asiampong.baah@gtvets.gov.gh"",""role"":""mda_user"",""institutionId"":""ghana-tvet-service"",""source"":""capacity_building_users_import""}"
2026-09-17T23:21:21.575Z,,bulk-import-script,user_created,user,Q6lhjUHg1XfdD0cErm9LMgXvUF52,"{""email"":""ella.ameyaa-kyeremeh@gvets.gov.gh"",""role"":""mda_user"",""institutionId"":""ghana-tvet-service"",""source"":""capacity_building_users_import""}"
2026-09-17T23:21:24.323Z,,bulk-import-script,user_created,user,mnhJiZ7TLzQSi6AkLsguv3ILCy12,"{""email"":""narhkate@yahoo.com"",""role"":""mda_user"",""institutionId"":""ghana-tvet-service"",""source"":""capacity_building_users_import""}"
2026-09-17T23:21:27.123Z,,bulk-import-script,user_created,user,w9mfybKIAUU89jfHk2z7CTt1g362,"{""email"":""stella.brown@gtvets.gov.gh"",""role"":""mda_user"",""institutionId"":""ghana-tvet-service"",""source"":""capacity_building_users_import""}"
2026-09-17T23:21:30.394Z,,bulk-import-script,user_created,user,7ljfIchK4TcGucu5K5yvu9EJDEn2,"{""email"":""edith.abgo@gtvets.gov.gh"",""role"":""mda_user"",""institutionId"":""ghana-tvet-service"",""source"":""capacity_building_users_import""}"
2026-09-17T23:21:33.313Z,,bulk-import-script,user_created,user,j5inAhEKXyOlg1KRtiQomS9c2xB2,"{""email"":""louisa.arthur@gtvets.gov.gh"",""role"":""mda_user"",""institutionId"":""ghana-tvet-service"",""source"":""capacity_building_users_import""}"
2026-09-17T23:21:36.181Z,,bulk-import-script,user_created,user,XIA8KiQ47nfL0qS5yIDJRxkwF7k1,"{""email"":""priscilla.afloe@gtvets.gov.gh"",""role"":""mda_user"",""institutionId"":""ghana-tvet-service"",""source"":""capacity_building_users_import""}"
2026-09-17T23:21:39.067Z,,bulk-import-script,user_created,user,1G0SelVZvFeAAKiqpvDsNlGSI4h2,"{""email"":""samsontuglo@gmail.com"",""role"":""mda_user"",""institutionId"":""ghana-tvet-service"",""source"":""capacity_building_users_import""}"
2026-09-17T23:21:41.465Z,,bulk-import-script,user_created,user,9znXE1jpLGTROqjqfiYh3CUvJEI3,"{""email"":""siino.issaka@osp.gov.gh"",""role"":""mda_user"",""institutionId"":""office-of-the-special-prosecutor"",""source"":""capacity_building_users_import""}"
2026-09-17T23:21:44.266Z,,bulk-import-script,user_created,user,jkZO5SZYSKXZO81q3EuNmrQ67Pk1,"{""email"":""swancy.clottey@energymin.gov.gh"",""role"":""mda_user"",""institutionId"":""ministry-of-energy-and-green-transition"",""source"":""capacity_building_users_import""}"
2026-09-17T23:21:46.873Z,,bulk-import-script,user_created,user,upp5PdoGFiPHHRQejawQNBLYYai1,"{""email"":""stephebmensahdogbo@gmail.com"",""role"":""mda_user"",""institutionId"":""national-disaster-management-organisation-nadmo"",""source"":""capacity_building_users_import""}"
2026-09-17T23:21:50.323Z,,bulk-import-script,user_created,user,bAkuvXttgnO8ptdjL70jT6Cqdpi1,"{""email"":""sarah.faith@moe.gov.gh"",""role"":""mda_user"",""institutionId"":""ministry-of-education"",""source"":""capacity_building_users_import""}"
2026-09-17T23:21:52.987Z,,bulk-import-script,user_created,user,Be2JaW3tewWXJzcxFWlXbOXe6q02,"{""email"":""isaac.ashong@energymin.gov.gh"",""role"":""mda_user"",""institutionId"":""ministry-of-energy"",""source"":""capacity_building_users_import""}"
2026-09-17T23:21:55.729Z,,bulk-import-script,user_created,user,goMrsz6vOgSHZr2sRQ8C5sVQj3B3,"{""email"":""qjkenn@gmail.com"",""role"":""mda_user"",""institutionId"":""weija-gbawe-municipal-hospital"",""source"":""capacity_building_users_import""}"
2026-09-17T23:21:58.880Z,,bulk-import-script,user_created,user,9n9w31QWYyXpsDqDvhx1zBjJfwm2,"{""email"":""clifford.atadika@mfa.gov.gh"",""role"":""mda_user"",""institutionId"":""ministry-of-foreign-affairs-and-regional-integration"",""source"":""capacity_building_users_import""}"
2026-09-17T23:22:01.669Z,,bulk-import-script,user_created,user,JHRF2VAXLXPq24VIHsmCZfkm1iB2,"{""email"":""eachuliwor@mofep.gov.gh"",""role"":""mda_user"",""institutionId"":""ministry-of-finance"",""source"":""capacity_building_users_import""}"
2026-09-17T23:22:04.810Z,,bulk-import-script,user_created,user,Kg6dnGzEaJYPKEe38lJyJIt7WfT2,"{""email"":""mabugri@mofep.gov.ghh"",""role"":""mda_user"",""institutionId"":""ministry-of-finance"",""source"":""capacity_building_users_import""}"
2026-09-17T23:22:07.549Z,,bulk-import-script,user_created,user,OQoQVivWhNf79EK5EqL39zs7Hgv1,"{""email"":""jemima.mantey@ntc.gov.gh"",""role"":""mda_user"",""institutionId"":""national-teaching-council"",""source"":""capacity_building_users_import""}"
2026-09-17T23:22:09.916Z,,bulk-import-script,user_created,user,qYD3GJJTJIVxQWwrCYtXBYMi5qn2,"{""email"":""isaac.nana-takyi@mod.gov.gh"",""role"":""mda_user"",""institutionId"":""ministry-of-defence"",""source"":""capacity_building_users_import""}"
2026-09-17T23:22:12.712Z,,bulk-import-script,user_created,user,RZ7CFXZdB8TeNOuK1QylhxqT8st2,"{""email"":""nathaniel.nettey@nmc.gov.gh"",""role"":""mda_user"",""institutionId"":""nursing-and-midwifery-council"",""source"":""capacity_building_users_import""}"
2026-09-17T23:22:15.095Z,,bulk-import-script,user_created,user,9s4eA7k222aL7E2hGiOOGCJONTi1,"{""email"":""patrick.arthur@moe.gov.gh"",""role"":""mda_user"",""institutionId"":""ministry-of-education"",""source"":""capacity_building_users_import""}"
2026-09-17T23:22:18.309Z,,bulk-import-script,user_created,user,kmgwC9lJb3Mls2l3fvfHcpMSmfo1,"{""email"":""raymond.ababio@mod.gov.gh"",""role"":""mda_user"",""institutionId"":""ministry-of-defence"",""source"":""capacity_building_users_import""}"
2026-09-17T23:22:20.873Z,,bulk-import-script,user_created,user,CcSNLbW0YrdWUUzgHSKMoqzSMYh2,"{""email"":""jmsoppong1@gmail.com"",""role"":""mda_user"",""institutionId"":""forestry-commission"",""source"":""capacity_building_users_import""}"
2026-09-17T23:22:23.602Z,,bulk-import-script,user_created,user,Nr9TGtxzpLeDf0mBp446AahXwp22,"{""email"":""lawoe.bright@noryhernrcc.gov.gh"",""role"":""mda_user"",""institutionId"":""northern-regional-coordinating-council"",""source"":""capacity_building_users_import""}"
2026-09-17T23:22:26.434Z,,bulk-import-script,user_created,user,mUTB2VCxNAZIzs2PYTbila2Jf1l2,"{""email"":""glorialartey86@gmail.com"",""role"":""mda_user"",""institutionId"":""department-of-feeder-roads"",""source"":""capacity_building_users_import""}"
2026-09-17T23:22:29.405Z,,bulk-import-script,user_created,user,sSNelyrjZ2VYaN7zdY0SFQIpX633,"{""email"":""cmensah@mofep.gov.gh"",""role"":""mda_user"",""institutionId"":""ministry-of-finance"",""source"":""capacity_building_users_import""}"
2026-09-17T23:22:32.276Z,,bulk-import-script,user_created,user,AkBtXSDhiZOFcTlFAMdNvQr8H7f1,"{""email"":""emil.tetteh@gamingcommission.gov.gh"",""role"":""mda_user"",""institutionId"":""gaming-commission"",""source"":""capacity_building_users_import""}"
2026-09-17T23:22:35.105Z,,bulk-import-script,user_created,user,fZVOGYYBA1NUHW4xZyeXQwXLvMq1,"{""email"":""bagyane@mofep.gov.gh"",""role"":""mda_user"",""institutionId"":""ministry-of-finance"",""source"":""capacity_building_users_import""}"
2026-09-17T23:22:38.168Z,,bulk-import-script,user_created,user,FMimfUZDFCbYAnEOcRoOxgbqRvK2,"{""email"":""mkemeh@mofep.gov.gh"",""role"":""mda_user"",""institutionId"":""ministry-of-finance"",""source"":""capacity_building_users_import""}"
2026-09-17T23:22:40.719Z,,bulk-import-script,user_created,user,6GcySU1cNJQTpLniRayETEObNJr2,"{""email"":""fdompreh1@yahoo.com"",""role"":""mda_user"",""institutionId"":""council-for-scientific-and-industrial-research-csir"",""source"":""capacity_building_users_import""}"
2026-09-17T23:22:43.606Z,,bulk-import-script,user_created,user,vE2xSzY8kDPA9rFDQSpFcS4Am9F2,"{""email"":""verakumah1211@gmail.com"",""role"":""mda_user"",""institutionId"":""korle-bu-teaching-hospital"",""source"":""capacity_building_users_import""}"
2026-09-17T23:22:46.285Z,,bulk-import-script,user_created,user,7x1XIZFb8UQ9eHtcOvLJdp8LVQA3,"{""email"":""francis.nyamekye@nhia.gov.gh"",""role"":""mda_user"",""institutionId"":""national-health-insurance-authority-nhia"",""source"":""capacity_building_users_import""}"
2026-09-17T23:22:49.353Z,,bulk-import-script,user_created,user,JHFQQHvLpdVOipdOswk00KTFWKE2,"{""email"":""raofori@doc.gov.gh"",""role"":""mda_user"",""institutionId"":""department-of-co-operatives"",""source"":""capacity_building_users_import""}"
2026-09-17T23:22:52.010Z,,bulk-import-script,user_created,user,1jLHGGEMjMXLqlraqgBjj6VxH4u2,"{""email"":""benedicta.akafo@gtvets.gov.gh"",""role"":""mda_user"",""institutionId"":""ghana-tvet-service"",""source"":""capacity_building_users_import""}"
2026-09-17T23:22:54.502Z,,bulk-import-script,user_created,user,u3SLKEqXndPLy6rnzlIOWYwwyFH3,"{""email"":""grace.ofosu@ges.gov.gh"",""role"":""mda_user"",""institutionId"":""ghana-education-service"",""source"":""capacity_building_users_import""}"
2026-09-17T23:22:57.550Z,,bulk-import-script,user_created,user,sCJXtxipQLMuJ9eU12nDlsheaDH3,"{""email"":""ruhidawuni321@gmail.com"",""role"":""mda_user"",""institutionId"":""ministry-of-transport"",""source"":""capacity_building_users_import""}"
2026-09-17T23:23:00.097Z,,bulk-import-script,user_created,user,fJrVt8wVVOhe2J14qAYm4EPXYQv1,"{""email"":""theodore.korley@lac.gov.gh"",""role"":""mda_user"",""institutionId"":""legal-aid-commission"",""source"":""capacity_building_users_import""}"
2026-09-17T23:23:02.822Z,,bulk-import-script,user_created,user,HcKmrFg4a4UloUsDMOYEquztRva2,"{""email"":""loretta.lartey@lac.gov.gh"",""role"":""mda_user"",""institutionId"":""legal-aid-commission"",""source"":""capacity_building_users_import""}"
2026-09-17T23:23:05.994Z,,bulk-import-script,user_created,user,HflUTBy65Egpjg5YklBbhniRgVl1,"{""email"":""kadu@mofep.gov.gh"",""role"":""mda_user"",""institutionId"":""ministry-of-finance"",""source"":""capacity_building_users_import""}"
2026-09-17T23:23:09.029Z,,bulk-import-script,user_created,user,nbzNqPh2yscPc7yKwjoGPslCJV92,"{""email"":""pluntera@mofep.gov.gh"",""role"":""mda_user"",""institutionId"":""ministry-of-finance"",""source"":""capacity_building_users_import""}"
2026-09-17T23:23:11.590Z,,bulk-import-script,user_created,user,WKQIZj14n6Zs8PykmuNgOwqQYpl2,"{""email"":""baffour.akuffo-ankama@gea.gov.gh"",""role"":""mda_user"",""institutionId"":""ghana-enterprises-agency"",""source"":""capacity_building_users_import""}"
2026-09-17T23:23:14.561Z,,bulk-import-script,user_created,user,tKZMVfbad7crR5TisDpvawM8ylE3,"{""email"":""robert.woode@ohcs.gov.gh"",""role"":""mda_user"",""institutionId"":""office-of-the-head-of-civil-service"",""source"":""capacity_building_users_import""}"
2026-09-17T23:23:17.191Z,,bulk-import-script,user_created,user,m0Gu1LhSGteIheedaxqhr6QMS373,"{""email"":""nanaclaude88@gmail.com"",""role"":""mda_user"",""institutionId"":""bureau-of-national-investigations-bni"",""source"":""capacity_building_users_import""}"
2026-09-17T23:23:19.767Z,,bulk-import-script,user_created,user,02z3UtUBSPcaPIIw3c9P9JjForY2,"{""email"":""jacob.aziathy@audit.gov.gh"",""role"":""mda_user"",""institutionId"":""audit-service"",""source"":""capacity_building_users_import""}"
2026-09-17T23:23:22.361Z,,bulk-import-script,user_created,user,xLK1Up7N5Bgwiz6OFKbwLOOhBhv1,"{""email"":""abdul-baaki.sualihu@cagd.gov.gh"",""role"":""mda_user"",""institutionId"":""northern-development-authority"",""source"":""capacity_building_users_import""}"
2026-09-17T23:23:25.198Z,,bulk-import-script,user_created,user,YpIOa3vz8Rhp2XtP1MzyyGozde63,"{""email"":""philip.kpodo@mogcsp.gov.gh"",""role"":""mda_user"",""institutionId"":""department-of-social-welfare"",""source"":""capacity_building_users_import""}"
2026-09-17T23:23:28.293Z,,bulk-import-script,user_created,user,g1FrrvPpiOY64lWCXPdeWh6Y6623,"{""email"":""rashida.mohammed@mlgcra.gov.gh"",""role"":""mda_user"",""institutionId"":""ministry-of-local-government"",""source"":""capacity_building_users_import""}"
2026-09-17T23:23:31.278Z,,bulk-import-script,user_created,user,mE3IAHLv24Nj2im4xuJ3qZk7v843,"{""email"":""mercy.larbi@chraj.gov.gh"",""role"":""mda_user"",""institutionId"":""commission-on-human-rights-and-administrative-justice"",""source"":""capacity_building_users_import""}"
2026-09-17T23:23:34.322Z,,bulk-import-script,user_created,user,r2ZFOYX487Q5PvF1Qm7LH9NI3Hq2,"{""email"":""nichole.abbey@fishcom.govgh"",""role"":""mda_user"",""institutionId"":""fisheries-commission"",""source"":""capacity_building_users_import""}"
2026-09-17T23:23:36.680Z,,bulk-import-script,user_created,user,MFBOrs0yD9cNBIz1qxQ02QUjwcv1,"{""email"":""diana.smith@npfs.gov.gh"",""role"":""mda_user"",""institutionId"":""national-premix-fuel-secretariat"",""source"":""capacity_building_users_import""}"
2026-09-17T23:23:39.594Z,,bulk-import-script,user_created,user,Hs8gsYtRg4bRRGpgr6EPr0VwJlq2,"{""email"":""amina.seidu@ctvet.gov.gh"",""role"":""mda_user"",""institutionId"":""ghana-tvet-service"",""source"":""capacity_building_users_import""}"
2026-09-17T23:23:42.600Z,,bulk-import-script,user_created,user,fQvekNKKzBTjJ0KmBC58D8ji4cF2,"{""email"":""isaac.dwamena@scholarships.com"",""role"":""mda_user"",""institutionId"":""ghana-scholarships-authority"",""source"":""capacity_building_users_import""}"
2026-09-17T23:23:45.348Z,,bulk-import-script,user_created,user,1avXmepcjpgh0czqWdkMZjuwJ293,"{""email"":""obdave111@yahoo.com"",""role"":""mda_user"",""institutionId"":""ghana-broadcasting-corporation"",""source"":""capacity_building_users_import""}"
2026-09-17T23:23:48.457Z,,bulk-import-script,user_created,user,gIecaut1khd3ukuZCVBvXNB8X1a2,"{""email"":""aamankwah-poku@mofep.gov.gh"",""role"":""mda_user"",""institutionId"":""ministry-of-finance"",""source"":""capacity_building_users_import""}"
2026-09-17T23:23:51.320Z,,bulk-import-script,user_created,user,alQmcSmkpbaAOYHX3brGhS1XZWH2,"{""email"":""randy.afadzinu@npfs.gov.gh"",""role"":""mda_user"",""institutionId"":""national-premix-fuel-secretariat"",""source"":""capacity_building_users_import""}"
2026-09-17T23:23:54.234Z,,bulk-import-script,user_created,user,CkTcHlD77bdOBh91BJjv0lBzBYQ2,"{""email"":""bernard.mortotsi@aph.gov.gh"",""role"":""mda_user"",""institutionId"":""accra-psychiatric-hospital"",""source"":""capacity_building_users_import""}"
2026-09-17T23:23:57.313Z,,bulk-import-script,user_created,user,nV0gOlEonDV1BGVyO4e36usPuwx1,"{""email"":""alquist97@gmail.com"",""role"":""mda_user"",""institutionId"":""ministry-of-gender-children-and-social-protection"",""source"":""capacity_building_users_import""}"
2026-09-17T23:24:00.363Z,,bulk-import-script,user_created,user,4ZIeqVqC7DYtRB5ay5NSrOdKMVR2,"{""email"":""eric.adu-boahen@ohcs.gov.gh"",""role"":""mda_user"",""institutionId"":""office-of-the-head-of-civil-service"",""source"":""capacity_building_users_import""}"
2026-09-17T23:24:03.452Z,,bulk-import-script,user_created,user,vAGEeIDxUcZshiA1uu8755S9Pf53,"{""email"":""joana.adzatey@dpg.gov.gh"",""role"":""mda_user"",""institutionId"":""department-of-parks-and-gardens"",""source"":""capacity_building_users_import""}"
2026-09-17T23:24:06.548Z,,bulk-import-script,user_created,user,XIqgyZLwhpMmLI9s03Wxbb9fRBw1,"{""email"":""jamparbin@gmail.com"",""role"":""mda_user"",""institutionId"":""diaspora-affairs-office"",""source"":""capacity_building_users_import""}"
2026-09-17T23:24:09.506Z,,bulk-import-script,user_created,user,PI8uG4EixNaLl0glQVE3xvIAoNz1,"{""email"":""akpene.feakpi@fishcom.gov"",""role"":""mda_user"",""institutionId"":""fisheries-commission"",""source"":""capacity_building_users_import""}"
2026-09-17T23:24:11.870Z,,bulk-import-script,user_created,user,YbloLerEf7Q0JA0UcPMc9FxxdI72,"{""email"":""abdul.fazazi@yunada.gov.gh"",""role"":""mda_user"",""institutionId"":""yunyoo-nasuan-district"",""source"":""capacity_building_users_import""}"
2026-09-17T23:26:22.711Z,,bulk-import-script,user_created,user,hHdsBnlGf6NU9p06MeDYx3KrHLq1,"{""email"":""asiwome.dor@scholarships.gov.gh"",""role"":""mda_user"",""institutionId"":""ghana-scholarships-authority"",""source"":""capacity_building_users_import""}"
2026-09-17T23:26:25.546Z,,bulk-import-script,user_created,user,JOpCDLd2E2XqZFIPmSFbO8WkCBp2,"{""email"":""michael.sottie@ghs.gov.gh"",""role"":""mda_user"",""institutionId"":""ghana-health-service"",""source"":""capacity_building_users_import""}"
2026-09-17T23:26:28.641Z,,bulk-import-script,user_created,user,dSXHmyYPX0RidZJEFKImNk13et72,"{""email"":""amofamicheal2@gmail.com"",""role"":""mda_user"",""institutionId"":""ministry-of-lands-and-natural-resources"",""source"":""capacity_building_users_import""}"
2026-09-17T23:26:31.190Z,,bulk-import-script,user_created,user,KeZEocOB7uVh7NeR2ioNrVI62ev1,"{""email"":""edith.ababio-amoah@unescoghana.gov.gg"",""role"":""mda_user"",""institutionId"":""ghana-commission-for-unesco"",""source"":""capacity_building_users_import""}"
2026-09-17T23:26:33.860Z,,bulk-import-script,user_created,user,YbWZ9N26fyXZxSjb4oDDQnaywts2,"{""email"":""nathanielnettey@nmc.gov.gh"",""role"":""mda_user"",""institutionId"":""nursing-and-midwifery-council"",""source"":""capacity_building_users_import""}"
2026-09-17T23:26:36.606Z,,bulk-import-script,user_created,user,zmJm58ffCqN5qQVg2FxCRpPW7dt1,"{""email"":""mavis.asare@mosr.gov.gh"",""role"":""mda_user"",""institutionId"":""ministry-of-sports-and-recreation"",""source"":""capacity_building_users_import""}"
2026-09-17T23:26:38.959Z,,bulk-import-script,user_created,user,vWBMA7VQ9UeCz2wVy0CQnVCjFzl2,"{""email"":""jonashonu6@gmail.com"",""role"":""mda_user"",""institutionId"":""office-of-the-attorney-general-and-ministry-of-justice"",""source"":""capacity_building_users_import""}"
2026-09-17T23:26:42.093Z,,bulk-import-script,user_created,user,MjGn1f1z4ycPr3nyuySRW3XabXV2,"{""email"":""evans.kelly@gnrf.gov.gh"",""role"":""mda_user"",""institutionId"":""ghana-national-research-fund"",""source"":""capacity_building_users_import""}"
2026-09-17T23:26:44.361Z,,bulk-import-script,user_created,user,2gZaBIlOhXXrM0Xv5UwoIDSeAjz1,"{""email"":""quophiacidick@gmail.com"",""role"":""mda_user"",""institutionId"":""office-of-the-registrar-of-companies"",""source"":""capacity_building_users_import""}"
2026-09-17T23:26:46.851Z,,bulk-import-script,user_created,user,rpJAw0FnxdQNykHwuj8GtbvDw9o1,"{""email"":""alexander.adu-antwi@fishcom.gov.gh"",""role"":""mda_user"",""institutionId"":""fisheries-commission"",""source"":""capacity_building_users_import""}"
2026-09-17T23:26:49.643Z,,bulk-import-script,user_created,user,qrM9PxrFOdN1p5YEqlYYggPLQPi2,"{""email"":""marie.boateng@nasia.gov.gh"",""role"":""mda_user"",""institutionId"":""national-schools-inspectorate-authority"",""source"":""capacity_building_users_import""}"
2026-09-17T23:26:52.239Z,,bulk-import-script,user_created,user,U5Dt28GhThRi7fVPqlVZHcz8IiX2,"{""email"":""niilaud@hotmail.com"",""role"":""mda_user"",""institutionId"":""weija-gbawe-municipal-hospital"",""source"":""capacity_building_users_import""}"
2026-09-17T23:26:55.202Z,,bulk-import-script,user_created,user,FqVl7ygRTrNOJzmTwhSt8IXJLcH2,"{""email"":""ebenayel@gmail.com"",""role"":""mda_user"",""institutionId"":""government-secretarial-school"",""source"":""capacity_building_users_import""}"
2026-09-17T23:26:58.113Z,,bulk-import-script,user_created,user,G7MjS2aZpqX2rFt5Gl7ncoCahnw1,"{""email"":""marian.kumi@mosr.gov.gh"",""role"":""mda_user"",""institutionId"":""ministry-of-sports-and-recreation"",""source"":""capacity_building_users_import""}"
2026-09-17T23:27:00.702Z,,bulk-import-script,user_created,user,q052wu4v8WUsAP5ZYaUrQAXFVdm1,"{""email"":""mabugri@mofep.gov.gh"",""role"":""mda_user"",""institutionId"":""ministry-of-finance"",""source"":""capacity_building_users_import""}"
2026-09-17T23:27:02.911Z,,bulk-import-script,user_created,user,oH0WZD4ZlQem1Lh9O4jIs7hpHd42,"{""email"":""daniel.appiahapetorgbor@ghs.gov.gh"",""role"":""mda_user"",""institutionId"":""ghana-health-service"",""source"":""capacity_building_users_import""}"
2026-09-17T23:27:05.514Z,,bulk-import-script,user_created,user,4J63Bo7A3KOMaeXGkoi5J80KQLj1,"{""email"":""kojo.acquah@nasia.gov.gh"",""role"":""mda_user"",""institutionId"":""national-schools-inspectorate-authority"",""source"":""capacity_building_users_import""}"
2026-09-17T23:27:08.439Z,,bulk-import-script,user_created,user,gwFE2JiwKJcKgE1GWJ9vwlhdDni2,"{""email"":""agnes.assan@fishcom.gov.gh"",""role"":""mda_user"",""institutionId"":""fisheries-commission"",""source"":""capacity_building_users_import""}"
2026-09-17T23:27:11.046Z,,bulk-import-script,user_created,user,lPpq7be3n5PYvU4dr4GsZa5Zt2b2,"{""email"":""bertha.hagble@cagd.gov.gh"",""role"":""mda_user"",""institutionId"":""controller-and-accountant-general-s-department"",""source"":""capacity_building_users_import""}"
2026-09-17T23:27:13.655Z,,bulk-import-script,user_created,user,XeDhCwsRoDUsZeNVacbYdoENu7u2,"{""email"":""aotoo@energycom.gov.gh"",""role"":""mda_user"",""institutionId"":""energy-commission"",""source"":""capacity_building_users_import""}"
2026-09-17T23:27:15.924Z,,bulk-import-script,user_created,user,wrF1zeGzwVN65pB0YKPX7wlZrt62,"{""email"":""awotwedavid8@gmail.com"",""role"":""mda_user"",""institutionId"":""national-youth-authority"",""source"":""capacity_building_users_import""}"
2026-09-17T23:27:18.660Z,,bulk-import-script,user_created,user,bWqRUGdyLcZXboQ4tX0YT4EDknM2,"{""email"":""samueloforituga23@gmail.com"",""role"":""mda_user"",""institutionId"":""ghana-police-service"",""source"":""capacity_building_users_import""}"
2026-09-17T23:27:21.023Z,,bulk-import-script,user_created,user,nYvVutvJBcZxVMuAA4fuNaIgkI32,"{""email"":""francis2009asiedu@gmail.com"",""role"":""mda_user"",""institutionId"":""public-services-commission"",""source"":""capacity_building_users_import""}"
2026-09-17T23:27:23.562Z,,bulk-import-script,user_created,user,4ewRQqoW46afaQBpQaPYQpdPYr93,"{""email"":""louis.opoku@rtic.gov.gh"",""role"":""mda_user"",""institutionId"":""right-to-information-commission"",""source"":""capacity_building_users_import""}"
2026-09-17T23:27:27.253Z,,bulk-import-script,user_created,user,xZ39B3xkWhbwG0U2mET1s4o92fk1,"{""email"":""maudkyeth@gmail.com"",""role"":""mda_user"",""institutionId"":""ministry-of-food-and-agriculture"",""source"":""capacity_building_users_import""}"
2026-09-17T23:27:30.221Z,,bulk-import-script,user_created,user,Sr75crgj3IgNCxANzzUOe4Qo5gA2,"{""email"":""emmanuel.dadzie@mofa.gov.gh"",""role"":""mda_user"",""institutionId"":""ministry-of-food-and-agriculture"",""source"":""capacity_building_users_import""}"
2026-09-17T23:27:32.917Z,,bulk-import-script,user_created,user,jjKvjBS9fLbyTky0iJNQq1WpkBz1,"{""email"":""maybayor@yahoo.com"",""role"":""mda_user"",""institutionId"":""ministry-of-food-and-agriculture"",""source"":""capacity_building_users_import""}"
2026-09-17T23:27:35.287Z,,bulk-import-script,user_created,user,sxpUJKjX7bRHthE0hImT0xmNH3u1,"{""email"":""rashmufti653@gmail.com"",""role"":""mda_user"",""institutionId"":""savannah-regional-coordinating-council"",""source"":""capacity_building_users_import""}"
2026-09-17T23:27:37.394Z,,bulk-import-script,user_created,user,rWskFkZDjiZUo7EtH1mXUyhW5Gg1,"{""email"":""john.young@gaec.gov.gh"",""role"":""mda_user"",""institutionId"":""ghana-atomic-energy-commission"",""source"":""capacity_building_users_import""}"
2026-09-17T23:27:39.964Z,,bulk-import-script,user_created,user,hD6o6J0kcxR3IysLbrFru63ZnvY2,"{""email"":""loretta.degbe@ohcs.gov.gh"",""role"":""mda_user"",""institutionId"":""office-of-the-head-of-civil-service"",""source"":""capacity_building_users_import""}"
2026-09-17T23:27:42.635Z,,bulk-import-script,user_created,user,TVzIY29LoSRn8CTb9yi1i9bGt4G2,"{""email"":""frank.adigbo1974@gmail.com"",""role"":""mda_user"",""institutionId"":""ministry-of-environment-science-technology-and-innovation"",""source"":""capacity_building_users_import""}"
2026-09-17T23:27:45.911Z,,bulk-import-script,user_created,user,i03PP6frAUhqs5fQpQtVB2VGYUt1,"{""email"":""j.ntiforo@nya.gov.gh"",""role"":""mda_user"",""institutionId"":""national-youth-authority"",""source"":""capacity_building_users_import""}"
2026-09-17T23:27:48.350Z,,bulk-import-script,user_created,user,E6aUZaw5TSP28qqVz4QTfMy1r3r2,"{""email"":""adjeirachel60@gmail.com"",""role"":""mda_user"",""institutionId"":""ministry-of-environment-science-technology-and-innovation"",""source"":""capacity_building_users_import""}"
2026-09-17T23:27:51.783Z,,bulk-import-script,user_created,user,7oU4xV1IIqeVssLBeFAhAyOShFC3,"{""email"":""eyeboah@gtec.edu.gh"",""role"":""mda_user"",""institutionId"":""ghana-tertiary-education-commission-gtec"",""source"":""capacity_building_users_import""}"
2026-09-17T23:27:54.385Z,,bulk-import-script,user_created,user,0bJcy4p5budSXClho7HNWQCENGs2,"{""email"":""samuel.tetteh@lgs.gov.gh"",""role"":""mda_user"",""institutionId"":""office-of-the-head-of-local-government-service"",""source"":""capacity_building_users_import""}"
2026-09-17T23:27:56.882Z,,bulk-import-script,user_created,user,EU4lyofRF4ggI7RnI4tqfhCd66r1,"{""email"":""kofi.adusei@fishcom.gov.gh"",""role"":""mda_user"",""institutionId"":""fisheries-commission"",""source"":""capacity_building_users_import""}"
2026-09-17T23:27:59.574Z,,bulk-import-script,user_created,user,LNP2TX6Xj3ZOFGZ4MRII6YEjYtR2,"{""email"":""m.anafu@kbth.gov.gh"",""role"":""mda_user"",""institutionId"":""korle-bu-teaching-hospital"",""source"":""capacity_building_users_import""}"
2026-09-17T23:28:01.911Z,,bulk-import-script,user_created,user,17ixpnFLuTTSbZSfnX00DcgqSVc2,"{""email"":""frederick.addo@gtvets.gov.gh"",""role"":""mda_user"",""institutionId"":""ghana-tvet-service"",""source"":""capacity_building_users_import""}"
2026-09-17T23:28:04.315Z,,bulk-import-script,user_created,user,JbwQg7nHBDReJji4rT4WKPP4jo03,"{""email"":""rubby.mac-kafui@mesti.gov.gh"",""role"":""mda_user"",""institutionId"":""ministry-of-environment-science-technology-and-innovation"",""source"":""capacity_building_users_import""}"
2026-09-17T23:28:07.007Z,,bulk-import-script,user_created,user,bxc2srgu6KcakqBIueks6TPtVpD3,"{""email"":""jaypanic62@gmail.com"",""role"":""mda_user"",""institutionId"":""national-media-commission"",""source"":""capacity_building_users_import""}"
2026-09-17T23:28:09.598Z,,bulk-import-script,user_created,user,imOxvFYyDRgadhNhIWhl8xnNs0y2,"{""email"":""frankeyto@yahoo.com"",""role"":""mda_user"",""institutionId"":""controller-and-accountant-general-s-department"",""source"":""capacity_building_users_import""}"
2026-09-17T23:28:12.276Z,,bulk-import-script,user_created,user,rxJyH9ntrMeN7fpc4gGpV3hrU4G3,"{""email"":""bernice.ampofo@gepa.gov.gh"",""role"":""mda_user"",""institutionId"":""ghana-export-promotion-authority"",""source"":""capacity_building_users_import""}"
2026-09-17T23:28:15.221Z,,bulk-import-script,user_created,user,ZHEiUtuyxNVZdoQEHU8PCx7VIxL2,"{""email"":""hannah.tetteh@gepa.gov.gh"",""role"":""mda_user"",""institutionId"":""ghana-export-promotion-authority"",""source"":""capacity_building_users_import""}"
2026-09-17T23:28:17.595Z,,bulk-import-script,user_created,user,psOyfmas2PT7x2dwM93QLSlqc7V2,"{""email"":""arthur.ebenezer748@gmail.com"",""role"":""mda_user"",""institutionId"":""ministry-of-food-and-agriculture"",""source"":""capacity_building_users_import""}"
2026-09-17T23:28:20.501Z,,bulk-import-script,user_created,user,cscHgOU8Yfh4ktoeQs23NKcmhSz2,"{""email"":""kweku_isaac@yahoo.com"",""role"":""mda_user"",""institutionId"":""lands-commission"",""source"":""capacity_building_users_import""}"
2026-09-17T23:28:23.601Z,,bulk-import-script,user_created,user,nef7vhT5UIfHiOQmzz8S3dVuDUG3,"{""email"":""emmanuel.acquah@psc.gov.gh"",""role"":""mda_user"",""institutionId"":""public-services-commission"",""source"":""capacity_building_users_import""}"
2026-09-17T23:28:26.165Z,,bulk-import-script,user_created,user,O3o4hHYQs1Qj9gGhS4xtmltGFD52,"{""email"":""sirmaths1983@gmail.com"",""role"":""mda_user"",""institutionId"":""national-health-insurance-authority-nhia"",""source"":""capacity_building_users_import""}"
2026-09-17T23:28:28.449Z,,bulk-import-script,user_created,user,7mqhhD7QLnSImeVanDosKiu0UmL2,"{""email"":""constance.asiedu@psc.gov.gh"",""role"":""mda_user"",""institutionId"":""public-services-commission"",""source"":""capacity_building_users_import""}"
2026-09-17T23:28:30.760Z,,bulk-import-script,user_created,user,qXiZEi0Cd9ekwgEJcRD12ZBQs2N2,"{""email"":""mabel.danquah@ewastefund.gov.gh"",""role"":""mda_user"",""institutionId"":""electrical-and-electronic-waste-management-fund"",""source"":""capacity_building_users_import""}"
2026-09-17T23:28:33.487Z,,bulk-import-script,user_created,user,jVMWjtp3RXWtb1PNTz5WHGmpZBS2,"{""email"":""clara.lartey@mosr.gov.gh"",""role"":""mda_user"",""institutionId"":""ministry-of-sports-and-recreation"",""source"":""capacity_building_users_import""}"
2026-09-17T23:28:35.979Z,,bulk-import-script,user_created,user,axu2fVREkyeIEEEWSHDPZMzyBgd2,"{""email"":""nathaniel.asamoah@doc.gov.gh"",""role"":""mda_user"",""institutionId"":""department-of-co-operatives"",""source"":""capacity_building_users_import""}"
2026-09-17T23:28:38.288Z,,bulk-import-script,user_created,user,I3MZcQoMb1NaFCFbU018wtVkBDI3,"{""email"":""braimah.nuhu@zodf.gov.gh"",""role"":""mda_user"",""institutionId"":""zongo-development-fund"",""source"":""capacity_building_users_import""}"
2026-09-17T23:28:40.823Z,,bulk-import-script,user_created,user,fajhOkc794dbo2LyipFyoL70CsJ2,"{""email"":""kamal-deen.abdullah@myde.gov.gh"",""role"":""mda_user"",""institutionId"":""ministry-of-youth-development-and-empowerment"",""source"":""capacity_building_users_import""}"
2026-09-17T23:28:43.357Z,,bulk-import-script,user_created,user,LvJBkAsxhDVjDd3NNU8Q40BxKA52,"{""email"":""phyllis.yamoah@myde.gov.gh"",""role"":""mda_user"",""institutionId"":""ministry-of-youth-development-and-empowerment"",""source"":""capacity_building_users_import""}"
2026-09-17T23:28:45.563Z,,bulk-import-script,user_created,user,TMLl2ODL58QVMCOXhLcjWJTqWqz2,"{""email"":""ttenkorangnot@gmail.com"",""role"":""mda_user"",""institutionId"":""national-sports-authority"",""source"":""capacity_building_users_import""}"
2026-09-17T23:28:48.089Z,,bulk-import-script,user_created,user,C5tsOP9R34g68nIASn8GCR45VKJ2,"{""email"":""king.palm@mosr.gov.gh"",""role"":""mda_user"",""institutionId"":""ministry-of-sports-and-recreation"",""source"":""capacity_building_users_import""}"
2026-09-17T23:28:50.941Z,,bulk-import-script,user_created,user,dpufNKMzBddq7l9rAVYSCL3lhri2,"{""email"":""charles.donkor@nhia.gov.gh"",""role"":""mda_user"",""institutionId"":""national-health-insurance-authority-nhia"",""source"":""capacity_building_users_import""}"
2026-09-17T23:28:53.566Z,,bulk-import-script,user_created,user,rNpf37a89cgUsPja1L1gEbhc0tx2,"{""email"":""eyartey@mofep.gov.gh"",""role"":""mda_user"",""institutionId"":""ministry-of-finance"",""source"":""capacity_building_users_import""}"
2026-09-17T23:28:56.090Z,,bulk-import-script,user_created,user,0xoIv50bfhUDArmJxWKVq1XW8I92,"{""email"":""francis.yamoah@zicds.gov.gh"",""role"":""mda_user"",""institutionId"":""zongo-and-inner-city-development-secretariat"",""source"":""capacity_building_users_import""}"
2026-09-17T23:28:59.280Z,,bulk-import-script,user_created,user,7zgPqNNq46MdjjQXsALBxaPvO4b2,"{""email"":""isaac.aidoo@fishcom.gov.gh"",""role"":""mda_user"",""institutionId"":""fisheries-commission"",""source"":""capacity_building_users_import""}"
2026-09-17T23:29:02.433Z,,bulk-import-script,user_created,user,83Bzzt0fBiYRV0eFc9N0XEC5Dbr1,"{""email"":""mary.nkansa@fishcom.gov.gh"",""role"":""mda_user"",""institutionId"":""fisheries-commission"",""source"":""capacity_building_users_import""}"
2026-09-17T23:29:04.850Z,,bulk-import-script,user_created,user,8aQ5OvCpuchGFdC1r7lMfMXqkX22,"{""email"":""emmanuel.nyonator@fc.gov.gh"",""role"":""mda_user"",""institutionId"":""forestry-commission"",""source"":""capacity_building_users_import""}"
2026-09-17T23:29:06.835Z,,bulk-import-script,user_created,user,34B64DEmuPcfbrwWpI6sp2rA8rO2,"{""email"":""josiah.commodore@lgs.gov.gh"",""role"":""mda_user"",""institutionId"":""office-of-the-head-of-local-government-service"",""source"":""capacity_building_users_import""}"
2026-09-17T23:29:10.366Z,,bulk-import-script,user_created,user,jlNSE8FavAckQHdzmR5rFvdC1Vm2,"{""email"":""dannyshalom39@gmail.com"",""role"":""mda_user"",""institutionId"":""central-regional-coordinating-council"",""source"":""capacity_building_users_import""}"
2026-09-17T23:29:12.558Z,,bulk-import-script,user_created,user,n6doHdMmnCWeGtCMpFqMzjDsnkA2,"{""email"":""marian.nortey@unescoghana.gov.gh"",""role"":""mda_user"",""institutionId"":""ghana-commission-for-unesco"",""source"":""capacity_building_users_import""}"
2026-09-17T23:29:14.834Z,,bulk-import-script,user_created,user,QSnzqRmGgKOSXkzqXui7cDyjbtj1,"{""email"":""apollonius.asare@unescoghana.gov.gh"",""role"":""mda_user"",""institutionId"":""ghana-commission-for-unesco"",""source"":""capacity_building_users_import""}"
2026-09-17T23:29:17.126Z,,bulk-import-script,user_created,user,VIg1XIwEH8UjZv3rRLQlIbuodDe2,"{""email"":""edith.ababio@unescoghana.gov.gh"",""role"":""mda_user"",""institutionId"":""ghana-commission-for-unesco"",""source"":""capacity_building_users_import""}"
2026-09-17T23:29:19.358Z,,bulk-import-script,user_created,user,yTFmLKJaNKeg7KCB3Q6BCef6UM73,"{""email"":""anthony.mensah@rmtf.gov.gh"",""role"":""mda_user"",""institutionId"":""road-maintenance-trust-fund"",""source"":""capacity_building_users_import""}"
2026-09-17T23:29:22.175Z,,bulk-import-script,user_created,user,XDUCGkCnObU3m2euW6KuAKwowpL2,"{""email"":""felix.atse@ewastefund.gov.gh"",""role"":""mda_user"",""institutionId"":""electrical-and-electronic-waste-management-fund"",""source"":""capacity_building_users_import""}"
2026-09-17T23:29:24.539Z,,bulk-import-script,user_created,user,7xMf0wa1jAOrprk4eVwUv7grQF42,"{""email"":""mercy.mac-arthur@rmtf.gov.gh"",""role"":""mda_user"",""institutionId"":""road-maintenance-trust-fund"",""source"":""capacity_building_users_import""}"
2026-09-17T23:29:27.195Z,,bulk-import-script,user_created,user,811CBsskIDWwhPcm6TD995mUkTt2,"{""email"":""ernest.gyan@iat.gov.gh"",""role"":""mda_user"",""institutionId"":""institute-of-accountancy-training"",""source"":""capacity_building_users_import""}"
2026-09-17T23:29:29.678Z,,bulk-import-script,user_created,user,FdDbbt6kiZPFOfleqhm2WwtFH5y2,"{""email"":""rebecca.sam@smallarmscommission.gov.gh"",""role"":""mda_user"",""institutionId"":""national-commission-on-small-arms-and-light-weapons"",""source"":""capacity_building_users_import""}"
2026-09-17T23:29:32.768Z,,bulk-import-script,user_created,user,e4vPpSea6SVMh1bsBxUlqdcYaV23,"{""email"":""addog84@gmail.com"",""role"":""mda_user"",""institutionId"":""allied-health-professions-council"",""source"":""capacity_building_users_import""}"
2026-09-17T23:29:35.411Z,,bulk-import-script,user_created,user,IrNMNQkcLLaWkGOARMhEoy2VBHm2,"{""email"":""fbaffour@mofep.gov.gh"",""role"":""mda_user"",""institutionId"":""ministry-of-finance"",""source"":""capacity_building_users_import""}"
2026-09-17T23:29:38.087Z,,bulk-import-script,user_created,user,MdKQ73KNzZXBewTylzoFUOJtroj1,"{""email"":""esther.tetteh@hydro.gov.gh"",""role"":""mda_user"",""institutionId"":""ghana-hydrological-authority"",""source"":""capacity_building_users_import""}"
2026-09-17T23:29:40.657Z,,bulk-import-script,user_created,user,nKJezWXNDqWFbxlsJ0TjLRXRYoj2,"{""email"":""koboraopoku@gmail.com"",""role"":""mda_user"",""institutionId"":""national-health-insurance-authority-nhia"",""source"":""capacity_building_users_import""}"
2026-09-17T23:29:43.248Z,,bulk-import-script,user_created,user,g75oBEOJz2SMEEc1TEAWPlYewBS2,"{""email"":""sampson.ackaah@nhia.gov.gh"",""role"":""mda_user"",""institutionId"":""national-health-insurance-authority-nhia"",""source"":""capacity_building_users_import""}"
2026-09-17T23:29:46.147Z,,bulk-import-script,user_created,user,do4iWCWXMyUJCl0dSIzL6a5JMu52,"{""email"":""innosah77@gmail.com"",""role"":""mda_user"",""institutionId"":""weija-gbawe-municipal-hospital"",""source"":""capacity_building_users_import""}"
2026-09-17T23:29:48.425Z,,bulk-import-script,user_created,user,7KPiksgeoRSRYUzWoqNyp6mLPW43,"{""email"":""francis.dorkenoo@mogcsp.gov.gh"",""role"":""mda_user"",""institutionId"":""ministry-of-gender-children-and-social-protection"",""source"":""capacity_building_users_import""}"
2026-09-17T23:29:51.096Z,,bulk-import-script,user_created,user,4Mvw5CKMtyaTxOaNB4SHjlV1ldd2,"{""email"":""bronville12@gmail.com"",""role"":""mda_user"",""institutionId"":""fisheries-commission"",""source"":""capacity_building_users_import""}"
2026-09-17T23:29:53.755Z,,bulk-import-script,user_created,user,H92QTEdGERRdMqCSlgO4XLC0rfq2,"{""email"":""jenni.my.2@gmail.com"",""role"":""mda_user"",""institutionId"":""public-sector-reform-secretariat"",""source"":""capacity_building_users_import""}"
2026-09-17T23:29:56.323Z,,bulk-import-script,user_created,user,b3uDP1fmXOhCFYzEfyOaIslZFxq2,"{""email"":""kingsfordadu300@gmail.com"",""role"":""mda_user"",""institutionId"":""national-health-insurance-authority-nhia"",""source"":""capacity_building_users_import""}"
2026-09-17T23:29:58.736Z,,bulk-import-script,user_created,user,uFUcyrJDrxUHe8BJinL7ApDUcbC2,"{""email"":""elvdenn1998@gmail.com"",""role"":""mda_user"",""institutionId"":""council-for-scientific-and-industrial-research-csir"",""source"":""capacity_building_users_import""}"
2026-09-17T23:30:01.738Z,,bulk-import-script,user_created,user,ufELbkov7ubIGqU2EbpXZ9jHKNn2,"{""email"":""frimp.george@gmail.com"",""role"":""mda_user"",""institutionId"":""centre-for-plant-medicine-research"",""source"":""capacity_building_users_import""}"
2026-09-17T23:30:04.223Z,,bulk-import-script,user_created,user,hCBNp2oZwkT0TAEMxgZ6slBvwgF2,"{""email"":""fuseina09@gmail.com"",""role"":""mda_user"",""institutionId"":""fisheries-commission"",""source"":""capacity_building_users_import""}"
2026-09-17T23:30:07.472Z,,bulk-import-script,user_created,user,5iPj0bXk59eEd3F9wSPiMPm0PWn1,"{""email"":""cmuzole39@gmail.com"",""role"":""mda_user"",""institutionId"":""council-for-scientific-and-industrial-research-csir"",""source"":""capacity_building_users_import""}"
2026-09-17T23:30:10.559Z,,bulk-import-script,user_created,user,gwVfvWiv5DXH3CHkfw5ifYn964r2,"{""email"":""bernicehansenak20@gmail.com"",""role"":""mda_user"",""institutionId"":""korle-bu-teaching-hospital"",""source"":""capacity_building_users_import""}"
2026-09-17T23:30:13.012Z,,bulk-import-script,user_created,user,gIUu4lw3PWUFuZSotSNSDY5yvzC3,"{""email"":""johnasubonteng91@gmail.com"",""role"":""mda_user"",""institutionId"":""narcotics-control-commission"",""source"":""capacity_building_users_import""}"
2026-09-17T23:30:15.573Z,,bulk-import-script,user_created,user,jkj2p3a9WqNfmYqy394NmVyR9yF2,"{""email"":""anabella.arthur@mot.gov.gh"",""role"":""mda_user"",""institutionId"":""ministry-of-transport"",""source"":""capacity_building_users_import""}"
2026-09-17T23:30:17.740Z,,bulk-import-script,user_created,user,Vrhmm2R4mObV6B1t6WMtNfF36442,"{""email"":""lawoe.bright@northernrcc.gov.gh"",""role"":""mda_user"",""institutionId"":""northern-regional-coordinating-council"",""source"":""capacity_building_users_import""}"
2026-09-17T23:30:20.046Z,,bulk-import-script,user_created,user,0ZwisokYRyMD3VQ8wha8qwI6nCj1,"{""email"":""henrynsoh@gmail.com"",""role"":""mda_user"",""institutionId"":""ghana-national-fire-service"",""source"":""capacity_building_users_import""}"
2026-09-17T23:30:22.162Z,,bulk-import-script,user_created,user,vbkAGXTi2rZXBtgdyTYhbkvbimG3,"{""email"":""sarah.boamahduah@lgs.gov.gh"",""role"":""mda_user"",""institutionId"":""office-of-the-head-of-local-government-service"",""source"":""capacity_building_users_import""}"
2026-09-17T23:30:24.888Z,,bulk-import-script,user_created,user,tTvurJwoGNUdnPPk450ljUQvn1Z2,"{""email"":""zenaida.gumah@uercc.gov.gh"",""role"":""mda_user"",""institutionId"":""upper-east-regional-coordinating-council"",""source"":""capacity_building_users_import""}"
2026-09-17T23:30:27.396Z,,bulk-import-script,user_created,user,xpayNY7mgAQUVorBeWrrfF8niFu1,"{""email"":""ampemdarkojohn@yahoo.com"",""role"":""mda_user"",""institutionId"":""eastern-regional-coordinating-council"",""source"":""capacity_building_users_import""}"
2026-09-17T23:30:29.653Z,,bulk-import-script,user_created,user,snQoIEWuzjO1hlID2x5vlhU8B9y1,"{""email"":""gabbyakasom@gmail.com"",""role"":""mda_user"",""institutionId"":""ghana-national-fire-service"",""source"":""capacity_building_users_import""}"
2026-09-17T23:30:32.229Z,,bulk-import-script,user_created,user,Rt3IAmB7apZobMM1TVRvLEQStMT2,"{""email"":""iatregistrarsoffice@gmail.com"",""role"":""mda_user"",""institutionId"":""institute-of-accountancy-training"",""source"":""capacity_building_users_import""}"
2026-09-17T23:30:34.537Z,,bulk-import-script,user_created,user,AJput5hE4DbyOuABJ7d5XjPvfks1,"{""email"":""karenasiamah@gmail.com"",""role"":""mda_user"",""institutionId"":""ministry-of-environment-science-technology-and-innovation"",""source"":""capacity_building_users_import""}"
2026-09-17T23:30:37.259Z,,bulk-import-script,user_created,user,BbSiFWKIScSCI8HpGqn7SNCgq852,"{""email"":""nancy.boakye-amankwah@csa.gov.gh"",""role"":""mda_user"",""institutionId"":""cyber-security-authority"",""source"":""capacity_building_users_import""}"
2026-09-17T23:30:39.990Z,,bulk-import-script,user_created,user,Q37Xerq8NHaOAE9aHS8mJxJrikV2,"{""email"":""joel.tetteh@mincom.gov.gh"",""role"":""mda_user"",""institutionId"":""minerals-commission"",""source"":""capacity_building_users_import""}"
2026-09-17T23:30:42.358Z,,bulk-import-script,user_created,user,HDT7JJQakCNqJmhPJNSEqSEU5eP2,"{""email"":""chelseaasare27@gmail.com"",""role"":""mda_user"",""institutionId"":""minerals-commission"",""source"":""capacity_building_users_import""}"
2026-09-17T23:30:44.955Z,,bulk-import-script,user_created,user,SB7bI7bDKQfq8wwbkjjkbrWlnPG3,"{""email"":""rhodamensah18@gmail.com"",""role"":""mda_user"",""institutionId"":""national-teaching-council"",""source"":""capacity_building_users_import""}"
2026-09-17T23:30:47.288Z,,bulk-import-script,user_created,user,ZyiQpAZq8uSW8RLeOyzGH0SqXdC3,"{""email"":""ken.boateng@mogcsp.gov.gh"",""role"":""mda_user"",""institutionId"":""ministry-of-gender-children-and-social-protection"",""source"":""capacity_building_users_import""}"
2026-09-17T23:30:49.895Z,,bulk-import-script,user_created,user,L55rYeHUTFhgvKxOV94ZtX7koda2,"{""email"":""addylamptey77@gmail.com"",""role"":""mda_user"",""institutionId"":""ghana-national-fire-service"",""source"":""capacity_building_users_import""}"
2026-09-17T23:30:52.316Z,,bulk-import-script,user_created,user,Iqy0uuFlqtc2neG91KcRK6S9Dd73,"{""email"":""dianaaddae6@gmail.com"",""role"":""mda_user"",""institutionId"":""national-sports-college-winneba"",""source"":""capacity_building_users_import""}"
2026-09-17T23:30:54.672Z,,bulk-import-script,user_created,user,EBJT352nrYaA6HfL5y8od1xkYNJ3,"{""email"":""sandrasiaw@yahoo.com"",""role"":""mda_user"",""institutionId"":""weija-gbawe-municipal-hospital"",""source"":""capacity_building_users_import""}"
2026-09-17T23:30:57.380Z,,bulk-import-script,user_created,user,Xyxt9p4qLqhA8kOj6Kov15lkn902,"{""email"":""asanteantiprince@gmail.com"",""role"":""mda_user"",""institutionId"":""national-teaching-council"",""source"":""capacity_building_users_import""}"
2026-09-17T23:30:59.812Z,,bulk-import-script,user_created,user,Ipj1W6cnPrW5krb7ScXK0yDbFgp2,"{""email"":""yawnyarko2009@yahoo.com"",""role"":""mda_user"",""institutionId"":""office-of-government-machinery"",""source"":""capacity_building_users_import""}"
2026-09-17T23:31:02.656Z,,bulk-import-script,user_created,user,ERzXNVtY5iZBS83TLotlAZdPHTv1,"{""email"":""spasamoah@gmail.com"",""role"":""mda_user"",""institutionId"":""council-for-scientific-and-industrial-research-csir"",""source"":""capacity_building_users_import""}"
2026-09-17T23:31:05.219Z,,bulk-import-script,user_created,user,3ZhA0JBY1nNzbG8N06jCC6U7cJi1,"{""email"":""james.kuofie@nra.gov.gh"",""role"":""mda_user"",""institutionId"":""nuclear-regulatory-authority"",""source"":""capacity_building_users_import""}"
2026-09-17T23:31:07.353Z,,bulk-import-script,user_created,user,9v5gwcHqf1eefUHK6tlxsuXrdDF3,"{""email"":""prince.andoh@ncpd.gov.gh"",""role"":""mda_user"",""institutionId"":""national-council-on-persons-with-disability"",""source"":""capacity_building_users_import""}"
2026-09-17T23:31:09.782Z,,bulk-import-script,user_created,user,ON3BrNeb29bsmASdVztSdPDyQwH2,"{""email"":""abigail.otoo@chraj.gov.gh"",""role"":""mda_user"",""institutionId"":""commission-on-human-rights-and-administrative-justice"",""source"":""capacity_building_users_import""}"
2026-09-17T23:31:12.217Z,,bulk-import-script,user_created,user,vCioILTCmMdTCB4MBzjJI5vH82u1,"{""email"":""leonard.nunoo@ohcs.gov.gh"",""role"":""mda_user"",""institutionId"":""office-of-the-head-of-civil-service"",""source"":""capacity_building_users_import""}"
2026-09-17T23:31:14.858Z,,bulk-import-script,user_created,user,A0ugnk8cppbO2lmUGrcaOioTgCH2,"{""email"":""maxwell.lamptey@ohcs.gov.gh"",""role"":""mda_user"",""institutionId"":""office-of-the-head-of-civil-service"",""source"":""capacity_building_users_import""}"
2026-09-17T23:31:17.347Z,,bulk-import-script,user_created,user,Snh19BJccTT9t2XmUULLpwqElva2,"{""email"":""jones.agyei@nra.gov.gh"",""role"":""mda_user"",""institutionId"":""nuclear-regulatory-authority"",""source"":""capacity_building_users_import""}"
2026-09-17T23:31:19.830Z,,bulk-import-script,user_created,user,Zhs8I99ScDRGRqhd3BombqJIk143,"{""email"":""jayim@mint.gov.gh"",""role"":""mda_user"",""institutionId"":""ministry-of-the-interior"",""source"":""capacity_building_users_import""}"
2026-09-17T23:31:22.336Z,,bulk-import-script,user_created,user,x6luwVRvIYcbXjqCFEvonmd0icB3,"{""email"":""raymondsackey27@yahoo.com"",""role"":""mda_user"",""institutionId"":""ghana-refugee-board"",""source"":""capacity_building_users_import""}"
2026-09-17T23:31:24.596Z,,bulk-import-script,user_created,user,8TEwUSDDUJed2HMzsmfRjxIhr553,"{""email"":""leonard.ankrah@gmail.com"",""role"":""mda_user"",""institutionId"":""department-of-rural-housing"",""source"":""capacity_building_users_import""}"
2026-09-17T23:31:27.332Z,,bulk-import-script,user_created,user,KbOn4bQLVuPUp9HvV1w7J97VrL73,"{""email"":""eboascot@yahoo.com"",""role"":""mda_user"",""institutionId"":""national-development-planning-commission"",""source"":""capacity_building_users_import""}"
2026-09-17T23:31:29.712Z,,bulk-import-script,user_created,user,L376SRMf31S5b3dc2srboocF24O2,"{""email"":""elormnyat@gmail.com"",""role"":""mda_user"",""institutionId"":""ministry-of-lands-and-natural-resources"",""source"":""capacity_building_users_import""}"
2026-09-17T23:31:32.094Z,,bulk-import-script,user_created,user,Nf2VtaMe4NT5zEdAveCGNkO7qj22,"{""email"":""solomon.appiah@gamingcommission.gov.gh"",""role"":""mda_user"",""institutionId"":""gaming-commission"",""source"":""capacity_building_users_import""}"
2026-09-17T23:31:34.817Z,,bulk-import-script,user_created,user,CUy5EQyyznTNOuKUNvcHSnvI0Qi1,"{""email"":""theosoba@gmail.com"",""role"":""mda_user"",""institutionId"":""council-for-scientific-and-industrial-research-csir"",""source"":""capacity_building_users_import""}"
2026-09-17T23:31:37.201Z,,bulk-import-script,user_created,user,YS8bMxUrukMwZggC6vYbwyguhuk1,"{""email"":""yeboahemmanuel91@yahoo.com"",""role"":""mda_user"",""institutionId"":""information-services-department"",""source"":""capacity_building_users_import""}"
2026-09-17T23:31:39.457Z,,bulk-import-script,user_created,user,UR04SNIbAQNnodpFnUvmnkgM8im2,"{""email"":""emmanuelamooba86@gmail.com"",""role"":""mda_user"",""institutionId"":""department-of-community-development"",""source"":""capacity_building_users_import""}"
2026-09-17T23:31:41.857Z,,bulk-import-script,user_created,user,qnzxeglhFbMp8WrONzkm2PQMpou1,"{""email"":""owusuaa436@gmail.com"",""role"":""mda_user"",""institutionId"":""controller-and-accountant-general-s-department"",""source"":""capacity_building_users_import""}"
2026-09-17T23:31:44.240Z,,bulk-import-script,user_created,user,iomf0rG1GKNxNRuVpjbocWZFuWx1,"{""email"":""magnus.amoa-bosompem@pcsrc.gov.gh"",""role"":""mda_user"",""institutionId"":""postal-and-courier-services-regulatory-commission"",""source"":""capacity_building_users_import""}"
2026-09-17T23:31:46.758Z,,bulk-import-script,user_created,user,6IwNJoaJeDfBSIgcGZM0Rft2MxJ3,"{""email"":""agy.asomaniwinifred@gmail.com"",""role"":""mda_user"",""institutionId"":""ghana-national-fire-service"",""source"":""capacity_building_users_import""}"
2026-09-17T23:31:49.326Z,,bulk-import-script,user_created,user,ySt7JrUtLoU6SL5xLv4THcEhpSP2,"{""email"":""eric.mante-bediako@motcca.gov.gh"",""role"":""mda_user"",""institutionId"":""ministry-of-tourism-culture-and-creative-arts"",""source"":""capacity_building_users_import""}"
2026-09-17T23:31:51.945Z,,bulk-import-script,user_created,user,oyKVnZnjBQPlKhzqM3SsquJU60P2,"{""email"":""jeffreyboat3@gmail.com"",""role"":""mda_user"",""institutionId"":""kwame-nkrumah-memorial-park"",""source"":""capacity_building_users_import""}"
2026-09-17T23:31:54.319Z,,bulk-import-script,user_created,user,zeSVZDQqMJORmCYI8AyLTVFTwf83,"{""email"":""ntaddymorton@energycom.gov.gh"",""role"":""mda_user"",""institutionId"":""energy-commission"",""source"":""capacity_building_users_import""}"
2026-09-17T23:31:57.013Z,,bulk-import-script,user_created,user,Q6giAQZ4klfIMVszDOqBVf01npz1,"{""email"":""samuel.sieh@nia.gov.gh"",""role"":""mda_user"",""institutionId"":""national-identification-authority"",""source"":""capacity_building_users_import""}"
2026-09-17T23:31:59.719Z,,bulk-import-script,user_created,user,qLkpP0IbPVdQzCsqfFenS8lhfx52,"{""email"":""mavis.sackey@yahoo.com"",""role"":""mda_user"",""institutionId"":""ghana-museums-and-monuments-board"",""source"":""capacity_building_users_import""}"
2026-09-17T23:32:02.264Z,,bulk-import-script,user_created,user,eVkL6VnC2lUTQiZPNyBdj9aaCDr1,"{""email"":""fmahama@energycom.gov.gh"",""role"":""mda_user"",""institutionId"":""energy-commission"",""source"":""capacity_building_users_import""}"
2026-09-17T23:32:04.656Z,,bulk-import-script,user_created,user,z6PWd93GarNzzVMSAFt12ZbbVoj1,"{""email"":""pkaleku@energycom.gov.gh"",""role"":""mda_user"",""institutionId"":""energy-commission"",""source"":""capacity_building_users_import""}"
2026-09-17T23:32:07.192Z,,bulk-import-script,user_created,user,X0UJToifk5MGQV8A8zlWBa2f1Lr2,"{""email"":""naomi.yirenkyi@moc.gov.gh"",""role"":""mda_user"",""institutionId"":""ministry-of-communications-digital-technology-and-innovations"",""source"":""capacity_building_users_import""}"
2026-09-17T23:32:09.612Z,,bulk-import-script,user_created,user,Z2PudjsihAYzS3J4UUETXUOTcBF2,"{""email"":""bendo2g9@yahoo.com"",""role"":""mda_user"",""institutionId"":""ghana-tourism-authority"",""source"":""capacity_building_users_import""}"
2026-09-17T23:32:12.337Z,,bulk-import-script,user_created,user,NKNOi6RzvUQ6PxNKOHOzQkvCf8G2,"{""email"":""frank.owusu@ncpd.gov.gh"",""role"":""mda_user"",""institutionId"":""national-council-on-persons-with-disability"",""source"":""capacity_building_users_import""}"
2026-09-17T23:32:14.940Z,,bulk-import-script,user_created,user,EbvlVj8IcCglCb3VfC5atI96yBB3,"{""email"":""qobbiec@gmail.com"",""role"":""mda_user"",""institutionId"":""ghana-tourism-authority"",""source"":""capacity_building_users_import""}"
2026-09-17T23:32:18.087Z,,bulk-import-script,user_created,user,KlycCqX7k4RqWO4it9QSGbUmXTY2,"{""email"":""sally.gborglah@motcca.gov.gh"",""role"":""mda_user"",""institutionId"":""ministry-of-tourism-culture-and-creative-arts"",""source"":""capacity_building_users_import""}"
2026-09-17T23:32:20.952Z,,bulk-import-script,user_created,user,7BmZRCRtSZariq8quhqkRukqbkf2,"{""email"":""eliezeroseibempong25@gmail.com"",""role"":""mda_user"",""institutionId"":""ghana-tourism-authority"",""source"":""capacity_building_users_import""}"
2026-09-17T23:32:23.374Z,,bulk-import-script,user_created,user,BkECqXnvhIXn4kaXTv87UbQPKuO2,"{""email"":""gladys.kally@motcca.gov.gh"",""role"":""mda_user"",""institutionId"":""ministry-of-tourism-culture-and-creative-arts"",""source"":""capacity_building_users_import""}"
2026-09-17T23:32:26.319Z,,bulk-import-script,user_created,user,mXkNxH9psdW62ocGW4byfwNBsML2,"{""email"":""afimensah97@yahoo.com"",""role"":""mda_user"",""institutionId"":""ministry-of-tourism-culture-and-creative-arts"",""source"":""capacity_building_users_import""}"
2026-09-17T23:32:28.467Z,,bulk-import-script,user_created,user,EcX5U57e6McUtCcFDu1KK3vv0v52,"{""email"":""richard.boateng24@hotmail.com"",""role"":""mda_user"",""institutionId"":""microfinance-and-small-loans-centre-masloc"",""source"":""capacity_building_users_import""}"
2026-09-17T23:32:30.845Z,,bulk-import-script,user_created,user,W5iHdlRBfThjHx4ANUN7K3vZclF3,"{""email"":""alice.opoku-kontoh@nfa.gov.gh"",""role"":""mda_user"",""institutionId"":""national-film-authority"",""source"":""capacity_building_users_import""}"
2026-09-17T23:32:33.371Z,,bulk-import-script,user_created,user,fmtYpQhPCSeXJSU8JEwRH3gKuWT2,"{""email"":""aparry@energycom.gov.gh"",""role"":""mda_user"",""institutionId"":""energy-commission"",""source"":""capacity_building_users_import""}"
2026-09-17T23:32:35.809Z,,bulk-import-script,user_created,user,6heJXCn8eJWuqnbiWFN0n7nekn03,"{""email"":""elsieklufio@yahoo.co.uk"",""role"":""mda_user"",""institutionId"":""ministry-of-tourism-culture-and-creative-arts"",""source"":""capacity_building_users_import""}"
2026-09-17T23:32:38.929Z,,bulk-import-script,user_created,user,fxhrFd3W5GMSYBdqm1WhA3YCx1K2,"{""email"":""fridolinejnr@gmail.com"",""role"":""mda_user"",""institutionId"":""nuclear-regulatory-authority"",""source"":""capacity_building_users_import""}"
2026-09-17T23:32:41.063Z,,bulk-import-script,user_created,user,vym2MWzuSSbrMlB3b3C86aginOH2,"{""email"":""richard.quansah@mesti.gov.gh"",""role"":""mda_user"",""institutionId"":""ministry-of-environment-science-technology-and-innovation"",""source"":""capacity_building_users_import""}"
2026-09-17T23:32:43.236Z,,bulk-import-script,user_created,user,M0gbyzA3SwavvJgEjxMtPjYsGum1,"{""email"":""abigail.dwirah@ncpd.gov.gh"",""role"":""mda_user"",""institutionId"":""national-council-on-persons-with-disability"",""source"":""capacity_building_users_import""}"
2026-09-17T23:32:45.906Z,,bulk-import-script,user_created,user,4E56NdglXqUMKUMnP8NrSVK3BHk1,"{""email"":""zabdulaiwumbei@gmail.com"",""role"":""mda_user"",""institutionId"":""national-theatre-of-ghana"",""source"":""capacity_building_users_import""}"
2026-09-17T23:32:49.025Z,,bulk-import-script,user_created,user,kNmIKDftfVaSX7fjT0z0Hjk3Yf23,"{""email"":""gibayee@gmail.com"",""role"":""mda_user"",""institutionId"":""national-development-planning-commission"",""source"":""capacity_building_users_import""}"
2026-09-17T23:32:51.365Z,,bulk-import-script,user_created,user,mRmXLSnecaYIFyBgaCIXx6zbzGg2,"{""email"":""bright.oppong@mojagd.gov.gh"",""role"":""mda_user"",""institutionId"":""office-of-the-attorney-general-and-ministry-of-justice"",""source"":""capacity_building_users_import""}"
2026-09-17T23:32:54.531Z,,bulk-import-script,user_created,user,nWBIMLubrsaC0kzb30YvsEoRtp12,"{""email"":""stephenabofuor@gmail.com"",""role"":""mda_user"",""institutionId"":""controller-and-accountant-general-s-department"",""source"":""capacity_building_users_import""}"
2026-09-17T23:32:56.825Z,,bulk-import-script,user_created,user,nKgBLeiBckeaYah4IXhmOIQ4bvg2,"{""email"":""oabernard20@gmail.com"",""role"":""mda_user"",""institutionId"":""office-of-the-attorney-general-and-ministry-of-justice"",""source"":""capacity_building_users_import""}"
2026-09-17T23:32:59.439Z,,bulk-import-script,user_created,user,02jemBXuYGcobFVctyyLB55dID32,"{""email"":""felixiaoz@yahoo.com"",""role"":""mda_user"",""institutionId"":""national-folklore-board"",""source"":""capacity_building_users_import""}"
2026-09-17T23:33:02.289Z,,bulk-import-script,user_created,user,yoynEuYgfjbV76gQLQHD7Ao9fbo2,"{""email"":""bortey.isaac-newton@audit.gov.gh"",""role"":""mda_user"",""institutionId"":""audit-service"",""source"":""capacity_building_users_import""}"
2026-09-17T23:33:04.923Z,,bulk-import-script,user_created,user,EkstII0wvHfUnwyrdN3FagT8yAT2,"{""email"":""francis.amesawu@gida.gov.gh"",""role"":""mda_user"",""institutionId"":""ghana-irrigation-development-authority"",""source"":""capacity_building_users_import""}"
2026-09-17T23:33:07.302Z,,bulk-import-script,user_created,user,3wuL4XO4Q7XPlBoAnHECn0lmcbc2,"{""email"":""nichole.abbey@fishcom.gov.gh"",""role"":""mda_user"",""institutionId"":""fisheries-commission"",""source"":""capacity_building_users_import""}"
2026-09-17T23:33:10.043Z,,bulk-import-script,user_created,user,aouemVl6gch6ERkU9oQCm1yl2W83,"{""email"":""daniel.sam53@yahoo.com"",""role"":""mda_user"",""institutionId"":""central-regional-coordinating-council"",""source"":""capacity_building_users_import""}"
2026-09-17T23:33:12.443Z,,bulk-import-script,user_created,user,2G4jArQDEHSGUSbXeqzr99WJxRi2,"{""email"":""theoflesv@gmail.com"",""role"":""mda_user"",""institutionId"":""ghana-museums-and-monuments-board"",""source"":""capacity_building_users_import""}"
2026-09-17T23:33:14.720Z,,bulk-import-script,user_created,user,tZ5ayRyRI3Nbl513NvKSDiuFP0W2,"{""email"":""abigailakwayisi@gmail.com"",""role"":""mda_user"",""institutionId"":""creative-arts-agency"",""source"":""capacity_building_users_import""}"
2026-09-17T23:33:17.629Z,,bulk-import-script,user_created,user,VBjU7kP2nUT1ynA4Qwp1w37wsLr2,"{""email"":""michael.amofah@nia.gov.gh"",""role"":""mda_user"",""institutionId"":""national-identification-authority"",""source"":""capacity_building_users_import""}"
2026-09-17T23:33:19.803Z,,bulk-import-script,user_created,user,pRtWHeox3BUA2Pzl6Mph5Ma7iUp1,"{""email"":""theowasty85@gmail.com"",""role"":""mda_user"",""institutionId"":""ghana-health-service-achimota-hospital"",""source"":""capacity_building_users_import""}"
2026-09-17T23:33:22.665Z,,bulk-import-script,user_created,user,l2HZxEihe9Zqs6R5OB7fRwJoJ7H2,"{""email"":""john.nketia@statsghana.gov.gh"",""role"":""mda_user"",""institutionId"":""ghana-statistical-service"",""source"":""capacity_building_users_import""}"
2026-09-17T23:33:25.351Z,,bulk-import-script,user_created,user,E0SRjl3rbkSQIAZC8jDzcdYKBH73,"{""email"":""kofieyiah@yahoo.co.uk"",""role"":""mda_user"",""institutionId"":""ministry-of-tourism-culture-and-creative-arts"",""source"":""capacity_building_users_import""}"
2026-09-17T23:33:27.683Z,,bulk-import-script,user_created,user,MvYl9aA73nc5GxAIQmM3yXsauHS2,"{""email"":""vida.ogoe@yahoo.co.uk"",""role"":""mda_user"",""institutionId"":""environmental-protection-agency"",""source"":""capacity_building_users_import""}"
2026-09-17T23:33:30.066Z,,bulk-import-script,user_created,user,PSyRA8bYb6Vj6aAb8CWN0b7Rdhu2,"{""email"":""eric.abrah@nya.gov.gh"",""role"":""mda_user"",""institutionId"":""national-youth-authority"",""source"":""capacity_building_users_import""}"
2026-09-17T23:33:32.652Z,,bulk-import-script,user_created,user,tLrz9W0wrRbcW5b8zMWvNgPU28W2,"{""email"":""benedict.sagoe@gdnr.org.gh"",""role"":""mda_user"",""institutionId"":""ghana-domain-name-registry"",""source"":""capacity_building_users_import""}"
2026-09-17T23:33:35.199Z,,bulk-import-script,user_created,user,h40w4fZKwSM2nzqXQqpXPPpjp1w1,"{""email"":""charleswireko96@gmail.com"",""role"":""mda_user"",""institutionId"":""national-commission-on-culture"",""source"":""capacity_building_users_import""}"
2026-09-17T23:33:38.029Z,,bulk-import-script,user_created,user,U3qaumx2sZaoeF2xXML3rGAo4nY2,"{""email"":""lacquah02.law@gmail.com"",""role"":""mda_user"",""institutionId"":""ghana-museums-and-monuments-board"",""source"":""capacity_building_users_import""}"
2026-09-17T23:33:41.059Z,,bulk-import-script,user_created,user,0zIT7oSuTVVOh9lHvOFOADuWdn92,"{""email"":""eboakye@outlook.com"",""role"":""mda_user"",""institutionId"":""council-for-scientific-and-industrial-research-csir"",""source"":""capacity_building_users_import""}"
2026-09-17T23:33:44.149Z,,bulk-import-script,user_created,user,wz1k34NuZRWj0pIlUa5lF5p6Yu63,"{""email"":""yemohchris@gmail.com"",""role"":""mda_user"",""institutionId"":""ministry-of-lands-and-natural-resources"",""source"":""capacity_building_users_import""}"
2026-09-17T23:33:46.396Z,,bulk-import-script,user_created,user,gU0ZUut7KPPzhCVZHfBDOzEtE9J3,"{""email"":""kobina.sackey@mtcca.gov.gh"",""role"":""mda_user"",""institutionId"":""ministry-of-tourism-culture-and-creative-arts"",""source"":""capacity_building_users_import""}"
2026-09-17T23:33:48.762Z,,bulk-import-script,user_created,user,8eKcHleAwzdip0DCyqGGp2vsJZf2,"{""email"":""stephen.benyin@nhia.govgh"",""role"":""mda_user"",""institutionId"":""national-health-insurance-authority-nhia"",""source"":""capacity_building_users_import""}"
2026-09-17T23:33:51.039Z,,bulk-import-script,user_created,user,yqYY8dL22IfVwA4BTJBc43jEYZ73,"{""email"":""andrews.dzewoda@orc.gov.gh"",""role"":""mda_user"",""institutionId"":""office-of-the-registrar-of-companies"",""source"":""capacity_building_users_import""}"
2026-09-17T23:33:53.514Z,,bulk-import-script,user_created,user,8pftAVbxHvWhEjeKgjXEKgsmi5s1,"{""email"":""godfred.amponsah@myde.gov.gh"",""role"":""mda_user"",""institutionId"":""ministry-of-youth-development-and-empowerment"",""source"":""capacity_building_users_import""}"
2026-09-17T23:33:56.035Z,,bulk-import-script,user_created,user,urlXSCJBIzWdP2qJeAKnB1lPnLw1,"{""email"":""jerome.avornyo@csa.gov.gh"",""role"":""mda_user"",""institutionId"":""cyber-security-authority"",""source"":""capacity_building_users_import""}"
2026-09-17T23:33:58.691Z,,bulk-import-script,user_created,user,iPIWXI80GoZyronkAp5tv808KFR2,"{""email"":""brightod82@gmail.com"",""role"":""mda_user"",""institutionId"":""ghana-tourism-authority"",""source"":""capacity_building_users_import""}"
2026-09-17T23:34:01.755Z,,bulk-import-script,user_created,user,pBKOnIWDgnZu69leZwZBC51PW052,"{""email"":""akomahsafo@gmail.com"",""role"":""mda_user"",""institutionId"":""national-biosafety-authority"",""source"":""capacity_building_users_import""}"
2026-09-17T23:34:04.507Z,,bulk-import-script,user_created,user,FnsKC1nGG2MbPgtttwRltTCcGOk1,"{""email"":""georginaaziedorme@gmail.com"",""role"":""mda_user"",""institutionId"":""national-film-authority"",""source"":""capacity_building_users_import""}"
2026-09-17T23:34:06.668Z,,bulk-import-script,user_created,user,t4XBsJdO0YPMTuc0psradcVUxZv2,"{""email"":""ruth.agyeman@arcc.gov.gh"",""role"":""mda_user"",""institutionId"":""ashanti-regional-coordinating-council"",""source"":""capacity_building_users_import""}"
2026-09-17T23:34:09.077Z,,bulk-import-script,user_created,user,8n0LTRzQvJSy1MXXIS1AwFDpkqB3,"{""email"":""samgyan592@gmail.com"",""role"":""mda_user"",""institutionId"":""national-peace-council"",""source"":""capacity_building_users_import""}"
2026-09-17T23:34:11.888Z,,bulk-import-script,user_created,user,UKGCrDkq6KfPZGEnqXzgxsYlKps2,"{""email"":""antoaniette.ahiakpah@gta.gov.gh"",""role"":""mda_user"",""institutionId"":""ghana-tourism-authority"",""source"":""capacity_building_users_import""}"
2026-09-17T23:34:14.514Z,,bulk-import-script,user_created,user,FdlJq6NvEqZDFiB7Jrp3HvX7B4M2,"{""email"":""dillyoyou@yahoo.com"",""role"":""mda_user"",""institutionId"":""national-theatre-of-ghana"",""source"":""capacity_building_users_import""}"
2026-09-17T23:34:16.762Z,,bulk-import-script,user_created,user,WsHtdS0foMesfA1lHWSXUG405E12,"{""email"":""john.twumasi@myde.gov.gh"",""role"":""mda_user"",""institutionId"":""ministry-of-youth-development-and-empowerment"",""source"":""capacity_building_users_import""}"
2026-09-17T23:34:19.268Z,,bulk-import-script,user_created,user,hcTocnV8f5QY8ZXFwTIg4YVyekt1,"{""email"":""gmakan.wujangi@mint.gov.gh"",""role"":""mda_user"",""institutionId"":""ministry-of-the-interior"",""source"":""capacity_building_users_import""}"
2026-09-17T23:34:21.839Z,,bulk-import-script,user_created,user,VjwCN0WC6yNN0vHJYZfaLfqGCmG2,"{""email"":""doris.tsogbe@ncpd.gov.gh"",""role"":""mda_user"",""institutionId"":""national-council-on-persons-with-disability"",""source"":""capacity_building_users_import""}"
2026-09-17T23:34:24.666Z,,bulk-import-script,user_created,user,4XEDYhMvR7eDprPxfyaMh0Bcl8v2,"{""email"":""jacklinedenteh99@gmail.com"",""role"":""mda_user"",""institutionId"":""ghana-integrated-aluminium-development-corporation-giadec"",""source"":""capacity_building_users_import""}"
2026-09-17T23:34:27.378Z,,bulk-import-script,user_created,user,GKxBLzq6emWn9VlP124SulHHgg13,"{""email"":""yankey.jennie@gmail.com"",""role"":""mda_user"",""institutionId"":""ghana-integrated-aluminium-development-corporation-giadec"",""source"":""capacity_building_users_import""}"
2026-09-17T23:34:30.010Z,,bulk-import-script,user_created,user,c0kEwHntT0RoQ8CGsEhj5lrbz2F3,"{""email"":""thomas.assibi@csa.gov.gh"",""role"":""mda_user"",""institutionId"":""cyber-security-authority"",""source"":""capacity_building_users_import""}"
2026-09-17T23:34:32.766Z,,bulk-import-script,user_created,user,yWjFtjGrLNNGLPuZmPIMrpRIrJg2,"{""email"":""cedyank@yahoo.com"",""role"":""mda_user"",""institutionId"":""council-for-scientific-and-industrial-research-csir"",""source"":""capacity_building_users_import""}"
2026-09-17T23:34:35.055Z,,bulk-import-script,user_created,user,xDCYWQg0VlXAF5tMLciywJpKltC3,"{""email"":""lawrence.acolatse@cendlos.gov.gh"",""role"":""mda_user"",""institutionId"":""centre-for-national-distance-learning-and-open-schooling-cendlos"",""source"":""capacity_building_users_import""}"
2026-09-17T23:34:37.473Z,,bulk-import-script,user_created,user,0MSUjANjvJg0mxS8gpiytviXxwu1,"{""email"":""esther.amoah@mofaq.gov.gh"",""role"":""mda_user"",""institutionId"":""ministry-of-fisheries-aqua-culture-development"",""source"":""capacity_building_users_import""}"
2026-09-17T23:34:40.199Z,,bulk-import-script,user_created,user,e5jZTFDRSEWFd7FQOBQcPM4AWZ73,"{""email"":""owusuaa.boakye@ohcs.gov.gh"",""role"":""mda_user"",""institutionId"":""office-of-the-head-of-civil-service"",""source"":""capacity_building_users_import""}"
2026-09-17T23:34:42.881Z,,bulk-import-script,user_created,user,vmmFM42kEFc84hcmOxpprqfboNi1,"{""email"":""adiepenaampomah@gmail.com"",""role"":""mda_user"",""institutionId"":""ministry-of-lands-and-natural-resources"",""source"":""capacity_building_users_import""}"
2026-09-17T23:34:45.444Z,,bulk-import-script,user_created,user,JmK9qa82aQg4k4ZDYLNtYSN7UH43,"{""email"":""mumin.ibrahim21@gmail.com"",""role"":""mda_user"",""institutionId"":""ministry-of-lands-and-natural-resources"",""source"":""capacity_building_users_import""}"
2026-09-17T23:34:47.708Z,,bulk-import-script,user_created,user,QZcfavQTpvSgDPGxEXJ4vIzRgZY2,"{""email"":""naa-dromo.adzekwei@mosr.gov.gh"",""role"":""mda_user"",""institutionId"":""ministry-of-sports-and-recreation"",""source"":""capacity_building_users_import""}"
2026-09-17T23:34:50.307Z,,bulk-import-script,user_created,user,Any82k96A1WZ0v2kegiZbABKlVP2,"{""email"":""christyoppong3@gmail.com"",""role"":""mda_user"",""institutionId"":""ministry-of-youth-development-and-empowerment"",""source"":""capacity_building_users_import""}"
2026-09-17T23:34:53.137Z,,bulk-import-script,user_created,user,3wSZqI0hLoXNNa9Qj7N4lHRDDdD3,"{""email"":""ericusgarbi@gmail.com"",""role"":""mda_user"",""institutionId"":""office-of-the-registrar-of-companies"",""source"":""capacity_building_users_import""}"
2026-09-17T23:34:55.744Z,,bulk-import-script,user_created,user,7Sp9D4n94henaMfVatNbFwt1Cz93,"{""email"":""manunafi95@gmail.com"",""role"":""mda_user"",""institutionId"":""ghana-muslim-mission-college-of-education"",""source"":""capacity_building_users_import""}"
2026-09-17T23:34:58.619Z,,bulk-import-script,user_created,user,BTs6kpHtCnWFlHb9nBh9RU6Xh4H3,"{""email"":""hannah.payne@mesti.gov.gh"",""role"":""mda_user"",""institutionId"":""ministry-of-environment-science-technology-and-innovation"",""source"":""capacity_building_users_import""}"
2026-09-17T23:35:00.891Z,,bulk-import-script,user_created,user,N54jGVpSKxV56WoNVwGPPET88E53,"{""email"":""thomas.atuahene@arcc.gov.gh"",""role"":""mda_user"",""institutionId"":""ashanti-regional-coordinating-council"",""source"":""capacity_building_users_import""}"
2026-09-17T23:35:03.633Z,,bulk-import-script,user_created,user,APsulIFCqeWe4w7Iy9VdXxkRWbl1,"{""email"":""sheilaletsa@gmail.com"",""role"":""mda_user"",""institutionId"":""fisheries-commission"",""source"":""capacity_building_users_import""}"
2026-09-17T23:35:06.561Z,,bulk-import-script,user_created,user,F5tQ5qrv5nQo2jYofdnM6t5ZaJC2,"{""email"":""eyeboateng@yahoo.com"",""role"":""mda_user"",""institutionId"":""national-media-commission"",""source"":""capacity_building_users_import""}"
2026-09-17T23:35:08.980Z,,bulk-import-script,user_created,user,o4M4vYEdE8Uwel2M12J9M36FwIk1,"{""email"":""sylvester.wotordzor@orc.gov.gh"",""role"":""mda_user"",""institutionId"":""office-of-the-registrar-of-companies"",""source"":""capacity_building_users_import""}"
2026-09-17T23:35:11.459Z,,bulk-import-script,user_created,user,IyHbalMiCRWCDZ3EtCzvisynYyD2,"{""email"":""bright.boateng@csa.gov.gh"",""role"":""mda_user"",""institutionId"":""cyber-security-authority"",""source"":""capacity_building_users_import""}"
2026-09-17T23:35:14.454Z,,bulk-import-script,user_created,user,3geT71hap5fNeDvh8ltmWX8JZkq1,"{""email"":""faosei@energycom.gov.gh"",""role"":""mda_user"",""institutionId"":""energy-commission"",""source"":""capacity_building_users_import""}"
2026-09-17T23:35:17.044Z,,bulk-import-script,user_created,user,BC9cSGZ0k2NuanMk7NI9ztHEbrv1,"{""email"":""adjeikyereh@gmail.com"",""role"":""mda_user"",""institutionId"":""university-of-engineering-and-agricultural-sciences"",""source"":""capacity_building_users_import""}"
2026-09-17T23:35:20.024Z,,bulk-import-script,user_created,user,KunJk6akFdXWyapcOpkeBFo3Xf82,"{""email"":""veroadjie759@gmail.com"",""role"":""mda_user"",""institutionId"":""centre-for-plant-medicine-research"",""source"":""capacity_building_users_import""}"
2026-09-17T23:35:22.868Z,,bulk-import-script,user_created,user,r4rnCikIUjgz3sxkEFpMkvIi2At2,"{""email"":""isaacaduko@yahoo.com"",""role"":""mda_user"",""institutionId"":""ghana-museums-and-monuments-board"",""source"":""capacity_building_users_import""}"
2026-09-17T23:35:25.716Z,,bulk-import-script,user_created,user,5SbkpcNXz9hdPqRP9r3PuoAxTCa2,"{""email"":""ziemgifty@gmail.com"",""role"":""mda_user"",""institutionId"":""christ-the-teacher-college-of-education"",""source"":""capacity_building_users_import""}"
2026-09-17T23:35:28.526Z,,bulk-import-script,user_created,user,F5VTX04rEahFx4iaEgUidOIQk0q1,"{""email"":""aniaboeli@gmail.com"",""role"":""mda_user"",""institutionId"":""national-road-safety-authority"",""source"":""capacity_building_users_import""}"
2026-09-17T23:35:31.356Z,,bulk-import-script,user_created,user,XtCbxWPHx8PHoOA9KrrNqQnPjvt2,"{""email"":""emefa.tsagli@nra.gov.gh"",""role"":""mda_user"",""institutionId"":""nuclear-regulatory-authority"",""source"":""capacity_building_users_import""}"
2026-09-17T23:35:34.076Z,,bulk-import-script,user_created,user,RJSsvBY148e8CBL1xhVkBC5k1312,"{""email"":""bright.gyadu-addai@mofaq.gov.gh"",""role"":""mda_user"",""institutionId"":""ministry-of-fisheries-aqua-culture-development"",""source"":""capacity_building_users_import""}"
2026-09-17T23:35:36.425Z,,bulk-import-script,user_created,user,iwTxOBTWdDZNDlx4Vn9NfE60vko2,"{""email"":""anita.abruquah@bgl.gov.gh"",""role"":""mda_user"",""institutionId"":""bureau-of-ghana-languages"",""source"":""capacity_building_users_import""}"
2026-09-17T23:35:39.080Z,,bulk-import-script,user_created,user,H9t7qEDCZgZTINBymfuPZNam59O2,"{""email"":""rosemary.martey@bgl.gov.gh"",""role"":""mda_user"",""institutionId"":""bureau-of-ghana-languages"",""source"":""capacity_building_users_import""}"
2026-09-17T23:35:41.420Z,,bulk-import-script,user_created,user,ihxBZgbXv6X2xjBf9EblkzPnWVO2,"{""email"":""benewindy@gmail.com"",""role"":""mda_user"",""institutionId"":""community-22-polyclinic-ashaiman"",""source"":""capacity_building_users_import""}"
2026-09-17T23:35:44.014Z,,bulk-import-script,user_created,user,C8VReNogb7Wv09gyx7yx6dPsVXA2,"{""email"":""rita.boadu@orc.gov.gh"",""role"":""mda_user"",""institutionId"":""office-of-the-registrar-of-companies"",""source"":""capacity_building_users_import""}"
2026-09-17T23:35:46.472Z,,bulk-import-script,user_created,user,KO5dSKrAhtWxUpCJjn8YE7fkyNu2,"{""email"":""nanavirt@outlook.com"",""role"":""mda_user"",""institutionId"":""council-for-scientific-and-industrial-research-csir"",""source"":""capacity_building_users_import""}"
2026-09-17T23:35:49.769Z,,bulk-import-script,user_created,user,lJk4fiaa14US2SSvupCtUZa67IH2,"{""email"":""solo11159@gmail.com"",""role"":""mda_user"",""institutionId"":""ministry-of-lands-and-natural-resources"",""source"":""capacity_building_users_import""}"
2026-09-17T23:35:52.285Z,,bulk-import-script,user_created,user,w3AeMzm35iQe6h8t3JmUttQYCJG2,"{""email"":""elsie.lekettey@energymin.gov.gh"",""role"":""mda_user"",""institutionId"":""ministry-of-energy-and-green-transition"",""source"":""capacity_building_users_import""}"
2026-09-17T23:35:54.886Z,,bulk-import-script,user_created,user,Pg19ZSCYtBh2FOSIy2qZuoZLF222,"{""email"":""ahiatony2001@yahoo.com"",""role"":""mda_user"",""institutionId"":""council-for-scientific-and-industrial-research-csir"",""source"":""capacity_building_users_import""}"
2026-09-17T23:35:57.504Z,,bulk-import-script,user_created,user,4I73wVbWyJMRAkxUCO5X43FuGGD2,"{""email"":""gyirusaa24@gmail.com"",""role"":""mda_user"",""institutionId"":""national-commission-on-culture"",""source"":""capacity_building_users_import""}"
2026-09-17T23:36:00.088Z,,bulk-import-script,user_created,user,7Oi3wq38X7d90iPcCb9VJvQIpVf2,"{""email"":""johnnyamedeka@yahoo.com"",""role"":""mda_user"",""institutionId"":""council-for-scientific-and-industrial-research-csir"",""source"":""capacity_building_users_import""}"
2026-09-17T23:36:02.378Z,,bulk-import-script,user_created,user,nAq4UQGHuRPd5Wak6zKD7NpLmMJ2,"{""email"":""adjetey305@yahoo.com"",""role"":""mda_user"",""institutionId"":""council-for-scientific-and-industrial-research-csir"",""source"":""capacity_building_users_import""}"
2026-09-17T23:36:04.795Z,,bulk-import-script,user_created,user,w8eX4jeUCrPydGHtk91FY380xdx2,"{""email"":""cirocforthemen@gmail.com"",""role"":""mda_user"",""institutionId"":""national-disaster-management-organisation-nadmo"",""source"":""capacity_building_users_import""}"
2026-09-17T23:36:07.276Z,,bulk-import-script,user_created,user,wbmkJDaOzBY07NeuxLqbVhTNWGw1,"{""email"":""pomaa.antwi-darko@gbdc.gov.gh"",""role"":""mda_user"",""institutionId"":""ghana-book-development-council"",""source"":""capacity_building_users_import""}"
2026-09-17T23:36:09.855Z,,bulk-import-script,user_created,user,1LZfYpeypQUpEjulxlSA0mQbx7D3,"{""email"":""amakyeemma76@gmail.com"",""role"":""mda_user"",""institutionId"":""ghana-prisons-service"",""source"":""capacity_building_users_import""}"
2026-09-17T23:36:13.145Z,,bulk-import-script,user_created,user,jfuIMWSOj2VEIGuVF3ybARYFUxr2,"{""email"":""sulleymanawudu6@gmail.com"",""role"":""mda_user"",""institutionId"":""national-disaster-management-organisation-nadmo"",""source"":""capacity_building_users_import""}"
2026-09-17T23:36:15.785Z,,bulk-import-script,user_created,user,lyRfsPOKxdcxxvzOVboSrPl9mzC2,"{""email"":""kweiawaa@yahoo.com"",""role"":""mda_user"",""institutionId"":""national-theatre-of-ghana"",""source"":""capacity_building_users_import""}"
2026-09-17T23:36:18.299Z,,bulk-import-script,user_created,user,wSNvoVEQzdNF0d1pmRGY0PR3gcC2,"{""email"":""paula.oppong4@gmail.com"",""role"":""mda_user"",""institutionId"":""christ-the-teacher-college-of-education"",""source"":""capacity_building_users_import""}"
2026-09-17T23:36:20.773Z,,bulk-import-script,user_created,user,DCKKaxqTvye7SXb1eJo3jB8Q2R73,"{""email"":""nanayaw.ofori-agyei@epa.gov.gh"",""role"":""mda_user"",""institutionId"":""environmental-protection-agency"",""source"":""capacity_building_users_import""}"
2026-09-17T23:36:23.499Z,,bulk-import-script,user_created,user,yelrZMzk83gfpDcD2U1JkpuCfIj2,"{""email"":""richard.cobbinah@dfi.gov.gh"",""role"":""mda_user"",""institutionId"":""department-of-factories-inspectorate"",""source"":""capacity_building_users_import""}"
2026-09-17T23:36:26.172Z,,bulk-import-script,user_created,user,FjCxsFpl86f0TASpgNr6ifh31p23,"{""email"":""judithkyeraah@gmail.com"",""role"":""mda_user"",""institutionId"":""office-of-the-president"",""source"":""capacity_building_users_import""}"
2026-09-17T23:36:29.049Z,,bulk-import-script,user_created,user,kbbYA7c55xeLchjRUBSqUY9ytTZ2,"{""email"":""doreen.suglee@zicds.gov.gh"",""role"":""mda_user"",""institutionId"":""zongo-and-inner-city-development-secretariat"",""source"":""capacity_building_users_import""}"
2026-09-17T23:36:31.693Z,,bulk-import-script,user_created,user,ztA95G57DNUQyWA8oXpVqguThII2,"{""email"":""frankeyto1982@gmail.com"",""role"":""mda_user"",""institutionId"":""controller-and-accountant-general-s-department"",""source"":""capacity_building_users_import""}"
2026-09-17T23:36:34.298Z,,bulk-import-script,user_created,user,j9iJj0DLs0SQVcTxkUGEKtHf6Y42,"{""email"":""francisayahmint@gmail.com"",""role"":""mda_user"",""institutionId"":""national-media-commission"",""source"":""capacity_building_users_import""}"
2026-09-17T23:36:36.807Z,,bulk-import-script,user_created,user,wXrKD0sfc5RA8DYW3XmOcq5fwZy1,"{""email"":""osei.asibey@oop.gov.gh"",""role"":""mda_user"",""institutionId"":""office-of-government-machinery"",""source"":""capacity_building_users_import""}"
2026-09-17T23:36:39.679Z,,bulk-import-script,user_created,user,wLiAwBaJ0oMLxaMSBOoqNhOSN3f2,"{""email"":""glorianoi69@gmail.com"",""role"":""mda_user"",""institutionId"":""ministry-of-employment-and-labour-relations"",""source"":""capacity_building_users_import""}"
2026-09-17T23:36:42.588Z,,bulk-import-script,user_created,user,5ZHXOwQXF8YtQaSIAAEK7uE6NN42,"{""email"":""edwardarthur2g0@gmail.com"",""role"":""mda_user"",""institutionId"":""christian-health-association-of-ghana"",""source"":""capacity_building_users_import""}"
2026-09-17T23:36:45.420Z,,bulk-import-script,user_created,user,NK6dYikrI9XNwsZo3MXqmQoY4xs1,"{""email"":""gifty.sau@zicds.gov.gh"",""role"":""mda_user"",""institutionId"":""zongo-and-inner-city-development-secretariat"",""source"":""capacity_building_users_import""}"
2026-09-17T23:36:47.929Z,,bulk-import-script,user_created,user,sfJjJRldntMXXfhwaCaW4mfpEby2,"{""email"":""kumilee2003@yahoo.co.uk"",""role"":""mda_user"",""institutionId"":""ministry-of-lands-and-natural-resources"",""source"":""capacity_building_users_import""}"
2026-09-17T23:36:50.866Z,,bulk-import-script,user_created,user,nUYEVaWpllNUZ70LhgPMIaYGF3y2,"{""email"":""agnes.ofori-yeboah@nba.gov.gh"",""role"":""mda_user"",""institutionId"":""national-biosafety-authority"",""source"":""capacity_building_users_import""}"
2026-09-17T23:36:53.462Z,,bulk-import-script,user_created,user,1Y53hGDwTBYN1ItyjwQVgukmnH22,"{""email"":""joseph.kubi@nhia.gov.gh"",""role"":""mda_user"",""institutionId"":""national-health-insurance-authority-nhia"",""source"":""capacity_building_users_import""}"
2026-09-17T23:36:56.043Z,,bulk-import-script,user_created,user,SKeIdJ8johbEoaLz3FembLd17yG2,"{""email"":""franklyn026@gmail.com"",""role"":""mda_user"",""institutionId"":""national-disaster-management-organisation-nadmo"",""source"":""capacity_building_users_import""}"
2026-09-17T23:36:58.661Z,,bulk-import-script,user_created,user,sbcUqjjfUtNoMJW83Y1NeELYjq53,"{""email"":""bankimoun123@gmail.com"",""role"":""mda_user"",""institutionId"":""council-for-scientific-and-industrial-research-csir"",""source"":""capacity_building_users_import""}"
2026-09-17T23:37:01.596Z,,bulk-import-script,user_created,user,hHLZ1mD1MMg4mEEX572yH5o5Dkr1,"{""email"":""interestabi3@gmail.com"",""role"":""mda_user"",""institutionId"":""centre-for-national-distance-learning-and-open-schooling-cendlos"",""source"":""capacity_building_users_import""}"
2026-09-17T23:37:04.503Z,,bulk-import-script,user_created,user,v6D9ZP8FdlTEhO4wXbreBvOmCKx1,"{""email"":""ernestamoah1991@gmail.com"",""role"":""mda_user"",""institutionId"":""national-health-insurance-authority-nhia"",""source"":""capacity_building_users_import""}"
2026-09-17T23:37:07.101Z,,bulk-import-script,user_created,user,xNQIpVvVTKW1xZ6JPA7kdFXGWWC3,"{""email"":""naomi.abassah@motcca.gov.gh"",""role"":""mda_user"",""institutionId"":""ministry-of-tourism-culture-and-creative-arts"",""source"":""capacity_building_users_import""}"
2026-09-17T23:37:09.991Z,,bulk-import-script,user_created,user,9dPwVhMV0hXT6SG7IBc2S7wfSOt1,"{""email"":""nikoikenneth@gmail.com"",""role"":""mda_user"",""institutionId"":""ghana-statistical-service"",""source"":""capacity_building_users_import""}"
2026-09-17T23:37:12.838Z,,bulk-import-script,user_created,user,2VCRaHUK2ZM3ZTdO2GDX2kSPqJ03,"{""email"":""robert.akuoko@mint.gov.gh"",""role"":""mda_user"",""institutionId"":""ministry-of-the-interior"",""source"":""capacity_building_users_import""}"
2026-09-17T23:37:15.291Z,,bulk-import-script,user_created,user,iNpPgOTJFaPfWlkA8hl1pArlYoG3,"{""email"":""al-hassan.abdul@ktc.gov.gh"",""role"":""mda_user"",""institutionId"":""ministry-of-roads-and-highways"",""source"":""capacity_building_users_import""}"
2026-09-17T23:37:18.142Z,,bulk-import-script,user_created,user,L9ylxaGCERgTL2OSLavjKCZrYTm2,"{""email"":""piismaqer@gmail.com"",""role"":""mda_user"",""institutionId"":""department-of-community-development"",""source"":""capacity_building_users_import""}"
2026-09-17T23:37:20.414Z,,bulk-import-script,user_created,user,GifAuf8eN6e1RtQ0mTjrC2E8wvj1,"{""email"":""akua.adu-gyamfi@gbdc.gov.gh"",""role"":""mda_user"",""institutionId"":""ghana-book-development-council"",""source"":""capacity_building_users_import""}"
2026-09-17T23:37:22.864Z,,bulk-import-script,user_created,user,GJSxMDnQi8PsjiBCLAmuxxjMtrz2,"{""email"":""kafui.adamah@statsghana.gov.gh"",""role"":""mda_user"",""institutionId"":""ghana-statistical-service"",""source"":""capacity_building_users_import""}"
2026-09-17T23:37:25.316Z,,bulk-import-script,user_created,user,kPi28l0cVLNPqdehlBFh2ri39hl2,"{""email"":""djilahs@yahoo.com"",""role"":""mda_user"",""institutionId"":""national-disaster-management-organisation-nadmo"",""source"":""capacity_building_users_import""}"
2026-09-17T23:37:27.873Z,,bulk-import-script,user_created,user,69kLXI1q3Hc3tmbz7tIlOHfhL702,"{""email"":""godwin.quansah@labourdepartment.gov.gh"",""role"":""mda_user"",""institutionId"":""labour-department"",""source"":""capacity_building_users_import""}"
2026-09-17T23:37:30.609Z,,bulk-import-script,user_created,user,wSE4QAcKxqVezcyuuipZ90OX4i12,"{""email"":""gifty.tsatsu@melr.gov.gh"",""role"":""mda_user"",""institutionId"":""ministry-of-employment-and-labour-relations"",""source"":""capacity_building_users_import""}"
2026-09-17T23:37:33.338Z,,bulk-import-script,user_created,user,mHTqT7etgFOmsGtLwqboSe0LTgV2,"{""email"":""hayfordjkc@gmail.com"",""role"":""mda_user"",""institutionId"":""ghana-prisons-service"",""source"":""capacity_building_users_import""}"
2026-09-17T23:37:35.972Z,,bulk-import-script,user_created,user,7BwYNAs7P3dQ1Q6yFk7aglmTLuc2,"{""email"":""donchyna@yahoo.com"",""role"":""mda_user"",""institutionId"":""ministry-of-employment-and-labour-relations"",""source"":""capacity_building_users_import""}"
2026-09-17T23:37:38.978Z,,bulk-import-script,user_created,user,l3F8HkzXJEYdBlZq51DKLbNGeTh2,"{""email"":""niyi25032017@gmail.com"",""role"":""mda_user"",""institutionId"":""council-of-state"",""source"":""capacity_building_users_import""}"
2026-09-17T23:37:41.283Z,,bulk-import-script,user_created,user,Ar20knuLLmOlaNAfSlr1pk5Sib92,"{""email"":""rosemond70quansah@yahoo.com"",""role"":""mda_user"",""institutionId"":""management-development-and-productivity-institute"",""source"":""capacity_building_users_import""}"
2026-09-17T23:37:43.902Z,,bulk-import-script,user_created,user,03yVKK5lUOfhe1cuEZZMsgIhRaK2,"{""email"":""zinash4all@yahoo.com"",""role"":""mda_user"",""institutionId"":""ghana-co-operative-college"",""source"":""capacity_building_users_import""}"
2026-09-17T23:37:46.375Z,,bulk-import-script,user_created,user,0uU7vVxbJsUn2bUzvX3qRz5xUwP2,"{""email"":""irene.aryee@mdpi.gov.gh"",""role"":""mda_user"",""institutionId"":""management-development-and-productivity-institute"",""source"":""capacity_building_users_import""}"
2026-09-17T23:37:48.828Z,,bulk-import-script,user_created,user,FdHW2eNnM1g4a4lXP4Wm7ES0iJj2,"{""email"":""alfredkwame2005@gmail.com"",""role"":""mda_user"",""institutionId"":""management-development-and-productivity-institute"",""source"":""capacity_building_users_import""}"
2026-09-17T23:37:51.177Z,,bulk-import-script,user_created,user,p2JZul0w4acOQISaPgpR6DYCrsv1,"{""email"":""richard.abredu23@gmail.com"",""role"":""mda_user"",""institutionId"":""national-disaster-management-organisation-nadmo"",""source"":""capacity_building_users_import""}"
2026-09-17T23:37:53.399Z,,bulk-import-script,user_created,user,T8eJ8HiKHIVtnn7A4PmFDNTH6wG3,"{""email"":""omaneosei@gmail.com"",""role"":""mda_user"",""institutionId"":""ministry-of-gender-children-and-social-protection"",""source"":""capacity_building_users_import""}"
2026-09-17T23:37:55.699Z,,bulk-import-script,user_created,user,CTOzDnGBPtZWLQfEqkRDaiV8VBv1,"{""email"":""gifty.akoto@labourdepartment.gov.gh"",""role"":""mda_user"",""institutionId"":""labour-department"",""source"":""capacity_building_users_import""}"
2026-09-17T23:37:58.330Z,,bulk-import-script,user_created,user,E5q2j3V5nMP7rRBHspCYLZMAaH63,"{""email"":""jonathan.manu@nhia.gov.gh"",""role"":""mda_user"",""institutionId"":""national-health-insurance-authority-nhia"",""source"":""capacity_building_users_import""}"
2026-09-17T23:38:01.079Z,,bulk-import-script,user_created,user,tf7v6aKvppbajyhT9V1IggbnvoI2,"{""email"":""gabynapoleon14@gmail.com"",""role"":""mda_user"",""institutionId"":""labour-department"",""source"":""capacity_building_users_import""}"
2026-09-17T23:38:03.810Z,,bulk-import-script,user_created,user,jKKFGTsGeZWrM3QS5qK5JNZGmP52,"{""email"":""estherasambo631@gmail.com"",""role"":""mda_user"",""institutionId"":""department-of-community-development"",""source"":""capacity_building_users_import""}"
2026-09-17T23:38:06.527Z,,bulk-import-script,user_created,user,QLYkvvohBsO3F6DxrlArJPpkPJl2,"{""email"":""anthony.quansah@fairwages.gov.gh"",""role"":""mda_user"",""institutionId"":""fair-wages-and-salaries-commission"",""source"":""capacity_building_users_import""}"
2026-09-17T23:38:09.364Z,,bulk-import-script,user_created,user,eRef7JxUece9wkeZ80aEwzl2hZ62,"{""email"":""seciro2010@yahoo.com"",""role"":""mda_user"",""institutionId"":""gaming-commission"",""source"":""capacity_building_users_import""}"
2026-09-17T23:38:12.162Z,,bulk-import-script,user_created,user,JuZeIUEs2fQW5RMeFwg4WcYLO1w1,"{""email"":""jessica.ayim@mint.gov.gh"",""role"":""mda_user"",""institutionId"":""ministry-of-the-interior"",""source"":""capacity_building_users_import""}"
2026-09-17T23:38:14.995Z,,bulk-import-script,user_created,user,8wE1zWsykzRZ6afR29hu9s47hnc2,"{""email"":""ritaofori197@gmail.com"",""role"":""mda_user"",""institutionId"":""department-of-co-operatives"",""source"":""capacity_building_users_import""}"
2026-09-17T23:38:17.391Z,,bulk-import-script,user_created,user,GNb7PtnEnHRWqWoSnVojzqqXqdb2,"{""email"":""emmanuel.otutu@melr.gov.gh"",""role"":""mda_user"",""institutionId"":""ministry-of-employment-and-labour-relations"",""source"":""capacity_building_users_import""}"
2026-09-17T23:38:19.919Z,,bulk-import-script,user_created,user,5geLn9mgdQavM6o64m91kHGS5c72,"{""email"":""oseitutuelvis245@gmail.com"",""role"":""mda_user"",""institutionId"":""ghana-prisons-service"",""source"":""capacity_building_users_import""}"
2026-09-17T23:38:22.839Z,,bulk-import-script,user_created,user,5R1LgrGkRneGA942h4CiCGzmUQL2,"{""email"":""isaac.adorku@melr.gov.gh"",""role"":""mda_user"",""institutionId"":""ministry-of-employment-and-labour-relations"",""source"":""capacity_building_users_import""}"
2026-09-17T23:38:25.490Z,,bulk-import-script,user_created,user,qVgpTJ3U5zeCPup0xKKgrS3Kxuh1,"{""email"":""phran6ka@yahoo.com"",""role"":""mda_user"",""institutionId"":""gaming-commission"",""source"":""capacity_building_users_import""}"
2026-09-17T23:38:27.875Z,,bulk-import-script,user_created,user,vxGKuPpSDOYqpjOvMC4PLu3uGpo1,"{""email"":""roberta.ampadu@lgs.gov.gh"",""role"":""mda_user"",""institutionId"":""office-of-the-head-of-local-government-service"",""source"":""capacity_building_users_import""}"
2026-09-17T23:38:30.521Z,,bulk-import-script,user_created,user,WUTMnBswU9XJ94ipiOtVApxiFAv1,"{""email"":""matilgye@gmail.com"",""role"":""mda_user"",""institutionId"":""management-development-and-productivity-institute"",""source"":""capacity_building_users_import""}"
2026-09-17T23:38:33.529Z,,bulk-import-script,user_created,user,STcAQToEZPWlnOsvz1uW4AJpOLD2,"{""email"":""dappiah@mofep.gov.gh"",""role"":""mda_user"",""institutionId"":""ministry-of-finance"",""source"":""capacity_building_users_import""}"
2026-09-17T23:38:36.624Z,,bulk-import-script,user_created,user,V5KqOrNfsbfntJeL2xH1AM98OTf1,"{""email"":""sheba.djanie@melr.gov.gh"",""role"":""mda_user"",""institutionId"":""ministry-of-employment-and-labour-relations"",""source"":""capacity_building_users_import""}"
2026-09-17T23:38:39.527Z,,bulk-import-script,user_created,user,rjjGjNG0PUb2IVmTOgZyipf7UYJ2,"{""email"":""estherres34@gmail.com"",""role"":""mda_user"",""institutionId"":""greater-accra-regional-coordinating-council"",""source"":""capacity_building_users_import""}"
2026-09-17T23:38:41.871Z,,bulk-import-script,user_created,user,UHXwLJCdzTavlA7Yicz0Axuvn6z1,"{""email"":""fiifi.bruceghartey@gtvets.gov.gh"",""role"":""mda_user"",""institutionId"":""ghana-tvet-service"",""source"":""capacity_building_users_import""}"
2026-09-17T23:38:44.738Z,,bulk-import-script,user_created,user,7K6qYb9LFbOGwrEo5cSBY5T6INZ2,"{""email"":""joysenyo@gmail.com"",""role"":""mda_user"",""institutionId"":""ministry-of-employment-and-labour-relations"",""source"":""capacity_building_users_import""}"
2026-09-17T23:38:47.285Z,,bulk-import-script,user_created,user,WV9EvLJgs5TolxZXDXTrnwPTcZk1,"{""email"":""caro.lave@yahoo.com"",""role"":""mda_user"",""institutionId"":""ghana-tvet-service"",""source"":""capacity_building_users_import""}"
2026-09-17T23:38:50.064Z,,bulk-import-script,user_created,user,X7KhXW69MhaPx3ogyLUlWCqvGh52,"{""email"":""fouadsarpong@gmail.com"",""role"":""mda_user"",""institutionId"":""ghana-muslim-mission-college-of-education"",""source"":""capacity_building_users_import""}"
2026-09-17T23:38:52.665Z,,bulk-import-script,user_created,user,3apFf9IDFncwWT244KhloG2JsQG2,"{""email"":""dynanickyden@gmail.com"",""role"":""mda_user"",""institutionId"":""central-regional-coordinating-council"",""source"":""capacity_building_users_import""}"
2026-09-17T23:38:55.399Z,,bulk-import-script,user_created,user,HiUMKxc12vcEpFBDqGx1XUBEVaM2,"{""email"":""kofiaddoyobo551@gmail.com"",""role"":""mda_user"",""institutionId"":""national-road-safety-authority"",""source"":""capacity_building_users_import""}"
2026-09-17T23:38:58.304Z,,bulk-import-script,user_created,user,c373onaDiAOqF3ENdn8WYRDRiDC2,"{""email"":""hawulatu.issah@mlgcra.gov.gh"",""role"":""mda_user"",""institutionId"":""ministry-of-local-government"",""source"":""capacity_building_users_import""}"
2026-09-17T23:39:01.091Z,,bulk-import-script,user_created,user,0flES48c5dYOu0RGGz2deLuk3mu2,"{""email"":""ali.yakubu@chag.rog.gh"",""role"":""mda_user"",""institutionId"":""christian-health-association-of-ghana"",""source"":""capacity_building_users_import""}"
2026-09-17T23:39:04.330Z,,bulk-import-script,user_created,user,wiwMjcnmRrYnwnq8rCzT7pyeI4i1,"{""email"":""eboxgh@gmail.com"",""role"":""mda_user"",""institutionId"":""road-maintenance-trust-fund"",""source"":""capacity_building_users_import""}"
2026-09-17T23:39:07.005Z,,bulk-import-script,user_created,user,K8BqgUrjodQn46RgaY0D0gmDpOY2,"{""email"":""eyendaw@ubids.edu.gh"",""role"":""mda_user"",""institutionId"":""management-development-and-productivity-institute"",""source"":""capacity_building_users_import""}"
2026-09-17T23:39:10.075Z,,bulk-import-script,user_created,user,mjeDmMGJOwQUfqJqfbVaoIuYRaB2,"{""email"":""abedadomako@gmail.com"",""role"":""mda_user"",""institutionId"":""national-council-for-curriculum-and-assessment"",""source"":""capacity_building_users_import""}"
2026-09-17T23:39:12.897Z,,bulk-import-script,user_created,user,O7vdnyBB5ihCRcf7jhE77az2Plg1,"{""email"":""sarmah33@gmail.com"",""role"":""mda_user"",""institutionId"":""national-commission-on-small-arms-and-light-weapons"",""source"":""capacity_building_users_import""}"
2026-09-17T23:39:15.489Z,,bulk-import-script,user_created,user,84E8LuZyBFX9ZO6XN8b19529P0Z2,"{""email"":""gbekorc@gmail.com"",""role"":""mda_user"",""institutionId"":""ghana-tvet-service"",""source"":""capacity_building_users_import""}"
2026-09-17T23:39:18.212Z,,bulk-import-script,user_created,user,00ZIbuQOzJZNOSDv5du5nsQaA8V2,"{""email"":""oppongemma5@gmail.com"",""role"":""mda_user"",""institutionId"":""community-water-and-sanitation-agency"",""source"":""capacity_building_users_import""}"
2026-09-17T23:39:20.731Z,,bulk-import-script,user_created,user,jgluYlMuoybOiCcgiuUylozdhmC3,"{""email"":""peter.prah@melr.govgh"",""role"":""mda_user"",""institutionId"":""ministry-of-employment-and-labour-relations"",""source"":""capacity_building_users_import""}"
2026-09-17T23:39:23.678Z,,bulk-import-script,user_created,user,PNk5qpe9zkYQmbnAtqrgysBqAUE3,"{""email"":""ericamesibotchway@gmail.com"",""role"":""mda_user"",""institutionId"":""zongo-and-inner-city-development-secretariat"",""source"":""capacity_building_users_import""}"
2026-09-17T23:39:26.256Z,,bulk-import-script,user_created,user,Jo2qxzr7GSST6PYFOPthSgagFh23,"{""email"":""askobeng@yahoo.co.uk"",""role"":""mda_user"",""institutionId"":""mental-health-authority"",""source"":""capacity_building_users_import""}"
2026-09-17T23:39:28.954Z,,bulk-import-script,user_created,user,2FiUrwTCtVYjOHKhSJlmW3M6QUt2,"{""email"":""rita.yali@peacecouncil.gov.gh"",""role"":""mda_user"",""institutionId"":""national-population-council"",""source"":""capacity_building_users_import""}"
2026-09-17T23:39:31.466Z,,bulk-import-script,user_created,user,Ojdb3CQPhHUKcWEsCS7uLDrd9ya2,"{""email"":""oseituruelvis245@gmail.com"",""role"":""mda_user"",""institutionId"":""ghana-prisons-service"",""source"":""capacity_building_users_import""}"
2026-09-17T23:39:34.019Z,,bulk-import-script,user_created,user,0e6BXjxlq1boNEVuqobZm4VdVnZ2,"{""email"":""lawkueem@gmail.com"",""role"":""mda_user"",""institutionId"":""labour-department"",""source"":""capacity_building_users_import""}"
2026-09-17T23:39:36.567Z,,bulk-import-script,user_created,user,nmZ7WsxeoWP8uqDhjTK7h7sa3Y12,"{""email"":""kwesi.anderson@nba.gov.gh"",""role"":""mda_user"",""institutionId"":""nba"",""source"":""capacity_building_users_import""}"
2026-09-17T23:39:39.112Z,,bulk-import-script,user_created,user,IFysiwM9nKY3zv77FfzRV8wp6tn1,"{""email"":""alex.quayson@gmail.com"",""role"":""mda_user"",""institutionId"":""ghana-tvet-service"",""source"":""capacity_building_users_import""}"
2026-09-17T23:39:42.029Z,,bulk-import-script,user_created,user,RzcI1eHVQ6aAoR0tVoOa4hDZiVf2,"{""email"":""kwakyealice@gmail.com"",""role"":""mda_user"",""institutionId"":""road-maintenance-trust-fund"",""source"":""capacity_building_users_import""}"
2026-09-17T23:39:44.104Z,,bulk-import-script,user_created,user,cfV3GG8FAKbgiDxxSA0R2Sbj1xA3,"{""email"":""prince.boateng@nacca.gov.gh"",""role"":""mda_user"",""institutionId"":""national-council-for-curriculum-and-assessment"",""source"":""capacity_building_users_import""}"
2026-09-17T23:39:46.613Z,,bulk-import-script,user_created,user,47KEvhLdwbgNn63cfwNKTQOp6pr1,"{""email"":""ali.yakubu@chag.org.gh"",""role"":""mda_user"",""institutionId"":""christian-health-association-of-ghana"",""source"":""capacity_building_users_import""}"
2026-09-17T23:39:49.006Z,,bulk-import-script,user_created,user,49xJqgC0jXO4oO9t8YaLRZejpWD3,"{""email"":""nyonatorb@gmail.com"",""role"":""mda_user"",""institutionId"":""ghana-immigration-service"",""source"":""capacity_building_users_import""}"
2026-09-17T23:39:51.798Z,,bulk-import-script,user_created,user,uhvpVqwq0URIkb7roMH4wpDIZp23,"{""email"":""kingsford.adu@nhia.gov.gh"",""role"":""mda_user"",""institutionId"":""national-health-insurance-authority-nhia"",""source"":""capacity_building_users_import""}"
2026-09-17T23:39:54.300Z,,bulk-import-script,user_created,user,BlFAvbzi3NSlZIC31idrsNxT2Hy1,"{""email"":""adwoa.kwakye@gtarcc.gov.gh"",""role"":""mda_user"",""institutionId"":""greater-accra-regional-coordinating-council"",""source"":""capacity_building_users_import""}"
2026-09-17T23:39:57.299Z,,bulk-import-script,user_created,user,3DkSEaPRZbPpYwiD12hVVHeVIz13,"{""email"":""samuel.boateng@nhia.gov.gh"",""role"":""mda_user"",""institutionId"":""national-health-insurance-authority-nhia"",""source"":""capacity_building_users_import""}"
2026-09-17T23:39:59.680Z,,bulk-import-script,user_created,user,kPSNzOa8vHaLyw8TyWXFNoxiaRy1,"{""email"":""francis.sarpong@labourdepartment.gov.gh"",""role"":""mda_user"",""institutionId"":""labour-department"",""source"":""capacity_building_users_import""}"
2026-09-17T23:40:02.830Z,,bulk-import-script,user_created,user,9Kwu4dSt8KWGk5mJF3Q2uYGsFd92,"{""email"":""sngmenkaara@yahoo.com"",""role"":""mda_user"",""institutionId"":""christian-health-association-of-ghana"",""source"":""capacity_building_users_import""}"
2026-09-17T23:40:05.642Z,,bulk-import-script,user_created,user,sNTafeESbJZ3AdFVBnXCuxkCLGJ2,"{""email"":""richard.mude@gbdc.gov.gh"",""role"":""mda_user"",""institutionId"":""ghana-book-development-council"",""source"":""capacity_building_users_import""}"
2026-09-17T23:40:08.489Z,,bulk-import-script,user_created,user,Ma3TXXmGbfUjPb3fc6NpF3Kuybw1,"{""email"":""nyarkomonica192@gmail.com"",""role"":""mda_user"",""institutionId"":""ghana-national-fire-service"",""source"":""capacity_building_users_import""}"
2026-09-17T23:40:11.482Z,,bulk-import-script,user_created,user,zFBCOWo22BQTF7f2yU1a8rjB76m2,"{""email"":""kwadwoantwi629@gmail.com"",""role"":""mda_user"",""institutionId"":""ghana-prisons-service"",""source"":""capacity_building_users_import""}"
2026-09-17T23:40:14.851Z,,bulk-import-script,user_created,user,busUs797oCP1iPvAHpBJqUIY4TF3,"{""email"":""emmanuel.kwao@mot.gov.gh"",""role"":""mda_user"",""institutionId"":""ministry-of-transport"",""source"":""capacity_building_users_import""}"
2026-09-17T23:40:17.209Z,,bulk-import-script,user_created,user,0V4UhdXpgIRY0TapZwGKMreZIKm2,"{""email"":""actionken@yahoo.com"",""role"":""mda_user"",""institutionId"":""ministry-of-education"",""source"":""capacity_building_users_import""}"
2026-09-17T23:40:19.906Z,,bulk-import-script,user_created,user,RsZkCinVKKOG6wvRecPypFEVkHW2,"{""email"":""gbz.kafui@iat.gov.gh"",""role"":""mda_user"",""institutionId"":""institute-of-accountancy-training"",""source"":""capacity_building_users_import""}"
2026-09-17T23:40:22.197Z,,bulk-import-script,user_created,user,zpv4xI9XISObWOVBcO7cRzc51s33,"{""email"":""michael.aryeh@highways.gov.gh"",""role"":""mda_user"",""institutionId"":""ghana-highway-authority"",""source"":""capacity_building_users_import""}"
2026-09-17T23:40:24.899Z,,bulk-import-script,user_created,user,sclR5MzkhqZu8c09PwAlZeNeuB12,"{""email"":""brentu.asor@mrh.gov.gh"",""role"":""mda_user"",""institutionId"":""ministry-of-roads-and-highways"",""source"":""capacity_building_users_import""}"
2026-09-17T23:40:27.411Z,,bulk-import-script,user_created,user,BQi7DqjFcQMRfsofy9tACWOwljd2,"{""email"":""brantuo.christopher@gmail.com"",""role"":""mda_user"",""institutionId"":""ghana-health-service"",""source"":""capacity_building_users_import""}"
2026-09-17T23:40:30.306Z,,bulk-import-script,user_created,user,LmvnNw0xcZWtxST5wA8GLRWLqan1,"{""email"":""bella.assignon@lac.gov.gh"",""role"":""mda_user"",""institutionId"":""legal-aid-commission"",""source"":""capacity_building_users_import""}"
2026-09-17T23:40:32.628Z,,bulk-import-script,user_created,user,8EQtKFxURGVTJw2P9lwS6YK21eC2,"{""email"":""jude.akoto@osp.gov.gh"",""role"":""mda_user"",""institutionId"":""office-of-the-special-prosecutor"",""source"":""capacity_building_users_import""}"
2026-09-17T23:40:35.178Z,,bulk-import-script,user_created,user,4ZpaEFk8TUgAyISnwRQgmuHr1Qx1,"{""email"":""agyan@mofep.gov.gh"",""role"":""mda_user"",""institutionId"":""ministry-of-finance"",""source"":""capacity_building_users_import""}"
2026-09-17T23:40:37.730Z,,bulk-import-script,user_created,user,IEj05lBfkrRfU9IYILyMQwCI2SW2,"{""email"":""stephieyankson@yahoo.com"",""role"":""mda_user"",""institutionId"":""ministry-of-defence"",""source"":""capacity_building_users_import""}"
2026-09-17T23:40:40.265Z,,bulk-import-script,user_created,user,Oqk5pkVD1ggN002oxjLQWZiWsyU2,"{""email"":""amabrentu@gmail.com"",""role"":""mda_user"",""institutionId"":""ministry-of-roads-and-highways"",""source"":""capacity_building_users_import""}"
2026-09-17T23:40:42.806Z,,bulk-import-script,user_created,user,hIV3MLnc0dhRjJfSxCwsEq7baRG2,"{""email"":""esselemmanuel1000@gmail.com"",""role"":""mda_user"",""institutionId"":""department-of-urban-roads"",""source"":""capacity_building_users_import""}"
2026-09-17T23:40:46.096Z,,bulk-import-script,user_created,user,ivarCwxsueOqPF2SHdSWxOKIDEr2,"{""email"":""nanaamatenegyaa@gmail.com"",""role"":""mda_user"",""institutionId"":""ministry-of-defence"",""source"":""capacity_building_users_import""}"
2026-09-17T23:40:48.706Z,,bulk-import-script,user_created,user,GmqztQGL60bDwLoBXOpdF71fjHC3,"{""email"":""enoch.batsa@chraj.gov.gh"",""role"":""mda_user"",""institutionId"":""commission-on-human-rights-and-administrative-justice"",""source"":""capacity_building_users_import""}"
2026-09-17T23:40:51.494Z,,bulk-import-script,user_created,user,Llgg5yRYCuWRHnDYBpUehZh7k1T2,"{""email"":""ruthafutukotey@gmail.com"",""role"":""mda_user"",""institutionId"":""ghana-highway-authority"",""source"":""capacity_building_users_import""}"
2026-09-17T23:40:54.237Z,,bulk-import-script,user_created,user,7M3ansDdpQh92LsYLP7J2XgmcWj1,"{""email"":""magdalene.adams@oop.gov.gh"",""role"":""mda_user"",""institutionId"":""office-of-the-president"",""source"":""capacity_building_users_import""}"
2026-09-17T23:40:56.963Z,,bulk-import-script,user_created,user,Iw6tU97COwPsGusyqauHHtDMpVK2,"{""email"":""dankyibediako@yahoo.com"",""role"":""mda_user"",""institutionId"":""community-water-and-sanitation-agency"",""source"":""capacity_building_users_import""}"
2026-09-17T23:40:59.514Z,,bulk-import-script,user_created,user,AOFgPwjcTESkB6Y40L4GwLuIBrf1,"{""email"":""edoughan@gtec.edu.gh"",""role"":""mda_user"",""institutionId"":""ghana-tertiary-education-commission-gtec"",""source"":""capacity_building_users_import""}"
2026-09-17T23:41:02.326Z,,bulk-import-script,user_created,user,sMZRcKa1uVQo0gBi4LYqLg7VzEF2,"{""email"":""mubarik.seidu@lac.gov.gh"",""role"":""mda_user"",""institutionId"":""legal-aid-commission"",""source"":""capacity_building_users_import""}"
2026-09-17T23:41:05.222Z,,bulk-import-script,user_created,user,QinqJOrsOfVDeoPeA355dAAxwpf2,"{""email"":""elizabethaduanokye@gmail.com"",""role"":""mda_user"",""institutionId"":""ministry-of-trade-and-industry"",""source"":""capacity_building_users_import""}"
2026-09-17T23:41:07.595Z,,bulk-import-script,user_created,user,1iIxrlgBWzVmwotZhV6QEIK6xCH2,"{""email"":""reginald.brimpong@gitc.gov.gh"",""role"":""mda_user"",""institutionId"":""ghana-international-trade-commission"",""source"":""capacity_building_users_import""}"
2026-09-17T23:41:10.176Z,,bulk-import-script,user_created,user,2kymHvROwIXAU4dKkEuPRUELfkU2,"{""email"":""eunice.addo@gitc.gov.gh"",""role"":""mda_user"",""institutionId"":""ghana-international-trade-commission"",""source"":""capacity_building_users_import""}"
2026-09-17T23:41:12.648Z,,bulk-import-script,user_created,user,xb9zoKKWZUMqz4bOTjCKc5loWVu2,"{""email"":""stephen.bonsu-mensah@gida.gov.gh"",""role"":""mda_user"",""institutionId"":""ghana-irrigation-development-authority"",""source"":""capacity_building_users_import""}"
2026-09-17T23:41:15.182Z,,bulk-import-script,user_created,user,FKgH3gBsyzYSip1sDZHgsej0NwC3,"{""email"":""prince.attoh-okine@mogcsp.gov.gh"",""role"":""mda_user"",""institutionId"":""ministry-of-gender-children-and-social-protection"",""source"":""capacity_building_users_import""}"
2026-09-17T23:41:17.456Z,,bulk-import-script,user_created,user,QRv3KBY48qUqEJycaNZoiBJzSOw1,"{""email"":""alfred.nartey@mogcsp.gov.gh"",""role"":""mda_user"",""institutionId"":""ministry-of-gender-children-and-social-protection"",""source"":""capacity_building_users_import""}"
2026-09-17T23:41:20.324Z,,bulk-import-script,user_created,user,ijiYPXSDuEgKPyLy6vqn28FPAN13,"{""email"":""kwesipossbley2017@gmail.com"",""role"":""mda_user"",""institutionId"":""ahmadiyya-muslim-health-service-ghana"",""source"":""capacity_building_users_import""}"
2026-09-17T23:41:23.313Z,,bulk-import-script,user_created,user,0GGSWUpMhJWypHHsnqRjYS4Syu12,"{""email"":""emilzash@yahoo.com"",""role"":""mda_user"",""institutionId"":""ghana-broadcasting-corporation"",""source"":""capacity_building_users_import""}"
2026-09-17T23:41:25.446Z,,bulk-import-script,user_created,user,ZegOKQOFxZXlosC8ExiPFxr2lzk1,"{""email"":""isaiah.kwofie@fishcom.gov.gh"",""role"":""mda_user"",""institutionId"":""fisheries-commission"",""source"":""capacity_building_users_import""}"
2026-09-17T23:41:27.917Z,,bulk-import-script,user_created,user,FaGaaW7pUtP9ZmBfnhXwfaXHVkM2,"{""email"":""tina.asante@gsa.gov.gh"",""role"":""mda_user"",""institutionId"":""ghana-standards-authority"",""source"":""capacity_building_users_import""}"
2026-09-17T23:41:30.384Z,,bulk-import-script,user_created,user,iItX49gwWPfvI2l4XzbpLkZ2RHT2,"{""email"":""nccehq@yahoo.com"",""role"":""mda_user"",""institutionId"":""ncce"",""source"":""capacity_building_users_import""}"
2026-09-17T23:41:33.201Z,,bulk-import-script,user_created,user,tdorrQcO8IbdidM1fdhtegvr7WK2,"{""email"":""lynda.coffie@mogcsp.gov.gh"",""role"":""mda_user"",""institutionId"":""ministry-of-gender-children-and-social-protection"",""source"":""capacity_building_users_import""}"
2026-09-17T23:41:35.728Z,,bulk-import-script,user_created,user,mQctYBtcmNeqalixTt3f428YFWq1,"{""email"":""lokko.frederick@mogcsp.gov.gh"",""role"":""mda_user"",""institutionId"":""ministry-of-gender-children-and-social-protection"",""source"":""capacity_building_users_import""}"
2026-09-17T23:41:38.156Z,,bulk-import-script,user_created,user,AwBP11h1HONSladkCJ1pqkdr0Hp2,"{""email"":""akuamoah.boateng24@gmail.com"",""role"":""mda_user"",""institutionId"":""commission-on-human-rights-and-administrative-justice"",""source"":""capacity_building_users_import""}"
2026-09-17T23:41:40.597Z,,bulk-import-script,user_created,user,d1zOisRPgsMatTzVqXkDAHPjOlK2,"{""email"":""ateluj77@gmail.com"",""role"":""mda_user"",""institutionId"":""gratis-foundation"",""source"":""capacity_building_users_import""}"
2026-09-17T23:41:43.233Z,,bulk-import-script,user_created,user,45TYoxBLv5hW2Rkvy5pA8TMHSTD2,"{""email"":""ezekiel.laryea@bdr.gov.gh"",""role"":""mda_user"",""institutionId"":""births-and-deaths-registry"",""source"":""capacity_building_users_import""}"
2026-09-17T23:41:45.632Z,,bulk-import-script,user_created,user,F9f5rFDpUEMD7U36sYgytzGBpc83,"{""email"":""andrew.aberye-mensah@gfza.gov.gh"",""role"":""mda_user"",""institutionId"":""ghana-free-zones-authority"",""source"":""capacity_building_users_import""}"
2026-09-17T23:41:48.343Z,,bulk-import-script,user_created,user,lZ4eV7BWc9d8nor22HMB3w2FrGq1,"{""email"":""tillydichem@gmail.com"",""role"":""mda_user"",""institutionId"":""national-development-planning-commission"",""source"":""capacity_building_users_import""}"
2026-09-17T23:41:50.791Z,,bulk-import-script,user_created,user,wmtgRid3I6Xya8zKDoIit0Y7FaH2,"{""email"":""frimpomaa.mantey@mofaq.gov.gh"",""role"":""mda_user"",""institutionId"":""ministry-of-fisheries-aqua-culture-development"",""source"":""capacity_building_users_import""}"
2026-09-17T23:41:53.361Z,,bulk-import-script,user_created,user,9TppXuN4UVXgz5YHIuk8HsMbujB3,"{""email"":""linda.ansate@mofaq.gov.gh"",""role"":""mda_user"",""institutionId"":""ministry-of-fisheries-aqua-culture-development"",""source"":""capacity_building_users_import""}"
2026-09-17T23:41:55.372Z,,bulk-import-script,user_created,user,8i7aazcRRgW5Dy5LGNPFf1Qp4242,"{""email"":""joseph.sarfo-mensah@masloc.gov.gh"",""role"":""mda_user"",""institutionId"":""microfinance-and-small-loans-centre-masloc"",""source"":""capacity_building_users_import""}"
2026-09-17T23:41:58.013Z,,bulk-import-script,user_created,user,MZ0mdh6KuQhOPUjnrfmaJcuwpUn1,"{""email"":""anthony.baidoo@iaa.gov.gh"",""role"":""mda_user"",""institutionId"":""internal-audit-agency"",""source"":""capacity_building_users_import""}"
2026-09-17T23:42:00.944Z,,bulk-import-script,user_created,user,88NHQcgatmhEPwScuW0nm036tV32,"{""email"":""benwus1@yahoo.com"",""role"":""mda_user"",""institutionId"":""ghana-tvet-service"",""source"":""capacity_building_users_import""}"
2026-09-17T23:42:04.022Z,,bulk-import-script,user_created,user,MICX3ARJAMTfgJmd9OdgwzY50wz2,"{""email"":""aseye.tinglafo@psrs.gov.gh"",""role"":""mda_user"",""institutionId"":""public-sector-reform-secretariat"",""source"":""capacity_building_users_import""}"
2026-09-17T23:42:06.213Z,,bulk-import-script,user_created,user,ZqnWEY9slvMLKnNMT1V27g59yB33,"{""email"":""mumuniisaiah@gmail.com"",""role"":""mda_user"",""institutionId"":""northern-development-authority"",""source"":""capacity_building_users_import""}"
2026-09-17T23:42:09.045Z,,bulk-import-script,user_created,user,Z0eu5PmKerUzTQVbw5JxzA8fir92,"{""email"":""stephanie.dey@moti.gov.gh"",""role"":""mda_user"",""institutionId"":""ministry-of-trade-and-industry"",""source"":""capacity_building_users_import""}"
2026-09-17T23:42:11.512Z,,bulk-import-script,user_created,user,hMxdumkCw8Re2luaMYhj4xqsnSr1,"{""email"":""akuedd@gmail.com"",""role"":""mda_user"",""institutionId"":""gratis-foundation"",""source"":""capacity_building_users_import""}"
2026-09-17T23:42:14.108Z,,bulk-import-script,user_created,user,C0vvfXt9I1QwZJB9xLpGs3ztSmX2,"{""email"":""abena.asare@mogcsp.gov.gh"",""role"":""mda_user"",""institutionId"":""ministry-of-gender-children-and-social-protection"",""source"":""capacity_building_users_import""}"
2026-09-17T23:42:16.332Z,,bulk-import-script,user_created,user,qi7QWq5ohzgTN6efEVZpnVgpowE2,"{""email"":""zeinabu.musah@gna.org.gh"",""role"":""mda_user"",""institutionId"":""ghana-news-agency"",""source"":""capacity_building_users_import""}"
2026-09-17T23:42:19.409Z,,bulk-import-script,user_created,user,vWzndJnoCpVzLvi2yYo5pYPgvum1,"{""email"":""pamela.coke@ohcs.gov.gh"",""role"":""mda_user"",""institutionId"":""office-of-the-head-of-civil-service"",""source"":""capacity_building_users_import""}"
2026-09-17T23:42:22.244Z,,bulk-import-script,user_created,user,Y8qsqooLTCdthrtpvml4rbgDzDb2,"{""email"":""godfred.bayee@ndpc.gov.gh"",""role"":""mda_user"",""institutionId"":""national-development-planning-commission"",""source"":""capacity_building_users_import""}"
2026-09-17T23:42:25.668Z,,bulk-import-script,user_created,user,VpuWhbSiyBXr0lLcBNg0jCCvkiH2,"{""email"":""nanbena@yahoo.com"",""role"":""mda_user"",""institutionId"":""ncce"",""source"":""capacity_building_users_import""}"
2026-09-17T23:42:28.242Z,,bulk-import-script,user_created,user,iD8J5CP5oJYuKXJvXwRaiX7cYTZ2,"{""email"":""monmatt14@yahoo.com"",""role"":""mda_user"",""institutionId"":""ncce"",""source"":""capacity_building_users_import""}"
2026-09-17T23:42:31.256Z,,bulk-import-script,user_created,user,zLs4fHVWTuXHuLKQ98PBGYJoiNU2,"{""email"":""sarah.quainoo@iaa.gov.gh"",""role"":""mda_user"",""institutionId"":""internal-audit-agency"",""source"":""capacity_building_users_import""}"
2026-09-17T23:42:33.814Z,,bulk-import-script,user_created,user,NJqK2ctcZAZIAu5ZLr0SS9i3I083,"{""email"":""philip.dzamesi@iaa.gov.gh"",""role"":""mda_user"",""institutionId"":""internal-audit-agency"",""source"":""capacity_building_users_import""}"
2026-09-17T23:42:36.097Z,,bulk-import-script,user_created,user,52ZxQbLfhQbEiABdhA348NSKTy13,"{""email"":""isaac.dwamena@scholarships.gov.gh"",""role"":""mda_user"",""institutionId"":""ghana-scholarships-authority"",""source"":""capacity_building_users_import""}"
2026-09-17T23:42:38.821Z,,bulk-import-script,user_created,user,hAEhJRfxYXgzxoVr2QBYNkI8sgj1,"{""email"":""joshua.asiedu@mogcsp.gov.gh"",""role"":""mda_user"",""institutionId"":""ministry-of-gender-children-and-social-protection"",""source"":""capacity_building_users_import""}"
2026-09-17T23:42:41.524Z,,bulk-import-script,user_created,user,1oDnebO4NjX0UsXT7vC2RMhkEnv1,"{""email"":""lottydear55@gmail.com"",""role"":""mda_user"",""institutionId"":""diaspora-affairs-office"",""source"":""capacity_building_users_import""}"
2026-09-17T23:42:44.298Z,,bulk-import-script,user_created,user,FVFA9USGSNVdgh5zxoL8cc0bVEu2,"{""email"":""osuabaeffrim@gmail.com"",""role"":""mda_user"",""institutionId"":""ministry-of-roads-and-highways"",""source"":""capacity_building_users_import""}"
2026-09-17T23:42:46.730Z,,bulk-import-script,user_created,user,wokONA0ro7TcUe9qNMhIn6TButj1,"{""email"":""samuel.attoh-okine@ohcs.gov.gh"",""role"":""mda_user"",""institutionId"":""office-of-the-head-of-civil-service"",""source"":""capacity_building_users_import""}"
2026-09-17T23:42:49.169Z,,bulk-import-script,user_created,user,ja1PuWyxX4UMH4Nme6MMAPSb68g2,"{""email"":""ocanseynathan7@gmail.com"",""role"":""mda_user"",""institutionId"":""ministry-of-gender-children-and-social-protection"",""source"":""capacity_building_users_import""}"
2026-09-17T23:42:51.701Z,,bulk-import-script,user_created,user,MbJmDRnVpHXxuoxDgoXQpCs5Xkm2,"{""email"":""fisca233@gmail.com"",""role"":""mda_user"",""institutionId"":""national-security-council-secretariat"",""source"":""capacity_building_users_import""}"
2026-09-17T23:42:54.135Z,,bulk-import-script,user_created,user,mftWqOOrDKWc9XVvu553WMm7AMs2,"{""email"":""enyaahyamoah@gmail.com"",""role"":""mda_user"",""institutionId"":""office-of-government-machinery"",""source"":""capacity_building_users_import""}"
2026-09-17T23:42:56.869Z,,bulk-import-script,user_created,user,PaBZkfgjrtfLrz5CzMh5NNQEtpx1,"{""email"":""nuhuibrahim@yahoo.com"",""role"":""mda_user"",""institutionId"":""ministry-of-food-and-agriculture"",""source"":""capacity_building_users_import""}"
2026-09-17T23:42:59.750Z,,bulk-import-script,user_created,user,BmIc8TCtglMUhjXV8ra0n2yKCmn1,"{""email"":""bernard.owusu@ctvet.gov.gh"",""role"":""mda_user"",""institutionId"":""ghana-tvet-service"",""source"":""capacity_building_users_import""}"
2026-09-17T23:43:02.513Z,,bulk-import-script,user_created,user,zz4ZhtLKFJdddrMR4Z8xdSYtrv23,"{""email"":""mne1mrannan@yahoo.com"",""role"":""mda_user"",""institutionId"":""ministry-of-food-and-agriculture"",""source"":""capacity_building_users_import""}"
2026-09-17T23:43:04.800Z,,bulk-import-script,user_created,user,GcrgTvFZNBdB7zIMm11lElFKlR13,"{""email"":""seth.gyeketey@mogcsp.gov.gh"",""role"":""mda_user"",""institutionId"":""ministry-of-gender-children-and-social-protection"",""source"":""capacity_building_users_import""}"
2026-09-17T23:43:07.558Z,,bulk-import-script,user_created,user,jDDmpCglJxOdlWyecAHVeSZnQYh1,"{""email"":""zong996@gmail.com"",""role"":""mda_user"",""institutionId"":""ministry-of-roads-and-highways"",""source"":""capacity_building_users_import""}"
2026-09-17T23:43:10.238Z,,bulk-import-script,user_created,user,zpLHdbp732atNgqhYi9Fe9qTt6E3,"{""email"":""emmanuel.adu@ctvet.gov.gh"",""role"":""mda_user"",""institutionId"":""ghana-tvet-service"",""source"":""capacity_building_users_import""}"
2026-09-17T23:43:13.389Z,,bulk-import-script,user_created,user,QB9g7PJDyHTgOhhDSdMkpQNVLLG3,"{""email"":""eugene.tetteh@gipa.gov.gh"",""role"":""mda_user"",""institutionId"":""ghana-investment-promotion-authority"",""source"":""capacity_building_users_import""}"
2026-09-17T23:43:16.013Z,,bulk-import-script,user_created,user,qrLKzWmP1cVtseV2y5QqGWt1Xj22,"{""email"":""ato.arkhurst@gipa.gov.gh"",""role"":""mda_user"",""institutionId"":""ghana-investment-promotion-authority"",""source"":""capacity_building_users_import""}"
2026-09-17T23:43:18.275Z,,bulk-import-script,user_created,user,6tGFXiqjISdgeFrRlme8dMLnyMC3,"{""email"":""lovia.afoakwa@ndpc.gov.gh"",""role"":""mda_user"",""institutionId"":""national-development-planning-commission"",""source"":""capacity_building_users_import""}"
2026-09-17T23:43:20.547Z,,bulk-import-script,user_created,user,cP5ftHnhOnUCHmG8MaMMbHuel782,"{""email"":""ltackie-yaoboi@mida.gov.gh"",""role"":""mda_user"",""institutionId"":""millennium-development-authority-mida"",""source"":""capacity_building_users_import""}"
2026-09-17T23:43:23.503Z,,bulk-import-script,user_created,user,XGR72u5iaeO1QgunDNpDvXa5c2h2,"{""email"":""tkrichardtk@gmail.com"",""role"":""mda_user"",""institutionId"":""national-development-planning-commission"",""source"":""capacity_building_users_import""}"
2026-09-17T23:43:26.204Z,,bulk-import-script,user_created,user,mb4JM8nM1uQYedbjkR9VVycYRHb2,"{""email"":""davek347@gmail.com"",""role"":""mda_user"",""institutionId"":""national-security-council-secretariat"",""source"":""capacity_building_users_import""}"
2026-09-17T23:43:28.926Z,,bulk-import-script,user_created,user,3yn7AAsNpnNEHXXjuST3AYLHvS73,"{""email"":""albertoyk@yahoo.com"",""role"":""mda_user"",""institutionId"":""gratis-foundation"",""source"":""capacity_building_users_import""}"
2026-09-17T23:43:31.022Z,,bulk-import-script,user_created,user,K81p92W5uYS6GVfP7enloNFIDvE3,"{""email"":""roland.barnor@ohcs.gov.gh"",""role"":""mda_user"",""institutionId"":""office-of-the-head-of-civil-service"",""source"":""capacity_building_users_import""}"
2026-09-17T23:43:33.547Z,,bulk-import-script,user_created,user,P6HSChS3fEYH6iuDYyEBca7WVV13,"{""email"":""radiya.abdallah@gna.org.gh"",""role"":""mda_user"",""institutionId"":""ghana-news-agency"",""source"":""capacity_building_users_import""}"
2026-09-17T23:43:35.948Z,,bulk-import-script,user_created,user,lT9tnyDFl5RHmcxWakF7T0YSko73,"{""email"":""afoakwa.lovia@gmail.com"",""role"":""mda_user"",""institutionId"":""national-development-planning-commission"",""source"":""capacity_building_users_import""}"
2026-09-17T23:43:38.238Z,,bulk-import-script,user_created,user,TTPwXvsISxdMXFig67UDe9NQylG2,"{""email"":""eric.botchway@zicds.gov.gh"",""role"":""mda_user"",""institutionId"":""zongo-and-inner-city-development-secretariat"",""source"":""capacity_building_users_import""}"
2026-09-17T23:43:40.937Z,,bulk-import-script,user_created,user,GkkZgUET1KMIIwnGt5kzKkkAwcH2,"{""email"":""mashkaisa83@gmail.com"",""role"":""mda_user"",""institutionId"":""ministry-of-gender-children-and-social-protection"",""source"":""capacity_building_users_import""}"
2026-09-17T23:43:43.775Z,,bulk-import-script,user_created,user,kub8p0Y6XPbOXVlJvMtZ9HH554t1,"{""email"":""abigail.amankwah@luspa.gov.gh"",""role"":""mda_user"",""institutionId"":""luspa-mlgcra"",""source"":""capacity_building_users_import""}"
2026-09-17T23:43:46.701Z,,bulk-import-script,user_created,user,jMTPX5IKlqdRWxfZuQH3twca3Kx2,"{""email"":""lhssnmurtada@gmail.com"",""role"":""mda_user"",""institutionId"":""zongo-and-inner-city-development-secretariat"",""source"":""capacity_building_users_import""}"
2026-09-17T23:43:49.923Z,,bulk-import-script,user_created,user,V6jIV5A6ldWnSkFP7YGfPH8bEzO2,"{""email"":""fuseina.shaibu@fishcom.gov.gh"",""role"":""mda_user"",""institutionId"":""fisheries-commission"",""source"":""capacity_building_users_import""}"
2026-09-17T23:43:52.631Z,,bulk-import-script,user_created,user,6NvQtWfc7RMCwFt6nd3ObMLfg4E2,"{""email"":""paul.boye@gipa.gov.gh"",""role"":""mda_user"",""institutionId"":""ghana-investment-promotion-authority"",""source"":""capacity_building_users_import""}"
2026-09-17T23:43:54.943Z,,bulk-import-script,user_created,user,hVk6VBDHfle46xhp5EDM3X85O8w2,"{""email"":""nafisah.kadri@mogcsp.gov.gh"",""role"":""mda_user"",""institutionId"":""ministry-of-gender-children-and-social-protection"",""source"":""capacity_building_users_import""}"
2026-09-17T23:43:57.470Z,,bulk-import-script,user_created,user,pw8z1F4FrPgTu7hhuzqHkTZctW53,"{""email"":""ebotwi@mida.gov.gh"",""role"":""mda_user"",""institutionId"":""millennium-development-authority-mida"",""source"":""capacity_building_users_import""}"
2026-09-17T23:44:00.228Z,,bulk-import-script,user_created,user,ydv3OeQJx0TKowR05K0E74yVNMR2,"{""email"":""suleku.muniru@mfa.gov.gh"",""role"":""mda_user"",""institutionId"":""ministry-of-foreign-affairs-and-regional-integration"",""source"":""capacity_building_users_import""}"
2026-09-17T23:44:02.942Z,,bulk-import-script,user_created,user,iHxXP0JQDCVJOQCofSCw5rarkFy2,"{""email"":""ali.barko@npc.gov.gh"",""role"":""mda_user"",""institutionId"":""national-population-council"",""source"":""capacity_building_users_import""}"
2026-09-17T23:44:05.206Z,,bulk-import-script,user_created,user,cfozQkvGcxW9hA8YcNkPQRolQHp2,"{""email"":""maame.sackey@mfa.gov.gh"",""role"":""mda_user"",""institutionId"":""ministry-of-foreign-affairs-and-regional-integration"",""source"":""capacity_building_users_import""}"
2026-09-17T23:44:07.523Z,,bulk-import-script,user_created,user,4UaH9sWyNAQZYzNbhOo55nbvLPT2,"{""email"":""iabdulaziz67@yahoo.com"",""role"":""mda_user"",""institutionId"":""commission-on-human-rights-and-administrative-justice"",""source"":""capacity_building_users_import""}"
2026-09-17T23:44:10.542Z,,bulk-import-script,user_created,user,8oCaBwFMIQMhUVqU4Y4ju67fbkh1,"{""email"":""seiduahmed101@gmail.com"",""role"":""mda_user"",""institutionId"":""northern-development-authority"",""source"":""capacity_building_users_import""}"
2026-09-17T23:44:13.378Z,,bulk-import-script,user_created,user,wJNF3rhd2PaPvVHmY6zAin9WWQ22,"{""email"":""angelina.egbenya@mfa.gov.gh"",""role"":""mda_user"",""institutionId"":""ministry-of-foreign-affairs-and-regional-integration"",""source"":""capacity_building_users_import""}"
2026-09-17T23:44:15.795Z,,bulk-import-script,user_created,user,JJNhSBDAHta6J9tQoXCJVdWyi593,"{""email"":""ishmael.genyah@ncpd.gov.gh"",""role"":""mda_user"",""institutionId"":""national-council-on-persons-with-disability"",""source"":""capacity_building_users_import""}"
2026-09-17T23:44:18.337Z,,bulk-import-script,user_created,user,FfLPIzk6xGQbAJrhcQlQFaUEbYh2,"{""email"":""genyahi@gmail.com"",""role"":""mda_user"",""institutionId"":""national-council-on-persons-with-disability"",""source"":""capacity_building_users_import""}"
2026-09-17T23:44:21.023Z,,bulk-import-script,user_created,user,nwC6GkkByOWfYzopNCh6IJhHWbZ2,"{""email"":""mavis.agyeiwaa-kyei@orc.gov.gh"",""role"":""mda_user"",""institutionId"":""office-of-the-registrar-of-companies"",""source"":""capacity_building_users_import""}"
2026-09-17T23:44:23.279Z,,bulk-import-script,user_created,user,LGsK1q5vscQpWosGDhGZ0CpHf692,"{""email"":""horatius.bekoe29@gmail.com"",""role"":""mda_user"",""institutionId"":""ghana-india-kofi-annan-centre-of-excellence-in-ict-gi-kace"",""source"":""capacity_building_users_import""}"
2026-09-17T23:44:26.154Z,,bulk-import-script,user_created,user,KFB1KIeBxShocBvV7BXEAa3VI2g1,"{""email"":""fktorttoh@outlook.com"",""role"":""mda_user"",""institutionId"":""lands-commission"",""source"":""capacity_building_users_import""}"
2026-09-17T23:44:28.934Z,,bulk-import-script,user_created,user,e8wy1ZY7Ile07UW0mVECfM9hW2o1,"{""email"":""cletus.sekwo@ghbc.gov.gh"",""role"":""mda_user"",""institutionId"":""ghana-boundary-commission"",""source"":""capacity_building_users_import""}"
2026-09-17T23:44:31.699Z,,bulk-import-script,user_created,user,C6d4pArBOrd7QrrmB2Kyox91KLs1,"{""email"":""george.asare@nca.org.gh"",""role"":""mda_user"",""institutionId"":""national-communications-authority-nca"",""source"":""capacity_building_users_import""}"
2026-09-17T23:44:33.930Z,,bulk-import-script,user_created,user,Fq6qT0h4JDWa9l9bwe24EFoxRsu1,"{""email"":""nana.brempong@moc.gov.gh"",""role"":""mda_user"",""institutionId"":""ministry-of-communications-digital-technology-and-innovations"",""source"":""capacity_building_users_import""}"
2026-09-17T23:44:36.358Z,,bulk-import-script,user_created,user,5zfgzmkSt0gtCGfvMBRyIHvVZuJ3,"{""email"":""walter.adabere@oag.gov.gh"",""role"":""mda_user"",""institutionId"":""office-of-the-administrator-general"",""source"":""capacity_building_users_import""}"
2026-09-17T23:44:38.810Z,,bulk-import-script,user_created,user,6VmauZjFggQKprmFI0eiTyqbDnE2,"{""email"":""richard.opoku-sarkodie@nca.org.gh"",""role"":""mda_user"",""institutionId"":""national-communications-authority-nca"",""source"":""capacity_building_users_import""}"
2026-09-17T23:44:41.216Z,,bulk-import-script,user_created,user,ZWNiGsNkzBSxzgQwldrFBg95vYd2,"{""email"":""samuel.newton@moc.gov.gh"",""role"":""mda_user"",""institutionId"":""ministry-of-communications-digital-technology-and-innovations"",""source"":""capacity_building_users_import""}"
2026-09-17T23:44:43.986Z,,bulk-import-script,user_created,user,zZFuqihWgEhj8ogDyEZXFLy9rVb2,"{""email"":""austin.hesse@moc.gov.gh"",""role"":""mda_user"",""institutionId"":""ministry-of-communications-digital-technology-and-innovations"",""source"":""capacity_building_users_import""}"
2026-09-17T23:44:46.941Z,,bulk-import-script,user_created,user,CwChUVVPoxOh2ss5fxCwOPAny613,"{""email"":""dickson.twumasi@nita.gov.gh"",""role"":""mda_user"",""institutionId"":""national-information-technology-agency"",""source"":""capacity_building_users_import""}"
2026-09-17T23:44:49.303Z,,bulk-import-script,user_created,user,VmP0qmL1mpbKkLaK0QtOVg5XL2Y2,"{""email"":""noduro@mofep.gov.gh"",""role"":""mda_user"",""institutionId"":""ministry-of-finance"",""source"":""capacity_building_users_import""}"
2026-09-17T23:44:51.824Z,,bulk-import-script,user_created,user,GozBbHeLl5du963bp4ZbXxbSHDS2,"{""email"":""sammyb495@yahoo.com"",""role"":""mda_user"",""institutionId"":""lands-commission"",""source"":""capacity_building_users_import""}"
2026-09-17T23:44:54.628Z,,bulk-import-script,user_created,user,MTVrDqk1AKd4nSwvq8w6dJjF4N62,"{""email"":""jadams@moc.gov.gh"",""role"":""mda_user"",""institutionId"":""ministry-of-communications-digital-technology-and-innovations"",""source"":""capacity_building_users_import""}"
2026-09-17T23:44:57.089Z,,bulk-import-script,user_created,user,TzxeLq8Dskf8hdLQmhHpVk6AcsV2,"{""email"":""gabriel.dwumah@gi-kace.gov.gh"",""role"":""mda_user"",""institutionId"":""ghana-india-kofi-annan-centre-of-excellence-in-ict-gi-kace"",""source"":""capacity_building_users_import""}"
2026-09-17T23:44:59.177Z,,bulk-import-script,user_created,user,AgX6KWQL3kOsFQLJRtcm2SBYp6F3,"{""email"":""irene.agyeman@moc.giv.gh"",""role"":""mda_user"",""institutionId"":""ministry-of-communications-digital-technology-and-innovations"",""source"":""capacity_building_users_import""}"
2026-09-17T23:45:01.589Z,,bulk-import-script,user_created,user,Fxpa8RKWbFcNUluYNQr08wsCVvA2,"{""email"":""faizuq@yahoo.com"",""role"":""mda_user"",""institutionId"":""ghana-school-of-survey-and-mapping"",""source"":""capacity_building_users_import""}"
2026-09-17T23:45:04.328Z,,bulk-import-script,user_created,user,vB3JEYi373aMm6UnAcyci5VNLZ62,"{""email"":""asabea51@gmail.com"",""role"":""mda_user"",""institutionId"":""ministry-of-sports-and-recreation"",""source"":""capacity_building_users_import""}"
2026-09-17T23:45:07.181Z,,bulk-import-script,user_created,user,44bnIS6meAQJYB6GNHUIaXRTpZ42,"{""email"":""tabitha.darko@ghbc.gov.gh"",""role"":""mda_user"",""institutionId"":""ghana-boundary-commission"",""source"":""capacity_building_users_import""}"
2026-09-17T23:45:09.442Z,,bulk-import-script,user_created,user,CTQAXB2tUXVkkiOVZpvfon0btsz2,"{""email"":""elham.gausu@gi-kace.gov.gh"",""role"":""mda_user"",""institutionId"":""ghana-india-kofi-annan-centre-of-excellence-in-ict-gi-kace"",""source"":""capacity_building_users_import""}"
2026-09-17T23:45:11.868Z,,bulk-import-script,user_created,user,W32vvVI6W2cYiCUiwcwHsiayuFL2,"{""email"":""keren.osekre@ggsa.gov.gh"",""role"":""mda_user"",""institutionId"":""ghana-geological-survey-authority"",""source"":""capacity_building_users_import""}"
2026-09-17T23:45:14.439Z,,bulk-import-script,user_created,user,cWpy0uftp6gsGBlshvkzvYb3QsZ2,"{""email"":""nosei2011@gmail.com"",""role"":""mda_user"",""institutionId"":""office-of-the-administrator-general"",""source"":""capacity_building_users_import""}"
2026-09-17T23:45:17.393Z,,bulk-import-script,user_created,user,Q5ueocPR1PUwm1FAnl3eWNcrY633,"{""email"":""kwadwo.boadu@gdnr.org.gh"",""role"":""mda_user"",""institutionId"":""ghana-domain-name-registry"",""source"":""capacity_building_users_import""}"
2026-09-17T23:45:20.022Z,,bulk-import-script,user_created,user,sAcU0Iy2tMbaINglcteUrP0xXZz2,"{""email"":""smahama47@gmail.com"",""role"":""mda_user"",""institutionId"":""national-folklore-board"",""source"":""capacity_building_users_import""}"
2026-09-17T23:45:23.329Z,,bulk-import-script,user_created,user,1xMpBlMiehgCaCdNghoFG995RX52,"{""email"":""katheine.dovlo@ghbc.gov.gh"",""role"":""mda_user"",""institutionId"":""ghana-boundary-commission"",""source"":""capacity_building_users_import""}"
2026-09-17T23:45:25.552Z,,bulk-import-script,user_created,user,IYAVKMdzSKhoLJwoR6WR9ih1TyS2,"{""email"":""anthony.ocran@oag.gov.gh"",""role"":""mda_user"",""institutionId"":""office-of-the-administrator-general"",""source"":""capacity_building_users_import""}"
2026-09-17T23:45:28.107Z,,bulk-import-script,user_created,user,LM9PM8zi8lMIiukLJCddbjXrQlG3,"{""email"":""emmanuel.obu-cann@orc.gov.gh"",""role"":""mda_user"",""institutionId"":""office-of-the-registrar-of-companies"",""source"":""capacity_building_users_import""}"
2026-09-17T23:45:30.097Z,,bulk-import-script,user_created,user,w0NumSIvHVPiPztPBmjLIJjULBX2,"{""email"":""kwaku.agyei-larbi@dpc.gov.gh"",""role"":""mda_user"",""institutionId"":""data-protection-commission"",""source"":""capacity_building_users_import""}"
2026-09-17T23:45:33.081Z,,bulk-import-script,user_created,user,KWTBbijNKsfwixE8bqQAkeSpXdF2,"{""email"":""patbaidoo1975@gmail.com"",""role"":""mda_user"",""institutionId"":""office-of-the-administrator-general"",""source"":""capacity_building_users_import""}"
2026-09-17T23:45:35.935Z,,bulk-import-script,user_created,user,r8zpePtKVKPpB4XlBz9scxiXLuF2,"{""email"":""anthony.awuviri@meteo.gov.gh"",""role"":""mda_user"",""institutionId"":""ghana-meteorological-agency"",""source"":""capacity_building_users_import""}"
2026-09-17T23:45:38.604Z,,bulk-import-script,user_created,user,1tflcxxqGzbjqoXrhhsj3wXaSeo2,"{""email"":""joandzatey@gmail.com"",""role"":""mda_user"",""institutionId"":""department-of-parks-and-gardens"",""source"":""capacity_building_users_import""}"
2026-09-17T23:45:41.270Z,,bulk-import-script,user_created,user,PFxuiUCXx3aMKUwDyaBClPM4qyE3,"{""email"":""linda.akrobor@dpc.gov.gh"",""role"":""mda_user"",""institutionId"":""data-protection-commission"",""source"":""capacity_building_users_import""}"
2026-09-17T23:45:43.753Z,,bulk-import-script,user_created,user,QUEXTIjNG2VvDfiI1LV96tsn9qt2,"{""email"":""richardson.bortey@moc.gov.gh"",""role"":""mda_user"",""institutionId"":""ministry-of-communications-digital-technology-and-innovations"",""source"":""capacity_building_users_import""}"
2026-09-17T23:45:46.450Z,,bulk-import-script,user_created,user,fWyR61rzCwQkjBA0S5cJy8KERGF3,"{""email"":""kateamankwah1@yahoo.com"",""role"":""mda_user"",""institutionId"":""ministry-of-communications-digital-technology-and-innovations"",""source"":""capacity_building_users_import""}"
2026-09-17T23:45:49.442Z,,bulk-import-script,user_created,user,hiMUFaIJkYh0JNgVnohT18LSkml2,"{""email"":""berthaeffah@yahoo.com"",""role"":""mda_user"",""institutionId"":""national-peace-council"",""source"":""capacity_building_users_import""}"
2026-09-17T23:45:52.005Z,,bulk-import-script,user_created,user,oYnwLWsaVVYXFBHMTC1FbzkIpH72,"{""email"":""isaac.armah@mofad.gov.gh"",""role"":""mda_user"",""institutionId"":""ministry-of-fisheries-aqua-culture-development"",""source"":""capacity_building_users_import""}"
2026-09-17T23:45:54.529Z,,bulk-import-script,user_created,user,91tDPnIJkyMazENln5Ipnh7gEqz1,"{""email"":""papachazzy@yahoo.co.uk"",""role"":""mda_user"",""institutionId"":""complementary-education-agency"",""source"":""capacity_building_users_import""}"
2026-09-17T23:45:56.882Z,,bulk-import-script,user_created,user,3yojqPNRsNYfw6dlB61Nq3yMYLk1,"{""email"":""edith.ababio-amoah@unescoghana.gov.gh"",""role"":""mda_user"",""institutionId"":""ghana-commission-for-unesco"",""source"":""capacity_building_users_import""}"
2026-09-17T23:45:59.507Z,,bulk-import-script,user_created,user,IlBQ9R0ErUevUUwHfXrvHctT8Zm1,"{""email"":""marianedusei.yaa@gmail.com"",""role"":""mda_user"",""institutionId"":""ghana-health-service"",""source"":""capacity_building_users_import""}"
2026-09-17T23:46:02.237Z,,bulk-import-script,user_created,user,AhfbQiYs4XSPOAnH8NZGB5IrT0s1,"{""email"":""snrdav9@gmail.com"",""role"":""mda_user"",""institutionId"":""complementary-education-agency"",""source"":""capacity_building_users_import""}"
2026-09-17T23:46:04.781Z,,bulk-import-script,user_created,user,ls9q7G8m7rOQTnViApHMlBx2v2c2,"{""email"":""cephas.agboka@ctvet.gov.gh"",""role"":""mda_user"",""institutionId"":""ghana-tvet-service"",""source"":""capacity_building_users_import""}"
2026-09-17T23:46:07.239Z,,bulk-import-script,user_created,user,9DPLLP0dLRgQOPpVcc0Ok7Q30Rr2,"{""email"":""daniel.amankwa@lgs.gov.gh"",""role"":""mda_user"",""institutionId"":""office-of-the-head-of-local-government-service"",""source"":""capacity_building_users_import""}"
2026-09-17T23:46:09.905Z,,bulk-import-script,user_created,user,l6MxpecgtsSNOxsFIwD09Su0EiI3,"{""email"":""b.buenortey@kbth.gov.gh"",""role"":""mda_user"",""institutionId"":""korle-bu-teaching-hospital"",""source"":""capacity_building_users_import""}"
2026-09-17T23:46:12.399Z,,bulk-import-script,user_created,user,u7Au8oxTe4ZSjbj2IJIykjoVAnb2,"{""email"":""lois.dzamesi@ctvet.gov.gh"",""role"":""mda_user"",""institutionId"":""ghana-tvet-service"",""source"":""capacity_building_users_import""}"
2026-09-17T23:46:14.953Z,,bulk-import-script,user_created,user,4qAMqecfKqSDUBrCte98qfpPJsz1,"{""email"":""francis.siripi@statsghana.gov.gh"",""role"":""mda_user"",""institutionId"":""ghana-statistical-service"",""source"":""capacity_building_users_import""}"
2026-09-17T23:46:17.927Z,,bulk-import-script,user_created,user,zO8ITU5ziLgOkgAToUW8yawcndl2,"{""email"":""ahmed.adama@statsghana.gov.gh"",""role"":""mda_user"",""institutionId"":""ghana-statistical-service"",""source"":""capacity_building_users_import""}"
2026-09-17T23:46:20.609Z,,bulk-import-script,user_created,user,41mz2XX6SUXmPUu6ts5a6TVsezI3,"{""email"":""setordjiadelaide@gmail.com"",""role"":""mda_user"",""institutionId"":""weija-gbawe-municipal-hospital"",""source"":""capacity_building_users_import""}"
2026-09-17T23:46:23.070Z,,bulk-import-script,user_created,user,UhFBScIyKGfzjMLxXJhYKs37iCK2,"{""email"":""anartey@mofep.gov.gh"",""role"":""mda_user"",""institutionId"":""ministry-of-finance"",""source"":""capacity_building_users_import""}"
2026-09-17T23:46:25.504Z,,bulk-import-script,user_created,user,HvzVtcASpMU86ho5hpiFUYLPN9J2,"{""email"":""adatsiannabel75@gmail.com"",""role"":""mda_user"",""institutionId"":""ministry-of-education"",""source"":""capacity_building_users_import""}"
2026-09-17T23:46:28.584Z,,bulk-import-script,user_created,user,s02MCfrOsNOB7mijKuhR0xArAbV2,"{""email"":""anita.avadu@moe.gov.gh"",""role"":""mda_user"",""institutionId"":""ministry-of-education"",""source"":""capacity_building_users_import""}"
2026-09-17T23:46:31.575Z,,bulk-import-script,user_created,user,p63KTaInZTe4AzfZAGN4IRnbrlM2,"{""email"":""tetteh.jonathan@moe.gov.gh"",""role"":""mda_user"",""institutionId"":""ministry-of-education"",""source"":""capacity_building_users_import""}"
2026-09-17T23:46:34.076Z,,bulk-import-script,user_created,user,ICwjlZ4hgPU1SFUloneQWl8yXDk1,"{""email"":""joycem.adjah@immigration.gov.gh"",""role"":""mda_user"",""institutionId"":""ghana-immigration-service"",""source"":""capacity_building_users_import""}"
2026-09-17T23:46:36.571Z,,bulk-import-script,user_created,user,0oL4vU5tWaMoixGPaWbDwIf5BlP2,"{""email"":""benjamin.yemidi@moe.gov.gh"",""role"":""mda_user"",""institutionId"":""ministry-of-education"",""source"":""capacity_building_users_import""}"
2026-09-17T23:46:39.137Z,,bulk-import-script,user_created,user,DBOTj39mx7TIXM7kW5k91MKXRWJ3,"{""email"":""stephen.benyin@nhia.gov.gh"",""role"":""mda_user"",""institutionId"":""national-health-insurance-authority-nhia"",""source"":""capacity_building_users_import""}"
2026-09-17T23:46:41.648Z,,bulk-import-script,user_created,user,lAhsVWiLenPZKRWRU6EPr0hNaJY2,"{""email"":""marvin.ankoma@mod.gov.gh"",""role"":""mda_user"",""institutionId"":""ministry-of-defence"",""source"":""capacity_building_users_import""}"
2026-09-17T23:46:44.350Z,,bulk-import-script,user_created,user,e8B07hQQA2fmqulKXLGd8rkMUzh1,"{""email"":""sefakor.heloo@mod.gov.gh"",""role"":""mda_user"",""institutionId"":""ministry-of-defence"",""source"":""capacity_building_users_import""}"
2026-09-17T23:46:46.954Z,,bulk-import-script,user_created,user,s8i2uqlMY7YGXH15NiSqx4TUvjx1,"{""email"":""ckwaw1998@gmail.com"",""role"":""mda_user"",""institutionId"":""national-health-insurance-authority-nhia"",""source"":""capacity_building_users_import""}"
2026-09-17T23:46:49.386Z,,bulk-import-script,user_created,user,5o9zfHuBzgcXGz2BwNb60keRstC2,"{""email"":""zoltan.twumbarimah@brcc.gov.gh"",""role"":""mda_user"",""institutionId"":""bono-regional-coordinating-council"",""source"":""capacity_building_users_import""}"
2026-09-17T23:46:51.924Z,,bulk-import-script,user_created,user,jJeRDo6gtvY53C9Dcch9XQLwPAk2,"{""email"":""benjamin.sumabe@audit.gov.gh"",""role"":""mda_user"",""institutionId"":""audit-service"",""source"":""capacity_building_users_import""}"
2026-09-17T23:46:54.682Z,,bulk-import-script,user_created,user,MMlQ8QZNBHX2XX0LVPVbQSew37Z2,"{""email"":""charles.kwaw@nhia.gov.gh"",""role"":""mda_user"",""institutionId"":""national-health-insurance-authority-nhia"",""source"":""capacity_building_users_import""}"
2026-09-17T23:46:57.068Z,,bulk-import-script,user_created,user,lCJqh6gY0SU9Z1Z6X5PrP3z5G4m2,"{""email"":""adominic@gtec.edu.gh"",""role"":""mda_user"",""institutionId"":""ghana-tertiary-education-commission-gtec"",""source"":""capacity_building_users_import""}"
2026-09-17T23:46:59.983Z,,bulk-import-script,user_created,user,OBQPWcLt1fQzoCsG8UdhX7vV63E3,"{""email"":""lamp.loui@gmail.com"",""role"":""mda_user"",""institutionId"":""ministry-of-education"",""source"":""capacity_building_users_import""}"
2026-09-17T23:47:02.493Z,,bulk-import-script,user_created,user,KmVXMWFU2OcHW1iUEZfd3nbqnX13,"{""email"":""john.asare@unescoghana.gov.gh"",""role"":""mda_user"",""institutionId"":""ghana-commission-for-unesco"",""source"":""capacity_building_users_import""}"
2026-09-17T23:47:04.911Z,,bulk-import-script,user_created,user,G17ALSgn4HfcS0pyNE15wUPHSmT2,"{""email"":""bernard.bosomprah@nhia.gov.gh"",""role"":""mda_user"",""institutionId"":""national-health-insurance-authority-nhia"",""source"":""capacity_building_users_import""}"
2026-09-17T23:47:06.867Z,,bulk-import-script,user_created,user,ZN1JgcRVhngF1g1GiWarp7D0cRB3,"{""email"":""naomi.addo@mod.gov.gh"",""role"":""mda_user"",""institutionId"":""ministry-of-defence"",""source"":""capacity_building_users_import""}"
2026-09-17T23:47:09.197Z,,bulk-import-script,user_created,user,JTUxprYMloYDGCLwlTJgOTVLkqd2,"{""email"":""isaac.appoh@nacca.gov.gh"",""role"":""mda_user"",""institutionId"":""national-council-for-curriculum-and-assessment"",""source"":""capacity_building_users_import""}"
2026-09-17T23:47:11.567Z,,bulk-import-script,user_created,user,LhjS7zwasdUB2nJvnhmwTAPDwJ42,"{""email"":""florence.awuku@energymin.gov.gh"",""role"":""mda_user"",""institutionId"":""ministry-of-energy-and-green-transition"",""source"":""capacity_building_users_import""}"
2026-09-17T23:47:13.873Z,,bulk-import-script,user_created,user,O9LNAX1a0GayieR1rRQPw6A2r9H2,"{""email"":""patricksenagah@yahoo.com"",""role"":""mda_user"",""institutionId"":""volta-regional-coordinating-council"",""source"":""capacity_building_users_import""}"
2026-09-17T23:47:15.971Z,,bulk-import-script,user_created,user,0817RARkXpQSbxMoFl223rZwlzG3,"{""email"":""agboedith10@gmail.com"",""role"":""mda_user"",""institutionId"":""ghana-tvet-service"",""source"":""capacity_building_users_import""}"
2026-09-17T23:47:18.891Z,,bulk-import-script,user_created,user,bpVWU3yfVAZGeYyjG84AEb2BYdD3,"{""email"":""gadsonsk72@gmail.com"",""role"":""mda_user"",""institutionId"":""volta-regional-coordinating-council"",""source"":""capacity_building_users_import""}"
2026-09-17T23:47:21.808Z,,bulk-import-script,user_created,user,jdNePDaESKN6IdjqmItRWyppETD3,"{""email"":""cmofori@yahoo.com"",""role"":""mda_user"",""institutionId"":""ghana-tvet-service"",""source"":""capacity_building_users_import""}"
2026-09-17T23:47:24.901Z,,bulk-import-script,user_created,user,kjL9pC5LDueLkeclNtaGvAjdwBZ2,"{""email"":""agboediyh10@gmail.com"",""role"":""mda_user"",""institutionId"":""ghana-tvet-service"",""source"":""capacity_building_users_import""}"
2026-09-17T23:47:27.799Z,,bulk-import-script,user_created,user,6MEunTpntUhxUYf0KIFuggq1AL13,"{""email"":""yvonne.agyen-mensah@gtvets.gov.gh"",""role"":""mda_user"",""institutionId"":""ghana-tvet-service"",""source"":""capacity_building_users_import""}"
2026-09-17T23:47:31.144Z,,bulk-import-script,user_created,user,uMBdkGf2mKS1YG0O8rw7A9LL5cy1,"{""email"":""rdarko-ampem@mofep.gov.gh"",""role"":""mda_user"",""institutionId"":""ministry-of-finance"",""source"":""capacity_building_users_import""}"
2026-09-17T23:47:33.579Z,,bulk-import-script,user_created,user,HHlXTdLlMvMpuVofdODNZhTxM2G3,"{""email"":""jeffrey.asiampong.baah@gtvets.gov.gh"",""role"":""mda_user"",""institutionId"":""ghana-tvet-service"",""source"":""capacity_building_users_import""}"
2026-09-17T23:47:36.270Z,,bulk-import-script,user_created,user,Q6lhjUHg1XfdD0cErm9LMgXvUF52,"{""email"":""ella.ameyaa-kyeremeh@gvets.gov.gh"",""role"":""mda_user"",""institutionId"":""ghana-tvet-service"",""source"":""capacity_building_users_import""}"
2026-09-17T23:47:38.757Z,,bulk-import-script,user_created,user,mnhJiZ7TLzQSi6AkLsguv3ILCy12,"{""email"":""narhkate@yahoo.com"",""role"":""mda_user"",""institutionId"":""ghana-tvet-service"",""source"":""capacity_building_users_import""}"
2026-09-17T23:47:41.082Z,,bulk-import-script,user_created,user,w9mfybKIAUU89jfHk2z7CTt1g362,"{""email"":""stella.brown@gtvets.gov.gh"",""role"":""mda_user"",""institutionId"":""ghana-tvet-service"",""source"":""capacity_building_users_import""}"
2026-09-17T23:47:43.879Z,,bulk-import-script,user_created,user,7ljfIchK4TcGucu5K5yvu9EJDEn2,"{""email"":""edith.abgo@gtvets.gov.gh"",""role"":""mda_user"",""institutionId"":""ghana-tvet-service"",""source"":""capacity_building_users_import""}"
2026-09-17T23:47:46.265Z,,bulk-import-script,user_created,user,j5inAhEKXyOlg1KRtiQomS9c2xB2,"{""email"":""louisa.arthur@gtvets.gov.gh"",""role"":""mda_user"",""institutionId"":""ghana-tvet-service"",""source"":""capacity_building_users_import""}"
2026-09-17T23:47:49.193Z,,bulk-import-script,user_created,user,XIA8KiQ47nfL0qS5yIDJRxkwF7k1,"{""email"":""priscilla.afloe@gtvets.gov.gh"",""role"":""mda_user"",""institutionId"":""ghana-tvet-service"",""source"":""capacity_building_users_import""}"
2026-09-17T23:47:51.999Z,,bulk-import-script,user_created,user,1G0SelVZvFeAAKiqpvDsNlGSI4h2,"{""email"":""samsontuglo@gmail.com"",""role"":""mda_user"",""institutionId"":""ghana-tvet-service"",""source"":""capacity_building_users_import""}"
2026-09-17T23:47:54.470Z,,bulk-import-script,user_created,user,9znXE1jpLGTROqjqfiYh3CUvJEI3,"{""email"":""siino.issaka@osp.gov.gh"",""role"":""mda_user"",""institutionId"":""office-of-the-special-prosecutor"",""source"":""capacity_building_users_import""}"
2026-09-17T23:47:58.228Z,,bulk-import-script,user_created,user,jkZO5SZYSKXZO81q3EuNmrQ67Pk1,"{""email"":""swancy.clottey@energymin.gov.gh"",""role"":""mda_user"",""institutionId"":""ministry-of-energy-and-green-transition"",""source"":""capacity_building_users_import""}"
2026-09-17T23:48:00.748Z,,bulk-import-script,user_created,user,upp5PdoGFiPHHRQejawQNBLYYai1,"{""email"":""stephebmensahdogbo@gmail.com"",""role"":""mda_user"",""institutionId"":""national-disaster-management-organisation-nadmo"",""source"":""capacity_building_users_import""}"
2026-09-17T23:48:03.283Z,,bulk-import-script,user_created,user,bAkuvXttgnO8ptdjL70jT6Cqdpi1,"{""email"":""sarah.faith@moe.gov.gh"",""role"":""mda_user"",""institutionId"":""ministry-of-education"",""source"":""capacity_building_users_import""}"
2026-09-17T23:48:06.057Z,,bulk-import-script,user_created,user,Be2JaW3tewWXJzcxFWlXbOXe6q02,"{""email"":""isaac.ashong@energymin.gov.gh"",""role"":""mda_user"",""institutionId"":""ministry-of-energy"",""source"":""capacity_building_users_import""}"
2026-09-17T23:48:08.717Z,,bulk-import-script,user_created,user,goMrsz6vOgSHZr2sRQ8C5sVQj3B3,"{""email"":""qjkenn@gmail.com"",""role"":""mda_user"",""institutionId"":""weija-gbawe-municipal-hospital"",""source"":""capacity_building_users_import""}"
2026-09-17T23:48:11.146Z,,bulk-import-script,user_created,user,9n9w31QWYyXpsDqDvhx1zBjJfwm2,"{""email"":""clifford.atadika@mfa.gov.gh"",""role"":""mda_user"",""institutionId"":""ministry-of-foreign-affairs-and-regional-integration"",""source"":""capacity_building_users_import""}"
2026-09-17T23:48:14.006Z,,bulk-import-script,user_created,user,JHRF2VAXLXPq24VIHsmCZfkm1iB2,"{""email"":""eachuliwor@mofep.gov.gh"",""role"":""mda_user"",""institutionId"":""ministry-of-finance"",""source"":""capacity_building_users_import""}"
2026-09-17T23:48:16.610Z,,bulk-import-script,user_created,user,Kg6dnGzEaJYPKEe38lJyJIt7WfT2,"{""email"":""mabugri@mofep.gov.ghh"",""role"":""mda_user"",""institutionId"":""ministry-of-finance"",""source"":""capacity_building_users_import""}"
2026-09-17T23:48:19.495Z,,bulk-import-script,user_created,user,OQoQVivWhNf79EK5EqL39zs7Hgv1,"{""email"":""jemima.mantey@ntc.gov.gh"",""role"":""mda_user"",""institutionId"":""national-teaching-council"",""source"":""capacity_building_users_import""}"
2026-09-17T23:48:22.193Z,,bulk-import-script,user_created,user,qYD3GJJTJIVxQWwrCYtXBYMi5qn2,"{""email"":""isaac.nana-takyi@mod.gov.gh"",""role"":""mda_user"",""institutionId"":""ministry-of-defence"",""source"":""capacity_building_users_import""}"
2026-09-17T23:48:24.633Z,,bulk-import-script,user_created,user,RZ7CFXZdB8TeNOuK1QylhxqT8st2,"{""email"":""nathaniel.nettey@nmc.gov.gh"",""role"":""mda_user"",""institutionId"":""nursing-and-midwifery-council"",""source"":""capacity_building_users_import""}"
2026-09-17T23:48:27.041Z,,bulk-import-script,user_created,user,9s4eA7k222aL7E2hGiOOGCJONTi1,"{""email"":""patrick.arthur@moe.gov.gh"",""role"":""mda_user"",""institutionId"":""ministry-of-education"",""source"":""capacity_building_users_import""}"
2026-09-17T23:48:29.416Z,,bulk-import-script,user_created,user,kmgwC9lJb3Mls2l3fvfHcpMSmfo1,"{""email"":""raymond.ababio@mod.gov.gh"",""role"":""mda_user"",""institutionId"":""ministry-of-defence"",""source"":""capacity_building_users_import""}"
2026-09-17T23:48:31.895Z,,bulk-import-script,user_created,user,CcSNLbW0YrdWUUzgHSKMoqzSMYh2,"{""email"":""jmsoppong1@gmail.com"",""role"":""mda_user"",""institutionId"":""forestry-commission"",""source"":""capacity_building_users_import""}"
2026-09-17T23:48:34.459Z,,bulk-import-script,user_created,user,Nr9TGtxzpLeDf0mBp446AahXwp22,"{""email"":""lawoe.bright@noryhernrcc.gov.gh"",""role"":""mda_user"",""institutionId"":""northern-regional-coordinating-council"",""source"":""capacity_building_users_import""}"
2026-09-17T23:48:37.763Z,,bulk-import-script,user_created,user,mUTB2VCxNAZIzs2PYTbila2Jf1l2,"{""email"":""glorialartey86@gmail.com"",""role"":""mda_user"",""institutionId"":""department-of-feeder-roads"",""source"":""capacity_building_users_import""}"
2026-09-17T23:48:40.458Z,,bulk-import-script,user_created,user,sSNelyrjZ2VYaN7zdY0SFQIpX633,"{""email"":""cmensah@mofep.gov.gh"",""role"":""mda_user"",""institutionId"":""ministry-of-finance"",""source"":""capacity_building_users_import""}"
2026-09-17T23:48:42.911Z,,bulk-import-script,user_created,user,AkBtXSDhiZOFcTlFAMdNvQr8H7f1,"{""email"":""emil.tetteh@gamingcommission.gov.gh"",""role"":""mda_user"",""institutionId"":""gaming-commission"",""source"":""capacity_building_users_import""}"
2026-09-17T23:48:45.408Z,,bulk-import-script,user_created,user,fZVOGYYBA1NUHW4xZyeXQwXLvMq1,"{""email"":""bagyane@mofep.gov.gh"",""role"":""mda_user"",""institutionId"":""ministry-of-finance"",""source"":""capacity_building_users_import""}"
2026-09-17T23:48:48.024Z,,bulk-import-script,user_created,user,FMimfUZDFCbYAnEOcRoOxgbqRvK2,"{""email"":""mkemeh@mofep.gov.gh"",""role"":""mda_user"",""institutionId"":""ministry-of-finance"",""source"":""capacity_building_users_import""}"
2026-09-17T23:48:50.512Z,,bulk-import-script,user_created,user,6GcySU1cNJQTpLniRayETEObNJr2,"{""email"":""fdompreh1@yahoo.com"",""role"":""mda_user"",""institutionId"":""council-for-scientific-and-industrial-research-csir"",""source"":""capacity_building_users_import""}"
2026-09-17T23:48:53.005Z,,bulk-import-script,user_created,user,vE2xSzY8kDPA9rFDQSpFcS4Am9F2,"{""email"":""verakumah1211@gmail.com"",""role"":""mda_user"",""institutionId"":""korle-bu-teaching-hospital"",""source"":""capacity_building_users_import""}"
2026-09-17T23:48:55.378Z,,bulk-import-script,user_created,user,7x1XIZFb8UQ9eHtcOvLJdp8LVQA3,"{""email"":""francis.nyamekye@nhia.gov.gh"",""role"":""mda_user"",""institutionId"":""national-health-insurance-authority-nhia"",""source"":""capacity_building_users_import""}"
2026-09-17T23:48:57.852Z,,bulk-import-script,user_created,user,JHFQQHvLpdVOipdOswk00KTFWKE2,"{""email"":""raofori@doc.gov.gh"",""role"":""mda_user"",""institutionId"":""department-of-co-operatives"",""source"":""capacity_building_users_import""}"
2026-09-17T23:49:00.532Z,,bulk-import-script,user_created,user,1jLHGGEMjMXLqlraqgBjj6VxH4u2,"{""email"":""benedicta.akafo@gtvets.gov.gh"",""role"":""mda_user"",""institutionId"":""ghana-tvet-service"",""source"":""capacity_building_users_import""}"
2026-09-17T23:49:03.277Z,,bulk-import-script,user_created,user,u3SLKEqXndPLy6rnzlIOWYwwyFH3,"{""email"":""grace.ofosu@ges.gov.gh"",""role"":""mda_user"",""institutionId"":""ghana-education-service"",""source"":""capacity_building_users_import""}"
2026-09-17T23:49:06.028Z,,bulk-import-script,user_created,user,sCJXtxipQLMuJ9eU12nDlsheaDH3,"{""email"":""ruhidawuni321@gmail.com"",""role"":""mda_user"",""institutionId"":""ministry-of-transport"",""source"":""capacity_building_users_import""}"
2026-09-17T23:49:08.987Z,,bulk-import-script,user_created,user,fJrVt8wVVOhe2J14qAYm4EPXYQv1,"{""email"":""theodore.korley@lac.gov.gh"",""role"":""mda_user"",""institutionId"":""legal-aid-commission"",""source"":""capacity_building_users_import""}"
2026-09-17T23:49:11.963Z,,bulk-import-script,user_created,user,HcKmrFg4a4UloUsDMOYEquztRva2,"{""email"":""loretta.lartey@lac.gov.gh"",""role"":""mda_user"",""institutionId"":""legal-aid-commission"",""source"":""capacity_building_users_import""}"
2026-09-17T23:49:14.989Z,,bulk-import-script,user_created,user,HflUTBy65Egpjg5YklBbhniRgVl1,"{""email"":""kadu@mofep.gov.gh"",""role"":""mda_user"",""institutionId"":""ministry-of-finance"",""source"":""capacity_building_users_import""}"
2026-09-17T23:49:18.068Z,,bulk-import-script,user_created,user,nbzNqPh2yscPc7yKwjoGPslCJV92,"{""email"":""pluntera@mofep.gov.gh"",""role"":""mda_user"",""institutionId"":""ministry-of-finance"",""source"":""capacity_building_users_import""}"
2026-09-17T23:49:20.657Z,,bulk-import-script,user_created,user,WKQIZj14n6Zs8PykmuNgOwqQYpl2,"{""email"":""baffour.akuffo-ankama@gea.gov.gh"",""role"":""mda_user"",""institutionId"":""ghana-enterprises-agency"",""source"":""capacity_building_users_import""}"
2026-09-17T23:49:24.016Z,,bulk-import-script,user_created,user,tKZMVfbad7crR5TisDpvawM8ylE3,"{""email"":""robert.woode@ohcs.gov.gh"",""role"":""mda_user"",""institutionId"":""office-of-the-head-of-civil-service"",""source"":""capacity_building_users_import""}"
2026-09-17T23:49:26.327Z,,bulk-import-script,user_created,user,m0Gu1LhSGteIheedaxqhr6QMS373,"{""email"":""nanaclaude88@gmail.com"",""role"":""mda_user"",""institutionId"":""bureau-of-national-investigations-bni"",""source"":""capacity_building_users_import""}"
2026-09-17T23:49:29.045Z,,bulk-import-script,user_created,user,02z3UtUBSPcaPIIw3c9P9JjForY2,"{""email"":""jacob.aziathy@audit.gov.gh"",""role"":""mda_user"",""institutionId"":""audit-service"",""source"":""capacity_building_users_import""}"
2026-09-17T23:49:31.340Z,,bulk-import-script,user_created,user,xLK1Up7N5Bgwiz6OFKbwLOOhBhv1,"{""email"":""abdul-baaki.sualihu@cagd.gov.gh"",""role"":""mda_user"",""institutionId"":""northern-development-authority"",""source"":""capacity_building_users_import""}"
2026-09-17T23:49:34.089Z,,bulk-import-script,user_created,user,YpIOa3vz8Rhp2XtP1MzyyGozde63,"{""email"":""philip.kpodo@mogcsp.gov.gh"",""role"":""mda_user"",""institutionId"":""department-of-social-welfare"",""source"":""capacity_building_users_import""}"
2026-09-17T23:49:37.047Z,,bulk-import-script,user_created,user,g1FrrvPpiOY64lWCXPdeWh6Y6623,"{""email"":""rashida.mohammed@mlgcra.gov.gh"",""role"":""mda_user"",""institutionId"":""ministry-of-local-government"",""source"":""capacity_building_users_import""}"
2026-09-17T23:49:39.833Z,,bulk-import-script,user_created,user,mE3IAHLv24Nj2im4xuJ3qZk7v843,"{""email"":""mercy.larbi@chraj.gov.gh"",""role"":""mda_user"",""institutionId"":""commission-on-human-rights-and-administrative-justice"",""source"":""capacity_building_users_import""}"
2026-09-17T23:49:42.316Z,,bulk-import-script,user_created,user,r2ZFOYX487Q5PvF1Qm7LH9NI3Hq2,"{""email"":""nichole.abbey@fishcom.govgh"",""role"":""mda_user"",""institutionId"":""fisheries-commission"",""source"":""capacity_building_users_import""}"
2026-09-17T23:49:44.801Z,,bulk-import-script,user_created,user,MFBOrs0yD9cNBIz1qxQ02QUjwcv1,"{""email"":""diana.smith@npfs.gov.gh"",""role"":""mda_user"",""institutionId"":""national-premix-fuel-secretariat"",""source"":""capacity_building_users_import""}"
2026-09-17T23:49:47.352Z,,bulk-import-script,user_created,user,Hs8gsYtRg4bRRGpgr6EPr0VwJlq2,"{""email"":""amina.seidu@ctvet.gov.gh"",""role"":""mda_user"",""institutionId"":""ghana-tvet-service"",""source"":""capacity_building_users_import""}"
2026-09-17T23:49:49.761Z,,bulk-import-script,user_created,user,fQvekNKKzBTjJ0KmBC58D8ji4cF2,"{""email"":""isaac.dwamena@scholarships.com"",""role"":""mda_user"",""institutionId"":""ghana-scholarships-authority"",""source"":""capacity_building_users_import""}"
2026-09-17T23:49:52.207Z,,bulk-import-script,user_created,user,1avXmepcjpgh0czqWdkMZjuwJ293,"{""email"":""obdave111@yahoo.com"",""role"":""mda_user"",""institutionId"":""ghana-broadcasting-corporation"",""source"":""capacity_building_users_import""}"
2026-09-17T23:49:55.046Z,,bulk-import-script,user_created,user,gIecaut1khd3ukuZCVBvXNB8X1a2,"{""email"":""aamankwah-poku@mofep.gov.gh"",""role"":""mda_user"",""institutionId"":""ministry-of-finance"",""source"":""capacity_building_users_import""}"
2026-09-17T23:49:57.974Z,,bulk-import-script,user_created,user,alQmcSmkpbaAOYHX3brGhS1XZWH2,"{""email"":""randy.afadzinu@npfs.gov.gh"",""role"":""mda_user"",""institutionId"":""national-premix-fuel-secretariat"",""source"":""capacity_building_users_import""}"
2026-09-17T23:50:00.460Z,,bulk-import-script,user_created,user,CkTcHlD77bdOBh91BJjv0lBzBYQ2,"{""email"":""bernard.mortotsi@aph.gov.gh"",""role"":""mda_user"",""institutionId"":""accra-psychiatric-hospital"",""source"":""capacity_building_users_import""}"
2026-09-17T23:50:02.952Z,,bulk-import-script,user_created,user,nV0gOlEonDV1BGVyO4e36usPuwx1,"{""email"":""alquist97@gmail.com"",""role"":""mda_user"",""institutionId"":""ministry-of-gender-children-and-social-protection"",""source"":""capacity_building_users_import""}"
2026-09-17T23:50:05.360Z,,bulk-import-script,user_created,user,4ZIeqVqC7DYtRB5ay5NSrOdKMVR2,"{""email"":""eric.adu-boahen@ohcs.gov.gh"",""role"":""mda_user"",""institutionId"":""office-of-the-head-of-civil-service"",""source"":""capacity_building_users_import""}"
2026-09-17T23:50:08.345Z,,bulk-import-script,user_created,user,vAGEeIDxUcZshiA1uu8755S9Pf53,"{""email"":""joana.adzatey@dpg.gov.gh"",""role"":""mda_user"",""institutionId"":""department-of-parks-and-gardens"",""source"":""capacity_building_users_import""}"
2026-09-17T23:50:11.201Z,,bulk-import-script,user_created,user,XIqgyZLwhpMmLI9s03Wxbb9fRBw1,"{""email"":""jamparbin@gmail.com"",""role"":""mda_user"",""institutionId"":""diaspora-affairs-office"",""source"":""capacity_building_users_import""}"
2026-09-17T23:50:13.902Z,,bulk-import-script,user_created,user,PI8uG4EixNaLl0glQVE3xvIAoNz1,"{""email"":""akpene.feakpi@fishcom.gov"",""role"":""mda_user"",""institutionId"":""fisheries-commission"",""source"":""capacity_building_users_import""}"
2026-09-17T23:50:16.384Z,,bulk-import-script,user_created,user,YbloLerEf7Q0JA0UcPMc9FxxdI72,"{""email"":""abdul.fazazi@yunada.gov.gh"",""role"":""mda_user"",""institutionId"":""yunyoo-nasuan-district"",""source"":""capacity_building_users_import""}"
2026-09-18T15:27:48.625Z,,bulk-import-script,user_created,user,nw1BhcMdEbbgUJfGJNnHaEd3lFD3,"{""email"":""dorablessntreh@aada.gov.gh"",""role"":""mda_user"",""institutionId"":""adansi-asokwa-district"",""source"":""group1516_users_import""}"
2026-09-18T15:27:53.047Z,,bulk-import-script,user_created,user,U2khK3CDGzR0fm3wsPxkdaO12nY2,"{""email"":""emmanuelessien@aada.gov.gh"",""role"":""mda_user"",""institutionId"":""adansi-asokwa-district"",""source"":""group1516_users_import""}"
2026-09-18T15:27:57.601Z,,bulk-import-script,user_created,user,CTfkIaaJKqbwi7zu1xu5YtvirBb2,"{""email"":""albertboppong@aada.gov.gh"",""role"":""mda_user"",""institutionId"":""adansi-asokwa-district"",""source"":""group1516_users_import""}"
2026-09-18T15:28:02.876Z,,bulk-import-script,user_created,user,BKFdtcqiFKRtaCv9hUJtovrMmDg1,"{""email"":""ekubanjesse@gmail.com"",""role"":""mda_user"",""institutionId"":""bosome-freho-district"",""source"":""group1516_users_import""}"
2026-09-18T15:28:07.361Z,,bulk-import-script,user_created,user,dtIVDiigB7XlhJO8Cw7aqobtF9D3,"{""email"":""mossbaako@gmail.com"",""role"":""mda_user"",""institutionId"":""bosome-freho-district"",""source"":""group1516_users_import""}"
2026-09-18T15:28:12.159Z,,bulk-import-script,user_created,user,3xEdLl3s8bNGYytFs6I5h1it2ev2,"{""email"":""ericdzakpah43@gmail.com"",""role"":""mda_user"",""institutionId"":""bosome-freho-district"",""source"":""group1516_users_import""}"
2026-09-18T15:28:16.603Z,,bulk-import-script,user_created,user,Dm6rlaO907X6DpVd04KDkTpKLj53,"{""email"":""janet.antwi@asda.gov.gh"",""role"":""mda_user"",""institutionId"":""adansi-south-district"",""source"":""group1516_users_import""}"
2026-09-18T15:28:20.620Z,,bulk-import-script,user_created,user,XVDkPQsoDwPPPp79nAPVbHOqKpH2,"{""email"":""obed.asante@asda.gov.gh"",""role"":""mda_user"",""institutionId"":""adansi-south-district"",""source"":""group1516_users_import""}"
2026-09-18T15:28:25.132Z,,bulk-import-script,user_created,user,sKjrJxi9GTNy5vcFZ1Z4J0lTjxC2,"{""email"":""delphina.ampong@asda.gov.gh"",""role"":""mda_user"",""institutionId"":""adansi-south-district"",""source"":""group1516_users_import""}"
2026-09-18T15:28:29.719Z,,bulk-import-script,user_created,user,JmW884YCELPI8ZqmyS7TFTqfwGH2,"{""email"":""augustine.ofosu@asda.gov.gh"",""role"":""mda_user"",""institutionId"":""adansi-south-district"",""source"":""group1516_users_import""}"
2026-09-18T15:28:34.176Z,,bulk-import-script,user_created,user,ZeOWIeDJRQZ3gktvEUVyQKDonGk1,"{""email"":""eric.kuffouranin@aknda.gov.gh"",""role"":""mda_user"",""institutionId"":""afigya-kwabre-north-district"",""source"":""group1516_users_import""}"
2026-09-18T15:28:38.907Z,,bulk-import-script,user_created,user,de30cT9uBsXlgTwg7mBmjzSBmI13,"{""email"":""sam.agyeibaah@aknda.gov.gh"",""role"":""mda_user"",""institutionId"":""afigya-kwabre-north-district"",""source"":""group1516_users_import""}"
2026-09-18T15:28:43.799Z,,bulk-import-script,user_created,user,AY6vYuOT0Wc8rdH0Gb4ZJtr3fge2,"{""email"":""topnanasarpong@gmail.com"",""role"":""mda_user"",""institutionId"":""afigya-kwabre-north-district"",""source"":""group1516_users_import""}"
2026-09-18T15:28:48.199Z,,bulk-import-script,user_created,user,T8NOS20CDtdIOz4ENjJrjSC5XHr2,"{""email"":""pacheampong479@gmail.com"",""role"":""mda_user"",""institutionId"":""afigya-kwabre-south-district"",""source"":""group1516_users_import""}"
2026-09-18T15:28:52.865Z,,bulk-import-script,user_created,user,3M88QbIgtVNMtB01qQlk6YjSE763,"{""email"":""margaretdonkor11@gmail.com"",""role"":""mda_user"",""institutionId"":""afigya-kwabre-south-district"",""source"":""group1516_users_import""}"
2026-09-18T15:28:57.345Z,,bulk-import-script,user_created,user,9MfnSEYnpxgUuvQosJXW4AkBss32,"{""email"":""frank.osei@aksda.gov.gh"",""role"":""mda_user"",""institutionId"":""afigya-kwabre-south-district"",""source"":""group1516_users_import""}"
2026-09-18T15:29:01.583Z,,bulk-import-script,user_created,user,K6gdthBvAVTihEbu5do9g2ISwlN2,"{""email"":""nmohammed@aksda.gov.gv"",""role"":""mda_user"",""institutionId"":""afigya-kwabre-south-district"",""source"":""group1516_users_import""}"
2026-09-18T15:29:06.166Z,,bulk-import-script,user_created,user,B5evL5jOaNReLAQVTf7KqCQnPVe2,"{""email"":""kwame.asante@aanma.gov.gh"",""role"":""mda_user"",""institutionId"":""ahafo-ano-north-district"",""source"":""group1516_users_import""}"
2026-09-18T15:29:10.682Z,,bulk-import-script,user_created,user,titlMft98XUE10MDiV7jWw39xl02,"{""email"":""frederick.ampontuah@aanma.gov.gh"",""role"":""mda_user"",""institutionId"":""ahafo-ano-north-district"",""source"":""group1516_users_import""}"
2026-09-18T15:29:15.123Z,,bulk-import-script,user_created,user,C5QIdNdSaaNQjKAK57YU2YkFGkh1,"{""email"":""frederick.gyasi@aanma.gov.gh"",""role"":""mda_user"",""institutionId"":""ahafo-ano-north-district"",""source"":""group1516_users_import""}"
2026-09-18T15:29:19.464Z,,bulk-import-script,user_created,user,2BFmmUwUfHT9928NAhRbUOeDl763,"{""email"":""linda.apauyeboah@aanma.gov.gh"",""role"":""mda_user"",""institutionId"":""ahafo-ano-north-district"",""source"":""group1516_users_import""}"
2026-09-18T15:29:23.968Z,,bulk-import-script,user_created,user,hB0f9GofMReLDoWuIh94KRe0ib72,"{""email"":""louis.essandoh@aaseda.gov.gh"",""role"":""mda_user"",""institutionId"":""ahafo-ano-south-district"",""source"":""group1516_users_import""}"
2026-09-18T15:29:28.435Z,,bulk-import-script,user_created,user,XPlQRqApIWcowmYXRZ9six0pPLo2,"{""email"":""priscila.kpodo@aaseda.gov.gh"",""role"":""mda_user"",""institutionId"":""ahafo-ano-south-district"",""source"":""group1516_users_import""}"
2026-09-18T15:29:32.871Z,,bulk-import-script,user_created,user,UyjfJCiTU0XmYGjmZrS9RDgOzAu1,"{""email"":""gyasi.edmund@aaseda.gov.gh"",""role"":""mda_user"",""institutionId"":""ahafo-ano-south-district"",""source"":""group1516_users_import""}"
2026-09-18T15:29:37.531Z,,bulk-import-script,user_created,user,MfI3DAFCFGSQBIgEPDNTV9RZeBz1,"{""email"":""dorothy.asamoah@aaswda.gov.gh"",""role"":""mda_user"",""institutionId"":""ahafo-ano-south-west-district"",""source"":""group1516_users_import""}"
2026-09-18T15:29:41.810Z,,bulk-import-script,user_created,user,RE7NsdQw9FPMnDO7AbSifcCxCCy2,"{""email"":""thomas.donkor@aaswda.gov.gh"",""role"":""mda_user"",""institutionId"":""ahafo-ano-south-west-district"",""source"":""group1516_users_import""}"
2026-09-18T15:29:46.573Z,,bulk-import-script,user_created,user,wfdoHweItfSePrXDtmNAb2N1dW73,"{""email"":""francisca.boateng@aaswda.gov"",""role"":""mda_user"",""institutionId"":""ahafo-ano-south-west-district"",""source"":""group1516_users_import""}"
2026-09-18T15:29:51.892Z,,bulk-import-script,user_created,user,MDWf4Q4Ce2dZ9y6NU1Dmm48MuMP2,"{""email"":""hanna.amankwaaabrafi9@gmail.com"",""role"":""mda_user"",""institutionId"":""akrofuom-district"",""source"":""group1516_users_import""}"
2026-09-18T15:29:56.457Z,,bulk-import-script,user_created,user,XOnjZTKn16Sq7CrCoQpwg9ICti03,"{""email"":""iddrisu.abdulai@ada.gov.gh"",""role"":""mda_user"",""institutionId"":""akrofuom-district"",""source"":""group1516_users_import""}"
2026-09-18T15:30:00.913Z,,bulk-import-script,user_created,user,5QSF4TU0R3ZeCeHnZpIsjC8yCm23,"{""email"":""happyjeff2000ash@gmail.com"",""role"":""mda_user"",""institutionId"":""akrofuom-district"",""source"":""group1516_users_import""}"
2026-09-18T15:30:05.184Z,,bulk-import-script,user_created,user,6je3FcB4Cwchq6mtpGMQZZiUcrk1,"{""email"":""matilda.afiba@ada.gov.gh"",""role"":""mda_user"",""institutionId"":""akrofuom-district"",""source"":""group1516_users_import""}"
2026-09-18T15:30:09.753Z,,bulk-import-script,user_created,user,SZ7uIcvOutZFNuE9MsSoGDkVwsw1,"{""email"":""joankuusoore@juma.gov"",""role"":""mda_user"",""institutionId"":""juaben-municipal"",""source"":""group1516_users_import""}"
2026-09-18T15:30:14.285Z,,bulk-import-script,user_created,user,I9Doo8I5tEfklFgUXpleo5wTSHx1,"{""email"":""oliviaserwaaboateng96@gmail.com"",""role"":""mda_user"",""institutionId"":""juaben-municipal"",""source"":""group1516_users_import""}"
2026-09-18T15:30:18.617Z,,bulk-import-script,user_created,user,B0NTu0oeVGQKsyIFRIU8itJmFGB2,"{""email"":""johnson.kwasiagyapong@juma.gov.gh"",""role"":""mda_user"",""institutionId"":""juaben-municipal"",""source"":""group1516_users_import""}"
2026-09-18T15:30:23.236Z,,bulk-import-script,user_created,user,zRK4lWRo0zUNzoZ3BWLFpKinTfH2,"{""email"":""kennethamoahboadi@gmail.com"",""role"":""mda_user"",""institutionId"":""amansie-south-district"",""source"":""group1516_users_import""}"
2026-09-18T15:30:27.897Z,,bulk-import-script,user_created,user,1djJxZ93MOcT2MUnF781RtadYP92,"{""email"":""richmondobengbonsu@gmail.com"",""role"":""mda_user"",""institutionId"":""amansie-south-district"",""source"":""group1516_users_import""}"
2026-09-18T15:30:32.199Z,,bulk-import-script,user_created,user,jkjaow4Uc6OeuTBNelv3Jqw7jwj2,"{""email"":""antwiosei624@gmail.com"",""role"":""mda_user"",""institutionId"":""amansie-south-district"",""source"":""group1516_users_import""}"
2026-09-18T15:30:37.022Z,,bulk-import-script,user_created,user,FjbwoSbdfTO7Cs2LXvI8nQd2j2K3,"{""email"":""mariannkansh@juma.got"",""role"":""mda_user"",""institutionId"":""juaben-municipal"",""source"":""group1516_users_import""}"
2026-09-18T15:30:41.245Z,,bulk-import-script,user_created,user,bxwe9jC9cnfSkK706laSerhcDs22,"{""email"":""anthony.agyei@bonoeastrcc.gov.gh"",""role"":""mda_user"",""institutionId"":""bono-east-regional-coordinating-council"",""source"":""group1516_users_import""}"
2026-09-18T15:30:45.885Z,,bulk-import-script,user_created,user,vYANLRTLvuP575Yg1NKv6EjO7wR2,"{""email"":""ellis.oppong@bonoeastrcc.gov.gh"",""role"":""mda_user"",""institutionId"":""bono-east-regional-coordinating-council"",""source"":""group1516_users_import""}"
2026-09-18T15:30:50.959Z,,bulk-import-script,user_created,user,RqBEdSltzXaDimWDdKJruszfWew2,"{""email"":""alex.doozuoah@aama.gov.gh"",""role"":""mda_user"",""institutionId"":""atebubu-amantin-municipal"",""source"":""group1516_users_import""}"
2026-09-18T15:30:55.122Z,,bulk-import-script,user_created,user,EaXOvBNm4eXgP1Dn7cNLnl4L1j42,"{""email"":""dickson.asiamah@aama.gov.gh"",""role"":""mda_user"",""institutionId"":""atebubu-amantin-municipal"",""source"":""group1516_users_import""}"
2026-09-18T15:30:59.596Z,,bulk-import-script,user_created,user,wWonJVBvVzSVla7scrabWFKLz9q1,"{""email"":""michael.opare@aama.gov.gh"",""role"":""mda_user"",""institutionId"":""atebubu-amantin-municipal"",""source"":""group1516_users_import""}"
2026-09-18T15:31:04.556Z,,bulk-import-script,user_created,user,3M6zQBWiw7MG1XynaxcPU4wb6xC2,"{""email"":""hammond.brokye@aama.gov.gh"",""role"":""mda_user"",""institutionId"":""atebubu-amantin-municipal"",""source"":""group1516_users_import""}"
2026-09-18T15:31:09.037Z,,bulk-import-script,user_created,user,r6BxdnP0T5VoDkKNB5FrAikpC703,"{""email"":""anthony.afari@kima.gov.gh"",""role"":""mda_user"",""institutionId"":""kintampo-north-municipal"",""source"":""group1516_users_import""}"
2026-09-18T15:31:35.482Z,,bulk-import-script,user_created,user,WMf9M11E9QYvyYUGYXPQ4VRLfhs2,"{""email"":""dzivenudesire2@gmail.com"",""role"":""mda_user"",""institutionId"":""kintampo-north-municipal"",""source"":""group1516_users_import""}"
2026-09-18T15:31:41.633Z,,bulk-import-script,user_created,user,navIEIxKCThyLv63o11iKFpO2cG2,"{""email"":""ayishatu.is-haq@kima.gov.gh"",""role"":""mda_user"",""institutionId"":""kintampo-north-municipal"",""source"":""group1516_users_import""}"
2026-09-18T15:31:47.989Z,,bulk-import-script,user_created,user,YZxjrquCFxgWcZ0aWh6BahUUTd83,"{""email"":""solomon.poween@kima.gov.gh"",""role"":""mda_user"",""institutionId"":""kintampo-north-municipal"",""source"":""group1516_users_import""}"
2026-09-18T15:31:54.371Z,,bulk-import-script,user_created,user,GTxsDgW6rxNL0y3IvNFooTLp6Wc2,"{""email"":""jabrahamyada@gmail.com"",""role"":""mda_user"",""institutionId"":""kintampo-south-district"",""source"":""group1516_users_import""}"
2026-09-18T15:32:00.820Z,,bulk-import-script,user_created,user,iQfX9KwTEtTGPbPKdU93R0gqUwF2,"{""email"":""brightnkrumah@ksda.gov.gh"",""role"":""mda_user"",""institutionId"":""kintampo-south-district"",""source"":""group1516_users_import""}"
2026-09-18T15:32:07.200Z,,bulk-import-script,user_created,user,M05Oo2Ei9obouF46YUjBc9Rr04t1,"{""email"":""lilian.owusuaa@ksda.gov.gh"",""role"":""mda_user"",""institutionId"":""kintampo-south-district"",""source"":""group1516_users_import""}"
2026-09-18T15:32:12.743Z,,bulk-import-script,user_created,user,TlpMEnsKc7YmgOtjFwssPQKa2pA3,"{""email"":""esther.ayimkonadu@ksda.gov.gh"",""role"":""mda_user"",""institutionId"":""kintampo-south-district"",""source"":""group1516_users_import""}"
2026-09-18T15:32:18.847Z,,bulk-import-script,user_created,user,73MQpWdNhdhS4zc6iHqJ9po5wAG3,"{""email"":""brain.achiew@nkonda.gov.gh"",""role"":""mda_user"",""institutionId"":""nkoranza-north-district"",""source"":""group1516_users_import""}"
2026-09-18T15:32:24.512Z,,bulk-import-script,user_created,user,IPEE7x1VSjQ6XI0Xfi5JGoa5Ggp2,"{""email"":""pual.osei@nkonda.gov.gh"",""role"":""mda_user"",""institutionId"":""nkoranza-north-district"",""source"":""group1516_users_import""}"
2026-09-18T15:32:30.699Z,,bulk-import-script,user_created,user,VjUNjiytkDZ41W9CaZYhAbr5xDW2,"{""email"":""waye.evans@nkonda.gov.gh"",""role"":""mda_user"",""institutionId"":""nkoranza-north-district"",""source"":""group1516_users_import""}"
2026-09-18T15:32:36.540Z,,bulk-import-script,user_created,user,Ca6csRqIQnPEijeZjyLVExhpD4D3,"{""email"":""karimu.muntaharu@nkonda.gov.gh"",""role"":""mda_user"",""institutionId"":""nkoranza-north-district"",""source"":""group1516_users_import""}"
2026-09-18T15:32:41.796Z,,bulk-import-script,user_created,user,Hl5VPQOKR5RzJZNg7jwbpV0DOVO2,"{""email"":""adamsmumuni09@gmail.com"",""role"":""mda_user"",""institutionId"":""nkoranza-south-municipal"",""source"":""group1516_users_import""}"
2026-09-18T15:32:48.565Z,,bulk-import-script,user_created,user,yU0VzG8o0HfDwsqW5KmazjrFKb02,"{""email"":""adams.iddi@nksma.gov.gh"",""role"":""mda_user"",""institutionId"":""nkoranza-south-municipal"",""source"":""group1516_users_import""}"
2026-09-18T15:32:54.983Z,,bulk-import-script,user_created,user,2bxFlOeZiWQoGUdaumZXBDJce2f2,"{""email"":""florence.tabuaa@nksma.gov.gh"",""role"":""mda_user"",""institutionId"":""nkoranza-south-municipal"",""source"":""group1516_users_import""}"
2026-09-18T15:33:00.433Z,,bulk-import-script,user_created,user,XdkBd190oMd41fr4YYPCk1hAD2S2,"{""email"":""nhyirayiadom2@gmail.com"",""role"":""mda_user"",""institutionId"":""pru-east-district"",""source"":""group1516_users_import""}"
2026-09-18T15:33:06.256Z,,bulk-import-script,user_created,user,n4lvG7MTgdXKNDbLQCUfQIPp0LY2,"{""email"":""derrick.boateng@peda.gov.gh"",""role"":""mda_user"",""institutionId"":""pru-east-district"",""source"":""group1516_users_import""}"
2026-09-18T15:33:12.598Z,,bulk-import-script,user_created,user,rmg03zJxJQPSjjHHfdHhK36Tw1n1,"{""email"":""kassim.abubakari@peda.gov.gh"",""role"":""mda_user"",""institutionId"":""pru-east-district"",""source"":""group1516_users_import""}"
2026-09-18T15:33:18.935Z,,bulk-import-script,user_created,user,o8Ym1qsZjIUghD7YcXWB1Pj3p1j1,"{""email"":""nsanyan.peter@peda.gov.gh"",""role"":""mda_user"",""institutionId"":""pru-east-district"",""source"":""group1516_users_import""}"
2026-09-18T15:33:24.161Z,,bulk-import-script,user_created,user,oyOADsWN7oO01vXEa8SXBiNsSZ92,"{""email"":""jerry.mensah@pwda.gov.gh"",""role"":""mda_user"",""institutionId"":""pru-west-district"",""source"":""group1516_users_import""}"
2026-09-18T15:33:29.706Z,,bulk-import-script,user_created,user,q6pZdMT18LMTzDm7eNw1HDkskPp2,"{""email"":""peter.osei@pwda.gov.gh"",""role"":""mda_user"",""institutionId"":""pru-west-district"",""source"":""group1516_users_import""}"
2026-09-18T15:33:35.779Z,,bulk-import-script,user_created,user,Yx72NUnhsMZ55FvWfJwLCszQcVI2,"{""email"":""mohoammed.yusif@pwda.gov.gh"",""role"":""mda_user"",""institutionId"":""pru-west-district"",""source"":""group1516_users_import""}"
2026-09-18T15:33:41.827Z,,bulk-import-script,user_created,user,zJ8E6NxmOoUkbqgvvFxBJPdDpju2,"{""email"":""joseph.antwi@pwda.gov.gh"",""role"":""mda_user"",""institutionId"":""pru-west-district"",""source"":""group1516_users_import""}"
2026-09-18T15:33:47.824Z,,bulk-import-script,user_created,user,exouvfzm3MYd586BDvLXP5OIp8v2,"{""email"":""owusuelias@yahoo.com"",""role"":""mda_user"",""institutionId"":""sene-east-district"",""source"":""group1516_users_import""}"
2026-09-18T15:33:53.750Z,,bulk-import-script,user_created,user,lJCLpEtvLRVqPm6u0zyI7L1nNi92,"{""email"":""majeedosman2@gmail.com"",""role"":""mda_user"",""institutionId"":""sene-east-district"",""source"":""group1516_users_import""}"
2026-09-18T15:33:59.734Z,,bulk-import-script,user_created,user,fxKhHyDQVWUleeaiKnZf4b37eca2,"{""email"":""danjimahbaba@gmail.com"",""role"":""mda_user"",""institutionId"":""sene-east-district"",""source"":""group1516_users_import""}"
2026-09-18T15:34:05.628Z,,bulk-import-script,user_created,user,RwA3o2uW62V1hUtW26kbgFWtwDE2,"{""email"":""andaniyakubu@yahoo.com"",""role"":""mda_user"",""institutionId"":""sene-west-district"",""source"":""group1516_users_import""}"
2026-09-18T15:34:10.928Z,,bulk-import-script,user_created,user,LX5V3IePpaOr06dzoDnAw3gjvJ33,"{""email"":""noah.amankwah@sewda.gov.gh"",""role"":""mda_user"",""institutionId"":""sene-west-district"",""source"":""group1516_users_import""}"
2026-09-18T15:34:15.820Z,,bulk-import-script,user_created,user,ACpvmNsYRQTVG2FyALSpkcP77En1,"{""email"":""epeprah875@gmail.com"",""role"":""mda_user"",""institutionId"":""sene-west-district"",""source"":""group1516_users_import""}"
2026-09-18T15:34:21.451Z,,bulk-import-script,user_created,user,VSxLas79vPe5cY00Zqe7Z6jPGtp2,"{""email"":""cephas.mensah@sewda.gov.gh"",""role"":""mda_user"",""institutionId"":""sene-west-district"",""source"":""group1516_users_import""}"
2026-09-18T15:34:27.011Z,,bulk-import-script,user_created,user,p8S5lLG0VbXfRZLvdi8jEAEwtMp1,"{""email"":""mohammed.ayeshetu@tecma.gov.gh"",""role"":""mda_user"",""institutionId"":""techiman-municipal"",""source"":""group1516_users_import""}"
2026-09-18T15:34:32.270Z,,bulk-import-script,user_created,user,KxV9oaoPA7gCoMMhgXVOQIoq8d12,"{""email"":""gilbert.yeboah@tecma.gov.gh"",""role"":""mda_user"",""institutionId"":""techiman-municipal"",""source"":""group1516_users_import""}"
2026-09-18T15:34:37.541Z,,bulk-import-script,user_created,user,7AO2BUzZBvZakQJ9vkkstGdkZ3H2,"{""email"":""papa.acheampong@tecma.gov.gh"",""role"":""mda_user"",""institutionId"":""techiman-municipal"",""source"":""group1516_users_import""}"
2026-09-18T15:34:44.146Z,,bulk-import-script,user_created,user,96HfCJc94UUs9PsUef3E5wyNC9A3,"{""email"":""sulemana.mahama@tenda.gov.gh"",""role"":""mda_user"",""institutionId"":""techiman-north-district"",""source"":""group1516_users_import""}"
2026-09-18T15:34:50.454Z,,bulk-import-script,user_created,user,tRRTCgtHtLaYh6HHPG54mTT2bel2,"{""email"":""augustine.missah@tenda.gov.gh"",""role"":""mda_user"",""institutionId"":""techiman-north-district"",""source"":""group1516_users_import""}"
2026-09-18T15:34:56.054Z,,bulk-import-script,user_created,user,lzQvxCQjzUdqfTlMZNR04npjbd83,"{""email"":""atoade.yeboah@tenda.gov.gh"",""role"":""mda_user"",""institutionId"":""techiman-north-district"",""source"":""group1516_users_import""}"
2026-09-18T15:35:02.743Z,,bulk-import-script,user_created,user,t6yFg8hIISZY8p8YwKeBv57SNCj2,"{""email"":""augustus.turkson@tenda.gov.gh"",""role"":""mda_user"",""institutionId"":""techiman-north-district"",""source"":""group1516_users_import""}"
2026-09-18T15:35:08.536Z,,bulk-import-script,user_created,user,940fwLJTKKbkGiV1N7AzjMpLGsX2,"{""email"":""james.boakye@nksma.gov.gh"",""role"":""mda_user"",""institutionId"":""nkoranza-south-municipal"",""source"":""group1516_users_import""}"
2026-09-18T15:35:13.764Z,,bulk-import-script,user_created,user,navIEIxKCThyLv63o11iKFpO2cG2,"{""email"":""ayishatu.is-haq@kima.gov.gh"",""role"":""mda_user"",""institutionId"":""kintampo-north-municipal"",""source"":""group1516_users_import""}"
2026-09-18T15:35:19.807Z,,bulk-import-script,user_created,user,WMf9M11E9QYvyYUGYXPQ4VRLfhs2,"{""email"":""dzivenudesire2@gmail.com"",""role"":""mda_user"",""institutionId"":""kintampo-north-municipal"",""source"":""group1516_users_import""}"
2026-09-18T15:35:25.562Z,,bulk-import-script,user_created,user,39TQfsSEhLfl5WMgPyiCyB9Ri2P2,"{""email"":""loise.owusuwaaobeng@aknda.gov.gh"",""role"":""mda_user"",""institutionId"":""afigya-kwabre-north-district"",""source"":""group1516_users_import""}"
2026-09-18T15:35:32.131Z,,bulk-import-script,user_created,user,pQNNTVmR6TWS85HXCtjNRfZtR6S2,"{""email"":""solomon.kwakye@tecma.gov.gh"",""role"":""mda_user"",""institutionId"":""techiman-municipal"",""source"":""group1516_users_import""}"
2026-09-18T15:35:38.769Z,,bulk-import-script,user_created,user,MfI3DAFCFGSQBIgEPDNTV9RZeBz1,"{""email"":""dorothy.asamoah@aaswda.gov.gh"",""role"":""mda_user"",""institutionId"":""ahafo-ano-south-west-district"",""source"":""group1516_users_import""}"
2026-09-18T15:35:44.237Z,,bulk-import-script,user_created,user,KxV9oaoPA7gCoMMhgXVOQIoq8d12,"{""email"":""gilbert.yeboah@tecma.gov.gh"",""role"":""mda_user"",""institutionId"":""techiman-municipal"",""source"":""group1516_users_import""}"
2026-09-18T15:35:49.622Z,,bulk-import-script,user_created,user,1LDLXXoUeGgKU6LoKO9kLIdOY763,"{""email"":""francisca.boateng@aaswda.gov.gh"",""role"":""mda_user"",""institutionId"":""ahafo-ano-south-west-district"",""source"":""group1516_users_import""}"
2026-09-18T15:35:55.295Z,,bulk-import-script,user_created,user,XVDkPQsoDwPPPp79nAPVbHOqKpH2,"{""email"":""obed.asante@asda.gov.gh"",""role"":""mda_user"",""institutionId"":""adansi-south-district"",""source"":""group1516_users_import""}"
2026-09-18T15:36:00.563Z,,bulk-import-script,user_created,user,eIoPoAjuvJaESwtHhlKhXYxwF5i2,"{""email"":""emens180@gmail.com"",""role"":""mda_user"",""institutionId"":""adansi-asokwa-district"",""source"":""group1516_users_import""}"
2026-09-18T15:36:07.348Z,,bulk-import-script,user_created,user,eH092cyRlycy3AIRCgqj4Tki1e72,"{""email"":""marian.nkansah@juma.gov.gh"",""role"":""mda_user"",""institutionId"":""juaben-municipal"",""source"":""group1516_users_import""}"
2026-09-18T15:36:12.241Z,,bulk-import-script,user_created,user,XPlQRqApIWcowmYXRZ9six0pPLo2,"{""email"":""priscila.kpodo@aaseda.gov.gh"",""role"":""mda_user"",""institutionId"":""ahafo-ano-south-east-district"",""source"":""group1516_users_import""}"
2026-09-18T15:36:17.803Z,,bulk-import-script,user_created,user,JmW884YCELPI8ZqmyS7TFTqfwGH2,"{""email"":""augustine.ofosu@asda.gov.gh"",""role"":""mda_user"",""institutionId"":""adansi-south-district"",""source"":""group1516_users_import""}"
2026-09-18T15:36:22.676Z,,bulk-import-script,user_created,user,bxwe9jC9cnfSkK706laSerhcDs22,"{""email"":""anthony.agyei@bonoeastrcc.gov.gh"",""role"":""mda_user"",""institutionId"":""bono-east-regional-coordinating-council"",""source"":""group1516_users_import""}"
2026-09-18T15:36:29.114Z,,bulk-import-script,user_created,user,N54jGVpSKxV56WoNVwGPPET88E53,"{""email"":""thomas.atuahene@arcc.gov.gh"",""role"":""mda_user"",""institutionId"":""ashanti-regional-coordinating-council"",""source"":""group1516_users_import""}"
2026-09-18T15:36:34.531Z,,bulk-import-script,user_created,user,3xEdLl3s8bNGYytFs6I5h1it2ev2,"{""email"":""ericdzakpah43@gmail.com"",""role"":""mda_user"",""institutionId"":""bosome-freho-district"",""source"":""group1516_users_import""}"
2026-09-18T15:36:41.344Z,,bulk-import-script,user_created,user,2ZadC4NYHJgxoxcMbFacrXUr2l42,"{""email"":""derrickopoku73@gmail.com"",""role"":""mda_user"",""institutionId"":""bosome-freho-district"",""source"":""group1516_users_import""}"
2026-09-18T15:36:46.575Z,,bulk-import-script,user_created,user,t4XBsJdO0YPMTuc0psradcVUxZv2,"{""email"":""ruth.agyeman@arcc.gov.gh"",""role"":""mda_user"",""institutionId"":""ashanti-regional-coordinating-council"",""source"":""group1516_users_import""}"
2026-09-18T15:36:51.990Z,,bulk-import-script,user_created,user,dtIVDiigB7XlhJO8Cw7aqobtF9D3,"{""email"":""mossbaako@gmail.com"",""role"":""mda_user"",""institutionId"":""bosome-freho-district"",""source"":""group1516_users_import""}"
2026-09-18T15:36:57.918Z,,bulk-import-script,user_created,user,UyjfJCiTU0XmYGjmZrS9RDgOzAu1,"{""email"":""gyasi.edmund@aaseda.gov.gh"",""role"":""mda_user"",""institutionId"":""ahafo-ano-south-east-district"",""source"":""group1516_users_import""}"
2026-09-18T16:51:59.483Z,,MKGoW62Iuaf5KXTj3a4LyRxrsaa2,user_updated,user,Yx72NUnhsMZ55FvWfJwLCszQcVI2,"{""email"":""mohammed.yusif@pwda.gov.gh""}"
2026-09-18T16:54:38.064Z,,MKGoW62Iuaf5KXTj3a4LyRxrsaa2,user_updated,user,KxV9oaoPA7gCoMMhgXVOQIoq8d12,"{""phone"":""0207494065""}"
2026-09-18T17:05:03.855Z,,MKGoW62Iuaf5KXTj3a4LyRxrsaa2,user_updated,user,SZ7uIcvOutZFNuE9MsSoGDkVwsw1,"{""email"":""joankuusoore@juma.gov.gh""}"
2026-09-18T17:05:41.383Z,,MKGoW62Iuaf5KXTj3a4LyRxrsaa2,user_updated,user,SZ7uIcvOutZFNuE9MsSoGDkVwsw1,"{""email"":""joan.kuusoore@juma.gov.gh""}"
2026-09-18T17:07:21.462Z,,MKGoW62Iuaf5KXTj3a4LyRxrsaa2,user_updated,user,K6gdthBvAVTihEbu5do9g2ISwlN2,"{""email"":""nimatu.mohammed@aksda.gov.gh""}"
2026-09-18T17:16:56.868Z,,MKGoW62Iuaf5KXTj3a4LyRxrsaa2,user_updated,user,T8NOS20CDtdIOz4ENjJrjSC5XHr2,"{""email"":""Peter.acheampong@aksda.gov.gh""}"
2026-09-22T10:05:50.599Z,,MKGoW62Iuaf5KXTj3a4LyRxrsaa2,user_updated,user,1Qks2pAokUXZe3rzqz9pkQAIm102,"{""role"":""functional_lead""}"
2026-09-22T10:06:03.722Z,,MKGoW62Iuaf5KXTj3a4LyRxrsaa2,user_updated,user,kinQdigl3wYXncl5g2RfqwzvpXx1,"{""isActive"":false}"
2026-09-22T10:06:25.564Z,,MKGoW62Iuaf5KXTj3a4LyRxrsaa2,user_updated,user,avlPqnM8uafFNHEt8vXB4UXw5yN2,"{""isActive"":false}"
2026-09-22T11:08:09.352Z,,MKGoW62Iuaf5KXTj3a4LyRxrsaa2,user_created,user,lAhsVWiLenPZKRWRU6EPr0hNaJY2,"{""email"":""marvin.ankoma@mod.gov.gh"",""role"":""mda_user"",""institutionId"":""Ministry of Defense""}"
2026-09-22T13:04:20.143Z,,bulk-import-script,user_created,user,UUdgBcp8spdcg2kkP5iAdYQ1Xpx1,"{""email"":""davi.eranuoniba@uwrcc.gov.gh"",""role"":""mda_user"",""institutionId"":""upper-west-arba"",""source"":""group17_users_import""}"
2026-09-22T13:04:25.892Z,,bulk-import-script,user_created,user,g8fdLQnIoqcP83XaFnX0aLNhUFX2,"{""email"":""abdul-mujeeb.salifu@uwrcc.gov.gh"",""role"":""mda_user"",""institutionId"":""dafiama-bussie-issa-district"",""source"":""group17_users_import""}"
2026-09-22T13:04:30.470Z,,bulk-import-script,user_created,user,CHuQe9ESoGeDqJaNmcFF2rDhwe13,"{""email"":""maissahaku7@gmail.com"",""role"":""mda_user"",""institutionId"":""dafiama-bussie-issa-district"",""source"":""group17_users_import""}"
2026-09-22T13:04:35.451Z,,bulk-import-script,user_created,user,wePMoKrEzWb70spjaQscfqBvhlm1,"{""email"":""suf.dauda@dbida.gov.gh"",""role"":""mda_user"",""institutionId"":""dafiama-bussie-issa-district"",""source"":""group17_users_import""}"
2026-09-22T13:04:39.862Z,,bulk-import-script,user_created,user,mlUPGCl27RNGof87zkz6LjQuaj83,"{""email"":""nababilemajeed@gmail.com"",""role"":""mda_user"",""institutionId"":""jirapa-municipal"",""source"":""group17_users_import""}"
2026-09-22T13:04:44.058Z,,bulk-import-script,user_created,user,QZQo76CFguYsbNwRcR04MRkY26K2,"{""email"":""dinganadeborah11@gmail.com"",""role"":""mda_user"",""institutionId"":""jirapa-municipal"",""source"":""group17_users_import""}"
2026-09-22T13:04:47.974Z,,bulk-import-script,user_created,user,IW0IF5fUpMhvq7e9IM46QNBZlgx1,"{""email"":""lawuradauda33@gmail.com"",""role"":""mda_user"",""institutionId"":""lambussie-karni-district"",""source"":""group17_users_import""}"
2026-09-22T13:04:51.954Z,,bulk-import-script,user_created,user,rSojX1cYltMnWduMlD1H20tsID33,"{""email"":""michael.bakanfu@lda.gov.gh"",""role"":""mda_user"",""institutionId"":""lambussie-karni-district"",""source"":""group17_users_import""}"
2026-09-22T13:04:56.251Z,,bulk-import-script,user_created,user,24hdXnbnqMXWpK4Yi032hp65hLk2,"{""email"":""razakfataw@gmail.com"",""role"":""mda_user"",""institutionId"":""lambussie-karni-district"",""source"":""group17_users_import""}"
2026-09-22T13:05:00.656Z,,bulk-import-script,user_created,user,1ScTAmsXK5aFAZgNCiy2rOJnjub2,"{""email"":""nelson-yiryel@lawrama.gov.gh"",""role"":""mda_user"",""institutionId"":""lawra-municipal"",""source"":""group17_users_import""}"
2026-09-22T13:05:05.950Z,,bulk-import-script,user_created,user,9xXxqlMqagNj4iteJPMmrnIlvSb2,"{""email"":""jdarenaa@gmail.com"",""role"":""mda_user"",""institutionId"":""lawra-municipal"",""source"":""group17_users_import""}"
2026-09-22T13:05:10.519Z,,bulk-import-script,user_created,user,PaKlP3UB4BPDtgktUbqpdSGFiHc2,"{""email"":""derygbaal@gmail.com"",""role"":""mda_user"",""institutionId"":""nadowli-kaleo-district"",""source"":""group17_users_import""}"
2026-09-22T13:05:15.523Z,,bulk-import-script,user_created,user,YMwMeoOKgCeUJ6cyaIl8QIWey4s1,"{""email"":""ikhad2000@gmail.com"",""role"":""mda_user"",""institutionId"":""nadowli-kaleo-district"",""source"":""group17_users_import""}"
2026-09-22T13:05:19.958Z,,bulk-import-script,user_created,user,AhJddYXvadRYZNThfC4kXaAXxCi1,"{""email"":""rose.maaliwombu@nandomdistrict.gov.gh"",""role"":""mda_user"",""institutionId"":""nandom-district"",""source"":""group17_users_import""}"
2026-09-22T13:05:24.628Z,,bulk-import-script,user_created,user,SfYeEtzleoT6as6HYjeOVhmQPPy1,"{""email"":""wahab.musah@nandomdistrict.gov.gh"",""role"":""mda_user"",""institutionId"":""nandom-district"",""source"":""group17_users_import""}"
2026-09-22T13:05:29.687Z,,bulk-import-script,user_created,user,26sH11CjzQU1rMBf2fCeF8jJiTW2,"{""email"":""yakubu@nandomdistrict.gov.gh"",""role"":""mda_user"",""institutionId"":""nandom-district"",""source"":""group17_users_import""}"
2026-09-22T13:05:33.837Z,,bulk-import-script,user_created,user,L6myU8c8LJX27FPz6v6RT67mvM72,"{""email"":""bukari.basi@sema.gov.gh"",""role"":""mda_user"",""institutionId"":""sissala-east-municipal"",""source"":""group17_users_import""}"
2026-09-22T13:05:37.976Z,,bulk-import-script,user_created,user,XDRRuEyHU6YGOpwt4oDLXfLKq142,"{""email"":""rashid.ankaara@sema.gov.gh"",""role"":""mda_user"",""institutionId"":""sissala-east-municipal"",""source"":""group17_users_import""}"
2026-09-22T13:05:42.075Z,,bulk-import-script,user_created,user,pMlDTlqSrZZ3So7uisobFtX9jFV2,"{""email"":""pioseh.abdul-rashaad@sema.gov.gh"",""role"":""mda_user"",""institutionId"":""sissala-east-municipal"",""source"":""group17_users_import""}"
2026-09-22T13:05:46.622Z,,bulk-import-script,user_created,user,LVfJoFiDecO4npaSZSNebNUn6Vx2,"{""email"":""munawar.ahmed@swdag.gov.gh"",""role"":""mda_user"",""institutionId"":""sissala-west-district"",""source"":""group17_users_import""}"
2026-09-22T13:05:51.112Z,,bulk-import-script,user_created,user,hdT303ULDlgco4XyDlY4QZYdXMH3,"{""email"":""naema.yakubu@swdag.gov.gh"",""role"":""mda_user"",""institutionId"":""sissala-west-district"",""source"":""group17_users_import""}"
2026-09-22T13:05:55.482Z,,bulk-import-script,user_created,user,pWUEFtEw5LW8i3fOGZMbaHjec3G3,"{""email"":""alhassan.abdul-rahaman@swdag.gov.gh"",""role"":""mda_user"",""institutionId"":""sissala-west-district"",""source"":""group17_users_import""}"
2026-09-22T13:05:59.967Z,,bulk-import-script,user_created,user,Kj7UWGrVEKYP8Ec3PbXrsypdToI2,"{""email"":""maurice.angzenaa@waeastda.gov.gh"",""role"":""mda_user"",""institutionId"":""wa-east-district"",""source"":""group17_users_import""}"
2026-09-22T13:06:03.958Z,,bulk-import-script,user_created,user,KsyfI2hMpZPsqtoExehclMuoGut2,"{""email"":""batong.yawuza@waeastda.gov.gh"",""role"":""mda_user"",""institutionId"":""wa-east-district"",""source"":""group17_users_import""}"
2026-09-22T13:06:09.203Z,,bulk-import-script,user_created,user,mVa4vaVuUTcetWoOvSNYIq43kAM2,"{""email"":""william.nyaaba@wamunicipal.gov.gh"",""role"":""mda_user"",""institutionId"":""wa-municipal"",""source"":""group17_users_import""}"
2026-09-22T13:06:13.529Z,,bulk-import-script,user_created,user,zcujbeOusjZvDF6q9ccqSmwq2NI3,"{""email"":""nurideen.saeed@wamunicipal.gov.gh"",""role"":""mda_user"",""institutionId"":""wa-municipal"",""source"":""group17_users_import""}"
2026-09-22T13:06:17.867Z,,bulk-import-script,user_created,user,kEuXS8C2KEcWPmd1my5dJQJ7vTv1,"{""email"":""alhassan@wamunicipal.gov.gh"",""role"":""mda_user"",""institutionId"":""wa-municipal"",""source"":""group17_users_import""}"
2026-09-22T13:06:22.583Z,,bulk-import-script,user_created,user,PZGxysvRtBh8O5pnHBIG3K8s0nJ3,"{""email"":""mujeeb.zakaria@wawda.gov.gh"",""role"":""mda_user"",""institutionId"":""wa-west-district"",""source"":""group17_users_import""}"
2026-09-22T13:06:27.289Z,,bulk-import-script,user_created,user,jEa1QlrIRSX2qnhxZs12Gi9aSRo1,"{""email"":""talutadumbu4268@gmail.com"",""role"":""mda_user"",""institutionId"":""wa-west-district"",""source"":""group17_users_import""}"
2026-09-22T13:06:31.747Z,,bulk-import-script,user_created,user,imd9WQ8nsHfQZSNNDnmS1y7QAvJ2,"{""email"":""alhassanrazak765@gmail.com"",""role"":""mda_user"",""institutionId"":""wa-west-district"",""source"":""group17_users_import""}"
2026-09-22T16:48:54.680Z,,MKGoW62Iuaf5KXTj3a4LyRxrsaa2,user_updated,user,SfYeEtzleoT6as6HYjeOVhmQPPy1,"{""email"":""wahab.musah@nandomdistrict.gov.gh.gov.gh""}"
2026-09-22T16:50:46.110Z,,MKGoW62Iuaf5KXTj3a4LyRxrsaa2,user_updated,user,SfYeEtzleoT6as6HYjeOVhmQPPy1,"{""email"":""wahab.musah@nanadomdistrict.gov.gh""}"
2026-09-24T09:45:58.445Z,,bulk-import-script,user_created,user,VZtetiOGYtPFkR5mPtncCAY4VW93,"{""email"":""doreen.annan@mint.gov.gh"",""role"":""mda_user"",""institutionId"":""ministry-of-the-interior"",""source"":""interior_users_import""}"
2026-09-24T09:46:02.621Z,,bulk-import-script,user_created,user,ZXQ6rSqbeYhlmHrVLUKaaXO4sTB3,"{""email"":""solomon.mensah@mint.gov.gh"",""role"":""mda_user"",""institutionId"":""ministry-of-the-interior"",""source"":""interior_users_import""}"
2026-09-24T09:46:06.817Z,,bulk-import-script,user_created,user,hcTocnV8f5QY8ZXFwTIg4YVyekt1,"{""email"":""gmakan.wujangi@mint.gov.gh"",""role"":""mda_user"",""institutionId"":""ministry-of-the-interior"",""source"":""interior_users_import""}"
2026-09-24T09:46:10.818Z,,bulk-import-script,user_created,user,wstDU21PSBbISHgXShgcvAt1jLH3,"{""email"":""barbara.franklin-torsoo@mint.gov.gh"",""role"":""mda_user"",""institutionId"":""ministry-of-the-interior"",""source"":""interior_users_import""}"
2026-09-24T09:46:14.861Z,,bulk-import-script,user_created,user,RWz4lQ0F0HX7W28jNygwOnoxgqF2,"{""email"":""grace.asempa@mint.gov.gh"",""role"":""mda_user"",""institutionId"":""ministry-of-the-interior"",""source"":""interior_users_import""}"
2026-09-24T09:46:18.819Z,,bulk-import-script,user_created,user,10Qxgz3HZUaE9Raf4BD2aCcLuSD2,"{""email"":""emmanuel.amakye@ghanaprisons.gov.gh"",""role"":""mda_user"",""institutionId"":""ghana-prisons-service"",""source"":""interior_users_import""}"
2026-09-24T09:46:22.858Z,,bulk-import-script,user_created,user,HlU0zPMhS8VFFLL34UUMbT3cef43,"{""email"":""kwadwo.abeam@ghanaprisons.gov.gh"",""role"":""mda_user"",""institutionId"":""ghana-prisons-service"",""source"":""interior_users_import""}"
2026-09-24T09:46:27.086Z,,bulk-import-script,user_created,user,Ozp9nUyoIqMz4hsKPDIWB2xzbG42,"{""email"":""brusnikleticia48@gmail.com"",""role"":""mda_user"",""institutionId"":""ghana-prisons-service"",""source"":""interior_users_import""}"
2026-09-24T09:46:31.109Z,,bulk-import-script,user_created,user,x3T7t8uBUqM3TOBs48KuHwBwS0t2,"{""email"":""soluplush@yahoo.com"",""role"":""mda_user"",""institutionId"":""national-disaster-management-organisation-nadmo"",""source"":""interior_users_import""}"
2026-09-24T09:46:35.031Z,,bulk-import-script,user_created,user,O2UhofLaRVUw3zLUwSyv1ticMwk2,"{""email"":""kwameampaduhayford8@gmail.com"",""role"":""mda_user"",""institutionId"":""national-disaster-management-organisation-nadmo"",""source"":""interior_users_import""}"
2026-09-24T09:46:38.750Z,,bulk-import-script,user_created,user,DZ53yxTfPCdrG3xvVCHIb8qM6jG2,"{""email"":""audreysackey3@gmail.com"",""role"":""mda_user"",""institutionId"":""national-disaster-management-organisation-nadmo"",""source"":""interior_users_import""}"
2026-09-24T09:46:42.614Z,,bulk-import-script,user_created,user,QYvNiLlvwCQm0NGVAaD758wXZoJ3,"{""email"":""manfredanokye@gmail.com"",""role"":""mda_user"",""institutionId"":""national-disaster-management-organisation-nadmo"",""source"":""interior_users_import""}"
2026-09-24T09:46:46.898Z,,bulk-import-script,user_created,user,3dDjtIfL8AeS74TtkliYdW1hrKu2,"{""email"":""annietettegah@gmail.com"",""role"":""mda_user"",""institutionId"":""national-disaster-management-organisation-nadmo"",""source"":""interior_users_import""}"
2026-09-24T09:46:51.047Z,,bulk-import-script,user_created,user,APygQeHgqfVXJAUqgbwz7siiYTc2,"{""email"":""senyo.agboada@yahoo.com"",""role"":""mda_user"",""institutionId"":""national-disaster-management-organisation-nadmo"",""source"":""interior_users_import""}"
2026-09-24T09:46:55.090Z,,bulk-import-script,user_created,user,GGXLcSegb9ZzqoQ8R3aS5F1xXau1,"{""email"":""cfognfs@gmail.com"",""role"":""mda_user"",""institutionId"":""ghana-national-fire-service"",""source"":""interior_users_import""}"
2026-09-24T09:47:00.146Z,,bulk-import-script,user_created,user,WIbQUuGMYwarcYbi2LKQ5Ckz0sg1,"{""email"":""brako_mba@yahoo.com"",""role"":""mda_user"",""institutionId"":""ghana-national-fire-service"",""source"":""interior_users_import""}"
2026-09-24T09:47:03.699Z,,bulk-import-script,user_created,user,Ma3TXXmGbfUjPb3fc6NpF3Kuybw1,"{""email"":""nyarkomonica192@gmail.com"",""role"":""mda_user"",""institutionId"":""ghana-national-fire-service"",""source"":""interior_users_import""}"
2026-09-24T09:47:07.325Z,,bulk-import-script,user_created,user,L55rYeHUTFhgvKxOV94ZtX7koda2,"{""email"":""addylamptey77@gmail.com"",""role"":""mda_user"",""institutionId"":""ghana-national-fire-service"",""source"":""interior_users_import""}"
2026-09-24T09:47:11.191Z,,bulk-import-script,user_created,user,0ZwisokYRyMD3VQ8wha8qwI6nCj1,"{""email"":""henrynsoh@gmail.com"",""role"":""mda_user"",""institutionId"":""ghana-national-fire-service"",""source"":""interior_users_import""}"
2026-09-24T09:47:14.904Z,,bulk-import-script,user_created,user,snQoIEWuzjO1hlID2x5vlhU8B9y1,"{""email"":""gabbyakasom@gmail.com"",""role"":""mda_user"",""institutionId"":""ghana-national-fire-service"",""source"":""interior_users_import""}"
2026-09-24T09:47:18.885Z,,bulk-import-script,user_created,user,6IwNJoaJeDfBSIgcGZM0Rft2MxJ3,"{""email"":""agy.asomaniwinifred@gmail.com"",""role"":""mda_user"",""institutionId"":""ghana-national-fire-service"",""source"":""interior_users_import""}"
2026-09-24T09:47:22.511Z,,bulk-import-script,user_created,user,tp1REQJX77gqeHwTxevh6GDlz3Z2,"{""email"":""ceciyamga@gmail.com"",""role"":""mda_user"",""institutionId"":""ghana-national-fire-service"",""source"":""interior_users_import""}"
2026-09-24T09:47:26.489Z,,bulk-import-script,user_created,user,Jaab6mEHWtbXKMkOv8TPGNKd8IB2,"{""email"":""emmanuelakuffo73@gmail.com"",""role"":""mda_user"",""institutionId"":""ghana-national-fire-service"",""source"":""interior_users_import""}"
2026-09-24T09:47:30.281Z,,bulk-import-script,user_created,user,09NRI8Oqv3c7cGRJNFhxhMwbQSO2,"{""email"":""georgeamoh@ymail.com"",""role"":""mda_user"",""institutionId"":""national-peace-council"",""source"":""interior_users_import""}"
2026-09-24T09:47:34.228Z,,bulk-import-script,user_created,user,2FiUrwTCtVYjOHKhSJlmW3M6QUt2,"{""email"":""rita.yali@peacecouncil.gov.gh"",""role"":""mda_user"",""institutionId"":""national-peace-council"",""source"":""interior_users_import""}"
2026-09-24T09:47:38.112Z,,bulk-import-script,user_created,user,AtKwbGwwerbhcHwZZXZgBE14ZeZ2,"{""email"":""semefa.asimenu@peacecouncil.gov.gh"",""role"":""mda_user"",""institutionId"":""national-peace-council"",""source"":""interior_users_import""}"
2026-09-24T09:47:41.982Z,,bulk-import-script,user_created,user,U0dTYG0TwlMxjmygQ4dKn9I03RE3,"{""email"":""kwasi.gk@gmail.com"",""role"":""mda_user"",""institutionId"":""national-peace-council"",""source"":""interior_users_import""}"
2026-09-24T09:47:45.733Z,,bulk-import-script,user_created,user,hiMUFaIJkYh0JNgVnohT18LSkml2,"{""email"":""berthaeffah@yahoo.com"",""role"":""mda_user"",""institutionId"":""national-peace-council"",""source"":""interior_users_import""}"
2026-09-24T09:47:49.096Z,,bulk-import-script,user_created,user,Vx0f1F79zzQPaYYne0czKFxbUrx1,"{""email"":""anita.forster@ncc.gov.gh"",""role"":""mda_user"",""institutionId"":""narcotics-control-commission"",""source"":""interior_users_import""}"
2026-09-24T09:47:53.076Z,,bulk-import-script,user_created,user,SxKuWqBS6oZ3Zs8sJPqkWsPBrb13,"{""email"":""john.asubonteng@ncc.gov.gh"",""role"":""mda_user"",""institutionId"":""narcotics-control-commission"",""source"":""interior_users_import""}"
2026-09-24T09:47:56.794Z,,bulk-import-script,user_created,user,967F4IWd24UsKBTFSO8ONEDuAXF3,"{""email"":""isaac.nkrumah@ncc.gov.gh"",""role"":""mda_user"",""institutionId"":""narcotics-control-commission"",""source"":""interior_users_import""}"
2026-09-24T09:48:00.476Z,,bulk-import-script,user_created,user,SZYYBAv8FjWgXm4jM2lQu5JLpSm2,"{""email"":""akorfa.asamoah@ncc.gov.gh"",""role"":""mda_user"",""institutionId"":""narcotics-control-commission"",""source"":""interior_users_import""}"
2026-09-24T09:48:04.108Z,,bulk-import-script,user_created,user,Q8uUn0ZSHJc8p5K8IN1sGk1QlnB3,"{""email"":""michael.danful@ncc.gov.gh"",""role"":""mda_user"",""institutionId"":""narcotics-control-commission"",""source"":""interior_users_import""}"
2026-09-24T09:48:07.807Z,,bulk-import-script,user_created,user,9PIiGlMYYEeaNzVzC0DQS00R6rJ2,"{""email"":""bernadette.nyonator@immigration.gov.gh"",""role"":""mda_user"",""institutionId"":""ghana-immigration-service"",""source"":""interior_users_import""}"
2026-09-24T09:48:11.483Z,,bulk-import-script,user_created,user,ICwjlZ4hgPU1SFUloneQWl8yXDk1,"{""email"":""joycem.adjah@immigration.gov.gh"",""role"":""mda_user"",""institutionId"":""ghana-immigration-service"",""source"":""interior_users_import""}"
2026-09-24T09:48:15.304Z,,bulk-import-script,user_created,user,ttIY55mTbwOmlWPdnvwIXEwDPXt2,"{""email"":""dennis.gyau@immigration.gov.gh"",""role"":""mda_user"",""institutionId"":""ghana-immigration-service"",""source"":""interior_users_import""}"
2026-09-24T09:48:19.160Z,,bulk-import-script,user_created,user,cvaUvSPPyQT4hulutoRiJcajHAq1,"{""email"":""indira.lawson@immigration.gov.gh"",""role"":""mda_user"",""institutionId"":""ghana-immigration-service"",""source"":""interior_users_import""}"
2026-09-24T09:48:22.936Z,,bulk-import-script,user_created,user,FZFt2sElHccel818LhJcy4BSgif1,"{""email"":""daniel.brewu@immigration.gov.gh"",""role"":""mda_user"",""institutionId"":""ghana-immigration-service"",""source"":""interior_users_import""}"
2026-09-24T09:48:26.875Z,,bulk-import-script,user_created,user,qtYvB9QT8cY6MOCPff288zem5gF3,"{""email"":""rosea.kponyo@immigration.gov.gh"",""role"":""mda_user"",""institutionId"":""ghana-immigration-service"",""source"":""interior_users_import""}"
2026-09-24T09:48:30.773Z,,bulk-import-script,user_created,user,0UxfsHugl1bWOJTaSMGl5gUlnvE2,"{""email"":""prince.frimpong@immigration.gov.gh"",""role"":""mda_user"",""institutionId"":""ghana-immigration-service"",""source"":""interior_users_import""}"
2026-09-24T09:48:34.702Z,,bulk-import-script,user_created,user,z55d9gnuHlajUDf8A2Wfl2HwwQE2,"{""email"":""wisdom.otu@immigration.gov.gh"",""role"":""mda_user"",""institutionId"":""ghana-immigration-service"",""source"":""interior_users_import""}"
2026-09-24T09:48:38.563Z,,bulk-import-script,user_created,user,LIapgpuZ8OYDTiVRaSW5KRWzc9C3,"{""email"":""samuel.yeboah@smallarmscommission.gov.gh"",""role"":""mda_user"",""institutionId"":""national-commission-on-small-arms-and-light-weapons"",""source"":""interior_users_import""}"
2026-09-24T09:48:42.476Z,,bulk-import-script,user_created,user,M2GNA2vmsoPmr0ccy97tkzUNk6Y2,"{""email"":""gyebi.asante@smallarmscommission.gov.gh"",""role"":""mda_user"",""institutionId"":""national-commission-on-small-arms-and-light-weapons"",""source"":""interior_users_import""}"
2026-09-24T09:48:45.923Z,,bulk-import-script,user_created,user,FdDbbt6kiZPFOfleqhm2WwtFH5y2,"{""email"":""rebecca.sam@smallarmscommission.gov.gh"",""role"":""mda_user"",""institutionId"":""national-commission-on-small-arms-and-light-weapons"",""source"":""interior_users_import""}"
2026-09-24T09:48:49.391Z,,bulk-import-script,user_created,user,VGtlpwEBrjUZ06mIqk7kteaBavE3,"{""email"":""sammyamissah@gmail.com"",""role"":""mda_user"",""institutionId"":""ghana-police-service"",""source"":""interior_users_import""}"
2026-09-24T09:48:52.848Z,,bulk-import-script,user_created,user,aun1PwiXCyftTx7hUS2h5TJQNlA2,"{""email"":""tonyarthur30@gmail.com"",""role"":""mda_user"",""institutionId"":""ghana-police-service"",""source"":""interior_users_import""}"
2026-09-24T09:48:57.253Z,,bulk-import-script,user_created,user,hL1uSRuAyVNzEAaqo2CQvTmykfr2,"{""email"":""pagyeman65@gmail.com"",""role"":""mda_user"",""institutionId"":""ghana-police-service"",""source"":""interior_users_import""}"
2026-09-24T09:49:01.294Z,,bulk-import-script,user_created,user,GbbIPzOiR8Xsr2kXOOtNrqua3ez2,"{""email"":""ben.ampene@gmail.com"",""role"":""mda_user"",""institutionId"":""ghana-police-service"",""source"":""interior_users_import""}"
2026-09-24T09:49:05.075Z,,bulk-import-script,user_created,user,FFuMzW4RGaSllQeZFFNJfARxMsj1,"{""email"":""asarep746@gmail.com"",""role"":""mda_user"",""institutionId"":""ghana-police-service"",""source"":""interior_users_import""}"
2026-09-24T09:49:08.969Z,,bulk-import-script,user_created,user,k5VuadTJJaXD7ZGps40j70nEBbC2,"{""email"":""tetteh.padi@grb.gov.gh"",""role"":""mda_user"",""institutionId"":""ghana-refugee-board"",""source"":""interior_users_import""}"
2026-09-24T09:49:13.004Z,,bulk-import-script,user_created,user,e4wqesDFHmUfW0YZ63BzwPwfC5n1,"{""email"":""raymond.sackey@grb.gov.gh"",""role"":""mda_user"",""institutionId"":""ghana-refugee-board"",""source"":""interior_users_import""}"
2026-09-24T09:49:17.370Z,,bulk-import-script,user_created,user,ByFCK72rYCNNeSSX2Sgwo6toxKI2,"{""email"":""frank.tepe-mensah@grb.gov.gh"",""role"":""mda_user"",""institutionId"":""ghana-refugee-board"",""source"":""interior_users_import""}"
2026-09-24T09:49:21.550Z,,bulk-import-script,user_created,user,iN7GTYM52HhOsJ77KoMw3eETpYc2,"{""email"":""caroline.tsatsu@grb.gov.gh"",""role"":""mda_user"",""institutionId"":""ghana-refugee-board"",""source"":""interior_users_import""}"
2026-09-24T09:49:25.799Z,,bulk-import-script,user_created,user,nxrjipZVNdOrDRPYae4oeT0GuqA3,"{""email"":""elikem.kwadzokpo@grb.gov.gh"",""role"":""mda_user"",""institutionId"":""ghana-refugee-board"",""source"":""interior_users_import""}"
2026-09-24T09:49:29.543Z,,bulk-import-script,user_created,user,LXMJWkvHP3g6NlvaiNNBwXic8Kw1,"{""email"":""selasie.adih@grb.gov.gh"",""role"":""mda_user"",""institutionId"":""ghana-refugee-board"",""source"":""interior_users_import""}"
2026-09-24T09:49:33.093Z,,bulk-import-script,user_created,user,sLT8LgZvIsarQ6TEC6INJblNSCw2,"{""email"":""peter.mireku@gamingcommission.gov.gh"",""role"":""mda_user"",""institutionId"":""gaming-commission"",""source"":""interior_users_import""}"
2026-09-24T09:49:36.829Z,,bulk-import-script,user_created,user,rff5hc7eAKazWx7ZDsSUNyVxGc82,"{""email"":""sena.dake@gamingcommission.gov.gh"",""role"":""mda_user"",""institutionId"":""gaming-commission"",""source"":""interior_users_import""}"
2026-09-24T09:49:40.715Z,,bulk-import-script,user_created,user,Tu8qyxdo7CZBUINOtSnHUSx202W2,"{""email"":""nana.dadzie@gamingcommission.gov.gh"",""role"":""mda_user"",""institutionId"":""gaming-commission"",""source"":""interior_users_import""}"
2026-09-24T09:49:44.947Z,,bulk-import-script,user_created,user,wwXpgyjIZyeZVQbIAAlPpRaji1Q2,"{""email"":""samuel.sewor@gamingcommission.gov.gh"",""role"":""mda_user"",""institutionId"":""gaming-commission"",""source"":""interior_users_import""}"
2026-09-24T09:49:48.171Z,,bulk-import-script,user_created,user,FsY9NgfUewdRB0WTsx1cRx9agWY2,"{""email"":""samueloforiadu23@gmail.com"",""role"":""mda_user"",""institutionId"":""ghana-police-service"",""source"":""interior_users_import""}"
2026-09-24T09:49:52.094Z,,bulk-import-script,user_created,user,5geLn9mgdQavM6o64m91kHGS5c72,"{""email"":""oseitutuelvis245@gmail.com"",""role"":""mda_user"",""institutionId"":""ghana-prisons-service"",""source"":""interior_users_import""}"
2026-09-24T09:49:55.265Z,,bulk-import-script,user_created,user,qYbYWr6tJMe4Q3IhrEwDpJY9riA3,"{""email"":""isaac.sam@peacecouncil.gov.gh"",""role"":""mda_user"",""institutionId"":""national-peace-council"",""source"":""interior_users_import""}"