timestamp,userId,actorId,email,role,institutionId,source
2026-09-02T21:49:50.176Z,k5VuadTJJaXD7ZGps40j70nEBbC2,bulk-import-script,tetteh.padi@grb.gov.gh,mda_user,ministry-of-the-interior,mda_users_import
2026-09-02T22:16:14.187Z,ULSKZVqegndno5zdLIBJlrueIUl2,bulk-import-script,adeashie@yahoo.co.uk,mda_user,ministry-of-health,mda_users_import
2026-09-02T21:24:56.445Z,REchf6cjMeY8iXXMcZUC0tABynp2,bulk-import-script,egquayson@waecgh.org,mda_user,ministry-of-education,mda_users_import
2026-09-17T23:43:07.558Z,jDDmpCglJxOdlWyecAHVeSZnQYh1,bulk-import-script,zong996@gmail.com,mda_user,ministry-of-roads-and-highways,capacity_building_users_import
2026-09-02T21:21:14.533Z,KomWzMuS6mhquUtRTGOkUNxVppm2,bulk-import-script,charity.asamoah@ctvet.gov.gh,mda_user,ministry-of-education,mda_users_import
2026-09-02T22:50:12.171Z,OxONCvVAMWVxvWLSJmuXqsksSIH2,bulk-import-script,lawson.anaquah@ctevt.gov.gh,mda_user,ministry-of-education,mda_users_import
2026-09-02T22:43:55.501Z,tLrz9W0wrRbcW5b8zMWvNgPU28W2,bulk-import-script,benedict.sagoe@gdnr.org.gh,mda_user,ministry-of-communication-and-decentralization,mda_users_import
2026-09-04T13:38:29.302Z,NXURWaYl4xeDbDMT22bJCOIIA9o1,bulk-import-script,sylvia.azumah@sagma.gov.gh,mda_user,sagnerigu-municipal,volta_serene_group78_users_import
2026-09-15T11:46:17.210Z,p2rEY2X7yJb0vnGCfG10uFy9nQn2,bulk-import-script,galhassan10@gmail.com,mda_user,offinso-north-district,ashanti_users_import
2026-09-02T21:33:38.625Z,FnLSrPXJEjcbx7OHrYJidfBzZ6p2,bulk-import-script,margaret.narh-josiah@fishcom.gov.gh,mda_user,ministry-of-fisheries-aqua-culture-development,mda_users_import
2026-09-08T10:40:17.386Z,zM1N27ZHuuVNLfxEueSUZ1mALDn1,bulk-import-script,priscquaye@gmail.com,mda_user,nzema-east-municipal,gbmsupport_users_import
2026-09-17T23:23:00.097Z,fJrVt8wVVOhe2J14qAYm4EPXYQv1,bulk-import-script,theodore.korley@lac.gov.gh,mda_user,legal-aid-commission,capacity_building_users_import
2026-09-02T21:49:39.323Z,wwXpgyjIZyeZVQbIAAlPpRaji1Q2,bulk-import-script,samuel.sewor@gamingcommission.gov.gh,mda_user,ministry-of-the-interior,mda_users_import
2026-09-01T13:45:07.866Z,WjcaOLN5s7f3YX2AvArkRfn7iMv2,bulk-import-script,fredua.agyemang@kwahusouth.gov.gh,mda_user,kwahu-south-district,volta_serene_group56_users_import
2026-09-02T23:28:02.651Z,6Kn1GDRUyIe7UouPnTJlYszjO3B3,bulk-import-script,attahdoris1@gmail.com,mda_user,office-of-the-attorney-general-and-ministry-of-justice,mda_users_import
2026-09-17T23:07:43.942Z,3geT71hap5fNeDvh8ltmWX8JZkq1,bulk-import-script,faosei@energycom.gov.gh,mda_user,energy-commission,capacity_building_users_import
2026-09-22T13:05:19.958Z,AhJddYXvadRYZNThfC4kXaAXxCi1,bulk-import-script,rose.maaliwombu@nandomdistrict.gov.gh,mda_user,nandom-district,group17_users_import
2026-09-18T15:36:34.531Z,3xEdLl3s8bNGYytFs6I5h1it2ev2,bulk-import-script,ericdzakpah43@gmail.com,mda_user,bosome-freho-district,group1516_users_import
2026-09-02T22:42:57.302Z,oMi0cPMEY3SRRVEgkAFgtDGAzRK2,bulk-import-script,evanssarpong60@gmail.com,mda_user,electoral-commission,mda_users_import
2026-09-02T22:11:33.895Z,SePM1XzIZTYakdXOai6vxagi9Uq1,bulk-import-script,nuel2089@yahoo.com,mda_user,public-services-commission,mda_users_import
2026-09-02T23:46:44.900Z,D5Mg8LbL3QgPfyttzyohTqMQW9K2,bulk-import-script,kdzramedo@hth.gov.gh,mda_user,ministry-of-health,mda_users_import
2026-09-02T21:58:55.962Z,C5tsOP9R34g68nIASn8GCR45VKJ2,bulk-import-script,king.palm@mosr.gov.gh,mda_user,ministry-of-youth-and-sports,mda_users_import
2026-09-11T13:51:27.015Z,tRHutyE70hVBkh2VGoOwjkEWMTo1,bulk-import-script,kumah.delali@swma.gov.gh,mda_user,sefwi-wiawso-municipal,volta_serene_group1112_users_import
2026-09-17T23:29:32.768Z,e4vPpSea6SVMh1bsBxUlqdcYaV23,bulk-import-script,addog84@gmail.com,mda_user,allied-health-professions-council,capacity_building_users_import
2026-09-02T22:48:09.620Z,KuNM4wLMBGTzRXbJVczw4trXWeo1,bulk-import-script,agama@gtec.edu.gh,mda_user,ministry-of-education,mda_users_import
2026-09-02T22:56:34.823Z,facUfEW6lZM2dB28TCfWrcs4wOV2,bulk-import-script,sheila.letsa@fishcom.gov.gh,mda_user,ministry-of-fisheries-aqua-culture-development,mda_users_import
2026-09-02T23:51:01.308Z,UUx3Iz4EWkQoGKfLb8O8woNvuKf1,bulk-import-script,sdzokoto@hth.gov.gh,mda_user,ministry-of-health,mda_users_import
2026-09-02T22:52:59.767Z,szfLwF4mBdcPlyDWhTrCCPrrW2f1,bulk-import-script,misbriget@gmail.com,mda_user,ministry-of-employment-and-labour-relations,mda_users_import
2026-09-17T23:42:59.750Z,BmIc8TCtglMUhjXV8ra0n2yKCmn1,bulk-import-script,bernard.owusu@ctvet.gov.gh,mda_user,ghana-tvet-service,capacity_building_users_import
2026-09-02T21:21:16.905Z,WszW5bOnSMPzV89Hib0z8UHMEQF2,bulk-import-script,catherine.ashley@gtvets.gov.gh,mda_user,ministry-of-education,mda_users_import
2026-09-04T13:38:21.754Z,OwHwBMCWQWe2dQXXTgUM9z4zFA23,bulk-import-script,nashirudeen.musah@sda.gov.gh,mda_user,saboba-district,volta_serene_group78_users_import
2026-09-17T23:19:07.292Z,1tflcxxqGzbjqoXrhhsj3wXaSeo2,bulk-import-script,joandzatey@gmail.com,mda_user,department-of-parks-and-gardens,capacity_building_users_import
2026-09-02T22:49:25.725Z,u3SLKEqXndPLy6rnzlIOWYwwyFH3,bulk-import-script,grace.ofosu@ges.gov.gh,mda_user,ministry-of-education,mda_users_import
2026-09-02T21:58:44.741Z,AW77OY3VPYNQ6Ly4pmerUvGQ7RN2,bulk-import-script,egodfred@gmail.com,mda_user,ministry-of-youth-and-sports,mda_users_import
2026-09-02T22:28:58.086Z,0WLRjd4B9ihUeOgV6MsqoMGTIZb2,bulk-import-script,samuel.nugblega@chag.org.gh,mda_user,ministry-of-health,mda_users_import
2026-09-17T23:16:44.128Z,mb4JM8nM1uQYedbjkR9VVycYRHb2,bulk-import-script,davek347@gmail.com,mda_user,national-security-council-secretariat,capacity_building_users_import
2026-09-22T13:06:17.867Z,kEuXS8C2KEcWPmd1my5dJQJ7vTv1,bulk-import-script,alhassan@wamunicipal.gov.gh,mda_user,wa-municipal,group17_users_import
2026-09-17T23:50:00.460Z,CkTcHlD77bdOBh91BJjv0lBzBYQ2,bulk-import-script,bernard.mortotsi@aph.gov.gh,mda_user,accra-psychiatric-hospital,capacity_building_users_import
2026-09-15T11:51:41.460Z,JwPg5bMdspcFiDjQLVkUbiipV4C3,bulk-import-script,patrick.marfo_antwi@amansiecentral.gov.gh,mda_user,amansie-central-district,ashanti_users_import
2026-09-17T23:00:01.712Z,jVMWjtp3RXWtb1PNTz5WHGmpZBS2,bulk-import-script,clara.lartey@mosr.gov.gh,mda_user,ministry-of-sports-and-recreation,capacity_building_users_import
2026-09-02T23:01:11.861Z,mtZQUNsImsVeH01imzqFBWzRdbQ2,bulk-import-script,jdabuoa@yahoo.com,mda_user,ministry-of-local-government,mda_users_import
2026-09-17T23:13:11.266Z,busUs797oCP1iPvAHpBJqUIY4TF3,bulk-import-script,emmanuel.kwao@mot.gov.gh,mda_user,ministry-of-transport,capacity_building_users_import
2026-09-02T23:26:27.422Z,PawVg8PYVddwX7zxgg3eI2FgFBg2,bulk-import-script,mohammed.haruna@zodf.gov.gh,mda_user,office-of-government-machinery,mda_users_import
2026-09-17T23:44:51.824Z,GozBbHeLl5du963bp4ZbXxbSHDS2,bulk-import-script,sammyb495@yahoo.com,mda_user,lands-commission,capacity_building_users_import
2026-09-02T21:36:26.187Z,Vrhmm2R4mObV6B1t6WMtNfF36442,bulk-import-script,lawoe.bright@northernrcc.gov.gh,mda_user,ministry-of-local-government,mda_users_import
2026-09-02T22:19:08.643Z,3HwB6IqaQxTxumeMKy2Q8ePc1G23,bulk-import-script,asaregyimah1990@gmail.com,mda_user,ministry-of-health,mda_users_import
2026-09-11T13:52:00.909Z,34tQEps6iYMNGrFscaKA9adix9u2,bulk-import-script,gadu.bright@aakcma.gov.gh,mda_user,asante-akim-central-municipal,volta_serene_group1112_users_import
2026-09-02T22:15:38.809Z,EGteji8BvKTQyLPIqwsoSjYZr962,bulk-import-script,seth.anaglate@iaa.gov.gh,mda_user,ministry-of-finance,mda_users_import
2026-09-17T23:47:15.971Z,0817RARkXpQSbxMoFl223rZwlzG3,bulk-import-script,agboedith10@gmail.com,mda_user,ghana-tvet-service,capacity_building_users_import
2026-09-17T23:08:09.440Z,H9t7qEDCZgZTINBymfuPZNam59O2,bulk-import-script,rosemary.martey@bgl.gov.gh,mda_user,bureau-of-ghana-languages,capacity_building_users_import
2026-09-02T21:13:48.201Z,uQUOSAJHkagWkPN01lgY8NxBIA42,bulk-import-script,eugenia.nortey@audit.gov.gh,mda_user,audit-service,mda_users_import
2026-09-08T10:40:12.831Z,d1PhSlVKuINHzimW4bzwqPAMJ8D2,bulk-import-script,edmundkwekuappiah@gmail.com,mda_user,mpohor-district,gbmsupport_users_import
2026-09-17T23:38:25.490Z,qVgpTJ3U5zeCPup0xKKgrS3Kxuh1,bulk-import-script,phran6ka@yahoo.com,mda_user,gaming-commission,capacity_building_users_import
2026-09-17T23:30:47.288Z,ZyiQpAZq8uSW8RLeOyzGH0SqXdC3,bulk-import-script,ken.boateng@mogcsp.gov.gh,mda_user,ministry-of-gender-children-and-social-protection,capacity_building_users_import
2026-09-17T23:04:06.017Z,qLkpP0IbPVdQzCsqfFenS8lhfx52,bulk-import-script,mavis.sackey@yahoo.com,mda_user,ghana-museums-and-monuments-board,capacity_building_users_import
2026-09-02T23:06:11.972Z,Bf9pn7zQLIWxFRGfpzIviEhB9eE2,bulk-import-script,kodwil01@yahoo.com,mda_user,ministry-of-roads-and-highways,mda_users_import
2026-09-02T23:10:10.229Z,L55rYeHUTFhgvKxOV94ZtX7koda2,bulk-import-script,addylamptey77@gmail.com,mda_user,ministry-of-the-interior,mda_users_import
2026-09-02T22:16:01.870Z,hGyp6MBGThhzBipgtafUiA1uxkl1,bulk-import-script,upcomingdebless520@gmail.com,mda_user,ministry-of-health,mda_users_import
2026-09-17T23:02:12.555Z,tTvurJwoGNUdnPPk450ljUQvn1Z2,bulk-import-script,zenaida.gumah@uercc.gov.gh,mda_user,upper-east-regional-coordinating-council,capacity_building_users_import
2026-09-02T21:39:55.070Z,TDbOu4FZqde7M4ko4ADAfwERiEd2,bulk-import-script,timothy.aryee@dpg.gov.gh,mda_user,ministry-of-local-government,mda_users_import
2026-09-17T23:17:58.004Z,Fq6qT0h4JDWa9l9bwe24EFoxRsu1,bulk-import-script,nana.brempong@moc.gov.gh,mda_user,ministry-of-communications-digital-technology-and-innovations,capacity_building_users_import
2026-09-02T22:50:13.990Z,u7Au8oxTe4ZSjbj2IJIykjoVAnb2,bulk-import-script,lois.dzamesi@ctvet.gov.gh,mda_user,ministry-of-education,mda_users_import
2026-09-02T21:29:11.096Z,cbhpsnxRp8ccg8fSqmsnskLfWFF3,bulk-import-script,matilda.aboagye@mdpi.gov.gh,mda_user,ministry-of-employment-and-labour-relations,mda_users_import
2026-09-17T23:41:07.595Z,1iIxrlgBWzVmwotZhV6QEIK6xCH2,bulk-import-script,reginald.brimpong@gitc.gov.gh,mda_user,ghana-international-trade-commission,capacity_building_users_import
2026-09-17T23:40:22.197Z,zpv4xI9XISObWOVBcO7cRzc51s33,bulk-import-script,michael.aryeh@highways.gov.gh,mda_user,ghana-highway-authority,capacity_building_users_import
2026-09-02T22:48:17.110Z,bOswD9WEsjavaUYLm0XTaQ80dqi2,bulk-import-script,beatrice.sallah@ges.gov.gh,mda_user,ministry-of-education,mda_users_import
2026-09-02T23:12:35.036Z,Am83FCB1q6MRzc6B2U2hy9h4PFl1,bulk-import-script,safiatu.musah@bgl.gov.gh,mda_user,ministry-of-tourism-culture-and-creative-arts,mda_users_import
2026-09-08T10:39:52.934Z,B79tJz7BMFhePLMJ2g8XQvJrSo13,bulk-import-script,andohcharlotte@gmail.com,mda_user,ellembelle-district,gbmsupport_users_import
2026-09-02T23:26:19.026Z,73ThXUn3MvZUOCQfBFIegUv9Bju1,bulk-import-script,louis.adzato-ntem@imccod.gov.gh,mda_user,office-of-government-machinery,mda_users_import
2026-09-02T22:30:20.973Z,Mw75xAQTXfRnyKJfCVgKv5PzD943,bulk-import-script,malik.basinteli@yea.gov.gh,mda_user,ministry-of-youth-development-and-empowerment,mda_users_import
2026-09-17T23:49:55.046Z,gIecaut1khd3ukuZCVBvXNB8X1a2,bulk-import-script,aamankwah-poku@mofep.gov.gh,mda_user,ministry-of-finance,capacity_building_users_import
2026-09-18T15:31:35.482Z,WMf9M11E9QYvyYUGYXPQ4VRLfhs2,bulk-import-script,dzivenudesire2@gmail.com,mda_user,kintampo-north-municipal,group1516_users_import
2026-09-02T21:37:47.503Z,xpayNY7mgAQUVorBeWrrfF8niFu1,bulk-import-script,ampemdarkojohn@yahoo.com,mda_user,ministry-of-local-government,mda_users_import
2026-09-02T21:26:59.757Z,7Es2HxwJdSVmXNB8JzN3rfDWAE72,bulk-import-script,selorm.atsu@ges.gov.gh,mda_user,ministry-of-education,mda_users_import
2026-09-02T22:56:23.210Z,zgSVpHIp0EWlRSWfjpQrfWUlnm83,bulk-import-script,marian.kpakpah@mofad.gov.gh,mda_user,ministry-of-fisheries-aqua-culture-development,mda_users_import
2026-09-17T23:37:53.399Z,T8eJ8HiKHIVtnn7A4PmFDNTH6wG3,bulk-import-script,omaneosei@gmail.com,mda_user,ministry-of-gender-children-and-social-protection,capacity_building_users_import
2026-09-17T23:29:38.087Z,MdKQ73KNzZXBewTylzoFUOJtroj1,bulk-import-script,esther.tetteh@hydro.gov.gh,mda_user,ghana-hydrological-authority,capacity_building_users_import
2026-09-02T23:07:02.860Z,O2UhofLaRVUw3zLUwSyv1ticMwk2,bulk-import-script,kwameampaduhayford8@gmail.com,mda_user,ministry-of-the-interior,mda_users_import
2026-09-02T22:00:15.853Z,CzZJgs0Ad1TzNzKyI7BBJAWcddS2,bulk-import-script,suglohelen@yahoo.com,mda_user,ministry-of-lands-and-natural-resources,mda_users_import
2026-09-02T23:40:59.236Z,WH1X2n8ldOXakHkiMophzIkjBUg1,bulk-import-script,aķudzidzi88@gmail.com,mda_user,ministry-of-health,mda_users_import
2026-09-02T21:56:03.399Z,e9uDV3Qg8CdwbLboIVGZuQsyf5r1,bulk-import-script,mensahchristian098@gmail.com,mda_user,ministry-of-works-and-housing,mda_users_import
2026-09-17T23:34:50.307Z,Any82k96A1WZ0v2kegiZbABKlVP2,bulk-import-script,christyoppong3@gmail.com,mda_user,ministry-of-youth-development-and-empowerment,capacity_building_users_import
2026-09-17T23:19:47.890Z,4qAMqecfKqSDUBrCte98qfpPJsz1,bulk-import-script,francis.siripi@statsghana.gov.gh,mda_user,ghana-statistical-service,capacity_building_users_import
2026-09-02T22:45:11.436Z,qSHHQbkP1nbOxbPtnQrGzX8NFNv1,bulk-import-script,horatius.bekoe@gi-kace.gov.gh,mda_user,ministry-of-communication-and-decentralization,mda_users_import
2026-09-02T21:39:48.770Z,erVLy0V4GQP6Fxi7pObD0fYEQuO2,bulk-import-script,sammyleesimpiney@yahoo.com,mda_user,ministry-of-local-government,mda_users_import
2026-09-02T22:52:39.120Z,7K6qYb9LFbOGwrEo5cSBY5T6INZ2,bulk-import-script,joysenyo@gmail.com,mda_user,ministry-of-employment-and-labour-relations,mda_users_import
2026-09-17T23:22:26.434Z,mUTB2VCxNAZIzs2PYTbila2Jf1l2,bulk-import-script,glorialartey86@gmail.com,mda_user,department-of-feeder-roads,capacity_building_users_import
2026-09-17T23:35:08.980Z,o4M4vYEdE8Uwel2M12J9M36FwIk1,bulk-import-script,sylvester.wotordzor@orc.gov.gh,mda_user,office-of-the-registrar-of-companies,capacity_building_users_import
2026-09-17T22:59:27.049Z,JbwQg7nHBDReJji4rT4WKPP4jo03,bulk-import-script,rubby.mac-kafui@mesti.gov.gh,mda_user,ministry-of-environment-science-technology-and-innovation,capacity_building_users_import
2026-09-17T23:07:40.940Z,IyHbalMiCRWCDZ3EtCzvisynYyD2,bulk-import-script,bright.boateng@csa.gov.gh,mda_user,cyber-security-authority,capacity_building_users_import
2026-09-17T23:14:02.274Z,AOFgPwjcTESkB6Y40L4GwLuIBrf1,bulk-import-script,edoughan@gtec.edu.gh,mda_user,ghana-tertiary-education-commission-gtec,capacity_building_users_import
2026-09-02T22:54:07.618Z,tDNRETupMqVRwKywml2OcO58b3J3,bulk-import-script,adu.essel77@gmail.com,mda_user,ministry-of-environment-science-technology-and-innovation,mda_users_import
2026-09-02T23:07:20.741Z,wstDU21PSBbISHgXShgcvAt1jLH3,bulk-import-script,barbara.franklin-torsoo@mint.gov.gh,mda_user,ministry-of-the-interior,mda_users_import
2026-09-02T22:00:22.835Z,x4q7JBdlWGgsJJZH9KqSK7YlJv03,bulk-import-script,jennifer.yankey@giadec.com,mda_user,ministry-of-lands-and-natural-resources,mda_users_import
2026-09-02T22:41:39.263Z,aHCHeKgBdbTASMImHnBTDdMg5V03,bulk-import-script,eugenelartey@ymail.com,mda_user,district-assemblies-common-fund,mda_users_import
2026-09-18T15:33:41.827Z,zJ8E6NxmOoUkbqgvvFxBJPdDpju2,bulk-import-script,joseph.antwi@pwda.gov.gh,mda_user,pru-west-district,group1516_users_import
2026-09-15T11:48:53.513Z,axDnnopkVbP0XGYNdUx6MoJDXcw1,bulk-import-script,phyllis.abrokwa-harriet@bosomtwe.gov.gh,mda_user,bosumtwi-district,ashanti_users_import
2026-09-17T23:44:36.358Z,5zfgzmkSt0gtCGfvMBRyIHvVZuJ3,bulk-import-script,walter.adabere@oag.gov.gh,mda_user,office-of-the-administrator-general,capacity_building_users_import
2026-09-17T23:10:21.309Z,l3F8HkzXJEYdBlZq51DKLbNGeTh2,bulk-import-script,niyi25032017@gmail.com,mda_user,council-of-state,capacity_building_users_import
2026-09-02T22:18:19.030Z,lOrBnp6goKbmfUpuL6xSQGFT2282,bulk-import-script,kojobede@gmail.com,mda_user,ministry-of-health,mda_users_import
2026-09-17T23:09:03.918Z,kbbYA7c55xeLchjRUBSqUY9ytTZ2,bulk-import-script,doreen.suglee@zicds.gov.gh,mda_user,zongo-and-inner-city-development-secretariat,capacity_building_users_import
2026-09-02T22:30:25.560Z,IFkXa73GVjSeKHMXkrvEWUJ0qTz1,bulk-import-script,divine.kumah@yea.gov.gh,mda_user,ministry-of-youth-development-and-empowerment,mda_users_import
2026-09-08T10:39:55.424Z,AcKC5Xcq6CMVaLoW0Kt4G2rkjXF2,bulk-import-script,kobinaarcher5@gmail.com,mda_user,jomoro-municipal,gbmsupport_users_import
2026-09-04T13:39:52.172Z,ejgtzoSe1Wf9Y0NaZmSkTPN7LuY2,bulk-import-script,mbonwura301@gmail.com,mda_user,bole-district,volta_serene_group78_users_import
2026-09-17T22:59:55.395Z,7mqhhD7QLnSImeVanDosKiu0UmL2,bulk-import-script,constance.asiedu@psc.gov.gh,mda_user,public-services-commission,capacity_building_users_import
2026-09-02T23:27:21.780Z,ODWQRsjZXjPI20rSVsDms6QQHOZ2,bulk-import-script,zakariaiddrisu43@yahoo.com,mda_user,office-of-government-machinery,mda_users_import
2026-09-02T21:57:31.966Z,EETu3J8Lv6Rt5JDo0NuwBHJURi43,bulk-import-script,v.brew@yahoo.com,mda_user,ministry-of-works-and-housing,mda_users_import
2026-09-02T21:31:02.180Z,ILxGZ9VH4UYCA059hCDKovb0gWq2,bulk-import-script,isaac.biney@energymin.gov.gh,mda_user,ministry-of-energy,mda_users_import
2026-09-02T23:45:00.411Z,kxmq7dSuVbhz1E8BadMVf2Uaqn33,bulk-import-script,jdoggu@gmail.com,mda_user,ministry-of-health,mda_users_import
2026-09-17T23:33:02.289Z,yoynEuYgfjbV76gQLQHD7Ao9fbo2,bulk-import-script,bortey.isaac-newton@audit.gov.gh,mda_user,audit-service,capacity_building_users_import
2026-09-02T23:13:53.414Z,0Lm7X3M5XAggS01d6ytVEZi6zeo1,bulk-import-script,al-amin.al-hassan@grda.gov.gh,mda_user,ministry-of-transport,mda_users_import
2026-09-02T21:38:11.610Z,4lAG3HoVMEWxCGI6USZ99Vq4MC43,bulk-import-script,addprince1@gmail.com,mda_user,ministry-of-local-government,mda_users_import
2026-09-15T11:46:08.555Z,SmEnhwcAfhYFt3X0dj7HGjlZhaz1,bulk-import-script,darkoakwasiyeboah@gmail.com,mda_user,offinso-municipal,ashanti_users_import
2026-09-02T21:48:35.577Z,QYvNiLlvwCQm0NGVAaD758wXZoJ3,bulk-import-script,manfredanokye@gmail.com,mda_user,ministry-of-the-interior,mda_users_import
2026-09-02T22:00:47.185Z,GozBbHeLl5du963bp4ZbXxbSHDS2,bulk-import-script,sammyb495@yahoo.com,mda_user,ministry-of-lands-and-natural-resources,mda_users_import
2026-09-02T23:26:31.238Z,I3MZcQoMb1NaFCFbU018wtVkBDI3,bulk-import-script,braimah.nuhu@zodf.gov.gh,mda_user,office-of-government-machinery,mda_users_import
2026-09-02T22:03:58.379Z,ERVBLDv5FpYpLbvvAG8tQ7Kq5983,bulk-import-script,peacewalkghana@yahoo.com,mda_user,office-of-government-machinery,mda_users_import
2026-09-17T23:41:38.156Z,AwBP11h1HONSladkCJ1pqkdr0Hp2,bulk-import-script,akuamoah.boateng24@gmail.com,mda_user,commission-on-human-rights-and-administrative-justice,capacity_building_users_import
2026-09-02T22:59:01.631Z,TxHtjHK5Tng7WTybMRQZKR7zBi73,bulk-import-script,bkdarkey@yahoo.com,mda_user,ministry-of-local-government,mda_users_import
2026-09-02T23:36:47.632Z,hHsKiZd44ScC9N61TYjC0n8RWap2,bulk-import-script,frempad@yahoo.com,mda_user,ministry-of-health,mda_users_import
2026-09-17T23:44:28.934Z,e8wy1ZY7Ile07UW0mVECfM9hW2o1,bulk-import-script,cletus.sekwo@ghbc.gov.gh,mda_user,ghana-boundary-commission,capacity_building_users_import
2026-09-01T13:43:28.234Z,rkDn422iQKbbMLOJq8McSUpIYYR2,bulk-import-script,emmanuel.adjalo@bnda.gov.gh,mda_user,birim-north-district,volta_serene_group56_users_import
2026-09-02T21:52:25.736Z,QhMdZzmPB1SaCJcjMPRUDwa6E2o1,bulk-import-script,bernard.ayensu@moti.gov.gh,mda_user,ministry-of-trade-and-industry,mda_users_import
2026-09-01T13:46:33.560Z,tdwMkW2tUmaOTp5kgjoYbQjeQGD3,bulk-import-script,eunice.mensah@suma.gov.gh,mda_user,suhum-district,volta_serene_group56_users_import
2026-09-17T23:06:57.408Z,yWjFtjGrLNNGLPuZmPIMrpRIrJg2,bulk-import-script,cedyank@yahoo.com,mda_user,council-for-scientific-and-industrial-research-csir,capacity_building_users_import
2026-09-17T23:47:18.891Z,bpVWU3yfVAZGeYyjG84AEb2BYdD3,bulk-import-script,gadsonsk72@gmail.com,mda_user,volta-regional-coordinating-council,capacity_building_users_import
2026-09-02T22:57:05.352Z,1QauCPofjgccAa1RVxIyqvH37vd2,bulk-import-script,nuhuibrahim@gmail.com,mda_user,ministry-of-food-and-agriculture,mda_users_import
2026-09-02T23:46:09.797Z,OmTGp74jYGPuGCBbWGvzAUU9PU02,bulk-import-script,onlartey@gmail.com,mda_user,ministry-of-health,mda_users_import
2026-09-02T21:22:38.728Z,pCysi7DRTAYuKI14p17c72gpGRH2,bulk-import-script,emelia.akrofi-addo@cea.gov.gh,mda_user,ministry-of-education,mda_users_import
2026-09-18T15:30:50.959Z,RqBEdSltzXaDimWDdKJruszfWew2,bulk-import-script,alex.doozuoah@aama.gov.gh,mda_user,atebubu-amantin-municipal,group1516_users_import
2026-09-01T13:46:31.079Z,sMvY0793tHcjAibZDKn1HBGPBBP2,bulk-import-script,eric.donkor@suma.gov.gh,mda_user,suhum-district,volta_serene_group56_users_import
2026-09-17T23:07:29.614Z,N54jGVpSKxV56WoNVwGPPET88E53,bulk-import-script,thomas.atuahene@arcc.gov.gh,mda_user,ashanti-regional-coordinating-council,capacity_building_users_import
2026-09-02T23:28:39.733Z,akohitFyUDRe8B1O8iVn5ez7DCU2,bulk-import-script,nanaishaanoya95@gmail.com,mda_user,office-of-the-attorney-general-and-ministry-of-justice,mda_users_import
2026-09-02T22:41:43.046Z,Ihu5GSflbAYC7AxIH01FkWfFsL32,bulk-import-script,uniperso_gh@yahoo.com,mda_user,district-assemblies-common-fund,mda_users_import
2026-09-02T23:23:45.548Z,YenrcfyE5GgPdJNXh1x67BmxaJh2,bulk-import-script,wilfred.sam-awortwi@ndpc.gov.gh,mda_user,national-development-planning-commission,mda_users_import
2026-09-02T21:16:17.032Z,NfRJt6wdtNfZAUen9TAlLtJixXz1,bulk-import-script,edmund.foley@lac.gov.com,mda_user,legal-aid-commission,mda_users_import
2026-09-17T23:21:27.123Z,w9mfybKIAUU89jfHk2z7CTt1g362,bulk-import-script,stella.brown@gtvets.gov.gh,mda_user,ghana-tvet-service,capacity_building_users_import
2026-09-02T22:09:28.409Z,1avXmepcjpgh0czqWdkMZjuwJ293,bulk-import-script,obdave111@yahoo.com,mda_user,office-of-government-machinery,mda_users_import
2026-09-02T22:56:27.295Z,3wuL4XO4Q7XPlBoAnHECn0lmcbc2,bulk-import-script,nichole.abbey@fishcom.gov.gh,mda_user,ministry-of-fisheries-aqua-culture-development,mda_users_import
2026-09-02T22:43:23.757Z,ItnPBeQaAka2zS9iGbLYhYU5Mgk1,bulk-import-script,sarah.abban@lac.gov.gh,mda_user,legal-aid-commission,mda_users_import
2026-09-02T21:26:24.855Z,9s4eA7k222aL7E2hGiOOGCJONTi1,bulk-import-script,patrick.arthur@moe.gov.gh,mda_user,ministry-of-education,mda_users_import
2026-09-17T23:29:53.755Z,H92QTEdGERRdMqCSlgO4XLC0rfq2,bulk-import-script,jenni.my.2@gmail.com,mda_user,public-sector-reform-secretariat,capacity_building_users_import
2026-09-02T21:21:07.541Z,ls9q7G8m7rOQTnViApHMlBx2v2c2,bulk-import-script,cephas.agboka@ctvet.gov.gh,mda_user,ministry-of-education,mda_users_import
2026-09-02T21:46:14.555Z,rI5vAJd1vYQ7Mvlgs3agrjrkUlg1,bulk-import-script,emmanuel.quainoo@gamingcommission.gov.gh,mda_user,ministry-of-the-interior,mda_users_import
2026-09-04T13:38:51.158Z,40FFUppnleSUKCPvhli7Uadr3yh1,bulk-import-script,ayuba.ibrahim@kpda.gov.gh,mda_user,kpandai-district-assembly,volta_serene_group78_users_import
2026-09-02T21:52:37.042Z,d1zOisRPgsMatTzVqXkDAHPjOlK2,bulk-import-script,ateluj77@gmail.com,mda_user,ministry-of-trade-and-industry,mda_users_import
2026-09-02T23:40:28.131Z,olfFN842R9Uer0hTwpztFcdJP3I2,bulk-import-script,doreen.gyasi19@gmail.com,mda_user,ministry-of-health,mda_users_import
2026-09-17T23:39:26.256Z,Jo2qxzr7GSST6PYFOPthSgagFh23,bulk-import-script,askobeng@yahoo.co.uk,mda_user,mental-health-authority,capacity_building_users_import
2026-09-02T21:38:07.713Z,VfMrTB78X2grK0DbHC82Nz9oZK72,bulk-import-script,ramgnine@gmail.com,mda_user,ministry-of-local-government,mda_users_import
2026-09-02T23:26:59.669Z,t624x1MDe2Os3SvDPIEAVF5YooK2,bulk-import-script,richmondfrimpong784@gmail.com,mda_user,office-of-government-machinery,mda_users_import
2026-09-02T22:11:17.029Z,cAzl3hmeEqaHGwIl7PUCjkHPWKq1,bulk-import-script,ebenezer.djietror@yahoo.co.uk,mda_user,parliament-of-ghana,mda_users_import
2026-09-17T22:59:45.750Z,cscHgOU8Yfh4ktoeQs23NKcmhSz2,bulk-import-script,kweku_isaac@yahoo.com,mda_user,lands-commission,capacity_building_users_import
2026-09-02T22:03:47.685Z,MZ0mdh6KuQhOPUjnrfmaJcuwpUn1,bulk-import-script,anthony.baidoo@iaa.gov.gh,mda_user,office-of-government-machinery,mda_users_import
2026-09-02T22:09:57.723Z,NH4WyoCbjOaYsPcVdXkEdOM2jO02,bulk-import-script,kaytwo2020@gmail.com,mda_user,office-of-the-attorney-general-and-ministry-of-justice,mda_users_import
2026-09-02T23:17:56.101Z,lw7HatgbC6P2WjWsY4XrTgy7u6E2,bulk-import-script,alberta.dormenu@moi.gov.gh,mda_user,ministry-of-lands-and-natural-resources,mda_users_import
2026-09-01T13:47:18.690Z,21GLOmfJASYno3lZ0Ma5MGwSpsv2,bulk-import-script,edward.antwi@ykma.gov.gh,mda_user,yilo-krobo-district,volta_serene_group56_users_import
2026-09-08T10:39:21.750Z,sd3tC7VOJpYeYOT3NYJOKeaNM6E2,bulk-import-script,naomifiaklu96@gmail.com,mda_user,ahanta-west-municipal,gbmsupport_users_import
2026-09-18T15:31:54.371Z,GTxsDgW6rxNL0y3IvNFooTLp6Wc2,bulk-import-script,jabrahamyada@gmail.com,mda_user,kintampo-south-district,group1516_users_import
2026-09-17T23:30:39.990Z,Q37Xerq8NHaOAE9aHS8mJxJrikV2,bulk-import-script,joel.tetteh@mincom.gov.gh,mda_user,minerals-commission,capacity_building_users_import
2026-09-02T22:19:43.258Z,PYizxfKhZobIRANwOyOnkSoPPl12,bulk-import-script,dameworlor@hth.gov.gh,mda_user,ministry-of-health,mda_users_import
2026-09-02T21:20:45.988Z,QSnzqRmGgKOSXkzqXui7cDyjbtj1,bulk-import-script,apollonius.asare@unescoghana.gov.gh,mda_user,ministry-of-education,mda_users_import
2026-09-17T23:26:58.113Z,G7MjS2aZpqX2rFt5Gl7ncoCahnw1,bulk-import-script,marian.kumi@mosr.gov.gh,mda_user,ministry-of-sports-and-recreation,capacity_building_users_import
2026-09-02T23:24:36.013Z,gQd6S67ibLX1uMcaAfURrTYWjbH3,bulk-import-script,mark.kofiamoako@nhia.gov.gh,mda_user,national-health-fund,mda_users_import
2026-09-02T22:53:25.760Z,C01TtIV3iTddJ0U9Whj8GSMHaoI3,bulk-import-script,zarideen.abubakar@melr.gov.gh,mda_user,ministry-of-employment-and-labour-relations,mda_users_import
2026-09-02T21:37:35.105Z,yjpeCumUKye5FWOZFfNADH5efxb2,bulk-import-script,mahamud20@yahoo.com,mda_user,ministry-of-local-government,mda_users_import
2026-09-11T13:53:06.356Z,hH2fi6avKQbcHCPTt2bKLS2vcVG3,bulk-import-script,evelyn.botchway@askma.gov.gh,mda_user,asokwa-municipal,volta_serene_group1112_users_import
2026-09-02T23:07:13.971Z,aun1PwiXCyftTx7hUS2h5TJQNlA2,bulk-import-script,tonyarthur30@gmail.com,mda_user,ministry-of-the-interior,mda_users_import
2026-09-02T22:57:40.265Z,KvDd5ENdbrYsDYyRy6kdeeF9lyt1,bulk-import-script,kitty.okyere@mogcsp.gov.gh,mda_user,ministry-of-gender-children-and-social-protection,mda_users_import
2026-09-08T10:39:42.986Z,GS6l1VdEmOU01GjeRRWSFwkBl9E3,bulk-import-script,bridgit.agyekum@ekma.gov.gh,mda_user,effia-kwesimintsim-municipal,gbmsupport_users_import
2026-09-17T23:15:55.226Z,1oDnebO4NjX0UsXT7vC2RMhkEnv1,bulk-import-script,lottydear55@gmail.com,mda_user,diaspora-affairs-office,capacity_building_users_import
2026-09-24T09:46:31.109Z,x3T7t8uBUqM3TOBs48KuHwBwS0t2,bulk-import-script,soluplush@yahoo.com,mda_user,national-disaster-management-organisation-nadmo,interior_users_import
2026-09-17T23:29:02.433Z,83Bzzt0fBiYRV0eFc9N0XEC5Dbr1,bulk-import-script,mary.nkansa@fishcom.gov.gh,mda_user,fisheries-commission,capacity_building_users_import
2026-09-17T23:12:36.437Z,RzcI1eHVQ6aAoR0tVoOa4hDZiVf2,bulk-import-script,kwakyealice@gmail.com,mda_user,road-maintenance-trust-fund,capacity_building_users_import
2026-09-02T23:07:41.149Z,2F3N7fZl4UU9UiQCmQVBtj2dPHe2,bulk-import-script,davek347@gmial.com,mda_user,ministry-of-the-interior,mda_users_import
2026-09-02T21:59:00.665Z,yTxL0T3xArdhP3xQkxfJPAyAZ8H3,bulk-import-script,abubgh67@gmail.com,mda_user,ministry-of-lands-and-natural-resources,mda_users_import
2026-09-17T23:27:42.635Z,TVzIY29LoSRn8CTb9yi1i9bGt4G2,bulk-import-script,frank.adigbo1974@gmail.com,mda_user,ministry-of-environment-science-technology-and-innovation,capacity_building_users_import
2026-09-01T13:43:34.065Z,nLMOs1k3MVZJN5RyQy6quExmI9e2,bulk-import-script,andytwum20@gmail.com,mda_user,birim-north-district,volta_serene_group56_users_import
2026-09-02T22:00:58.637Z,iItX49gwWPfvI2l4XzbpLkZ2RHT2,bulk-import-script,nccehq@yahoo.com,mda_user,national-commission-on-civic-education,mda_users_import
2026-09-11T13:53:39.001Z,jTP5PIv7O7UPFStXcbWeHZTsoJC2,bulk-import-script,patience.yapalleh@atwimanma.gov.gh,mda_user,atwima-nwabiagya-district,volta_serene_group1112_users_import
2026-09-01T13:45:17.573Z,mCfyPGG9jJN1kEP7CSGzzhjd03M2,bulk-import-script,mary.quaye@kwahusouth.gov.gh,mda_user,kwahu-south-district,volta_serene_group56_users_import
2026-09-17T23:20:04.916Z,s02MCfrOsNOB7mijKuhR0xArAbV2,bulk-import-script,anita.avadu@moe.gov.gh,mda_user,ministry-of-education,capacity_building_users_import
2026-09-01T13:43:43.649Z,iQk5kHaFTob1hrfiCMZBrw5UQJJ3,bulk-import-script,mansah.oduro@bsda.gov.gh,mda_user,birim-south-district,volta_serene_group56_users_import
2026-09-02T23:35:02.293Z,Hlp9IxWZHRTdkjSDcr3f5ur0aAy2,bulk-import-script,john.nketiah@statsghana.gov.gh,mda_user,ministry-of-finance,mda_users_import
2026-09-02T23:33:09.059Z,IwUwVZHmgNO24d1AzDSS1eMmExz2,bulk-import-script,emmanuel.thompson@sec.gov.gh,mda_user,ministry-of-finance,mda_users_import
2026-09-02T21:15:29.017Z,zYg6Kwqg3haBFCF0xRJjsk9AQix1,bulk-import-script,edith.sigey@commonfund.gov.gh,mda_user,district-assemblies-common-fund,mda_users_import
2026-09-17T23:10:30.744Z,0uU7vVxbJsUn2bUzvX3qRz5xUwP2,bulk-import-script,irene.aryee@mdpi.gov.gh,mda_user,management-development-and-productivity-institute,capacity_building_users_import
2026-09-17T23:30:44.955Z,SB7bI7bDKQfq8wwbkjjkbrWlnPG3,bulk-import-script,rhodamensah18@gmail.com,mda_user,national-teaching-council,capacity_building_users_import
2026-09-17T23:17:33.740Z,wJNF3rhd2PaPvVHmY6zAin9WWQ22,bulk-import-script,angelina.egbenya@mfa.gov.gh,mda_user,ministry-of-foreign-affairs-and-regional-integration,capacity_building_users_import
2026-09-17T23:19:29.008Z,3yojqPNRsNYfw6dlB61Nq3yMYLk1,bulk-import-script,edith.ababio-amoah@unescoghana.gov.gh,mda_user,ghana-commission-for-unesco,capacity_building_users_import
2026-09-17T23:01:27.674Z,7KPiksgeoRSRYUzWoqNyp6mLPW43,bulk-import-script,francis.dorkenoo@mogcsp.gov.gh,mda_user,ministry-of-gender-children-and-social-protection,capacity_building_users_import
2026-09-02T23:09:52.438Z,d0mQgbBbcXdErun039KKFZTh9XA2,bulk-import-script,jennifer.uriko-kang@peacecouncil.gov.gh,mda_user,ministry-of-the-interior,mda_users_import
2026-09-02T22:21:41.787Z,7kwyou3yvtfrahDefX0qrnU87G32,bulk-import-script,gerald.doe@chag.org.gh,mda_user,ministry-of-health,mda_users_import
2026-09-04T13:38:31.641Z,9WAs0lGkUwfJJETaGJUQ8xIuEUJ2,bulk-import-script,mariam.mohammed@sagma.gov.gh,mda_user,sagnerigu-municipal,volta_serene_group78_users_import
2026-09-04T13:37:05.185Z,InmBIJV8lfRoqIMJbrTbGulqHMp2,bulk-import-script,tahiru.aminatu@gusheguma.gov.gh,mda_user,gushiegu-municipal,volta_serene_group78_users_import
2026-09-17T23:36:50.866Z,nUYEVaWpllNUZ70LhgPMIaYGF3y2,bulk-import-script,agnes.ofori-yeboah@nba.gov.gh,mda_user,national-biosafety-authority,capacity_building_users_import
2026-09-02T23:48:15.705Z,tOdcUHCfp9Zz8i1rR4EDWOIt1x62,bulk-import-script,perpetualadator@gmail.com,mda_user,ministry-of-health,mda_users_import
2026-09-17T23:27:02.911Z,oH0WZD4ZlQem1Lh9O4jIs7hpHd42,bulk-import-script,daniel.appiahapetorgbor@ghs.gov.gh,mda_user,ghana-health-service,capacity_building_users_import
2026-09-17T23:39:31.466Z,Ojdb3CQPhHUKcWEsCS7uLDrd9ya2,bulk-import-script,oseituruelvis245@gmail.com,mda_user,ghana-prisons-service,capacity_building_users_import
2026-09-02T22:09:15.937Z,CfTZgBsATASnMXsHlDgCLhZ7RPj2,bulk-import-script,erictawiah@spd.gov.gh,mda_user,office-of-government-machinery,mda_users_import
2026-09-02T23:40:51.740Z,eyml5iVY9bZOa3ADEfv4MP9LqdI3,bulk-import-script,debikusiboakye@gmail.com,mda_user,ministry-of-health,mda_users_import
2026-09-17T23:16:10.442Z,mftWqOOrDKWc9XVvu553WMm7AMs2,bulk-import-script,enyaahyamoah@gmail.com,mda_user,office-of-government-machinery,capacity_building_users_import
2026-09-17T23:12:55.883Z,kPSNzOa8vHaLyw8TyWXFNoxiaRy1,bulk-import-script,francis.sarpong@labourdepartment.gov.gh,mda_user,labour-department,capacity_building_users_import
2026-09-02T22:50:58.163Z,6MEunTpntUhxUYf0KIFuggq1AL13,bulk-import-script,yvonne.agyen-mensah@gtvets.gov.gh,mda_user,ministry-of-education,mda_users_import
2026-09-02T22:46:27.514Z,t7jcKb5lvmNP813FfvwelgHn0nZ2,bulk-import-script,nana.ampomah@moc.gov.gh,mda_user,ministry-of-communication-and-decentralization,mda_users_import
2026-09-24T09:49:21.550Z,iN7GTYM52HhOsJ77KoMw3eETpYc2,bulk-import-script,caroline.tsatsu@grb.gov.gh,mda_user,ghana-refugee-board,interior_users_import
2026-09-02T23:34:56.586Z,HwCIKwKQWbWIeXYo0g8TI3bcABn1,bulk-import-script,henry.sain@iaa.gov.gh,mda_user,ministry-of-finance,mda_users_import
2026-09-17T23:42:51.701Z,MbJmDRnVpHXxuoxDgoXQpCs5Xkm2,bulk-import-script,fisca233@gmail.com,mda_user,national-security-council-secretariat,capacity_building_users_import
2026-09-17T22:58:39.364Z,nYvVutvJBcZxVMuAA4fuNaIgkI32,bulk-import-script,francis2009asiedu@gmail.com,mda_user,public-services-commission,capacity_building_users_import
2026-09-02T23:27:05.843Z,3YNyTWWBwuZsFK7QUDLmIzcPRtt2,bulk-import-script,victoria.antwi@spd.gov.gh,mda_user,office-of-government-machinery,mda_users_import
2026-09-17T23:47:43.879Z,7ljfIchK4TcGucu5K5yvu9EJDEn2,bulk-import-script,edith.abgo@gtvets.gov.gh,mda_user,ghana-tvet-service,capacity_building_users_import
2026-09-17T23:46:39.137Z,DBOTj39mx7TIXM7kW5k91MKXRWJ3,bulk-import-script,stephen.benyin@nhia.gov.gh,mda_user,national-health-insurance-authority-nhia,capacity_building_users_import
2026-09-02T21:50:12.351Z,6heJXCn8eJWuqnbiWFN0n7nekn03,bulk-import-script,elsieklufio@yahoo.co.uk,mda_user,ministry-of-tourism-culture-and-creative-arts,mda_users_import
2026-09-17T23:22:20.873Z,CcSNLbW0YrdWUUzgHSKMoqzSMYh2,bulk-import-script,jmsoppong1@gmail.com,mda_user,forestry-commission,capacity_building_users_import
2026-09-17T23:34:32.766Z,yWjFtjGrLNNGLPuZmPIMrpRIrJg2,bulk-import-script,cedyank@yahoo.com,mda_user,council-for-scientific-and-industrial-research-csir,capacity_building_users_import
2026-09-02T23:25:36.488Z,bxc2srgu6KcakqBIueks6TPtVpD3,bulk-import-script,jaypanic62@gmail.com,mda_user,national-media-commission,mda_users_import
2026-09-17T23:44:57.089Z,TzxeLq8Dskf8hdLQmhHpVk6AcsV2,bulk-import-script,gabriel.dwumah@gi-kace.gov.gh,mda_user,ghana-india-kofi-annan-centre-of-excellence-in-ict-gi-kace,capacity_building_users_import
2026-09-17T23:40:51.494Z,Llgg5yRYCuWRHnDYBpUehZh7k1T2,bulk-import-script,ruthafutukotey@gmail.com,mda_user,ghana-highway-authority,capacity_building_users_import
2026-09-02T22:12:10.211Z,hELvsalpTkhkrEK5NJWtvjHqTNi2,bulk-import-script,shirley.lartey@rtic.gov.gh,mda_user,right-to-information-commission,mda_users_import
2026-09-17T23:03:17.399Z,Zhs8I99ScDRGRqhd3BombqJIk143,bulk-import-script,jayim@mint.gov.gh,mda_user,ministry-of-the-interior,capacity_building_users_import
2026-09-11T13:51:23.620Z,iyPXfs10vdM1Cbh6iauDy8OQ28j1,bulk-import-script,mabel.baah-darkoh@swma.gov.gh,mda_user,sefwi-wiawso-municipal,volta_serene_group1112_users_import
2026-09-11T13:53:22.471Z,nlZfdWJPwTcji8uEyRGmNwkFpEr1,bulk-import-script,hillary.achana@atmda.gov.gh,mda_user,atwima-mponua-district,volta_serene_group1112_users_import
2026-09-02T22:54:22.708Z,DCKKaxqTvye7SXb1eJo3jB8Q2R73,bulk-import-script,nanayaw.ofori-agyei@epa.gov.gh,mda_user,ministry-of-environment-science-technology-and-innovation,mda_users_import
2026-09-02T21:37:11.452Z,07DaeNHB6yRXdVY6Nzn4XPjG7DP2,bulk-import-script,freda.faah@mlgrd.gov.gh,mda_user,ministry-of-local-government,mda_users_import
2026-09-02T22:57:28.685Z,IX6Ofm43nSZmBKI53WhdT16LJlx2,bulk-import-script,sarah.nelson@mfa.gov.gh,mda_user,ministry-of-foreign-affairs-and-regional-integration,mda_users_import
2026-09-02T21:53:37.634Z,FeUvLm4e65NjoML5JvRM7nga89T2,bulk-import-script,michael.sarpong@grda.gov.gh,mda_user,ministry-of-transport,mda_users_import
2026-09-17T23:20:40.443Z,OBQPWcLt1fQzoCsG8UdhX7vV63E3,bulk-import-script,lamp.loui@gmail.com,mda_user,ministry-of-education,capacity_building_users_import
2026-09-17T23:37:41.283Z,Ar20knuLLmOlaNAfSlr1pk5Sib92,bulk-import-script,rosemond70quansah@yahoo.com,mda_user,management-development-and-productivity-institute,capacity_building_users_import
2026-09-24T09:48:11.483Z,ICwjlZ4hgPU1SFUloneQWl8yXDk1,bulk-import-script,joycem.adjah@immigration.gov.gh,mda_user,ghana-immigration-service,interior_users_import
2026-09-17T23:17:03.178Z,kub8p0Y6XPbOXVlJvMtZ9HH554t1,bulk-import-script,abigail.amankwah@luspa.gov.gh,mda_user,luspa-mlgcra,capacity_building_users_import
2026-09-02T21:43:23.699Z,SZYYBAv8FjWgXm4jM2lQu5JLpSm2,bulk-import-script,akorfa.asamoah@ncc.gov.gh,mda_user,ministry-of-the-interior,mda_users_import
2026-09-17T23:30:13.012Z,gIUu4lw3PWUFuZSotSNSDY5yvzC3,bulk-import-script,johnasubonteng91@gmail.com,mda_user,narcotics-control-commission,capacity_building_users_import
2026-09-08T10:40:08.117Z,EebAg3VulHWEbIrzcSrVGqlL3qk2,bulk-import-script,sethdarlingtonackah@yahoo.com,mda_user,mpohor-district,gbmsupport_users_import
2026-09-15T11:50:18.290Z,LrDeR9nVhLdko4W7SGRYbZLq7633,bulk-import-script,lordina.afriyie@kema.gov.gh,mda_user,kwabre-east-district,ashanti_users_import
2026-09-02T22:53:47.686Z,ybkzxUriVAZifG338CmGuFSssAI2,bulk-import-script,rabebrese@npa.gov,mda_user,ministry-of-energy,mda_users_import
2026-09-02T23:13:08.548Z,QhMdZzmPB1SaCJcjMPRUDwa6E2o1,bulk-import-script,bernard.ayensu@moti.gov.gh,mda_user,ministry-of-trade-and-industry,mda_users_import
2026-09-02T23:26:32.827Z,WpFE1gKy0sbrNmnf9JaDQ3F6hnR2,bulk-import-script,nysekyereababio@gmail.com,mda_user,office-of-government-machinery,mda_users_import
2026-09-15T11:48:20.668Z,2FS1dKtnSkUlgbmKsP9BP8TVsRX2,bulk-import-script,solomon.appiah@ssma.gov.gh,mda_user,sekyere-south-district,ashanti_users_import
2026-09-02T21:35:37.138Z,jDdAVhPF3qNMjWGYsFNX8hNA7mK2,bulk-import-script,linda.dottey@mfa.gov.gh,mda_user,ministry-of-foreign-affairs-and-regional-integration,mda_users_import
2026-09-17T23:47:27.799Z,6MEunTpntUhxUYf0KIFuggq1AL13,bulk-import-script,yvonne.agyen-mensah@gtvets.gov.gh,mda_user,ghana-tvet-service,capacity_building_users_import
2026-09-02T22:25:26.180Z,D5Mg8LbL3QgPfyttzyohTqMQW9K2,bulk-import-script,kdzramedo@hth.gov.gh,mda_user,ministry-of-health,mda_users_import
2026-09-02T21:36:05.803Z,FKgH3gBsyzYSip1sDZHgsej0NwC3,bulk-import-script,prince.attoh-okine@mogcsp.gov.gh,mda_user,ministry-of-gender-children-and-social-protection,mda_users_import
2026-09-02T23:36:41.960Z,1YWH3cyHYwd6jOAoVAcjW3iHs9D2,bulk-import-script,abuadu@ugmc.ug.edu.gh,mda_user,ministry-of-health,mda_users_import
2026-09-02T21:32:36.152Z,4Mvw5CKMtyaTxOaNB4SHjlV1ldd2,bulk-import-script,bronville12@gmail.com,mda_user,ministry-of-fisheries-aqua-culture-development,mda_users_import
2026-09-02T23:10:41.355Z,APygQeHgqfVXJAUqgbwz7siiYTc2,bulk-import-script,senyo.agboada@yahoo.com,mda_user,ministry-of-the-interior,mda_users_import
2026-09-02T23:46:25.088Z,jH5ADa6Lpchd6BKFoE5KfQAsTIr1,bulk-import-script,billansah326@gmail.com,mda_user,ministry-of-health,mda_users_import
2026-09-02T23:06:04.149Z,79qMQlXn1aR0kLayXspvw2Xhos22,bulk-import-script,kisidora@yahoo.com,mda_user,ministry-of-roads-and-highways,mda_users_import
2026-09-01T13:44:23.014Z,VsmsF6QbqAVx9mXQ0rLaHLIjNrX2,bulk-import-script,joana.tismark@kbma.gov.gh,mda_user,kwsebibirem-district,volta_serene_group56_users_import
2026-09-17T23:18:25.120Z,AgX6KWQL3kOsFQLJRtcm2SBYp6F3,bulk-import-script,irene.agyeman@moc.giv.gh,mda_user,ministry-of-communications-digital-technology-and-innovations,capacity_building_users_import
2026-09-17T23:06:17.897Z,urlXSCJBIzWdP2qJeAKnB1lPnLw1,bulk-import-script,jerome.avornyo@csa.gov.gh,mda_user,cyber-security-authority,capacity_building_users_import
2026-09-01T13:44:15.467Z,y1CMUjR4B1dUrGIPla8ZzDnfIFA2,bulk-import-script,mavis.dadebo@fsda.gov.gh,mda_user,fanteakwa-south-district,volta_serene_group56_users_import
2026-09-11T13:51:37.971Z,uOyhg30riENQpoNztz6hfHEDAs82,bulk-import-script,augustine.quayson@suada.gov.gh,mda_user,suaman-district,volta_serene_group1112_users_import
2026-09-18T15:28:57.345Z,9MfnSEYnpxgUuvQosJXW4AkBss32,bulk-import-script,frank.osei@aksda.gov.gh,mda_user,afigya-kwabre-south-district,group1516_users_import
2026-09-17T23:05:20.670Z,EkstII0wvHfUnwyrdN3FagT8yAT2,bulk-import-script,francis.amesawu@gida.gov.gh,mda_user,ghana-irrigation-development-authority,capacity_building_users_import
2026-09-02T21:35:05.017Z,zrtkjKJSoTeXsDFHFR9WUdm7V393,bulk-import-script,ebenezer.arthur@mofa.gov.gh,mda_user,ministry-of-food-and-agriculture,mda_users_import
2026-09-04T13:37:13.615Z,IR8ISrR5KtPUjBzFJlxHGDirY3x1,bulk-import-script,haruna.sulemana@gusheguma.gov.gh,mda_user,gushiegu-municipal,volta_serene_group78_users_import
2026-09-17T23:44:02.942Z,iHxXP0JQDCVJOQCofSCw5rarkFy2,bulk-import-script,ali.barko@npc.gov.gh,mda_user,national-population-council,capacity_building_users_import
2026-09-17T22:58:18.554Z,oH0WZD4ZlQem1Lh9O4jIs7hpHd42,bulk-import-script,daniel.appiahapetorgbor@ghs.gov.gh,mda_user,ghana-health-service,capacity_building_users_import
2026-09-02T23:44:31.753Z,1hNHiVEXVOYlirko18An3hivDCF2,bulk-import-script,isaacnagba@gmail.com,mda_user,ministry-of-health,mda_users_import
2026-09-17T23:02:53.586Z,Ipj1W6cnPrW5krb7ScXK0yDbFgp2,bulk-import-script,yawnyarko2009@yahoo.com,mda_user,office-of-government-machinery,capacity_building_users_import
2026-09-02T21:16:19.232Z,HcKmrFg4a4UloUsDMOYEquztRva2,bulk-import-script,loretta.lartey@lac.gov.gh,mda_user,legal-aid-commission,mda_users_import
2026-09-02T23:40:55.491Z,1JERTpUQCKOcsRm3WKk6Mf61Jbp1,bulk-import-script,dandanquah45@gmail.com,mda_user,ministry-of-health,mda_users_import
2026-09-24T09:49:01.294Z,GbbIPzOiR8Xsr2kXOOtNrqua3ez2,bulk-import-script,ben.ampene@gmail.com,mda_user,ghana-police-service,interior_users_import
2026-09-02T22:00:11.103Z,CkqZR7CUD1MQQBgNNXeQVNoP75k1,bulk-import-script,gloria.koranteng@mimcom.gov.gh,mda_user,ministry-of-lands-and-natural-resources,mda_users_import
2026-09-02T23:10:11.805Z,Tu8qyxdo7CZBUINOtSnHUSx202W2,bulk-import-script,nana.dadzie@gamingcommission.gov.gh,mda_user,ministry-of-the-interior,mda_users_import
2026-09-02T22:44:07.823Z,I5TZ5JK8MCXE5ii64CaPHXEPsVV2,bulk-import-script,gertrude.aseini@moc.gov.gh,mda_user,ministry-of-communication-and-decentralization,mda_users_import
2026-09-17T23:38:58.304Z,c373onaDiAOqF3ENdn8WYRDRiDC2,bulk-import-script,hawulatu.issah@mlgcra.gov.gh,mda_user,ministry-of-local-government,capacity_building_users_import
2026-09-11T13:51:34.133Z,IjSvDShK8ZOIqkLJxLxwCdgh0fe2,bulk-import-script,reuben.hammond@suada.gov.gh,mda_user,suaman-district,volta_serene_group1112_users_import
2026-09-02T21:14:18.377Z,84MEDv0abBexADN9s73fiZOblXc2,bulk-import-script,josephwhittal09@gmail.com,mda_user,commission-on-human-rights-and-administrative-justice,mda_users_import
2026-09-17T23:39:01.091Z,0flES48c5dYOu0RGGz2deLuk3mu2,bulk-import-script,ali.yakubu@chag.rog.gh,mda_user,christian-health-association-of-ghana,capacity_building_users_import
2026-09-15T11:49:06.088Z,Pwue5Z9fzRZug8a151gYcMsiM1H3,bulk-import-script,patrick.kofi-adu@bosomtwe.gov.gh,mda_user,bosumtwi-district,ashanti_users_import
2026-09-02T23:03:16.732Z,P53u0SRETyTqcSPS9R3pl6BCuXD2,bulk-import-script,samuel_ff@yahoo.com,mda_user,ministry-of-local-government,mda_users_import
2026-09-01T13:46:44.048Z,MQMCJf4LPubOvOd8QW7O2mTeVDy2,bulk-import-script,kofitioelvisprince@gmail.com,mda_user,upper-manya-krobo-district,volta_serene_group56_users_import
2026-09-17T23:28:56.090Z,0xoIv50bfhUDArmJxWKVq1XW8I92,bulk-import-script,francis.yamoah@zicds.gov.gh,mda_user,zongo-and-inner-city-development-secretariat,capacity_building_users_import
2026-09-02T21:31:43.373Z,rWskFkZDjiZUo7EtH1mXUyhW5Gg1,bulk-import-script,john.young@gaec.gov.gh,mda_user,ministry-of-environment-science-technology-and-innovation,mda_users_import
2026-09-02T23:52:18.933Z,jiJ6kxXgE7O5GBnNaiCE2vjta6u1,bulk-import-script,ruth.seddoh@nss.gov.gh,mda_user,ministry-of-youth-development-and-empowerment,mda_users_import
2026-09-01T13:44:10.696Z,OtSQus7aYqb9JN0Sy270AasvQVp2,bulk-import-script,daniel.boakye@fsda.gov.gh,mda_user,fanteakwa-south-district,volta_serene_group56_users_import
2026-09-02T22:01:59.649Z,thneMoxw7uNqLDxoJnPM1XXlVWz2,bulk-import-script,emmanuel.arah@nhia.gov.gh,mda_user,national-health-fund,mda_users_import
2026-09-17T23:08:24.073Z,w3AeMzm35iQe6h8t3JmUttQYCJG2,bulk-import-script,elsie.lekettey@energymin.gov.gh,mda_user,ministry-of-energy-and-green-transition,capacity_building_users_import
2026-09-17T23:12:27.187Z,0e6BXjxlq1boNEVuqobZm4VdVnZ2,bulk-import-script,lawkueem@gmail.com,mda_user,labour-department,capacity_building_users_import
2026-09-02T21:36:07.817Z,v2FBkN7Ox2R0uyvfKKQIWAXdXLk1,bulk-import-script,vincent.yebiah-asuamah@mogcsp.gov.gh,mda_user,ministry-of-gender-children-and-social-protection,mda_users_import
2026-09-17T23:04:54.162Z,vym2MWzuSSbrMlB3b3C86aginOH2,bulk-import-script,richard.quansah@mesti.gov.gh,mda_user,ministry-of-environment-science-technology-and-innovation,capacity_building_users_import
2026-09-17T23:19:45.323Z,u7Au8oxTe4ZSjbj2IJIykjoVAnb2,bulk-import-script,lois.dzamesi@ctvet.gov.gh,mda_user,ghana-tvet-service,capacity_building_users_import
2026-09-02T23:50:07.688Z,GBvPROJRFpbgjGn6f7nB4IxCkBO2,bulk-import-script,richmond.sowah@ghs.gov.gh,mda_user,ministry-of-health,mda_users_import
2026-09-17T23:23:31.278Z,mE3IAHLv24Nj2im4xuJ3qZk7v843,bulk-import-script,mercy.larbi@chraj.gov.gh,mda_user,commission-on-human-rights-and-administrative-justice,capacity_building_users_import
2026-09-02T22:18:25.512Z,ZRxIrmS75oYnwcqkyFtv79dJKTI3,bulk-import-script,bernice.asante@moffa.gov.gh,mda_user,ministry-of-health,mda_users_import
2026-09-02T23:11:15.575Z,FdlJq6NvEqZDFiB7Jrp3HvX7B4M2,bulk-import-script,dillyoyou@yahoo.com,mda_user,ministry-of-tourism-culture-and-creative-arts,mda_users_import
2026-09-17T23:30:42.358Z,HDT7JJQakCNqJmhPJNSEqSEU5eP2,bulk-import-script,chelseaasare27@gmail.com,mda_user,minerals-commission,capacity_building_users_import
2026-09-17T23:15:34.353Z,Y8qsqooLTCdthrtpvml4rbgDzDb2,bulk-import-script,godfred.bayee@ndpc.gov.gh,mda_user,national-development-planning-commission,capacity_building_users_import
2026-09-17T22:58:45.016Z,xZ39B3xkWhbwG0U2mET1s4o92fk1,bulk-import-script,maudkyeth@gmail.com,mda_user,ministry-of-food-and-agriculture,capacity_building_users_import
2026-09-02T23:01:09.320Z,34B64DEmuPcfbrwWpI6sp2rA8rO2,bulk-import-script,josiah.commodore@lgs.gov.gh,mda_user,ministry-of-local-government,mda_users_import
2026-09-02T22:11:43.435Z,umk72sx1nlV4dn7RTcYkMavwm0f2,bulk-import-script,mabelamoakoatta@gmail.com,mda_user,public-services-commission,mda_users_import
2026-09-02T23:50:54.609Z,NKB7CK818VSLT0dH15bSlJ7fI2k2,bulk-import-script,boateng.boakye@ghs.gov.gh,mda_user,ministry-of-health,mda_users_import
2026-09-17T23:09:13.111Z,wXrKD0sfc5RA8DYW3XmOcq5fwZy1,bulk-import-script,osei.asibey@oop.gov.gh,mda_user,office-of-government-machinery,capacity_building_users_import
2026-09-17T23:19:17.814Z,fWyR61rzCwQkjBA0S5cJy8KERGF3,bulk-import-script,kateamankwah1@yahoo.com,mda_user,ministry-of-communications-digital-technology-and-innovations,capacity_building_users_import
2026-09-17T23:11:14.904Z,qVgpTJ3U5zeCPup0xKKgrS3Kxuh1,bulk-import-script,phran6ka@yahoo.com,mda_user,gaming-commission,capacity_building_users_import
2026-09-17T23:43:52.631Z,6NvQtWfc7RMCwFt6nd3ObMLfg4E2,bulk-import-script,paul.boye@gipa.gov.gh,mda_user,ghana-investment-promotion-authority,capacity_building_users_import
2026-09-02T21:25:24.486Z,ad7C8JL7lLNv4IpHsZZmICAU74P2,bulk-import-script,grace.torvor@ges.gov.gh,mda_user,ministry-of-education,mda_users_import
2026-09-02T23:03:02.498Z,i9XSmtSJ7ibUM2zYZJIDegXDyEz2,bulk-import-script,rodadenis@yahoo.co.uk,mda_user,ministry-of-local-government,mda_users_import
2026-09-02T23:40:14.728Z,MQWjlux6o3NG9lXTYn6DBtXeW6s2,bulk-import-script,cynthiaobu66@gmail.com,mda_user,ministry-of-health,mda_users_import
2026-09-17T23:24:03.452Z,vAGEeIDxUcZshiA1uu8755S9Pf53,bulk-import-script,joana.adzatey@dpg.gov.gh,mda_user,department-of-parks-and-gardens,capacity_building_users_import
2026-09-02T21:17:15.813Z,tLrz9W0wrRbcW5b8zMWvNgPU28W2,bulk-import-script,benedict.sagoe@gdnr.org.gh,mda_user,ministry-of-communication-and-decentralization,mda_users_import
2026-09-02T23:28:35.053Z,DMQLPeeYX5gUZrsae2W3WivHzAR2,bulk-import-script,love.yeboah@orc.gov.gh,mda_user,office-of-the-attorney-general-and-ministry-of-justice,mda_users_import
2026-09-04T13:38:46.750Z,KbYX3iDW7ARVvAG3kCxcA0zroC62,bulk-import-script,fatawu.tahiru@kpda.gov.gh,mda_user,kpandai-district-assembly,volta_serene_group78_users_import
2026-09-02T23:18:13.952Z,pqQcG4HcZyTVC48yQV4JtQ9SyNI3,bulk-import-script,galleyd6@gmail.com,mda_user,ministry-of-lands-and-natural-resources,mda_users_import
2026-09-02T22:00:42.082Z,bWbsoyqKMFQw9mnH8Z3aFf6R0FP2,bulk-import-script,abdul-rashad.asumah@mlnr.gov.gh,mda_user,ministry-of-lands-and-natural-resources,mda_users_import
2026-09-02T23:44:50.438Z,6gv1HLL66beAFDhMcGIkUJ1n7y72,bulk-import-script,akejulius22@gmail.com,mda_user,ministry-of-health,mda_users_import
2026-09-02T22:50:42.806Z,VUkrhmhv6lUY6D2URJwg5QTvprJ2,bulk-import-script,richard.asare@library.gov.gh,mda_user,ministry-of-education,mda_users_import
2026-09-02T22:45:17.551Z,Z4Iu5YRx7GMCeFEaPs6pchxyQ522,bulk-import-script,josephine.adams@moc.gov.gh,mda_user,ministry-of-communication-and-decentralization,mda_users_import
2026-09-08T10:39:38.267Z,44qOM4QIGmavP15lGYITfOvnmFU2,bulk-import-script,selina.buaba@ekma.gov.gh,mda_user,effia-kwesimintsim-municipal,gbmsupport_users_import
2026-09-17T23:41:45.632Z,F9f5rFDpUEMD7U36sYgytzGBpc83,bulk-import-script,andrew.aberye-mensah@gfza.gov.gh,mda_user,ghana-free-zones-authority,capacity_building_users_import
2026-09-17T23:07:46.962Z,BC9cSGZ0k2NuanMk7NI9ztHEbrv1,bulk-import-script,adjeikyereh@gmail.com,mda_user,university-of-engineering-and-agricultural-sciences,capacity_building_users_import
2026-09-17T23:16:54.868Z,lT9tnyDFl5RHmcxWakF7T0YSko73,bulk-import-script,afoakwa.lovia@gmail.com,mda_user,national-development-planning-commission,capacity_building_users_import
2026-09-02T22:06:56.661Z,73ThXUn3MvZUOCQfBFIegUv9Bju1,bulk-import-script,louis.adzato-ntem@imccod.gov.gh,mda_user,office-of-government-machinery,mda_users_import
2026-09-02T21:48:22.073Z,d0mQgbBbcXdErun039KKFZTh9XA2,bulk-import-script,jennifer.uriko-kang@peacecouncil.gov.gh,mda_user,ministry-of-the-interior,mda_users_import
2026-09-08T10:40:31.530Z,AYaQItdQbtclNYe2dLxOkkWyLiu1,bulk-import-script,macelino.mensah@stma.gov.gh,mda_user,sekondi-takoradi-metropolis,gbmsupport_users_import
2026-09-02T23:25:52.988Z,FYZwLzj1EqRDXw7XNvjL8A2bzUq1,bulk-import-script,charlesheletsi@yahoo.com,mda_user,office-of-government-machinery,mda_users_import
2026-09-02T23:09:35.498Z,967F4IWd24UsKBTFSO8ONEDuAXF3,bulk-import-script,isaac.nkrumah@ncc.gov.gh,mda_user,ministry-of-the-interior,mda_users_import
2026-09-02T23:27:33.468Z,mftWqOOrDKWc9XVvu553WMm7AMs2,bulk-import-script,enyaahyamoah@gmail.com,mda_user,office-of-government-machinery,mda_users_import
2026-09-17T23:49:26.327Z,m0Gu1LhSGteIheedaxqhr6QMS373,bulk-import-script,nanaclaude88@gmail.com,mda_user,bureau-of-national-investigations-bni,capacity_building_users_import
2026-09-02T22:11:48.901Z,N7j2qcyLlpWiKnQ8qPI8oDWBsF12,bulk-import-script,francis.wayem@rtic.gov.gh,mda_user,right-to-information-commission,mda_users_import
2026-09-02T22:27:18.258Z,Rk5RhxjGowWKQfeDK60aMFrhP1Z2,bulk-import-script,patakrofi@yahoo.com,mda_user,ministry-of-health,mda_users_import
2026-09-18T15:34:27.011Z,p8S5lLG0VbXfRZLvdi8jEAEwtMp1,bulk-import-script,mohammed.ayeshetu@tecma.gov.gh,mda_user,techiman-municipal,group1516_users_import
2026-09-17T23:49:08.987Z,fJrVt8wVVOhe2J14qAYm4EPXYQv1,bulk-import-script,theodore.korley@lac.gov.gh,mda_user,legal-aid-commission,capacity_building_users_import
2026-09-17T23:37:07.101Z,xNQIpVvVTKW1xZ6JPA7kdFXGWWC3,bulk-import-script,naomi.abassah@motcca.gov.gh,mda_user,ministry-of-tourism-culture-and-creative-arts,capacity_building_users_import
2026-09-17T23:16:00.894Z,wokONA0ro7TcUe9qNMhIn6TButj1,bulk-import-script,samuel.attoh-okine@ohcs.gov.gh,mda_user,office-of-the-head-of-civil-service,capacity_building_users_import
2026-09-17T23:12:29.823Z,nmZ7WsxeoWP8uqDhjTK7h7sa3Y12,bulk-import-script,kwesi.anderson@nba.gov.gh,mda_user,nba,capacity_building_users_import
2026-09-18T15:32:24.512Z,IPEE7x1VSjQ6XI0Xfi5JGoa5Ggp2,bulk-import-script,pual.osei@nkonda.gov.gh,mda_user,nkoranza-north-district,group1516_users_import
2026-09-24T09:48:42.476Z,M2GNA2vmsoPmr0ccy97tkzUNk6Y2,bulk-import-script,gyebi.asante@smallarmscommission.gov.gh,mda_user,national-commission-on-small-arms-and-light-weapons,interior_users_import
2026-09-17T23:47:58.228Z,jkZO5SZYSKXZO81q3EuNmrQ67Pk1,bulk-import-script,swancy.clottey@energymin.gov.gh,mda_user,ministry-of-energy-and-green-transition,capacity_building_users_import
2026-09-02T22:16:51.638Z,DAl7XU8UycXedYsImwTtoSjfYSG3,bulk-import-script,adwoa.kyere@ghs.gov.gh,mda_user,ministry-of-health,mda_users_import
2026-09-02T23:05:43.387Z,SlvmCIzJ6TNaDmNI5o5yABIWDMG2,bulk-import-script,ahlidza@gmail.com,mda_user,ministry-of-roads-and-highways,mda_users_import
2026-09-02T23:17:15.982Z,OVBbNzV2MYZb8a2sAtM9SKKtxgi1,bulk-import-script,vernapappoe@gmail.com,mda_user,ministry-of-works-and-housing,mda_users_import
2026-09-02T22:27:51.768Z,biC6NQIXoHa2LQ39MoE30kIryA63,bulk-import-script,hiameyr@gmail.com,mda_user,ministry-of-health,mda_users_import
2026-09-02T21:17:20.356Z,ZYPnst2r9Vfy3jCmJbcUMIp7snp2,bulk-import-script,daniel.ormano@dataprotection.org.gh,mda_user,ministry-of-communication-and-decentralization,mda_users_import
2026-09-02T22:10:14.050Z,DMQLPeeYX5gUZrsae2W3WivHzAR2,bulk-import-script,love.yeboah@orc.gov.gh,mda_user,office-of-the-attorney-general-and-ministry-of-justice,mda_users_import
2026-09-02T21:42:23.066Z,0xQTgHJIhlXbzoZ9cYWGR7a0KW02,bulk-import-script,jochel73@yahoo.com,mda_user,ministry-of-roads-and-highways,mda_users_import
2026-09-02T22:41:13.396Z,uQUOSAJHkagWkPN01lgY8NxBIA42,bulk-import-script,eugenia.nortey@audit.gov.gh,mda_user,audit-service,mda_users_import
2026-09-02T23:02:50.055Z,JNryThkmXjePUX4frjOcAf0Xms92,bulk-import-script,pbissiw@gmail.com,mda_user,ministry-of-local-government,mda_users_import
2026-09-17T23:19:36.720Z,ls9q7G8m7rOQTnViApHMlBx2v2c2,bulk-import-script,cephas.agboka@ctvet.gov.gh,mda_user,ghana-tvet-service,capacity_building_users_import
2026-09-01T13:43:40.723Z,pM3h878X9JWlwN7iDK9lCTJqt7r2,bulk-import-script,adolphus.dotse@bsda.gov.gh,mda_user,birim-south-district,volta_serene_group56_users_import
2026-09-02T22:30:27.826Z,x0JK55ahtkO3beV1IRDUBXzyx2J2,bulk-import-script,beneappianing17@gmail.com,mda_user,ministry-of-youth-development-and-empowerment,mda_users_import
2026-09-17T23:45:20.022Z,sAcU0Iy2tMbaINglcteUrP0xXZz2,bulk-import-script,smahama47@gmail.com,mda_user,national-folklore-board,capacity_building_users_import
2026-09-02T23:24:01.295Z,ZECsEcspeee0rASHnVcCdMzfLc93,bulk-import-script,dominic.akurubiri@nhia.gov.gh,mda_user,national-health-fund,mda_users_import
2026-09-17T23:26:28.641Z,dSXHmyYPX0RidZJEFKImNk13et72,bulk-import-script,amofamicheal2@gmail.com,mda_user,ministry-of-lands-and-natural-resources,capacity_building_users_import
2026-09-17T23:42:33.814Z,NJqK2ctcZAZIAu5ZLr0SS9i3I083,bulk-import-script,philip.dzamesi@iaa.gov.gh,mda_user,internal-audit-agency,capacity_building_users_import
2026-09-17T23:28:40.823Z,fajhOkc794dbo2LyipFyoL70CsJ2,bulk-import-script,kamal-deen.abdullah@myde.gov.gh,mda_user,ministry-of-youth-development-and-empowerment,capacity_building_users_import
2026-09-02T22:59:55.026Z,3apFf9IDFncwWT244KhloG2JsQG2,bulk-import-script,dynanickyden@gmail.com,mda_user,ministry-of-local-government,mda_users_import
2026-09-02T22:14:23.170Z,eCi9EEj0IxSBN3F3k5C2px001Ao2,bulk-import-script,pwujakpa@mofep.gov.gh,mda_user,ministry-of-finance,mda_users_import
2026-09-17T23:11:40.924Z,X7KhXW69MhaPx3ogyLUlWCqvGh52,bulk-import-script,fouadsarpong@gmail.com,mda_user,ghana-muslim-mission-college-of-education,capacity_building_users_import
2026-09-17T23:40:32.628Z,8EQtKFxURGVTJw2P9lwS6YK21eC2,bulk-import-script,jude.akoto@osp.gov.gh,mda_user,office-of-the-special-prosecutor,capacity_building_users_import
2026-09-02T23:13:06.684Z,WKQIZj14n6Zs8PykmuNgOwqQYpl2,bulk-import-script,baffour.akuffo-ankama@gea.gov.gh,mda_user,ministry-of-trade-and-industry,mda_users_import
2026-09-02T23:15:17.561Z,YrGeY3rDL3MTbZUrdWtpfuG83XM2,bulk-import-script,joseph.a.armah@ghanamaritime.gov.gh,mda_user,ministry-of-transport,mda_users_import
2026-09-02T22:01:28.737Z,YenrcfyE5GgPdJNXh1x67BmxaJh2,bulk-import-script,wilfred.sam-awortwi@ndpc.gov.gh,mda_user,national-development-planning-commission,mda_users_import
2026-09-02T23:13:40.696Z,PjkIij6CRwh85aQQO8kKGoKdOev2,bulk-import-script,akasimpliciti@gmail.com,mda_user,ministry-of-trade-and-industry,mda_users_import
2026-09-02T23:05:15.456Z,daW58OtTTof2mQTeCAmGhFFRO0C3,bulk-import-script,osbalex@yahoo.com,mda_user,ministry-of-roads-and-highways,mda_users_import
2026-09-02T21:58:51.499Z,TMLl2ODL58QVMCOXhLcjWJTqWqz2,bulk-import-script,ttenkorangnot@gmail.com,mda_user,ministry-of-youth-and-sports,mda_users_import
2026-09-02T23:05:35.683Z,t5QzJ7z6vTZQaAa6GEvn5eyb72F2,bulk-import-script,ernestapraku@ymail.com,mda_user,ministry-of-roads-and-highways,mda_users_import
2026-09-17T23:29:56.323Z,b3uDP1fmXOhCFYzEfyOaIslZFxq2,bulk-import-script,kingsfordadu300@gmail.com,mda_user,national-health-insurance-authority-nhia,capacity_building_users_import
2026-09-17T23:45:11.868Z,W32vvVI6W2cYiCUiwcwHsiayuFL2,bulk-import-script,keren.osekre@ggsa.gov.gh,mda_user,ghana-geological-survey-authority,capacity_building_users_import
2026-09-02T21:17:08.777Z,0VnweSZup6UnZw6saPxTHeSDe852,bulk-import-script,alfred.danso@moc.gov.gh,mda_user,ministry-of-communication-and-decentralization,mda_users_import
2026-09-01T13:45:36.891Z,mSeRW9lsOkQiG6n0GPYIP1bjzRE2,bulk-import-script,rita.atikumah@lmkma.gov.gh,mda_user,lower-manya-krobo-district,volta_serene_group56_users_import
2026-09-08T10:39:50.052Z,TWT07BucvFdgGzuus1FL93naSRz1,bulk-import-script,tracyrocson@gmail.com,mda_user,ellembelle-district,gbmsupport_users_import
2026-09-02T23:19:37.212Z,l8ObCUB3HQhcZ44Tgng3M6YskCI3,bulk-import-script,grace.mensah@giadec.com,mda_user,ministry-of-lands-and-natural-resources,mda_users_import
2026-09-02T23:26:15.702Z,DPgzdmSQJZQhjIU0p474nIHxHKC3,bulk-import-script,judithkyereaah@gmail.com,mda_user,office-of-government-machinery,mda_users_import
2026-09-02T22:09:12.818Z,DHKjoRS8RIREGtZLIDb7SozODwv1,bulk-import-script,edna.darko@gipc.gov.gh,mda_user,office-of-government-machinery,mda_users_import
2026-09-02T21:39:50.887Z,shm857Ni1nhvAU0rzUc1P0zJOBf1,bulk-import-script,seidusuaniss@gmail.com,mda_user,ministry-of-local-government,mda_users_import
2026-09-02T22:55:14.264Z,ImzBHrpMlhQofIx2tZRKDLmtRTI3,bulk-import-script,joseph.ennin@fishcom.gov.gh,mda_user,ministry-of-fisheries-aqua-culture-development,mda_users_import
2026-09-02T23:41:23.659Z,WJCYiVxAaEfIdQrsjh0p1cXxR7x2,bulk-import-script,bessah213@gmail.com,mda_user,ministry-of-health,mda_users_import
2026-09-02T22:18:38.212Z,OG0FHox4JIMEPO0fLtjdAC9Q4pD3,bulk-import-script,bnanemeh234@gmail.com,mda_user,ministry-of-health,mda_users_import
2026-09-02T23:40:22.307Z,XmGBTDkKNlSiAdU3QiuMrvgpymZ2,bulk-import-script,christianapomenya@gmail.com,mda_user,ministry-of-health,mda_users_import
2026-09-02T22:59:50.529Z,ErURnv3n9Nh3gMubqdUkCdTY1Pi1,bulk-import-script,frederick.ofasi@mlgcra.gov.gh,mda_user,ministry-of-local-government,mda_users_import
2026-09-17T23:35:57.504Z,4I73wVbWyJMRAkxUCO5X43FuGGD2,bulk-import-script,gyirusaa24@gmail.com,mda_user,national-commission-on-culture,capacity_building_users_import
2026-09-02T23:07:22.521Z,9PIiGlMYYEeaNzVzC0DQS00R6rJ2,bulk-import-script,bernadette.nyonator@immigration.gov.gh,mda_user,ministry-of-the-interior,mda_users_import
2026-09-17T23:12:05.329Z,84E8LuZyBFX9ZO6XN8b19529P0Z2,bulk-import-script,gbekorc@gmail.com,mda_user,ghana-tvet-service,capacity_building_users_import
2026-09-02T22:48:27.292Z,oRQyZuaxAEanUvgp0klOOgBIOIu1,bulk-import-script,budget@gtec.edu.gh,mda_user,ministry-of-education,mda_users_import
2026-09-17T23:17:20.143Z,ydv3OeQJx0TKowR05K0E74yVNMR2,bulk-import-script,suleku.muniru@mfa.gov.gh,mda_user,ministry-of-foreign-affairs-and-regional-integration,capacity_building_users_import
2026-09-02T22:47:44.305Z,xEoNRO2S97OY5nfyANMnFlrZQQF2,bulk-import-script,pomaa.antwi-dako@gbdc.gov.gh,mda_user,ministry-of-education,mda_users_import
2026-09-02T22:50:20.007Z,qrM9PxrFOdN1p5YEqlYYggPLQPi2,bulk-import-script,marie.boateng@nasia.gov.gh,mda_user,ministry-of-education,mda_users_import
2026-09-02T21:44:26.244Z,m0Gu1LhSGteIheedaxqhr6QMS373,bulk-import-script,nanaclaude88@gmail.com,mda_user,ministry-of-the-interior,mda_users_import
2026-09-02T21:44:12.823Z,3dDjtIfL8AeS74TtkliYdW1hrKu2,bulk-import-script,annietettegah@gmail.com,mda_user,ministry-of-the-interior,mda_users_import
2026-09-17T23:13:26.043Z,BQi7DqjFcQMRfsofy9tACWOwljd2,bulk-import-script,brantuo.christopher@gmail.com,mda_user,ghana-health-service,capacity_building_users_import
2026-09-02T23:07:29.398Z,m0Gu1LhSGteIheedaxqhr6QMS373,bulk-import-script,nanaclaude88@gmail.com,mda_user,ministry-of-the-interior,mda_users_import
2026-09-02T21:30:38.806Z,4fC0V9Rs7AeXNyk3N3drzPcLG7k1,bulk-import-script,derrick.okai@phdc.gov.gh,mda_user,ministry-of-energy,mda_users_import
2026-09-17T22:57:38.716Z,dSXHmyYPX0RidZJEFKImNk13et72,bulk-import-script,amofamicheal2@gmail.com,mda_user,ministry-of-lands-and-natural-resources,capacity_building_users_import
2026-09-02T21:21:00.497Z,FKGt9dxvZCUaYx8nLEadPXof6eb2,bulk-import-script,amsaleh@waecgh.org,mda_user,ministry-of-education,mda_users_import
2026-09-17T23:23:34.322Z,r2ZFOYX487Q5PvF1Qm7LH9NI3Hq2,bulk-import-script,nichole.abbey@fishcom.govgh,mda_user,fisheries-commission,capacity_building_users_import
2026-09-17T23:27:54.385Z,0bJcy4p5budSXClho7HNWQCENGs2,bulk-import-script,samuel.tetteh@lgs.gov.gh,mda_user,office-of-the-head-of-local-government-service,capacity_building_users_import
2026-09-02T23:25:04.042Z,iMyNa6u9e0fi7fEg8DzfjcemUt13,bulk-import-script,raymond.buamah@nhia.gov.gh,mda_user,national-health-fund,mda_users_import
2026-09-02T23:52:38.349Z,Mw75xAQTXfRnyKJfCVgKv5PzD943,bulk-import-script,malik.basinteli@yea.gov.gh,mda_user,ministry-of-youth-development-and-empowerment,mda_users_import
2026-09-02T21:48:39.696Z,Ma3TXXmGbfUjPb3fc6NpF3Kuybw1,bulk-import-script,nyarkomonica192@gmail.com,mda_user,ministry-of-the-interior,mda_users_import
2026-09-17T23:01:01.429Z,7xMf0wa1jAOrprk4eVwUv7grQF42,bulk-import-script,mercy.mac-arthur@rmtf.gov.gh,mda_user,road-maintenance-trust-fund,capacity_building_users_import
2026-09-02T21:35:12.586Z,7GxaWQp1d4MzB9UUoEcFxRse50N2,bulk-import-script,armahjenny@gmail.com,mda_user,ministry-of-food-and-agriculture,mda_users_import
2026-09-17T23:16:51.980Z,P6HSChS3fEYH6iuDYyEBca7WVV13,bulk-import-script,radiya.abdallah@gna.org.gh,mda_user,ghana-news-agency,capacity_building_users_import
2026-09-02T21:59:37.654Z,sfJjJRldntMXXfhwaCaW4mfpEby2,bulk-import-script,kumilee2003@yahoo.co.uk,mda_user,ministry-of-lands-and-natural-resources,mda_users_import
2026-09-17T23:21:04.675Z,bpVWU3yfVAZGeYyjG84AEb2BYdD3,bulk-import-script,gadsonsk72@gmail.com,mda_user,volta-regional-coordinating-council,capacity_building_users_import
2026-09-02T22:48:29.214Z,5EdzYZ9gWJTrLW4MYAa015Wewj42,bulk-import-script,comfort.ofori@gtvet.gov.gh,mda_user,ministry-of-education,mda_users_import
2026-09-17T23:12:10.765Z,jgluYlMuoybOiCcgiuUylozdhmC3,bulk-import-script,peter.prah@melr.govgh,mda_user,ministry-of-employment-and-labour-relations,capacity_building_users_import
2026-09-02T23:27:44.852Z,yqYY8dL22IfVwA4BTJBc43jEYZ73,bulk-import-script,andrews.dzewoda@orc.gov.gh,mda_user,office-of-the-attorney-general-and-ministry-of-justice,mda_users_import
2026-09-02T21:39:38.443Z,xaaotM6eOCRSQSkGETFAEKOdo682,bulk-import-script,sammydarrah@yahoo.com,mda_user,ministry-of-local-government,mda_users_import
2026-09-02T23:11:26.833Z,xqbA5FLHIbSWp6vHYazNd6a3htv2,bulk-import-script,trudyabenaserwah@gmail.com,mda_user,ministry-of-tourism-culture-and-creative-arts,mda_users_import
2026-09-17T23:05:17.685Z,yoynEuYgfjbV76gQLQHD7Ao9fbo2,bulk-import-script,bortey.isaac-newton@audit.gov.gh,mda_user,audit-service,capacity_building_users_import
2026-09-01T13:45:57.883Z,QPNzbZJDglaaXbDX8b4ON3x7O9G2,bulk-import-script,agyeibea27@gmail.com,mda_user,new-juaben-south-municipal,volta_serene_group56_users_import
2026-09-02T21:43:12.304Z,OkIx4shf0PckljTUGlICRt4h9nd2,bulk-import-script,socloo@yahoo.com,mda_user,ministry-of-roads-and-highways,mda_users_import
2026-09-17T23:17:40.632Z,FfLPIzk6xGQbAJrhcQlQFaUEbYh2,bulk-import-script,genyahi@gmail.com,mda_user,national-council-on-persons-with-disability,capacity_building_users_import
2026-09-02T23:05:13.587Z,mfojBJPvyGdGz9LDdN8MgGvR9qs2,bulk-import-script,mensahanthony@yahoo.com,mda_user,ministry-of-roads-and-highways,mda_users_import
2026-09-17T23:34:09.077Z,8n0LTRzQvJSy1MXXIS1AwFDpkqB3,bulk-import-script,samgyan592@gmail.com,mda_user,national-peace-council,capacity_building_users_import
2026-09-02T23:52:09.059Z,1nquSBzeT6V7LMsGGHxNY2YIVEl1,bulk-import-script,kwakye.kontor@myde.gov.gh,mda_user,ministry-of-youth-development-and-empowerment,mda_users_import
2026-09-02T22:43:01.488Z,NhXreEL3SrNzijda8f5jiLogGXJ3,bulk-import-script,alexamoatey78@gmail.com,mda_user,judicial-service,mda_users_import
2026-09-02T23:51:45.211Z,tPdOH88dVYg3Xre15rMV5goaZvC3,bulk-import-script,vida.asare@moffa.gov.gh,mda_user,ministry-of-health,mda_users_import
2026-09-17T23:23:25.198Z,YpIOa3vz8Rhp2XtP1MzyyGozde63,bulk-import-script,philip.kpodo@mogcsp.gov.gh,mda_user,department-of-social-welfare,capacity_building_users_import
2026-09-02T22:23:27.182Z,iZH4xV1Tm0MvaswOACuJNDePGup1,bulk-import-script,joana.amfo@pantanghospital.gov.gh,mda_user,ministry-of-health,mda_users_import
2026-09-02T21:28:49.166Z,69kLXI1q3Hc3tmbz7tIlOHfhL702,bulk-import-script,godwin.quansah@labourdepartment.gov.gh,mda_user,ministry-of-employment-and-labour-relations,mda_users_import
2026-09-17T23:32:18.087Z,KlycCqX7k4RqWO4it9QSGbUmXTY2,bulk-import-script,sally.gborglah@motcca.gov.gh,mda_user,ministry-of-tourism-culture-and-creative-arts,capacity_building_users_import
2026-09-02T23:32:29.527Z,3VDFjX74AfNxxo47HAlfEkV2bz22,bulk-import-script,atamea-yeboah@mofep.gov.gh,mda_user,ministry-of-finance,mda_users_import
2026-09-02T23:35:29.730Z,t1kl9FfEEbdFMcNwpWxbeN1OknB2,bulk-import-script,rnazar@mofep.gov.gh,mda_user,ministry-of-finance,mda_users_import
2026-09-02T21:43:25.988Z,uDtsPSeijlOOg7XBId8LEq79VQE3,bulk-import-script,akwasiam@yahoo.co.uk,mda_user,ministry-of-the-interior,mda_users_import
2026-09-17T23:34:16.762Z,WsHtdS0foMesfA1lHWSXUG405E12,bulk-import-script,john.twumasi@myde.gov.gh,mda_user,ministry-of-youth-development-and-empowerment,capacity_building_users_import
2026-09-17T23:37:04.503Z,v6D9ZP8FdlTEhO4wXbreBvOmCKx1,bulk-import-script,ernestamoah1991@gmail.com,mda_user,national-health-insurance-authority-nhia,capacity_building_users_import
2026-09-17T23:31:37.201Z,YS8bMxUrukMwZggC6vYbwyguhuk1,bulk-import-script,yeboahemmanuel91@yahoo.com,mda_user,information-services-department,capacity_building_users_import
2026-09-02T23:50:01.634Z,wOBcbhLNm2ek1zR8sICIRzd4PPy1,bulk-import-script,rich5kpodo@gmail.com,mda_user,ministry-of-health,mda_users_import
2026-09-18T15:36:17.803Z,JmW884YCELPI8ZqmyS7TFTqfwGH2,bulk-import-script,augustine.ofosu@asda.gov.gh,mda_user,adansi-south-district,group1516_users_import
2026-09-02T23:52:10.634Z,fajhOkc794dbo2LyipFyoL70CsJ2,bulk-import-script,kamal-deen.abdullah@myde.gov.gh,mda_user,ministry-of-youth-development-and-empowerment,mda_users_import
2026-09-17T23:43:31.022Z,K81p92W5uYS6GVfP7enloNFIDvE3,bulk-import-script,roland.barnor@ohcs.gov.gh,mda_user,office-of-the-head-of-civil-service,capacity_building_users_import
2026-09-18T15:32:41.796Z,Hl5VPQOKR5RzJZNg7jwbpV0DOVO2,bulk-import-script,adamsmumuni09@gmail.com,mda_user,nkoranza-south-municipal,group1516_users_import
2026-09-02T21:53:28.474Z,5pw9LOOJVcU7mPOipXhYNzTP8G72,bulk-import-script,emmanuel.kwai@mot.gov.gh,mda_user,ministry-of-transport,mda_users_import
2026-09-17T23:42:28.242Z,iD8J5CP5oJYuKXJvXwRaiX7cYTZ2,bulk-import-script,monmatt14@yahoo.com,mda_user,ncce,capacity_building_users_import
2026-09-17T23:40:35.178Z,4ZpaEFk8TUgAyISnwRQgmuHr1Qx1,bulk-import-script,agyan@mofep.gov.gh,mda_user,ministry-of-finance,capacity_building_users_import
2026-09-08T10:40:26.934Z,mr1MlWnYSnMIEWaAVJYxOGXwXcr1,bulk-import-script,sampsonowusufordjour@gmail.com,mda_user,prestea-huni-valley-municipal,gbmsupport_users_import
2026-09-17T23:12:23.963Z,Ojdb3CQPhHUKcWEsCS7uLDrd9ya2,bulk-import-script,oseituruelvis245@gmail.com,mda_user,ghana-prisons-service,capacity_building_users_import
2026-09-11T13:52:48.921Z,7251MAUKjiMlsb6tObcFa724Z882,bulk-import-script,sultansulty45@gmail.com,mda_user,asokore-mampong-municipal,volta_serene_group1112_users_import
2026-09-17T23:27:56.882Z,EU4lyofRF4ggI7RnI4tqfhCd66r1,bulk-import-script,kofi.adusei@fishcom.gov.gh,mda_user,fisheries-commission,capacity_building_users_import
2026-09-02T21:33:14.774Z,lHtzF6WBsHUuFfb6OqsZtYg3H9r2,bulk-import-script,james.ayarik@fishcom.gov.gh,mda_user,ministry-of-fisheries-aqua-culture-development,mda_users_import
2026-09-02T21:20:22.952Z,y1W9DCtHV4Wp0Q6ZhmCurpQ28t82,bulk-import-script,monic1tee@gmail.com,mda_user,ministry-of-defence,mda_users_import
2026-09-02T21:50:56.127Z,ur0yLV1wmsQzAyBesHD6l3g0HN73,bulk-import-script,nanasackey120@gmail.com,mda_user,ministry-of-tourism-culture-and-creative-arts,mda_users_import
2026-09-02T23:46:26.987Z,797pri7trCdhTWw3OsS4jDQ7vG43,bulk-import-script,kwame.asamoah-okyere@fda.gov.gh,mda_user,ministry-of-health,mda_users_import
2026-09-02T22:26:47.187Z,bqZOlWosSyfPdDrD7dt7CckdI2E3,bulk-import-script,mark.zuh@ghs.gov.gh,mda_user,ministry-of-health,mda_users_import
2026-09-17T23:14:40.188Z,tdorrQcO8IbdidM1fdhtegvr7WK2,bulk-import-script,lynda.coffie@mogcsp.gov.gh,mda_user,ministry-of-gender-children-and-social-protection,capacity_building_users_import
2026-09-02T23:36:14.130Z,AurqnY5BobUdJw9Ahnnq7xXSWDg1,bulk-import-script,thomas.thompson-aryee@iaa.gov.gh,mda_user,ministry-of-finance,mda_users_import
2026-09-02T21:36:36.289Z,BSob1OXS0hRKOc5IqxMkDaCsfxs2,bulk-import-script,danielkadams@yahoo.com,mda_user,ministry-of-local-government,mda_users_import
2026-09-17T23:47:09.197Z,JTUxprYMloYDGCLwlTJgOTVLkqd2,bulk-import-script,isaac.appoh@nacca.gov.gh,mda_user,national-council-for-curriculum-and-assessment,capacity_building_users_import
2026-09-11T13:49:49.840Z,UpEjrRIPTncz0YUKKXHpQrGwg6E3,bulk-import-script,brew.francis@aoma.gov.gh,mda_user,aowin-municipal,volta_serene_group1112_users_import
2026-09-02T22:01:12.770Z,iD8J5CP5oJYuKXJvXwRaiX7cYTZ2,bulk-import-script,monmatt14@yahoo.com,mda_user,national-commission-on-civic-education,mda_users_import
2026-09-18T15:28:43.799Z,AY6vYuOT0Wc8rdH0Gb4ZJtr3fge2,bulk-import-script,topnanasarpong@gmail.com,mda_user,afigya-kwabre-north-district,group1516_users_import
2026-09-17T23:07:49.407Z,KunJk6akFdXWyapcOpkeBFo3Xf82,bulk-import-script,veroadjie759@gmail.com,mda_user,centre-for-plant-medicine-research,capacity_building_users_import
2026-09-02T22:20:29.801Z,G3t1gmnVuyRTLbnGkEA3VYj7DM22,bulk-import-script,edward.arthur@chag.org.gh,mda_user,ministry-of-health,mda_users_import
2026-09-02T21:25:01.221Z,DQfKNfEe6iSNUk3HsD4hueUw4zJ2,bulk-import-script,fred.asamoah@ctvet.gov.gh,mda_user,ministry-of-education,mda_users_import
2026-09-17T22:57:53.416Z,MjGn1f1z4ycPr3nyuySRW3XabXV2,bulk-import-script,evans.kelly@gnrf.gov.gh,mda_user,ghana-national-research-fund,capacity_building_users_import
2026-09-02T22:13:00.672Z,IwUwVZHmgNO24d1AzDSS1eMmExz2,bulk-import-script,emmanuel.thompson@sec.gov.gh,mda_user,ministry-of-finance,mda_users_import
2026-09-17T23:34:24.666Z,4XEDYhMvR7eDprPxfyaMh0Bcl8v2,bulk-import-script,jacklinedenteh99@gmail.com,mda_user,ghana-integrated-aluminium-development-corporation-giadec,capacity_building_users_import
2026-09-02T22:21:03.863Z,WDMyEkf1StMX5qjtu6MKY0rodXo2,bulk-import-script,nketaa@yahoo.com,mda_user,ministry-of-health,mda_users_import
2026-09-02T22:08:21.201Z,3itNjRHpIQcFlz4ZJyNYOzzfnNY2,bulk-import-script,monte.provencal@mpe.gov.gh,mda_user,office-of-government-machinery,mda_users_import
2026-09-17T23:46:44.350Z,e8B07hQQA2fmqulKXLGd8rkMUzh1,bulk-import-script,sefakor.heloo@mod.gov.gh,mda_user,ministry-of-defence,capacity_building_users_import
2026-09-02T23:40:02.509Z,4z5ThqVQ0DXuXUQMTpU0ddshfxc2,bulk-import-script,charitymawusi37@gmail.com,mda_user,ministry-of-health,mda_users_import
2026-09-01T13:47:04.709Z,CYrQ1IAO8YMT9YAa1S7fmqUshgT2,bulk-import-script,billaiddi@yahoo.com,mda_user,west-akim-municipal,volta_serene_group56_users_import
2026-09-02T22:28:04.613Z,Q3eh2py5dZRHOr7ROoTZ30aSNeB2,bulk-import-script,rosetaylor@gmail.com,mda_user,ministry-of-health,mda_users_import
2026-09-24T09:45:58.445Z,VZtetiOGYtPFkR5mPtncCAY4VW93,bulk-import-script,doreen.annan@mint.gov.gh,mda_user,ministry-of-the-interior,interior_users_import
2026-09-17T23:48:24.633Z,RZ7CFXZdB8TeNOuK1QylhxqT8st2,bulk-import-script,nathaniel.nettey@nmc.gov.gh,mda_user,nursing-and-midwifery-council,capacity_building_users_import
2026-09-02T22:01:24.205Z,10wdq9yLpnfG9SzfEZcH3MlhbAc2,bulk-import-script,matilda.dichem@ndpc.gov.gh,mda_user,national-development-planning-commission,mda_users_import
2026-09-02T21:52:48.272Z,PjkIij6CRwh85aQQO8kKGoKdOev2,bulk-import-script,akasimpliciti@gmail.com,mda_user,ministry-of-trade-and-industry,mda_users_import
2026-09-02T23:25:10.147Z,XpyxCALCmPV6Gg4Is7WtRtKSLcR2,bulk-import-script,coilyg@yahoo.com,mda_user,national-labour-commission,mda_users_import
2026-09-17T23:22:35.105Z,fZVOGYYBA1NUHW4xZyeXQwXLvMq1,bulk-import-script,bagyane@mofep.gov.gh,mda_user,ministry-of-finance,capacity_building_users_import
2026-09-17T23:34:11.888Z,UKGCrDkq6KfPZGEnqXzgxsYlKps2,bulk-import-script,antoaniette.ahiakpah@gta.gov.gh,mda_user,ghana-tourism-authority,capacity_building_users_import
2026-09-02T22:47:19.640Z,0JsK0lfN2ffRIlvBDBPHz6YXI893,bulk-import-script,ckkpodo@gmail.com,mda_user,ministry-of-defence,mda_users_import
2026-09-17T23:14:08.627Z,QinqJOrsOfVDeoPeA355dAAxwpf2,bulk-import-script,elizabethaduanokye@gmail.com,mda_user,ministry-of-trade-and-industry,capacity_building_users_import
2026-09-01T13:46:18.799Z,LruIeDRzIGTHeULvkdukEmfy0zi2,bulk-import-script,kofi.eshun@okda.gov.gh,mda_user,okere-district,volta_serene_group56_users_import
2026-09-02T21:39:46.714Z,P53u0SRETyTqcSPS9R3pl6BCuXD2,bulk-import-script,samuel_ff@yahoo.com,mda_user,ministry-of-local-government,mda_users_import
2026-09-02T22:54:43.889Z,ybnL5VLx0rT1vFb2kcHIZR9hpQo1,bulk-import-script,abednego.pappoe@fishcom.gov.gh,mda_user,ministry-of-fisheries-aqua-culture-development,mda_users_import
2026-09-02T23:16:01.356Z,ZgPH3LysPOcHShWKEbRsZ1Wd2B13,bulk-import-script,antiaye80@gmail.com,mda_user,ministry-of-works-and-housing,mda_users_import
2026-09-02T21:29:05.125Z,5PJVxZFaT7cYh5cOuPCt1hg1l9j1,bulk-import-script,leohesse04@gmail.com,mda_user,ministry-of-employment-and-labour-relations,mda_users_import
2026-09-24T09:49:55.265Z,qYbYWr6tJMe4Q3IhrEwDpJY9riA3,bulk-import-script,isaac.sam@peacecouncil.gov.gh,mda_user,national-peace-council,interior_users_import
2026-09-18T15:34:50.454Z,tRRTCgtHtLaYh6HHPG54mTT2bel2,bulk-import-script,augustine.missah@tenda.gov.gh,mda_user,techiman-north-district,group1516_users_import
2026-09-02T22:50:34.859Z,lnUZiA43Q1NjalY6NcnInvyrutM2,bulk-import-script,michael.quaique@nacca.gov.gh,mda_user,ministry-of-education,mda_users_import
2026-09-02T22:21:05.869Z,odP7CIDII2XaBINpusGODxuiIfK2,bulk-import-script,freemanfk@yahoo.com,mda_user,ministry-of-health,mda_users_import
2026-09-17T23:16:21.772Z,GcrgTvFZNBdB7zIMm11lElFKlR13,bulk-import-script,seth.gyeketey@mogcsp.gov.gh,mda_user,ministry-of-gender-children-and-social-protection,capacity_building_users_import
2026-09-02T21:56:00.688Z,z5CkL1opSqYNJ9w0Z3qGjzPnLQB2,bulk-import-script,clementdarker@gmail.com,mda_user,ministry-of-works-and-housing,mda_users_import
2026-09-17T23:23:57.313Z,nV0gOlEonDV1BGVyO4e36usPuwx1,bulk-import-script,alquist97@gmail.com,mda_user,ministry-of-gender-children-and-social-protection,capacity_building_users_import
2026-09-02T23:41:03.116Z,UwCQE5xdLJRgK9nO1OyiN7kzDkU2,bulk-import-script,oware.derrick@yahoo.com,mda_user,ministry-of-health,mda_users_import
2026-09-15T11:47:21.419Z,kYmr8F9RoiPIiIDQinWfLUMxYGA2,bulk-import-script,paul.boadu@seda.gov.gh,mda_user,sekyere-east-district,ashanti_users_import
2026-09-17T23:23:05.994Z,HflUTBy65Egpjg5YklBbhniRgVl1,bulk-import-script,kadu@mofep.gov.gh,mda_user,ministry-of-finance,capacity_building_users_import
2026-09-17T23:04:48.609Z,6heJXCn8eJWuqnbiWFN0n7nekn03,bulk-import-script,elsieklufio@yahoo.co.uk,mda_user,ministry-of-tourism-culture-and-creative-arts,capacity_building_users_import
2026-09-02T23:38:46.851Z,OG0FHox4JIMEPO0fLtjdAC9Q4pD3,bulk-import-script,bnanemeh234@gmail.com,mda_user,ministry-of-health,mda_users_import
2026-09-22T13:06:13.529Z,zcujbeOusjZvDF6q9ccqSmwq2NI3,bulk-import-script,nurideen.saeed@wamunicipal.gov.gh,mda_user,wa-municipal,group17_users_import
2026-09-17T23:29:22.175Z,XDUCGkCnObU3m2euW6KuAKwowpL2,bulk-import-script,felix.atse@ewastefund.gov.gh,mda_user,electrical-and-electronic-waste-management-fund,capacity_building_users_import
2026-09-02T23:28:37.453Z,ytIM1nOJdDble0BP1rbSdDJ2qct1,bulk-import-script,maame.samma-peprah@orc.gov.gh,mda_user,office-of-the-attorney-general-and-ministry-of-justice,mda_users_import
2026-09-02T23:51:13.688Z,nodWZgTLXzQH3qu0PYorRrPYevn2,bulk-import-script,samuel.manu@ghs.gov.gh,mda_user,ministry-of-health,mda_users_import
2026-09-17T23:43:54.943Z,hVk6VBDHfle46xhp5EDM3X85O8w2,bulk-import-script,nafisah.kadri@mogcsp.gov.gh,mda_user,ministry-of-gender-children-and-social-protection,capacity_building_users_import
2026-09-17T23:44:07.523Z,4UaH9sWyNAQZYzNbhOo55nbvLPT2,bulk-import-script,iabdulaziz67@yahoo.com,mda_user,commission-on-human-rights-and-administrative-justice,capacity_building_users_import
2026-09-02T22:59:08.558Z,sxpUJKjX7bRHthE0hImT0xmNH3u1,bulk-import-script,rashmufti653@gmail.com,mda_user,ministry-of-local-government,mda_users_import
2026-09-17T23:26:31.190Z,KeZEocOB7uVh7NeR2ioNrVI62ev1,bulk-import-script,edith.ababio-amoah@unescoghana.gov.gg,mda_user,ghana-commission-for-unesco,capacity_building_users_import
2026-09-17T23:22:57.550Z,sCJXtxipQLMuJ9eU12nDlsheaDH3,bulk-import-script,ruhidawuni321@gmail.com,mda_user,ministry-of-transport,capacity_building_users_import
2026-09-02T23:39:56.827Z,pl3REvDwuMgdlmD3qbQ9L7w9kh73,bulk-import-script,silorm@yahoo.com,mda_user,ministry-of-health,mda_users_import
2026-09-02T22:54:13.325Z,rWskFkZDjiZUo7EtH1mXUyhW5Gg1,bulk-import-script,john.young@gaec.gov.gh,mda_user,ministry-of-environment-science-technology-and-innovation,mda_users_import
2026-09-17T22:59:02.886Z,TVzIY29LoSRn8CTb9yi1i9bGt4G2,bulk-import-script,frank.adigbo1974@gmail.com,mda_user,ministry-of-environment-science-technology-and-innovation,capacity_building_users_import
2026-09-02T23:09:16.522Z,W8DZILZj33UEZ2A9m6iP9snM2FB2,bulk-import-script,fafianko@nscs.gov.gh,mda_user,ministry-of-the-interior,mda_users_import
2026-09-02T22:45:15.610Z,BSVyzYK4MzMiUit5WDSvVCJx7fJ3,bulk-import-script,isaac.sam@csa.gov.gh,mda_user,ministry-of-communication-and-decentralization,mda_users_import
2026-09-02T21:13:43.446Z,jJeRDo6gtvY53C9Dcch9XQLwPAk2,bulk-import-script,benjamin.sumabe@audit.gov.gh,mda_user,audit-service,mda_users_import
2026-09-02T23:13:55.286Z,5MclCmYCt0V92chPc39SfdtO0al1,bulk-import-script,anabellaarthur@gmail.com,mda_user,ministry-of-transport,mda_users_import
2026-09-02T21:44:21.814Z,8oJxPGjsfRR3WKirf6V5VbCmDda2,bulk-import-script,caquah@nsbnc.org,mda_user,ministry-of-the-interior,mda_users_import
2026-09-17T23:11:43.475Z,3apFf9IDFncwWT244KhloG2JsQG2,bulk-import-script,dynanickyden@gmail.com,mda_user,central-regional-coordinating-council,capacity_building_users_import
2026-09-18T15:35:08.536Z,940fwLJTKKbkGiV1N7AzjMpLGsX2,bulk-import-script,james.boakye@nksma.gov.gh,mda_user,nkoranza-south-municipal,group1516_users_import
2026-09-02T21:21:25.998Z,zijp4MGE0yMLfuFgw2um31wMdEh1,bulk-import-script,christian.koramoah@ges.gov.gh,mda_user,ministry-of-education,mda_users_import
2026-09-08T10:41:15.828Z,zNEHOp2FDUMJa2GZ7WbDTIQ4Uq73,bulk-import-script,georgina.appeadu@weda.gov.gh,mda_user,wassa-east-district,gbmsupport_users_import
2026-09-02T22:59:17.917Z,BDckEUfuEvhFfPCJ01hMNRiB42W2,bulk-import-script,danielkpodo24@gmail.com,mda_user,ministry-of-local-government,mda_users_import
2026-09-02T21:47:49.858Z,09NRI8Oqv3c7cGRJNFhxhMwbQSO2,bulk-import-script,georgeamoh@ymail.com,mda_user,ministry-of-the-interior,mda_users_import
2026-09-17T23:16:46.757Z,3yn7AAsNpnNEHXXjuST3AYLHvS73,bulk-import-script,albertoyk@yahoo.com,mda_user,gratis-foundation,capacity_building_users_import
2026-09-02T23:36:12.141Z,aoMlb0ovvxS5gXJPUg5ev6OBLFB3,bulk-import-script,sokai@mofep.gov.gh,mda_user,ministry-of-finance,mda_users_import
2026-09-04T13:39:11.840Z,T7lQzRblzhdCgz3OHWvnRMcf1hQ2,bulk-import-script,sophia.azure@tolon.gov.gh,mda_user,tolon-district,volta_serene_group78_users_import
2026-09-02T21:36:01.294Z,KvDd5ENdbrYsDYyRy6kdeeF9lyt1,bulk-import-script,kitty.okyere@mogcsp.gov.gh,mda_user,ministry-of-gender-children-and-social-protection,mda_users_import
2026-09-04T13:38:41.473Z,1LDKBONuHcP7oSoiw8tNmGfodby2,bulk-import-script,imoro.ruhaima@saveluguma.gov.gh,mda_user,savelugu-district,volta_serene_group78_users_import
2026-09-17T23:17:11.513Z,6NvQtWfc7RMCwFt6nd3ObMLfg4E2,bulk-import-script,paul.boye@gipa.gov.gh,mda_user,ghana-investment-promotion-authority,capacity_building_users_import
2026-09-02T22:29:54.455Z,OsJcIE4NCXP9VUI2MG2u11RGHfb2,bulk-import-script,marian.timbillah@myde.gov.gh,mda_user,ministry-of-youth-development-and-empowerment,mda_users_import
2026-09-02T22:20:13.253Z,WH1X2n8ldOXakHkiMophzIkjBUg1,bulk-import-script,aķudzidzi88@gmail.com,mda_user,ministry-of-health,mda_users_import
2026-09-02T21:36:16.085Z,P2oPjfHYQxMEXE3GiGazS30mYWi2,bulk-import-script,adwoakwakye2020@gmail.com,mda_user,ministry-of-local-government,mda_users_import
2026-09-02T22:12:19.536Z,JKTWH9KY7CPPFIWVBsMzPro6DBG3,bulk-import-script,alfredowusu@yahoo.com,mda_user,ministry-of-finance,mda_users_import
2026-09-02T21:31:53.370Z,qXiZEi0Cd9ekwgEJcRD12ZBQs2N2,bulk-import-script,mabel.danquah@ewastefund.gov.gh,mda_user,ministry-of-environment-science-technology-and-innovation,mda_users_import
2026-09-01T13:47:02.133Z,BaBZ1AxSFnVVsoVyEKcmlRLOS832,bulk-import-script,fdazugo@gmail.com,mda_user,upper-west-akyem-district,volta_serene_group56_users_import
2026-09-17T23:40:17.209Z,0V4UhdXpgIRY0TapZwGKMreZIKm2,bulk-import-script,actionken@yahoo.com,mda_user,ministry-of-education,capacity_building_users_import
2026-09-02T22:47:23.445Z,qYD3GJJTJIVxQWwrCYtXBYMi5qn2,bulk-import-script,isaac.nana-takyi@mod.gov.gh,mda_user,ministry-of-defence,mda_users_import
2026-09-17T23:27:11.046Z,lPpq7be3n5PYvU4dr4GsZa5Zt2b2,bulk-import-script,bertha.hagble@cagd.gov.gh,mda_user,controller-and-accountant-general-s-department,capacity_building_users_import
2026-09-02T22:27:05.484Z,cgcrPlLEmQgWZ7zPO0qojNzX9Kj2,bulk-import-script,osae.abigail.afua@gmail.com,mda_user,ministry-of-health,mda_users_import
2026-09-17T23:32:33.371Z,fmtYpQhPCSeXJSU8JEwRH3gKuWT2,bulk-import-script,aparry@energycom.gov.gh,mda_user,energy-commission,capacity_building_users_import
2026-09-02T22:26:29.811Z,X0H5TFFVjlOeaQqjI6crMG0EGO23,bulk-import-script,malikharuna30@yahoo.com,mda_user,ministry-of-health,mda_users_import
2026-09-02T22:55:16.131Z,QgC0AHIyChSdNPeg0HCp7GmXFvH2,bulk-import-script,justiceaddel@gmail.com,mda_user,ministry-of-fisheries-aqua-culture-development,mda_users_import
2026-09-17T23:18:47.303Z,sAcU0Iy2tMbaINglcteUrP0xXZz2,bulk-import-script,smahama47@gmail.com,mda_user,national-folklore-board,capacity_building_users_import
2026-09-02T23:50:39.387Z,bi2DzP8bKSeUsPSRbB5tMJ7KaLF2,bulk-import-script,tcl1063@gmail.com,mda_user,ministry-of-health,mda_users_import
2026-09-02T23:03:40.272Z,AxVNTPCZOih8lou0K2H9LIU04uS2,bulk-import-script,atuahenethomas@yahoo.com,mda_user,ministry-of-local-government,mda_users_import
2026-09-17T23:35:11.459Z,IyHbalMiCRWCDZ3EtCzvisynYyD2,bulk-import-script,bright.boateng@csa.gov.gh,mda_user,cyber-security-authority,capacity_building_users_import
2026-09-02T21:59:02.900Z,lw7HatgbC6P2WjWsY4XrTgy7u6E2,bulk-import-script,alberta.dormenu@moi.gov.gh,mda_user,ministry-of-lands-and-natural-resources,mda_users_import
2026-09-17T23:31:22.336Z,x6luwVRvIYcbXjqCFEvonmd0icB3,bulk-import-script,raymondsackey27@yahoo.com,mda_user,ghana-refugee-board,capacity_building_users_import
2026-09-02T22:05:05.975Z,wDnS2D0nR1SuHlYVMIzEBbiZIIl2,bulk-import-script,comariboateng@yahoo.com,mda_user,office-of-government-machinery,mda_users_import
2026-09-02T22:08:10.289Z,dGSzVwCH4de0uMs8651PrKZ86wh1,bulk-import-script,michael.attah@spd.gov.gh,mda_user,office-of-government-machinery,mda_users_import
2026-09-17T22:59:35.549Z,rxJyH9ntrMeN7fpc4gGpV3hrU4G3,bulk-import-script,bernice.ampofo@gepa.gov.gh,mda_user,ghana-export-promotion-authority,capacity_building_users_import
2026-09-18T15:33:35.779Z,Yx72NUnhsMZ55FvWfJwLCszQcVI2,bulk-import-script,mohoammed.yusif@pwda.gov.gh,mda_user,pru-west-district,group1516_users_import
2026-09-02T21:36:20.145Z,0sQ56AXIPlPk1CUsS1ejEi2aP102,bulk-import-script,saeedayisha1@gmail.com,mda_user,ministry-of-local-government,mda_users_import
2026-09-11T13:53:57.633Z,sYqWkPJnjHb5l5cCmKGPMyW6p0t2,bulk-import-script,ernest.attobrah@bma.gov.gh,mda_user,bekwai-municipal,volta_serene_group1112_users_import
2026-09-17T22:58:37.111Z,bWqRUGdyLcZXboQ4tX0YT4EDknM2,bulk-import-script,samueloforituga23@gmail.com,mda_user,ghana-police-service,capacity_building_users_import
2026-09-02T23:15:43.944Z,67LG6KW2lVYBRSg5H4TsuMXtT402,bulk-import-script,priscilla.n.adu-gyamfi@ghanamaritime.gov.gh,mda_user,ministry-of-transport,mda_users_import
2026-09-02T21:48:56.108Z,hL1uSRuAyVNzEAaqo2CQvTmykfr2,bulk-import-script,pagyeman65@gmail.com,mda_user,ministry-of-the-interior,mda_users_import
2026-09-17T23:31:09.782Z,ON3BrNeb29bsmASdVztSdPDyQwH2,bulk-import-script,abigail.otoo@chraj.gov.gh,mda_user,commission-on-human-rights-and-administrative-justice,capacity_building_users_import
2026-09-17T23:40:11.482Z,zFBCOWo22BQTF7f2yU1a8rjB76m2,bulk-import-script,kwadwoantwi629@gmail.com,mda_user,ghana-prisons-service,capacity_building_users_import
2026-09-17T23:18:59.132Z,w0NumSIvHVPiPztPBmjLIJjULBX2,bulk-import-script,kwaku.agyei-larbi@dpc.gov.gh,mda_user,data-protection-commission,capacity_building_users_import
2026-09-17T23:13:21.175Z,zpv4xI9XISObWOVBcO7cRzc51s33,bulk-import-script,michael.aryeh@highways.gov.gh,mda_user,ghana-highway-authority,capacity_building_users_import
2026-09-02T23:19:39.688Z,CzZJgs0Ad1TzNzKyI7BBJAWcddS2,bulk-import-script,suglohelen@yahoo.com,mda_user,ministry-of-lands-and-natural-resources,mda_users_import
2026-09-02T22:24:56.139Z,b1Hlu67bvwSTwmqKiAUeguGtDer2,bulk-import-script,monarch27quao@gmail.com,mda_user,ministry-of-health,mda_users_import
2026-09-02T23:06:43.986Z,lI86nIhAkmcwLQmOxvQqaT1Zdtm2,bulk-import-script,samakuaku@yahoo.com,mda_user,ministry-of-roads-and-highways,mda_users_import
2026-09-18T15:29:46.573Z,wfdoHweItfSePrXDtmNAb2N1dW73,bulk-import-script,francisca.boateng@aaswda.gov,mda_user,ahafo-ano-south-west-district,group1516_users_import
2026-09-02T22:13:14.744Z,kdhylhhuL8Yv0kdYOJPBvSummp33,bulk-import-script,fquarshie@mofep.gov.gh,mda_user,ministry-of-finance,mda_users_import
2026-09-11T13:52:37.575Z,0cvRuyTVhmNNTfbBJ9hz1ZiMnkE2,bulk-import-script,ernest.daboh@aasma.gov.gh,mda_user,asante-akim-south-district,volta_serene_group1112_users_import
2026-09-02T23:40:31.934Z,WyQCc6zrs7cykTxjVzD6CPYtXrA2,bulk-import-script,dsesime@yahoo.co.uk,mda_user,ministry-of-health,mda_users_import
2026-09-17T23:35:28.526Z,F5VTX04rEahFx4iaEgUidOIQk0q1,bulk-import-script,aniaboeli@gmail.com,mda_user,national-road-safety-authority,capacity_building_users_import
2026-09-17T23:01:22.223Z,g75oBEOJz2SMEEc1TEAWPlYewBS2,bulk-import-script,sampson.ackaah@nhia.gov.gh,mda_user,national-health-insurance-authority-nhia,capacity_building_users_import
2026-09-02T23:35:24.154Z,EE4qc0U1uyZW8Wha9DwDeEfNs022,bulk-import-script,aaasante@mofep.gov.gh,mda_user,ministry-of-finance,mda_users_import
2026-09-02T22:30:16.302Z,tYPU6BpIm3VNqtgZp4E9LhMOz8a2,bulk-import-script,blessing.nelson@nss.gov.gh,mda_user,ministry-of-youth-development-and-empowerment,mda_users_import
2026-09-18T15:32:30.699Z,VjUNjiytkDZ41W9CaZYhAbr5xDW2,bulk-import-script,waye.evans@nkonda.gov.gh,mda_user,nkoranza-north-district,group1516_users_import
2026-09-02T21:30:55.341Z,LhjS7zwasdUB2nJvnhmwTAPDwJ42,bulk-import-script,florence.awuku@energymin.gov.gh,mda_user,ministry-of-energy,mda_users_import
2026-09-02T22:09:50.863Z,6Kn1GDRUyIe7UouPnTJlYszjO3B3,bulk-import-script,attahdoris1@gmail.com,mda_user,office-of-the-attorney-general-and-ministry-of-justice,mda_users_import
2026-09-17T23:20:23.558Z,e8B07hQQA2fmqulKXLGd8rkMUzh1,bulk-import-script,sefakor.heloo@mod.gov.gh,mda_user,ministry-of-defence,capacity_building_users_import
2026-09-17T23:12:39.416Z,cfV3GG8FAKbgiDxxSA0R2Sbj1xA3,bulk-import-script,prince.boateng@nacca.gov.gh,mda_user,national-council-for-curriculum-and-assessment,capacity_building_users_import
2026-09-02T23:24:37.903Z,9YAPYoOPtJMuJe4vXlQgiN4rCeP2,bulk-import-script,paul.effah@nhia.gov.gh,mda_user,national-health-fund,mda_users_import
2026-09-02T22:47:34.721Z,HQmdXFdMFRVPJe4a12BinGcXlht2,bulk-import-script,edemtayukt@yahoo.co.uk,mda_user,ministry-of-defence,mda_users_import
2026-09-02T23:08:55.462Z,dri68aFGUdTGcTrFWWBmaAcCl0r2,bulk-import-script,naaamanobea@gmail.com,mda_user,ministry-of-the-interior,mda_users_import
2026-09-02T21:48:58.171Z,FFuMzW4RGaSllQeZFFNJfARxMsj1,bulk-import-script,asarep746@gmail.com,mda_user,ministry-of-the-interior,mda_users_import
2026-09-17T23:21:10.884Z,kjL9pC5LDueLkeclNtaGvAjdwBZ2,bulk-import-script,agboediyh10@gmail.com,mda_user,ghana-tvet-service,capacity_building_users_import
2026-09-02T21:15:56.572Z,NhXreEL3SrNzijda8f5jiLogGXJ3,bulk-import-script,alexamoatey78@gmail.com,mda_user,judicial-service,mda_users_import
2026-09-17T23:41:25.446Z,ZegOKQOFxZXlosC8ExiPFxr2lzk1,bulk-import-script,isaiah.kwofie@fishcom.gov.gh,mda_user,fisheries-commission,capacity_building_users_import
2026-09-17T23:45:59.507Z,IlBQ9R0ErUevUUwHfXrvHctT8Zm1,bulk-import-script,marianedusei.yaa@gmail.com,mda_user,ghana-health-service,capacity_building_users_import
2026-09-02T23:20:58.985Z,c89lLLfTKcRjS9FfPkURkykqwF12,bulk-import-script,prince.baakoh@outlook.com,mda_user,ministry-of-lands-and-natural-resources,mda_users_import
2026-09-02T22:49:06.005Z,7oU4xV1IIqeVssLBeFAhAyOShFC3,bulk-import-script,eyeboah@gtec.edu.gh,mda_user,ministry-of-education,mda_users_import
2026-09-17T23:41:12.648Z,xb9zoKKWZUMqz4bOTjCKc5loWVu2,bulk-import-script,stephen.bonsu-mensah@gida.gov.gh,mda_user,ghana-irrigation-development-authority,capacity_building_users_import
2026-09-24T09:48:30.773Z,0UxfsHugl1bWOJTaSMGl5gUlnvE2,bulk-import-script,prince.frimpong@immigration.gov.gh,mda_user,ghana-immigration-service,interior_users_import
2026-09-17T23:09:26.081Z,nUYEVaWpllNUZ70LhgPMIaYGF3y2,bulk-import-script,agnes.ofori-yeboah@nba.gov.gh,mda_user,national-biosafety-authority,capacity_building_users_import
2026-09-17T23:48:45.408Z,fZVOGYYBA1NUHW4xZyeXQwXLvMq1,bulk-import-script,bagyane@mofep.gov.gh,mda_user,ministry-of-finance,capacity_building_users_import
2026-09-02T22:28:31.516Z,CYAOaS2pdBVgh2bGUkUdFREmnxF2,bulk-import-script,solomon.boateng@moh.gov.gh,mda_user,ministry-of-health,mda_users_import
2026-09-02T22:57:53.186Z,P2oPjfHYQxMEXE3GiGazS30mYWi2,bulk-import-script,adwoakwakye2020@gmail.com,mda_user,ministry-of-local-government,mda_users_import
2026-09-17T23:48:57.852Z,JHFQQHvLpdVOipdOswk00KTFWKE2,bulk-import-script,raofori@doc.gov.gh,mda_user,department-of-co-operatives,capacity_building_users_import
2026-09-17T23:11:59.585Z,mjeDmMGJOwQUfqJqfbVaoIuYRaB2,bulk-import-script,abedadomako@gmail.com,mda_user,national-council-for-curriculum-and-assessment,capacity_building_users_import
2026-09-17T23:38:01.079Z,tf7v6aKvppbajyhT9V1IggbnvoI2,bulk-import-script,gabynapoleon14@gmail.com,mda_user,labour-department,capacity_building_users_import
2026-09-15T11:47:13.567Z,qAqAvyRA6Be1f862W3EET23zCYp2,bulk-import-script,douglas.osei@scda.gov.gh,mda_user,sekyere-central-district,ashanti_users_import
2026-09-17T23:16:48.954Z,K81p92W5uYS6GVfP7enloNFIDvE3,bulk-import-script,roland.barnor@ohcs.gov.gh,mda_user,office-of-the-head-of-civil-service,capacity_building_users_import
2026-09-17T23:20:31.918Z,jJeRDo6gtvY53C9Dcch9XQLwPAk2,bulk-import-script,benjamin.sumabe@audit.gov.gh,mda_user,audit-service,capacity_building_users_import
2026-09-11T13:50:55.168Z,wNKTGgDq42QMqctvM9myLVvuArs2,bulk-import-script,victor.yemoh-ofoli@juada.gov.gh,mda_user,juaboso-district,volta_serene_group1112_users_import
2026-09-02T23:05:49.129Z,poUbrAq8MocI1LNWooeba240lbC2,bulk-import-script,gkladdison@gmail.com,mda_user,ministry-of-roads-and-highways,mda_users_import
2026-09-17T23:37:43.902Z,03yVKK5lUOfhe1cuEZZMsgIhRaK2,bulk-import-script,zinash4all@yahoo.com,mda_user,ghana-co-operative-college,capacity_building_users_import
2026-09-02T21:18:26.784Z,QUEXTIjNG2VvDfiI1LV96tsn9qt2,bulk-import-script,richardson.bortey@moc.gov.gh,mda_user,ministry-of-communication-and-decentralization,mda_users_import
2026-09-02T22:53:05.591Z,EFWnxHnk3Yem3szHhW3sUazuByC2,bulk-import-script,nanaantwi2@gmail.com,mda_user,ministry-of-employment-and-labour-relations,mda_users_import
2026-09-02T23:24:22.649Z,tJMFhLtMQ5OK9gxozbroI8hPVUE3,bulk-import-script,frank.atta-poku@nhia.gov.gh,mda_user,national-health-fund,mda_users_import
2026-09-02T23:51:39.718Z,uNO1qzKpHWfVJd1XRqlfaSrTACF2,bulk-import-script,theoyawson@gmail.com,mda_user,ministry-of-health,mda_users_import
2026-09-02T21:31:11.593Z,UaLUJnws29RLm6mzR3X8dtSPTqL2,bulk-import-script,solomon.adjetey@energymin.gov.gh,mda_user,ministry-of-energy,mda_users_import
2026-09-02T22:25:35.363Z,YHznEsSPHCTLuE3MNndnDa5tOio2,bulk-import-script,labilla@gcps.edu.gh,mda_user,ministry-of-health,mda_users_import
2026-09-02T22:15:41.141Z,GJda2VBx17SbuddR6M863K5MzvH2,bulk-import-script,samuel.esiamah@statsghana.gov.gh,mda_user,ministry-of-finance,mda_users_import
2026-09-17T23:09:09.796Z,j9iJj0DLs0SQVcTxkUGEKtHf6Y42,bulk-import-script,francisayahmint@gmail.com,mda_user,national-media-commission,capacity_building_users_import
2026-09-02T22:58:59.352Z,0sQ56AXIPlPk1CUsS1ejEi2aP102,bulk-import-script,saeedayisha1@gmail.com,mda_user,ministry-of-local-government,mda_users_import
2026-09-02T21:25:40.836Z,fetSuZMsCgeAFPR86pCXUdLZ48p1,bulk-import-script,joshua.kwawoo@gtvets.gov.gh,mda_user,ministry-of-education,mda_users_import
2026-09-15T11:47:55.230Z,8FQJLPc7KoWr0VkwBknO4iNjsQp2,bulk-import-script,richard.darkwa@skda.gov.gh,mda_user,sekyere-kumawu-district,ashanti_users_import
2026-09-02T21:28:37.837Z,fkpY6x2kMLTEAcjQzWrtpsty8xl1,bulk-import-script,dollar.agbenu@fairwages.gov.gh,mda_user,ministry-of-employment-and-labour-relations,mda_users_import
2026-09-17T23:45:56.882Z,3yojqPNRsNYfw6dlB61Nq3yMYLk1,bulk-import-script,edith.ababio-amoah@unescoghana.gov.gh,mda_user,ghana-commission-for-unesco,capacity_building_users_import
2026-09-02T22:19:36.735Z,5dqBYZxxNZY5iG07tSd99fOMgJj1,bulk-import-script,agyeidaniel420ad@gmail.com,mda_user,ministry-of-health,mda_users_import
2026-09-02T22:54:05.623Z,9noATgw0jsSA3SmUY3X3hQHV6Ur2,bulk-import-script,efua.kayang@nra.gov.gh,mda_user,ministry-of-environment-science-technology-and-innovation,mda_users_import
2026-09-08T10:39:12.103Z,96ENnXE04RalnkmRnMhbSMeQ0Q93,bulk-import-script,kingsley.nunoo@wrcc.gov.gh,mda_user,western-rba,gbmsupport_users_import
2026-09-17T23:37:33.338Z,mHTqT7etgFOmsGtLwqboSe0LTgV2,bulk-import-script,hayfordjkc@gmail.com,mda_user,ghana-prisons-service,capacity_building_users_import
2026-09-17T23:09:39.003Z,hHLZ1mD1MMg4mEEX572yH5o5Dkr1,bulk-import-script,interestabi3@gmail.com,mda_user,centre-for-national-distance-learning-and-open-schooling-cendlos,capacity_building_users_import
2026-09-02T23:27:03.637Z,SQHiQ7m8yMZ9fftNOmt8E0obEm12,bulk-import-script,tedumadze@imccod.gov.gh,mda_user,office-of-government-machinery,mda_users_import
2026-09-18T15:27:48.625Z,nw1BhcMdEbbgUJfGJNnHaEd3lFD3,bulk-import-script,dorablessntreh@aada.gov.gh,mda_user,adansi-asokwa-district,group1516_users_import
2026-09-02T23:24:20.743Z,phk4VccwYvamsyi0XgnfkSzRSsw2,bulk-import-script,eric.yeboah@nhia.gov.gh,mda_user,national-health-fund,mda_users_import
2026-09-02T23:03:51.555Z,3SrrTaBKjyeYVFFSsEvE8I5lHaU2,bulk-import-script,afetsi.avege@dur.gov.gh,mda_user,ministry-of-roads-and-highways,mda_users_import
2026-09-17T23:33:56.035Z,urlXSCJBIzWdP2qJeAKnB1lPnLw1,bulk-import-script,jerome.avornyo@csa.gov.gh,mda_user,cyber-security-authority,capacity_building_users_import
2026-09-02T23:43:36.500Z,6OK9kFVvI7QdWVlPCDcy5P1pJ1G3,bulk-import-script,fgee2@yahoo.com,mda_user,ministry-of-health,mda_users_import
2026-09-15T11:46:03.964Z,huyCSV3tZDTBhCAZPzHsdFMxmDt1,bulk-import-script,kweku.opoku@ofma.gov.gh,mda_user,offinso-municipal,ashanti_users_import
2026-09-02T21:20:57.738Z,M9a2JqecHWY61FWoHiQjZy5INa83,bulk-import-script,isaac.appoh@ncca.gov.gh,mda_user,ministry-of-education,mda_users_import
2026-09-02T21:17:11.107Z,zZFuqihWgEhj8ogDyEZXFLy9rVb2,bulk-import-script,austin.hesse@moc.gov.gh,mda_user,ministry-of-communication-and-decentralization,mda_users_import
2026-09-02T22:09:25.901Z,tFoxGTgyWjasTUoeRW6sjpsCPRX2,bulk-import-script,ashiteyarmah012507@gmail.com,mda_user,office-of-government-machinery,mda_users_import
2026-09-02T22:20:23.484Z,BmNDqKDHX9YbfDYECAB6QUrpzU42,bulk-import-script,emmanuel.adusei@ghs.gov.gh,mda_user,ministry-of-health,mda_users_import
2026-09-17T23:32:09.612Z,Z2PudjsihAYzS3J4UUETXUOTcBF2,bulk-import-script,bendo2g9@yahoo.com,mda_user,ghana-tourism-authority,capacity_building_users_import
2026-09-02T23:27:31.548Z,CfTZgBsATASnMXsHlDgCLhZ7RPj2,bulk-import-script,erictawiah@spd.gov.gh,mda_user,office-of-government-machinery,mda_users_import
2026-09-04T13:40:43.275Z,7dQVTyXwvceX9cJibzeeHHFbw1g1,bulk-import-script,awuffor.amidu@wgda.gov.gh,mda_user,west-gonja-district,volta_serene_group78_users_import
2026-09-02T21:49:02.622Z,0UxfsHugl1bWOJTaSMGl5gUlnvE2,bulk-import-script,prince.frimpong@immigration.gov.gh,mda_user,ministry-of-the-interior,mda_users_import
2026-09-02T23:36:34.326Z,LD15sDQ7xOY3rjfVar4dlWFrvK93,bulk-import-script,allenseth.anku@ghs.gov.gh,mda_user,ministry-of-health,mda_users_import
2026-09-17T23:18:53.537Z,IYAVKMdzSKhoLJwoR6WR9ih1TyS2,bulk-import-script,anthony.ocran@oag.gov.gh,mda_user,office-of-the-administrator-general,capacity_building_users_import
2026-09-15T11:50:10.362Z,JAqVMtpyndWZ6aGuTVg396u2LII2,bulk-import-script,yaa.acheampong@kma.gov.gh,mda_user,kumasi-metropolis,ashanti_users_import
2026-09-02T23:44:01.959Z,OICKOaQ09vbvDpIgWQyZkVRBaNr2,bulk-import-script,gideon.tandoh@ghs.gov.gh,mda_user,ministry-of-health,mda_users_import
2026-09-17T23:46:12.399Z,u7Au8oxTe4ZSjbj2IJIykjoVAnb2,bulk-import-script,lois.dzamesi@ctvet.gov.gh,mda_user,ghana-tvet-service,capacity_building_users_import
2026-09-02T22:06:46.029Z,QV7bjF2E6CRZH0P05MAC97iAFI42,bulk-import-script,renny.ashai@yahoo.com,mda_user,office-of-government-machinery,mda_users_import
2026-09-04T13:39:57.128Z,ZaKmJ678dmV3WxaFdsZYeUMTlMv1,bulk-import-script,habdulsamin@gmail.com,mda_user,east-gonja-municipal,volta_serene_group78_users_import
2026-09-08T10:40:29.273Z,3IhmeVJlMkhCucHBS9bnKZdzh7n2,bulk-import-script,afua.amankwaah@stma.gov.gh,mda_user,sekondi-takoradi-metropolis,gbmsupport_users_import
2026-09-17T22:57:35.315Z,JOpCDLd2E2XqZFIPmSFbO8WkCBp2,bulk-import-script,michael.sottie@ghs.gov.gh,mda_user,ghana-health-service,capacity_building_users_import
2026-09-02T22:26:03.281Z,AovAL0uuewOxJEylG4JyPw5zKRH3,bulk-import-script,anafumildred@gmail.com,mda_user,ministry-of-health,mda_users_import
2026-09-02T23:29:30.107Z,4M4DONJcZ6PQes5oGhNfiqDSZzk2,bulk-import-script,solomonamanor123@gmail.com,mda_user,office-of-the-head-of-civil-service,mda_users_import
2026-09-02T22:11:05.678Z,4M4DONJcZ6PQes5oGhNfiqDSZzk2,bulk-import-script,solomonamanor123@gmail.com,mda_user,office-of-the-head-of-civil-service,mda_users_import
2026-09-02T21:45:06.657Z,10Qxgz3HZUaE9Raf4BD2aCcLuSD2,bulk-import-script,emmanuel.amakye@ghanaprisons.gov.gh,mda_user,ministry-of-the-interior,mda_users_import
2026-09-02T23:09:54.224Z,U0dTYG0TwlMxjmygQ4dKn9I03RE3,bulk-import-script,kwasi.gk@gmail.com,mda_user,ministry-of-the-interior,mda_users_import
2026-09-02T21:49:12.841Z,2VCRaHUK2ZM3ZTdO2GDX2kSPqJ03,bulk-import-script,robert.akuoko@mint.gov.gh,mda_user,ministry-of-the-interior,mda_users_import
2026-09-08T10:40:05.789Z,Jn58XU3AgQgAhgvDCUWP80e9Uzk2,bulk-import-script,mensah_daniella@yahoo.com,mda_user,mpohor-district,gbmsupport_users_import
2026-09-02T21:32:19.547Z,cJBjzCqmYyQKXK4avmcua3aXaMh2,bulk-import-script,jacksonquansah@yahoo.com,mda_user,ministry-of-environment-science-technology-and-innovation,mda_users_import
2026-09-17T23:13:56.419Z,7M3ansDdpQh92LsYLP7J2XgmcWj1,bulk-import-script,magdalene.adams@oop.gov.gh,mda_user,office-of-the-president,capacity_building_users_import
2026-09-02T23:25:51.384Z,wDnS2D0nR1SuHlYVMIzEBbiZIIl2,bulk-import-script,comariboateng@yahoo.com,mda_user,office-of-government-machinery,mda_users_import
2026-09-02T22:25:16.359Z,797pri7trCdhTWw3OsS4jDQ7vG43,bulk-import-script,kwame.asamoah-okyere@fda.gov.gh,mda_user,ministry-of-health,mda_users_import
2026-09-04T13:37:36.278Z,HcOYgNabHDTaClukAcFee9Lv5D32,bulk-import-script,diabor.samata@miondistrict.gov.gh,mda_user,mion-district,volta_serene_group78_users_import
2026-09-04T13:38:01.308Z,5CTKRcIBiIakGUqD5oeZAQY0HXl1,bulk-import-script,abdulai.ibrahim@nnma.gov.gh,mda_user,nanumba-north-municipal,volta_serene_group78_users_import
2026-09-02T21:33:53.197Z,facUfEW6lZM2dB28TCfWrcs4wOV2,bulk-import-script,sheila.letsa@fishcom.gov.gh,mda_user,ministry-of-fisheries-aqua-culture-development,mda_users_import
2026-09-02T22:29:43.166Z,hHI22KuSBxQvTyVBmdFvLWQ1ZKV2,bulk-import-script,etogobo@gcps.edu.gh,mda_user,ministry-of-health,mda_users_import
2026-09-02T23:11:28.532Z,4I73wVbWyJMRAkxUCO5X43FuGGD2,bulk-import-script,gyirusaa24@gmail.com,mda_user,ministry-of-tourism-culture-and-creative-arts,mda_users_import
2026-09-02T22:20:43.864Z,W1ALljB5sxfYvmhJ4GNwsfban4m1,bulk-import-script,macdee360@gmail.com,mda_user,ministry-of-health,mda_users_import
2026-09-02T22:00:32.272Z,5atGIeVc4Na5tUv3jV1VYwpaEhQ2,bulk-import-script,kosekre@hotmail.com,mda_user,ministry-of-lands-and-natural-resources,mda_users_import
2026-09-17T23:01:06.339Z,FdDbbt6kiZPFOfleqhm2WwtFH5y2,bulk-import-script,rebecca.sam@smallarmscommission.gov.gh,mda_user,national-commission-on-small-arms-and-light-weapons,capacity_building_users_import
2026-09-24T09:48:00.476Z,SZYYBAv8FjWgXm4jM2lQu5JLpSm2,bulk-import-script,akorfa.asamoah@ncc.gov.gh,mda_user,narcotics-control-commission,interior_users_import
2026-09-02T22:28:21.501Z,fB7P6SX6vXXBjLJxCO5B2QH2a4G2,bulk-import-script,muuchae@gmail.com,mda_user,ministry-of-health,mda_users_import
2026-09-17T23:42:11.512Z,hMxdumkCw8Re2luaMYhj4xqsnSr1,bulk-import-script,akuedd@gmail.com,mda_user,gratis-foundation,capacity_building_users_import
2026-09-02T21:31:55.879Z,DCKKaxqTvye7SXb1eJo3jB8Q2R73,bulk-import-script,nanayaw.ofori-agyei@epa.gov.gh,mda_user,ministry-of-environment-science-technology-and-innovation,mda_users_import
2026-09-02T22:19:38.860Z,WyQCc6zrs7cykTxjVzD6CPYtXrA2,bulk-import-script,dsesime@yahoo.co.uk,mda_user,ministry-of-health,mda_users_import
2026-09-02T22:12:33.273Z,lPpq7be3n5PYvU4dr4GsZa5Zt2b2,bulk-import-script,bertha.hagble@cagd.gov.gh,mda_user,ministry-of-finance,mda_users_import
2026-09-17T23:08:18.378Z,KO5dSKrAhtWxUpCJjn8YE7fkyNu2,bulk-import-script,nanavirt@outlook.com,mda_user,council-for-scientific-and-industrial-research-csir,capacity_building_users_import
2026-09-02T23:28:12.725Z,vQtdViELSCcqOdRz1NTGtzjYCcR2,bulk-import-script,georgeannan504@gmail.com,mda_user,office-of-the-attorney-general-and-ministry-of-justice,mda_users_import
2026-09-02T23:23:15.458Z,NHjnonkbn9bCXJL2SuBS2FXcQHF2,bulk-import-script,theo4ub@yahoo.com,mda_user,ministry-of-lands-and-natural-resources,mda_users_import
2026-09-17T23:46:17.927Z,zO8ITU5ziLgOkgAToUW8yawcndl2,bulk-import-script,ahmed.adama@statsghana.gov.gh,mda_user,ghana-statistical-service,capacity_building_users_import
2026-09-02T21:15:37.818Z,Ihu5GSflbAYC7AxIH01FkWfFsL32,bulk-import-script,uniperso_gh@yahoo.com,mda_user,district-assemblies-common-fund,mda_users_import
2026-09-02T23:09:38.886Z,SxKuWqBS6oZ3Zs8sJPqkWsPBrb13,bulk-import-script,john.asubonteng@ncc.gov.gh,mda_user,ministry-of-the-interior,mda_users_import
2026-09-02T22:20:27.698Z,db65lLwbNOUSKkkye6iDdFKIRI93,bulk-import-script,boakyeamponsahebenezer@gmail.com,mda_user,ministry-of-health,mda_users_import
2026-09-11T13:51:50.837Z,yv8IQkmoCgTXro6hJ0G59XHjIED2,bulk-import-script,douglas.anyatewon@amansiewest.gov.gh,mda_user,amansie-west-district,volta_serene_group1112_users_import
2026-09-17T23:05:43.950Z,E0SRjl3rbkSQIAZC8jDzcdYKBH73,bulk-import-script,kofieyiah@yahoo.co.uk,mda_user,ministry-of-tourism-culture-and-creative-arts,capacity_building_users_import
2026-09-17T23:07:11.759Z,JmK9qa82aQg4k4ZDYLNtYSN7UH43,bulk-import-script,mumin.ibrahim21@gmail.com,mda_user,ministry-of-lands-and-natural-resources,capacity_building_users_import
2026-09-02T22:20:55.908Z,wUmyJr1JvJMGw0yoAxOI2koQSgd2,bulk-import-script,eoa25@yahoo.com,mda_user,ministry-of-health,mda_users_import
2026-09-02T23:50:52.643Z,ejoAUwIVDhbYiIYl6Q88gI08PXL2,bulk-import-script,yawsoja1@gmail.com,mda_user,ministry-of-health,mda_users_import
2026-09-02T23:42:25.424Z,y2rZoKyb8FYESCxkHsnSgTALFt22,bulk-import-script,kinneddy@gmail.com,mda_user,ministry-of-health,mda_users_import
2026-09-02T21:52:46.049Z,FaGaaW7pUtP9ZmBfnhXwfaXHVkM2,bulk-import-script,tina.asante@gsa.gov.gh,mda_user,ministry-of-trade-and-industry,mda_users_import
2026-09-24T09:47:34.228Z,2FiUrwTCtVYjOHKhSJlmW3M6QUt2,bulk-import-script,rita.yali@peacecouncil.gov.gh,mda_user,national-peace-council,interior_users_import
2026-09-02T23:05:23.539Z,eVliCJdFC2T8rmaCJuB24m9v7Iy2,bulk-import-script,antheaphanosdfr@gmail.com,mda_user,ministry-of-roads-and-highways,mda_users_import
2026-09-17T23:47:24.901Z,kjL9pC5LDueLkeclNtaGvAjdwBZ2,bulk-import-script,agboediyh10@gmail.com,mda_user,ghana-tvet-service,capacity_building_users_import
2026-09-02T21:20:13.639Z,ivarCwxsueOqPF2SHdSWxOKIDEr2,bulk-import-script,nanaamatenegyaa@gmail.com,mda_user,ministry-of-defence,mda_users_import
2026-09-02T21:50:16.944Z,Z2PudjsihAYzS3J4UUETXUOTcBF2,bulk-import-script,bendo2g9@yahoo.com,mda_user,ministry-of-tourism-culture-and-creative-arts,mda_users_import
2026-09-02T23:05:41.524Z,5Ce8eN2V96PDpvIaLzA6BEUFl3u2,bulk-import-script,odosueric@yahoo.co.uk,mda_user,ministry-of-roads-and-highways,mda_users_import
2026-09-02T22:11:10.173Z,8EQtKFxURGVTJw2P9lwS6YK21eC2,bulk-import-script,jude.akoto@osp.gov.gh,mda_user,office-of-the-special-prosecutor,mda_users_import
2026-09-17T23:20:07.850Z,p63KTaInZTe4AzfZAGN4IRnbrlM2,bulk-import-script,tetteh.jonathan@moe.gov.gh,mda_user,ministry-of-education,capacity_building_users_import
2026-09-17T23:42:19.409Z,vWzndJnoCpVzLvi2yYo5pYPgvum1,bulk-import-script,pamela.coke@ohcs.gov.gh,mda_user,office-of-the-head-of-civil-service,capacity_building_users_import
2026-09-17T23:21:36.181Z,XIA8KiQ47nfL0qS5yIDJRxkwF7k1,bulk-import-script,priscilla.afloe@gtvets.gov.gh,mda_user,ghana-tvet-service,capacity_building_users_import
2026-09-18T15:28:38.907Z,de30cT9uBsXlgTwg7mBmjzSBmI13,bulk-import-script,sam.agyeibaah@aknda.gov.gh,mda_user,afigya-kwabre-north-district,group1516_users_import
2026-09-02T22:54:50.494Z,MFBOrs0yD9cNBIz1qxQ02QUjwcv1,bulk-import-script,diana.smith@npfs.gov.gh,mda_user,ministry-of-fisheries-aqua-culture-development,mda_users_import
2026-09-02T21:48:07.507Z,ICwjlZ4hgPU1SFUloneQWl8yXDk1,bulk-import-script,joycem.adjah@immigration.gov.gh,mda_user,ministry-of-the-interior,mda_users_import
2026-09-02T22:25:30.745Z,GsfXfx5vcQaUaKRekiWZlg0dNOM2,bulk-import-script,kafui.odoi@ghs.gov.gh,mda_user,ministry-of-health,mda_users_import
2026-09-02T23:23:17.853Z,VpuWhbSiyBXr0lLcBNg0jCCvkiH2,bulk-import-script,nanbena@yahoo.com,mda_user,national-commission-on-civic-education,mda_users_import
2026-09-02T22:55:21.582Z,zgSVpHIp0EWlRSWfjpQrfWUlnm83,bulk-import-script,marian.kpakpah@mofad.gov.gh,mda_user,ministry-of-fisheries-aqua-culture-development,mda_users_import
2026-09-17T23:11:17.532Z,vxGKuPpSDOYqpjOvMC4PLu3uGpo1,bulk-import-script,roberta.ampadu@lgs.gov.gh,mda_user,office-of-the-head-of-local-government-service,capacity_building_users_import
2026-09-02T21:15:54.224Z,tfB6KCIycYSkZIYfgl0dD27ANtd2,bulk-import-script,papaniiafarigyan@gmail.com,mda_user,electoral-commission,mda_users_import
2026-09-02T21:32:24.972Z,gwFE2JiwKJcKgE1GWJ9vwlhdDni2,bulk-import-script,agnes.assan@fishcom.gov.gh,mda_user,ministry-of-fisheries-aqua-culture-development,mda_users_import
2026-09-17T23:13:42.063Z,Oqk5pkVD1ggN002oxjLQWZiWsyU2,bulk-import-script,amabrentu@gmail.com,mda_user,ministry-of-roads-and-highways,capacity_building_users_import
2026-09-02T21:42:41.174Z,nPZUvg8l0gRfn1OrFmJULrsyZmZ2,bulk-import-script,wahab1976@yahoo.com,mda_user,ministry-of-roads-and-highways,mda_users_import
2026-09-02T22:59:11.026Z,BSob1OXS0hRKOc5IqxMkDaCsfxs2,bulk-import-script,danielkadams@yahoo.com,mda_user,ministry-of-local-government,mda_users_import
2026-09-17T23:04:15.198Z,X0UJToifk5MGQV8A8zlWBa2f1Lr2,bulk-import-script,naomi.yirenkyi@moc.gov.gh,mda_user,ministry-of-communications-digital-technology-and-innovations,capacity_building_users_import
2026-09-02T22:14:19.190Z,R0nPn9ApToWGY4jQxOJuutNQ02B3,bulk-import-script,pchaayuor@mofep.gov.gh,mda_user,ministry-of-finance,mda_users_import
2026-09-02T22:00:37.626Z,temeaGypUMSSDcFoDg2DVuaU7R12,bulk-import-script,missypat09@gmail.com,mda_user,ministry-of-lands-and-natural-resources,mda_users_import
2026-09-17T23:16:13.254Z,PaBZkfgjrtfLrz5CzMh5NNQEtpx1,bulk-import-script,nuhuibrahim@yahoo.com,mda_user,ministry-of-food-and-agriculture,capacity_building_users_import
2026-09-17T23:21:39.067Z,1G0SelVZvFeAAKiqpvDsNlGSI4h2,bulk-import-script,samsontuglo@gmail.com,mda_user,ghana-tvet-service,capacity_building_users_import
2026-09-17T23:19:57.783Z,UhFBScIyKGfzjMLxXJhYKs37iCK2,bulk-import-script,anartey@mofep.gov.gh,mda_user,ministry-of-finance,capacity_building_users_import
2026-09-02T22:23:08.379Z,pe1oBe5fhTVKyrq3uPJTwrniNo12,bulk-import-script,ikeb30@yahoo.com,mda_user,ministry-of-health,mda_users_import
2026-09-17T23:18:30.310Z,vB3JEYi373aMm6UnAcyci5VNLZ62,bulk-import-script,asabea51@gmail.com,mda_user,ministry-of-sports-and-recreation,capacity_building_users_import
2026-09-02T22:02:28.236Z,Tw3dfMbBAvhoIUBuR9w3uLCcTpz2,bulk-import-script,george.asamoah-baah@nhia.gov.gh,mda_user,national-health-fund,mda_users_import
2026-09-17T23:21:41.465Z,9znXE1jpLGTROqjqfiYh3CUvJEI3,bulk-import-script,siino.issaka@osp.gov.gh,mda_user,office-of-the-special-prosecutor,capacity_building_users_import
2026-09-17T23:47:04.911Z,G17ALSgn4HfcS0pyNE15wUPHSmT2,bulk-import-script,bernard.bosomprah@nhia.gov.gh,mda_user,national-health-insurance-authority-nhia,capacity_building_users_import
2026-09-02T22:12:24.283Z,sDzohtswkZZTUfYYVRIOXseFnMo2,bulk-import-script,bismark.aborbi-ayitey@iaa.gov.gh,mda_user,ministry-of-finance,mda_users_import
2026-09-02T21:54:42.234Z,67LG6KW2lVYBRSg5H4TsuMXtT402,bulk-import-script,priscilla.n.adu-gyamfi@ghanamaritime.gov.gh,mda_user,ministry-of-transport,mda_users_import
2026-09-17T23:15:31.077Z,vWzndJnoCpVzLvi2yYo5pYPgvum1,bulk-import-script,pamela.coke@ohcs.gov.gh,mda_user,office-of-the-head-of-civil-service,capacity_building_users_import
2026-09-02T22:08:38.155Z,jxoikPoVCdQNDyFGp3MMtGds5op1,bulk-import-script,richmond.bosompem@mpe.gov.gh,mda_user,office-of-government-machinery,mda_users_import
2026-09-22T13:06:31.747Z,imd9WQ8nsHfQZSNNDnmS1y7QAvJ2,bulk-import-script,alhassanrazak765@gmail.com,mda_user,wa-west-district,group17_users_import
2026-09-02T22:26:10.121Z,evKb8qwqc8VEmrRDhof4VLeFSUW2,bulk-import-script,msmillygad@gmail.com,mda_user,ministry-of-health,mda_users_import
2026-09-22T13:04:20.143Z,UUdgBcp8spdcg2kkP5iAdYQ1Xpx1,bulk-import-script,davi.eranuoniba@uwrcc.gov.gh,mda_user,upper-west-arba,group17_users_import
2026-09-02T22:19:00.068Z,a84BOPRLCtNzp6yOHq5DHVBntIt1,bulk-import-script,dedenuer@gmail.com,mda_user,ministry-of-health,mda_users_import
2026-09-17T23:02:25.203Z,AJput5hE4DbyOuABJ7d5XjPvfks1,bulk-import-script,karenasiamah@gmail.com,mda_user,ministry-of-environment-science-technology-and-innovation,capacity_building_users_import
2026-09-17T23:23:19.767Z,02z3UtUBSPcaPIIw3c9P9JjForY2,bulk-import-script,jacob.aziathy@audit.gov.gh,mda_user,audit-service,capacity_building_users_import
2026-09-17T23:44:00.228Z,ydv3OeQJx0TKowR05K0E74yVNMR2,bulk-import-script,suleku.muniru@mfa.gov.gh,mda_user,ministry-of-foreign-affairs-and-regional-integration,capacity_building_users_import
2026-09-02T23:41:29.266Z,8dCWNtivlGhFRImt40IkU83xP3f1,bulk-import-script,kwakyekontork@gmail.com,mda_user,ministry-of-health,mda_users_import
2026-09-02T22:53:44.068Z,ILxGZ9VH4UYCA059hCDKovb0gWq2,bulk-import-script,isaac.biney@energymin.gov.gh,mda_user,ministry-of-energy,mda_users_import
2026-09-17T23:18:44.317Z,Q5ueocPR1PUwm1FAnl3eWNcrY633,bulk-import-script,kwadwo.boadu@gdnr.org.gh,mda_user,ghana-domain-name-registry,capacity_building_users_import
2026-09-02T23:03:12.092Z,lQUvEy1QF1ZI5kybdZ8vmTc7Cln1,bulk-import-script,sethkpodji@gmail.com,mda_user,ministry-of-local-government,mda_users_import
2026-09-02T22:53:37.830Z,LhjS7zwasdUB2nJvnhmwTAPDwJ42,bulk-import-script,florence.awuku@energymin.gov.gh,mda_user,ministry-of-energy,mda_users_import
2026-09-02T23:39:54.897Z,MSwmh9X0fdP3jHTZ5eUSbrZ3mQx2,bulk-import-script,bryancesy@gmail.com,mda_user,ministry-of-health,mda_users_import
2026-09-17T23:17:00.567Z,GkkZgUET1KMIIwnGt5kzKkkAwcH2,bulk-import-script,mashkaisa83@gmail.com,mda_user,ministry-of-gender-children-and-social-protection,capacity_building_users_import
2026-09-02T22:44:09.810Z,qSHHQbkP1nbOxbPtnQrGzX8NFNv1,bulk-import-script,horatius.bekoe@gi-kace.gov.gh,mda_user,ministry-of-communication-and-decentralization,mda_users_import
2026-09-17T23:39:46.613Z,47KEvhLdwbgNn63cfwNKTQOp6pr1,bulk-import-script,ali.yakubu@chag.org.gh,mda_user,christian-health-association-of-ghana,capacity_building_users_import
2026-09-08T10:39:14.523Z,oG0KhcBAyFctVT6HCjuVELQxtqY2,bulk-import-script,rhoda.danquah@wrcc.gov.gh,mda_user,western-arba,gbmsupport_users_import
2026-09-02T22:53:27.702Z,g3uvB5RlxNMesuVNk9yxeQ0B3Ky2,bulk-import-script,toni.aubynn@phdc.gov.gh,mda_user,ministry-of-energy,mda_users_import
2026-09-01T13:46:07.672Z,ejLkjRFgZ3OFOl4acGjWZGcszav2,bulk-import-script,annettenyarko3@gmail.com,mda_user,nsawam-adoagyiri-municipal,volta_serene_group56_users_import
2026-09-24T09:46:22.858Z,HlU0zPMhS8VFFLL34UUMbT3cef43,bulk-import-script,kwadwo.abeam@ghanaprisons.gov.gh,mda_user,ghana-prisons-service,interior_users_import
2026-09-17T23:18:22.449Z,TzxeLq8Dskf8hdLQmhHpVk6AcsV2,bulk-import-script,gabriel.dwumah@gi-kace.gov.gh,mda_user,ghana-india-kofi-annan-centre-of-excellence-in-ict-gi-kace,capacity_building_users_import
2026-09-02T22:03:52.962Z,1n5KSVpbsbaZEFt3bWT0ClWT7to1,bulk-import-script,dorasiwome@gmail.com,mda_user,office-of-government-machinery,mda_users_import
2026-09-17T23:10:39.636Z,T8eJ8HiKHIVtnn7A4PmFDNTH6wG3,bulk-import-script,omaneosei@gmail.com,mda_user,ministry-of-gender-children-and-social-protection,capacity_building_users_import
2026-09-02T22:43:59.726Z,ZYPnst2r9Vfy3jCmJbcUMIp7snp2,bulk-import-script,daniel.ormano@dataprotection.org.gh,mda_user,ministry-of-communication-and-decentralization,mda_users_import
2026-09-17T23:06:45.986Z,VjwCN0WC6yNN0vHJYZfaLfqGCmG2,bulk-import-script,doris.tsogbe@ncpd.gov.gh,mda_user,national-council-on-persons-with-disability,capacity_building_users_import
2026-09-17T23:46:23.070Z,UhFBScIyKGfzjMLxXJhYKs37iCK2,bulk-import-script,anartey@mofep.gov.gh,mda_user,ministry-of-finance,capacity_building_users_import
2026-09-02T23:06:42.018Z,hgN5fMjnbVcurL9rqhIcizXn6no1,bulk-import-script,rukkynayan@gmail.com,mda_user,ministry-of-roads-and-highways,mda_users_import
2026-09-02T22:12:48.883Z,w3sl0vgKpMSSEUydznTnJDDANPh2,bulk-import-script,dcollison@mofep.gov.gh,mda_user,ministry-of-finance,mda_users_import
2026-09-02T22:19:04.309Z,4z5ThqVQ0DXuXUQMTpU0ddshfxc2,bulk-import-script,charitymawusi37@gmail.com,mda_user,ministry-of-health,mda_users_import
2026-09-17T23:20:52.949Z,JTUxprYMloYDGCLwlTJgOTVLkqd2,bulk-import-script,isaac.appoh@nacca.gov.gh,mda_user,national-council-for-curriculum-and-assessment,capacity_building_users_import
2026-09-17T23:44:18.337Z,FfLPIzk6xGQbAJrhcQlQFaUEbYh2,bulk-import-script,genyahi@gmail.com,mda_user,national-council-on-persons-with-disability,capacity_building_users_import
2026-09-02T23:26:17.328Z,8i7aazcRRgW5Dy5LGNPFf1Qp4242,bulk-import-script,joseph.sarfo-mensah@masloc.gov.gh,mda_user,office-of-government-machinery,mda_users_import
2026-09-02T23:44:07.938Z,2ZJyouECnZOfJHFV4beBZyuX07k1,bulk-import-script,hjinadu27@gmail.com,mda_user,ministry-of-health,mda_users_import
2026-09-17T23:43:28.926Z,3yn7AAsNpnNEHXXjuST3AYLHvS73,bulk-import-script,albertoyk@yahoo.com,mda_user,gratis-foundation,capacity_building_users_import
2026-09-17T23:13:38.593Z,IEj05lBfkrRfU9IYILyMQwCI2SW2,bulk-import-script,stephieyankson@yahoo.com,mda_user,ministry-of-defence,capacity_building_users_import
2026-09-02T21:37:55.743Z,ns5B9iYEcdVzp4GUp4AEiDCqAp43,bulk-import-script,phycotay@yahoo.co.uk,mda_user,ministry-of-local-government,mda_users_import
2026-09-17T23:02:22.361Z,Rt3IAmB7apZobMM1TVRvLEQStMT2,bulk-import-script,iatregistrarsoffice@gmail.com,mda_user,institute-of-accountancy-training,capacity_building_users_import
2026-09-02T22:12:26.496Z,zO8ITU5ziLgOkgAToUW8yawcndl2,bulk-import-script,ahmed.adama@statsghana.gov.gh,mda_user,ministry-of-finance,mda_users_import
2026-09-02T21:33:17.362Z,ImzBHrpMlhQofIx2tZRKDLmtRTI3,bulk-import-script,joseph.ennin@fishcom.gov.gh,mda_user,ministry-of-fisheries-aqua-culture-development,mda_users_import
2026-09-17T23:49:29.045Z,02z3UtUBSPcaPIIw3c9P9JjForY2,bulk-import-script,jacob.aziathy@audit.gov.gh,mda_user,audit-service,capacity_building_users_import
2026-09-02T23:02:34.955Z,O6BWup4sRtdL2XhRAL1FGiEO8pc2,bulk-import-script,priscilla.attipoe@mlgcra.gov.gh,mda_user,ministry-of-local-government,mda_users_import
2026-09-02T22:57:09.624Z,kDF6i0hdsNhh44x8xYsGwICbz0k1,bulk-import-script,baffour.kyei@mfa.gov.gh,mda_user,ministry-of-foreign-affairs-and-regional-integration,mda_users_import
2026-09-02T22:43:15.705Z,Xh1DHqj4lRNyNRhGx1UW48NZ6UB2,bulk-import-script,vofosu2001@yahoo.com,mda_user,judicial-service,mda_users_import
2026-09-02T21:14:20.687Z,AwBP11h1HONSladkCJ1pqkdr0Hp2,bulk-import-script,akuamoah.boateng24@gmail.com,mda_user,commission-on-human-rights-and-administrative-justice,mda_users_import
2026-09-02T23:07:32.629Z,FZFt2sElHccel818LhJcy4BSgif1,bulk-import-script,daniel.brewu@immigration.gov.gh,mda_user,ministry-of-the-interior,mda_users_import
2026-09-02T21:52:43.821Z,niaxGaAMOkQqz3h4AUzfJZUXIQZ2,bulk-import-script,samuel.anokye-boakye@gea.gov.gh,mda_user,ministry-of-trade-and-industry,mda_users_import
2026-09-02T22:24:51.508Z,hxTvGOiEoybccFZRzbyIAnMK4v63,bulk-import-script,jeffmensah@gmail.com,mda_user,ministry-of-health,mda_users_import
2026-09-04T13:37:19.129Z,2Ahu5ZK1RWSTHOXM8KpJV2XR9ny2,bulk-import-script,sulemana.nurideen@karaga.gov.gh,mda_user,karaga-district,volta_serene_group78_users_import
2026-09-17T23:14:45.296Z,AwBP11h1HONSladkCJ1pqkdr0Hp2,bulk-import-script,akuamoah.boateng24@gmail.com,mda_user,commission-on-human-rights-and-administrative-justice,capacity_building_users_import
2026-09-15T11:48:44.773Z,eu9477MF7GWwTsvM8jBSlJGjLet1,bulk-import-script,gs.bansah@gmail.com,mda_user,suame-municipal,ashanti_users_import
2026-09-17T23:17:55.018Z,C6d4pArBOrd7QrrmB2Kyox91KLs1,bulk-import-script,george.asare@nca.org.gh,mda_user,national-communications-authority-nca,capacity_building_users_import
2026-09-02T23:48:12.391Z,ytEiAlr9SJdET198ce4aMmme5jj1,bulk-import-script,oliviamoore27@yahoo.com,mda_user,ministry-of-health,mda_users_import
2026-09-17T23:41:20.324Z,ijiYPXSDuEgKPyLy6vqn28FPAN13,bulk-import-script,kwesipossbley2017@gmail.com,mda_user,ahmadiyya-muslim-health-service-ghana,capacity_building_users_import
2026-09-22T13:04:56.251Z,24hdXnbnqMXWpK4Yi032hp65hLk2,bulk-import-script,razakfataw@gmail.com,mda_user,lambussie-karni-district,group17_users_import
2026-09-02T23:29:07.063Z,11IAQPj0PtQ50qtb4UdX5bPKTrn2,bulk-import-script,elliot.lamptey@ohcs.gov.gh,mda_user,office-of-the-head-of-civil-service,mda_users_import
2026-09-02T22:00:06.588Z,oOJhnLjENYa2xSD5A8CTRyjOFPy2,bulk-import-script,arwui@yahoo.com,mda_user,ministry-of-lands-and-natural-resources,mda_users_import
2026-09-02T22:18:29.929Z,cyuDjRX0A3fSdaYbAM897yVTXL33,bulk-import-script,mpck12@yahoo.com,mda_user,ministry-of-health,mda_users_import
2026-09-18T15:32:07.200Z,M05Oo2Ei9obouF46YUjBc9Rr04t1,bulk-import-script,lilian.owusuaa@ksda.gov.gh,mda_user,kintampo-south-district,group1516_users_import
2026-09-02T22:11:36.272Z,IHDg2MszIKWPdZCjZfdLStsYLC93,bulk-import-script,tinaik2002@yahoo.com,mda_user,public-services-commission,mda_users_import
2026-09-08T10:40:41.096Z,jQjHINqMd8Ww8E2fpkgIW2OXqiy2,bulk-import-script,kofi.opoku@shamadistrict.gov.gh,mda_user,shama-district,gbmsupport_users_import
2026-09-02T22:20:08.951Z,1JERTpUQCKOcsRm3WKk6Mf61Jbp1,bulk-import-script,dandanquah45@gmail.com,mda_user,ministry-of-health,mda_users_import
2026-09-17T23:46:59.983Z,OBQPWcLt1fQzoCsG8UdhX7vV63E3,bulk-import-script,lamp.loui@gmail.com,mda_user,ministry-of-education,capacity_building_users_import
2026-09-02T21:26:55.222Z,sV3Q6jkOwwXUzEsjrf0158TB5Ky2,bulk-import-script,samoah@gtec.edu.gh,mda_user,ministry-of-education,mda_users_import
2026-09-01T13:46:35.901Z,14cDzolRevTF1edHAr5gADTlsmJ2,bulk-import-script,ebo.kwakye@suma.gov.gh,mda_user,suhum-district,volta_serene_group56_users_import
2026-09-24T09:47:22.511Z,tp1REQJX77gqeHwTxevh6GDlz3Z2,bulk-import-script,ceciyamga@gmail.com,mda_user,ghana-national-fire-service,interior_users_import
2026-09-17T23:24:00.363Z,4ZIeqVqC7DYtRB5ay5NSrOdKMVR2,bulk-import-script,eric.adu-boahen@ohcs.gov.gh,mda_user,office-of-the-head-of-civil-service,capacity_building_users_import
2026-09-02T23:42:16.175Z,cGI0OsoVQ5ZmDmzyfgpfk6cneb42,bulk-import-script,ebenezer.yensu@ghs.gov.gh,mda_user,ministry-of-health,mda_users_import
2026-09-02T22:27:31.023Z,uWuMuGhC8yg8EoXswncuL22SzpI3,bulk-import-script,kwameansong17@gmail.com,mda_user,ministry-of-health,mda_users_import
2026-09-17T23:08:32.389Z,7Oi3wq38X7d90iPcCb9VJvQIpVf2,bulk-import-script,johnnyamedeka@yahoo.com,mda_user,council-for-scientific-and-industrial-research-csir,capacity_building_users_import
2026-09-02T21:53:23.743Z,1C5PQhHQoWVQ8fgIvFWzJPhF9LD3,bulk-import-script,eatetteh@gmail.com,mda_user,ministry-of-transport,mda_users_import
2026-09-02T23:25:48.237Z,ERVBLDv5FpYpLbvvAG8tQ7Kq5983,bulk-import-script,peacewalkghana@yahoo.com,mda_user,office-of-government-machinery,mda_users_import
2026-09-02T23:23:57.320Z,ffQBpdo1upeH0C5sb7wi1hWwC9H3,bulk-import-script,christian.donkor@nhia.gov.gh,mda_user,national-health-fund,mda_users_import
2026-09-02T23:10:06.442Z,Ma3TXXmGbfUjPb3fc6NpF3Kuybw1,bulk-import-script,nyarkomonica192@gmail.com,mda_user,ministry-of-the-interior,mda_users_import
2026-09-17T23:01:51.819Z,5iPj0bXk59eEd3F9wSPiMPm0PWn1,bulk-import-script,cmuzole39@gmail.com,mda_user,council-for-scientific-and-industrial-research-csir,capacity_building_users_import
2026-09-02T22:06:59.478Z,cP5ftHnhOnUCHmG8MaMMbHuel782,bulk-import-script,ltackie-yaoboi@mida.gov.gh,mda_user,office-of-government-machinery,mda_users_import
2026-09-17T23:09:23.235Z,sfJjJRldntMXXfhwaCaW4mfpEby2,bulk-import-script,kumilee2003@yahoo.co.uk,mda_user,ministry-of-lands-and-natural-resources,capacity_building_users_import
2026-09-02T22:41:33.297Z,84MEDv0abBexADN9s73fiZOblXc2,bulk-import-script,josephwhittal09@gmail.com,mda_user,commission-on-human-rights-and-administrative-justice,mda_users_import
2026-09-02T23:46:19.500Z,uMWfrP1qolQWfgjCCHdVMhj6CVj1,bulk-import-script,skwabla@yahoo.com,mda_user,ministry-of-health,mda_users_import
2026-09-02T21:52:19.059Z,3yn7AAsNpnNEHXXjuST3AYLHvS73,bulk-import-script,albertoyk@yahoo.com,mda_user,ministry-of-trade-and-industry,mda_users_import
2026-09-17T23:49:06.028Z,sCJXtxipQLMuJ9eU12nDlsheaDH3,bulk-import-script,ruhidawuni321@gmail.com,mda_user,ministry-of-transport,capacity_building_users_import
2026-09-17T23:13:44.679Z,hIV3MLnc0dhRjJfSxCwsEq7baRG2,bulk-import-script,esselemmanuel1000@gmail.com,mda_user,department-of-urban-roads,capacity_building_users_import
2026-09-02T23:24:03.174Z,DYApG4WyVph1Xajh1GuhtEXAm6T2,bulk-import-script,daniel.koomson@nhia.gov.gh,mda_user,national-health-fund,mda_users_import
2026-09-02T23:37:51.168Z,bfZi6w3wSsboLmtL0I5z80j34xl1,bulk-import-script,jonathan.marley@ghs.gov.gh,mda_user,ministry-of-health,mda_users_import
2026-09-02T22:57:13.515Z,BlaQZz1RqjWE65GIzscM8omS2HW2,bulk-import-script,irene.danquah@mfa.gov.gh,mda_user,ministry-of-foreign-affairs-and-regional-integration,mda_users_import
2026-09-02T21:39:40.549Z,vbkAGXTi2rZXBtgdyTYhbkvbimG3,bulk-import-script,sarah.boamahduah@lgs.gov.gh,mda_user,ministry-of-local-government,mda_users_import
2026-09-02T23:22:04.775Z,zJZHZmaQZwNhaZg4FViXL2xS76a2,bulk-import-script,solomon.boye@mlnr.gov.gh,mda_user,ministry-of-lands-and-natural-resources,mda_users_import
2026-09-02T21:49:10.826Z,2FiUrwTCtVYjOHKhSJlmW3M6QUt2,bulk-import-script,rita.yali@peacecouncil.gov.gh,mda_user,ministry-of-the-interior,mda_users_import
2026-09-17T23:18:38.583Z,W32vvVI6W2cYiCUiwcwHsiayuFL2,bulk-import-script,keren.osekre@ggsa.gov.gh,mda_user,ghana-geological-survey-authority,capacity_building_users_import
2026-09-01T13:45:14.076Z,al0SKVzEpEapsm3miRM7dTA19H82,bulk-import-script,edemabednego@gmail.com,mda_user,kwahu-south-district,volta_serene_group56_users_import
2026-09-02T23:41:06.951Z,zFGdAfIlGpbfFsnq7grXvrHbNrs2,bulk-import-script,ritadzitse@gmail.com,mda_user,ministry-of-health,mda_users_import
2026-09-02T23:41:25.524Z,687tfJd1BiSOsv0QqYk6InlT53o2,bulk-import-script,evancus1988@gmail.com,mda_user,ministry-of-health,mda_users_import
2026-09-02T23:40:53.624Z,epWjYcs8VMUFjLEdotf2NEw5fFx1,bulk-import-script,dorcas.boham@ghs.gov.gh,mda_user,ministry-of-health,mda_users_import
2026-09-02T23:08:53.618Z,v9tQsGMn3WZMLbvrggWZhV58bQh1,bulk-import-script,enock.amo@mint.gov.gh,mda_user,ministry-of-the-interior,mda_users_import
2026-09-02T23:32:24.589Z,oLxlSw4lcdcZHku19DxEwdao6kw1,bulk-import-script,adzadzra@mofep.gov.gh,mda_user,ministry-of-finance,mda_users_import
2026-09-02T23:36:38.115Z,GaRyHXw5sPVDwEiOzybv0Y0JAsJ3,bulk-import-script,aafiakorkor1@gmail.com,mda_user,ministry-of-health,mda_users_import
2026-09-02T21:19:32.899Z,Jmv5N7X6OaNmuh3f8FSUDL5oMo63,bulk-import-script,silvia.amoro@moc.gov.gh,mda_user,ministry-of-communication-and-decentralization,mda_users_import
2026-09-24T09:48:45.923Z,FdDbbt6kiZPFOfleqhm2WwtFH5y2,bulk-import-script,rebecca.sam@smallarmscommission.gov.gh,mda_user,national-commission-on-small-arms-and-light-weapons,interior_users_import
2026-09-17T23:07:37.661Z,o4M4vYEdE8Uwel2M12J9M36FwIk1,bulk-import-script,sylvester.wotordzor@orc.gov.gh,mda_user,office-of-the-registrar-of-companies,capacity_building_users_import
2026-09-02T23:06:57.302Z,SZYYBAv8FjWgXm4jM2lQu5JLpSm2,bulk-import-script,akorfa.asamoah@ncc.gov.gh,mda_user,ministry-of-the-interior,mda_users_import
2026-09-02T22:29:16.773Z,ryZK3PNwNPbKD3ZEcHyxkauDKU53,bulk-import-script,unitydeku@mail.com,mda_user,ministry-of-health,mda_users_import
2026-09-17T23:26:22.711Z,hHdsBnlGf6NU9p06MeDYx3KrHLq1,bulk-import-script,asiwome.dor@scholarships.gov.gh,mda_user,ghana-scholarships-authority,capacity_building_users_import
2026-09-02T23:42:19.848Z,odP7CIDII2XaBINpusGODxuiIfK2,bulk-import-script,freemanfk@yahoo.com,mda_user,ministry-of-health,mda_users_import
2026-09-17T23:02:56.436Z,ERzXNVtY5iZBS83TLotlAZdPHTv1,bulk-import-script,spasamoah@gmail.com,mda_user,council-for-scientific-and-industrial-research-csir,capacity_building_users_import
2026-09-18T15:27:53.047Z,U2khK3CDGzR0fm3wsPxkdaO12nY2,bulk-import-script,emmanuelessien@aada.gov.gh,mda_user,adansi-asokwa-district,group1516_users_import
2026-09-01T13:46:05.276Z,9vgItEW7EtOjXvu1HSQZVSXVXNh1,bulk-import-script,joanphyliss@gmail.com,mda_user,new-juaben-south-municipal,volta_serene_group56_users_import
2026-09-17T23:16:32.906Z,qrLKzWmP1cVtseV2y5QqGWt1Xj22,bulk-import-script,ato.arkhurst@gipa.gov.gh,mda_user,ghana-investment-promotion-authority,capacity_building_users_import
2026-09-17T23:28:26.165Z,O3o4hHYQs1Qj9gGhS4xtmltGFD52,bulk-import-script,sirmaths1983@gmail.com,mda_user,national-health-insurance-authority-nhia,capacity_building_users_import
2026-09-02T22:50:36.740Z,0oVs7LiKIlN50kWm8tTImww9wLW2,bulk-import-script,osei.assibey@nss.gov.gh,mda_user,ministry-of-education,mda_users_import
2026-09-17T23:07:20.759Z,3wSZqI0hLoXNNa9Qj7N4lHRDDdD3,bulk-import-script,ericusgarbi@gmail.com,mda_user,office-of-the-registrar-of-companies,capacity_building_users_import
2026-09-02T23:33:11.306Z,rNpf37a89cgUsPja1L1gEbhc0tx2,bulk-import-script,eyartey@mofep.gov.gh,mda_user,ministry-of-finance,mda_users_import
2026-09-02T21:27:04.677Z,jAWVHFIMnuZdchviv3e62M4T6UR2,bulk-import-script,stella.ntow@gtvets.gov.gh,mda_user,ministry-of-education,mda_users_import
2026-09-08T10:40:10.489Z,waRQy3wgS8TKEHRYsl3JSZNUMYF2,bulk-import-script,owusur780@gmail.com,mda_user,mpohor-district,gbmsupport_users_import
2026-09-01T13:44:48.833Z,v77w3WtstBQCKB1LnIk5BWOwsCh2,bulk-import-script,tetteh.felix@kapsda.gov.gh,mda_user,kwahu-afram-plains-south-district,volta_serene_group56_users_import
2026-09-17T23:34:53.137Z,3wSZqI0hLoXNNa9Qj7N4lHRDDdD3,bulk-import-script,ericusgarbi@gmail.com,mda_user,office-of-the-registrar-of-companies,capacity_building_users_import
2026-09-02T23:32:59.896Z,qM94ZIVU0dXF2QCSUx4TGKRDkMh2,bulk-import-script,daniel.otoo@ppa.gov.gh,mda_user,ministry-of-finance,mda_users_import
2026-09-17T23:00:32.988Z,7zgPqNNq46MdjjQXsALBxaPvO4b2,bulk-import-script,isaac.aidoo@fishcom.gov.gh,mda_user,fisheries-commission,capacity_building_users_import
2026-09-17T23:19:11.430Z,PFxuiUCXx3aMKUwDyaBClPM4qyE3,bulk-import-script,linda.akrobor@dpc.gov.gh,mda_user,data-protection-commission,capacity_building_users_import
2026-09-02T22:50:06.298Z,shgCpq3ntBhEsVsLmlgREz81LOr1,bulk-import-script,kelvin.tetteh@nss.gov.gh,mda_user,ministry-of-education,mda_users_import
2026-09-17T23:44:26.154Z,KFB1KIeBxShocBvV7BXEAa3VI2g1,bulk-import-script,fktorttoh@outlook.com,mda_user,lands-commission,capacity_building_users_import
2026-09-22T13:05:59.967Z,Kj7UWGrVEKYP8Ec3PbXrsypdToI2,bulk-import-script,maurice.angzenaa@waeastda.gov.gh,mda_user,wa-east-district,group17_users_import
2026-09-17T23:04:24.072Z,EbvlVj8IcCglCb3VfC5atI96yBB3,bulk-import-script,qobbiec@gmail.com,mda_user,ghana-tourism-authority,capacity_building_users_import
2026-09-02T21:36:46.693Z,OVt9ResbgReKKSOgxn2rIrO7orX2,bulk-import-script,ndavidera@gmail.com,mda_user,ministry-of-local-government,mda_users_import
2026-09-02T23:25:32.682Z,cv0TXhzLnvfXXJ8CWyWZjpH92jp2,bulk-import-script,georgeksarpong@yahoo.co.uk,mda_user,national-media-commission,mda_users_import
2026-09-17T23:27:21.023Z,nYvVutvJBcZxVMuAA4fuNaIgkI32,bulk-import-script,francis2009asiedu@gmail.com,mda_user,public-services-commission,capacity_building_users_import
2026-09-01T13:46:22.896Z,qvIahuoOfGaf8t2RL2MS7b2vrtm1,bulk-import-script,theophilus.asare@okda.gov.gh,mda_user,okere-district,volta_serene_group56_users_import
2026-09-02T21:36:09.758Z,r6YIeuWuxfeze6fGkh8t0XK96zL2,bulk-import-script,amin-abdul.rahaman@mlgrd.gov.gh,mda_user,ministry-of-local-government,mda_users_import
2026-09-02T23:10:55.858Z,LIapgpuZ8OYDTiVRaSW5KRWzc9C3,bulk-import-script,samuel.yeboah@smallarmscommission.gov.gh,mda_user,ministry-of-the-interior,mda_users_import
2026-09-02T21:47:32.973Z,pUCPNzWJlmg13zEQs7NkiGRyWkf1,bulk-import-script,osaffoanim@gmail.com,mda_user,ministry-of-the-interior,mda_users_import
2026-09-02T21:22:27.177Z,zijp4MGE0yMLfuFgw2um31wMdEh1,bulk-import-script,christian.koramoah@ges.gov.gh,mda_user,ministry-of-education,mda_users_import
2026-09-02T23:11:21.971Z,Z2PudjsihAYzS3J4UUETXUOTcBF2,bulk-import-script,bendo2g9@yahoo.com,mda_user,ministry-of-tourism-culture-and-creative-arts,mda_users_import
2026-09-02T23:48:17.320Z,HaIgn1616Rac50OVwLEInp9ys7J3,bulk-import-script,portiaaadjei1@gmail.com,mda_user,ministry-of-health,mda_users_import
2026-09-15T11:46:47.165Z,WpFE1gKy0sbrNmnf9JaDQ3F6hnR2,bulk-import-script,nysekyereababio@gmail.com,mda_user,old-tafo-municipal,ashanti_users_import
2026-09-02T23:02:55.433Z,YbmqCmSUdgSAdPEEJvRDK9cpO6k1,bulk-import-script,owusufrimpong_p@yahoo.com,mda_user,ministry-of-local-government,mda_users_import
2026-09-18T15:29:10.682Z,titlMft98XUE10MDiV7jWw39xl02,bulk-import-script,frederick.ampontuah@aanma.gov.gh,mda_user,ahafo-ano-north-district,group1516_users_import
2026-09-02T22:13:12.535Z,imOxvFYyDRgadhNhIWhl8xnNs0y2,bulk-import-script,frankeyto@yahoo.com,mda_user,ministry-of-finance,mda_users_import
2026-09-17T23:33:22.665Z,l2HZxEihe9Zqs6R5OB7fRwJoJ7H2,bulk-import-script,john.nketia@statsghana.gov.gh,mda_user,ghana-statistical-service,capacity_building_users_import
2026-09-17T23:38:36.624Z,V5KqOrNfsbfntJeL2xH1AM98OTf1,bulk-import-script,sheba.djanie@melr.gov.gh,mda_user,ministry-of-employment-and-labour-relations,capacity_building_users_import
2026-09-02T22:14:25.265Z,p4ccr45dH3O7XfvZzsT8CHoTJbg2,bulk-import-script,rebeccca.addo@statsghana.gov.gh,mda_user,ministry-of-finance,mda_users_import
2026-09-02T23:26:36.085Z,jxoikPoVCdQNDyFGp3MMtGds5op1,bulk-import-script,richmond.bosompem@mpe.gov.gh,mda_user,office-of-government-machinery,mda_users_import
2026-09-02T21:17:13.489Z,IyHbalMiCRWCDZ3EtCzvisynYyD2,bulk-import-script,bright.boateng@csa.gov.gh,mda_user,ministry-of-communication-and-decentralization,mda_users_import
2026-09-24T09:49:33.093Z,sLT8LgZvIsarQ6TEC6INJblNSCw2,bulk-import-script,peter.mireku@gamingcommission.gov.gh,mda_user,gaming-commission,interior_users_import
2026-09-18T15:35:38.769Z,MfI3DAFCFGSQBIgEPDNTV9RZeBz1,bulk-import-script,dorothy.asamoah@aaswda.gov.gh,mda_user,ahafo-ano-south-west-district,group1516_users_import
2026-09-17T23:12:17.435Z,Jo2qxzr7GSST6PYFOPthSgagFh23,bulk-import-script,askobeng@yahoo.co.uk,mda_user,mental-health-authority,capacity_building_users_import
2026-09-02T23:29:18.671Z,P7MZ8FueqSSp5yDH4cQsYPDvbu83,bulk-import-script,jakyjoyner@yahoo.com,mda_user,office-of-the-head-of-civil-service,mda_users_import
2026-09-02T23:41:50.343Z,1i9tDdzkSLYXKCQBrX2zQJIY6Dv1,bulk-import-script,edith.mansah@ghs.gov.gh,mda_user,ministry-of-health,mda_users_import
2026-09-02T22:19:47.701Z,AikyhAEztCXuyFIkNAU71CyuvbR2,bulk-import-script,obdaiannang@gmail.com,mda_user,ministry-of-health,mda_users_import
2026-09-22T13:05:05.950Z,9xXxqlMqagNj4iteJPMmrnIlvSb2,bulk-import-script,jdarenaa@gmail.com,mda_user,lawra-municipal,group17_users_import
2026-09-02T22:01:52.727Z,zwg1VwS3wAYiORq1sxVAKTmZTE32,bulk-import-script,da-costa.aboagye@nhia.gov.gh,mda_user,national-health-fund,mda_users_import
2026-09-02T22:28:02.314Z,F16SfAMTneM8E8cMWMVVBKNnbV02,bulk-import-script,robert.suapim@ghs.gov.gh,mda_user,ministry-of-health,mda_users_import
2026-09-15T11:46:58.152Z,Hpwp2oadPDbQdmMNLAinKWpe0lt2,bulk-import-script,michael.ofori@otma.gov.gh,mda_user,old-tafo-municipal,ashanti_users_import
2026-09-15T11:49:02.573Z,EpfduORtHlWaE7WTU0x2dpJQPEX2,bulk-import-script,freshman.bandim@bosomtwe.gov.gh,mda_user,bosumtwi-district,ashanti_users_import
2026-09-17T23:48:16.610Z,Kg6dnGzEaJYPKEe38lJyJIt7WfT2,bulk-import-script,mabugri@mofep.gov.ghh,mda_user,ministry-of-finance,capacity_building_users_import
2026-09-17T23:43:20.547Z,cP5ftHnhOnUCHmG8MaMMbHuel782,bulk-import-script,ltackie-yaoboi@mida.gov.gh,mda_user,millennium-development-authority-mida,capacity_building_users_import
2026-09-02T23:17:52.458Z,5dEI8IT3l6b5yk7fhcTfRgQ0Ubt1,bulk-import-script,wilhemina.asamoah@mosr.gov.gh,mda_user,ministry-of-youth-and-sports,mda_users_import
2026-09-02T23:00:01.776Z,SumRn02G6pSsLcGRnB6bPBfWilF2,bulk-import-script,joedescargill1@gmail.com,mda_user,ministry-of-local-government,mda_users_import
2026-09-02T22:53:07.468Z,us52JmVkHNY6nr7svfpd4kVy0o82,bulk-import-script,peter.prah@melr.gov.gh,mda_user,ministry-of-employment-and-labour-relations,mda_users_import
2026-09-02T22:46:29.485Z,Fq6qT0h4JDWa9l9bwe24EFoxRsu1,bulk-import-script,nana.brempong@moc.gov.gh,mda_user,ministry-of-communication-and-decentralization,mda_users_import
2026-09-17T23:17:28.103Z,4UaH9sWyNAQZYzNbhOo55nbvLPT2,bulk-import-script,iabdulaziz67@yahoo.com,mda_user,commission-on-human-rights-and-administrative-justice,capacity_building_users_import
2026-09-02T22:30:03.454Z,wTxAnKupQ3PeIhdpUDRa5rAKJbp1,bulk-import-script,eric.adjei@neip.gov.gh,mda_user,ministry-of-youth-development-and-empowerment,mda_users_import
2026-09-17T23:10:36.598Z,p2JZul0w4acOQISaPgpR6DYCrsv1,bulk-import-script,richard.abredu23@gmail.com,mda_user,national-disaster-management-organisation-nadmo,capacity_building_users_import
2026-09-02T22:00:08.943Z,g7stktR7qvWNTaQ2kIYJD6j9RK83,bulk-import-script,ggiftyelikem@yahoo.com,mda_user,ministry-of-lands-and-natural-resources,mda_users_import
2026-09-17T23:38:41.871Z,UHXwLJCdzTavlA7Yicz0Axuvn6z1,bulk-import-script,fiifi.bruceghartey@gtvets.gov.gh,mda_user,ghana-tvet-service,capacity_building_users_import
2026-09-17T23:44:31.699Z,C6d4pArBOrd7QrrmB2Kyox91KLs1,bulk-import-script,george.asare@nca.org.gh,mda_user,national-communications-authority-nca,capacity_building_users_import
2026-09-17T23:31:46.758Z,6IwNJoaJeDfBSIgcGZM0Rft2MxJ3,bulk-import-script,agy.asomaniwinifred@gmail.com,mda_user,ghana-national-fire-service,capacity_building_users_import
2026-09-15T11:46:51.176Z,BBxAWJU28Ae1WZ4EFWpl5azimBG3,bulk-import-script,rafatu.mohammed@otma.gov.gh,mda_user,old-tafo-municipal,ashanti_users_import
2026-09-02T23:03:58.862Z,RzcI1eHVQ6aAoR0tVoOa4hDZiVf2,bulk-import-script,kwakyealice@gmail.com,mda_user,ministry-of-roads-and-highways,mda_users_import
2026-09-17T23:33:14.720Z,tZ5ayRyRI3Nbl513NvKSDiuFP0W2,bulk-import-script,abigailakwayisi@gmail.com,mda_user,creative-arts-agency,capacity_building_users_import
2026-09-02T21:48:43.801Z,L55rYeHUTFhgvKxOV94ZtX7koda2,bulk-import-script,addylamptey77@gmail.com,mda_user,ministry-of-the-interior,mda_users_import
2026-09-11T13:53:55.028Z,kdkDuxrqkPQ8oWPQYdWNSiD53R92,bulk-import-script,mary.aparik@annda.gov.gh,mda_user,atwima-nwabiagya-north-district,volta_serene_group1112_users_import
2026-09-18T15:36:29.114Z,N54jGVpSKxV56WoNVwGPPET88E53,bulk-import-script,thomas.atuahene@arcc.gov.gh,mda_user,ashanti-regional-coordinating-council,group1516_users_import
2026-09-24T09:49:40.715Z,Tu8qyxdo7CZBUINOtSnHUSx202W2,bulk-import-script,nana.dadzie@gamingcommission.gov.gh,mda_user,gaming-commission,interior_users_import
2026-09-17T23:01:12.103Z,IrNMNQkcLLaWkGOARMhEoy2VBHm2,bulk-import-script,fbaffour@mofep.gov.gh,mda_user,ministry-of-finance,capacity_building_users_import
2026-09-02T22:15:59.647Z,ViBFIhDOVjZwvX3UuWJNyDN3qSy1,bulk-import-script,nanaodi68@gmail.com,mda_user,ministry-of-health,mda_users_import
2026-09-02T23:07:19.073Z,3dDjtIfL8AeS74TtkliYdW1hrKu2,bulk-import-script,annietettegah@gmail.com,mda_user,ministry-of-the-interior,mda_users_import
2026-09-15T11:48:30.536Z,ZWxjmXkm5NcSgORYo0QqKckJHc12,bulk-import-script,nanamesu75@gmail.com,mda_user,sekyere-south-district,ashanti_users_import
2026-09-02T23:18:21.622Z,XAUpDEXxWCYvELow8CS4xgSBCCk2,bulk-import-script,esther.nyatuame@mlnr.gov.gh,mda_user,ministry-of-lands-and-natural-resources,mda_users_import
2026-09-02T22:21:48.246Z,MhyvVI1vy4QNyDiLW3DSSyzN3r03,bulk-import-script,gloria.patamia@fda.gov.gh,mda_user,ministry-of-health,mda_users_import
2026-09-17T23:02:16.206Z,xpayNY7mgAQUVorBeWrrfF8niFu1,bulk-import-script,ampemdarkojohn@yahoo.com,mda_user,eastern-regional-coordinating-council,capacity_building_users_import
2026-09-02T22:21:57.231Z,8fs1qSAxskf8YCdrrlfw7RhCt7j2,bulk-import-script,acquah.h@gcnm.edu.gh,mda_user,ministry-of-health,mda_users_import
2026-09-02T21:20:11.062Z,qYD3GJJTJIVxQWwrCYtXBYMi5qn2,bulk-import-script,isaac.nana-takyi@mod.gov.gh,mda_user,ministry-of-defence,mda_users_import
2026-09-02T21:55:57.972Z,ICdB2pYxvzLfTFPTvNjOyq5mbQm1,bulk-import-script,bkayensu@gamil.com,mda_user,ministry-of-works-and-housing,mda_users_import
2026-09-08T10:39:28.807Z,Hk7ksJYfSZRUFoqy0bLllicR77g1,bulk-import-script,martin.asemah@acda.gov.gh,mda_user,amenfi-central-district,gbmsupport_users_import
2026-09-17T23:09:44.592Z,xNQIpVvVTKW1xZ6JPA7kdFXGWWC3,bulk-import-script,naomi.abassah@motcca.gov.gh,mda_user,ministry-of-tourism-culture-and-creative-arts,capacity_building_users_import
2026-09-01T13:45:42.754Z,1uowAMRwyzRhTfNr832miiIrupb2,bulk-import-script,charlotte.obuo@lmkma.gov.gh,mda_user,lower-manya-krobo-district,volta_serene_group56_users_import
2026-09-02T23:19:48.995Z,5DjWCW9PVpYb5VcCJWBHeaHk6IH3,bulk-import-script,mohammedkhadija1@gmail.com,mda_user,ministry-of-lands-and-natural-resources,mda_users_import
2026-09-02T22:14:02.834Z,rAGfv9xZMvVaeFjUjELkcbF5NP32,bulk-import-script,sefmag@yahoo.com,mda_user,ministry-of-finance,mda_users_import
2026-09-02T21:31:04.530Z,7Du5ALlWEyZwLQYXU8dyjYsTC3d2,bulk-import-script,mantwi@npa.gov.gh,mda_user,ministry-of-energy,mda_users_import
2026-09-02T23:35:56.380Z,p4ccr45dH3O7XfvZzsT8CHoTJbg2,bulk-import-script,rebeccca.addo@statsghana.gov.gh,mda_user,ministry-of-finance,mda_users_import
2026-09-01T13:44:01.250Z,clzBSS9Ln4e1H1hBpdGfbMKU1Jl2,bulk-import-script,joseph.bakah@fnda.gov.gh,mda_user,fanteakwa-north-district,volta_serene_group56_users_import
2026-09-02T23:11:05.758Z,kPi28l0cVLNPqdehlBFh2ri39hl2,bulk-import-script,djilahs@yahoo.com,mda_user,ministry-of-the-interior,mda_users_import
2026-09-17T23:28:09.598Z,imOxvFYyDRgadhNhIWhl8xnNs0y2,bulk-import-script,frankeyto@yahoo.com,mda_user,controller-and-accountant-general-s-department,capacity_building_users_import
2026-09-17T23:35:54.886Z,Pg19ZSCYtBh2FOSIy2qZuoZLF222,bulk-import-script,ahiatony2001@yahoo.com,mda_user,council-for-scientific-and-industrial-research-csir,capacity_building_users_import
2026-09-04T13:39:32.499Z,b6ATJ79aIvZzs4UrEVteHq4b0g23,bulk-import-script,necessity2007@gmail.com,mda_user,zabzugu-district,volta_serene_group78_users_import
2026-09-24T09:47:03.699Z,Ma3TXXmGbfUjPb3fc6NpF3Kuybw1,bulk-import-script,nyarkomonica192@gmail.com,mda_user,ghana-national-fire-service,interior_users_import
2026-09-18T15:33:12.598Z,rmg03zJxJQPSjjHHfdHhK36Tw1n1,bulk-import-script,kassim.abubakari@peda.gov.gh,mda_user,pru-east-district,group1516_users_import
2026-09-02T22:25:28.414Z,DTKwRgGIpsZ3lT9TExDTR6hg0xs1,bulk-import-script,drkobeng@gmail.com,mda_user,ministry-of-health,mda_users_import
2026-09-02T21:48:24.413Z,U0dTYG0TwlMxjmygQ4dKn9I03RE3,bulk-import-script,kwasi.gk@gmail.com,mda_user,ministry-of-the-interior,mda_users_import
2026-09-02T23:49:32.562Z,uWuMuGhC8yg8EoXswncuL22SzpI3,bulk-import-script,kwameansong17@gmail.com,mda_user,ministry-of-health,mda_users_import
2026-09-02T22:27:07.540Z,ytEiAlr9SJdET198ce4aMmme5jj1,bulk-import-script,oliviamoore27@yahoo.com,mda_user,ministry-of-health,mda_users_import
2026-09-17T22:58:51.166Z,jjKvjBS9fLbyTky0iJNQq1WpkBz1,bulk-import-script,maybayor@yahoo.com,mda_user,ministry-of-food-and-agriculture,capacity_building_users_import
2026-09-02T21:36:51.249Z,tf5hbRBiarhjATTJyIkNVHT8CFH2,bulk-import-script,eamoakoboateng@gmail.com,mda_user,ministry-of-local-government,mda_users_import
2026-09-02T23:02:37.256Z,4lAG3HoVMEWxCGI6USZ99Vq4MC43,bulk-import-script,addprince1@gmail.com,mda_user,ministry-of-local-government,mda_users_import
2026-09-02T22:03:39.399Z,bxc2srgu6KcakqBIueks6TPtVpD3,bulk-import-script,jaypanic62@gmail.com,mda_user,national-media-commission,mda_users_import
2026-09-02T22:54:54.711Z,NL1sP5zeIhei3aJiAm5J7oAtECv1,bulk-import-script,eric.baah@mofad.gov.gh,mda_user,ministry-of-fisheries-aqua-culture-development,mda_users_import
2026-09-02T23:19:51.271Z,5atGIeVc4Na5tUv3jV1VYwpaEhQ2,bulk-import-script,kosekre@hotmail.com,mda_user,ministry-of-lands-and-natural-resources,mda_users_import
2026-09-02T23:15:19.414Z,xB2spW2vFAegiJFNaRAjulOCAvf1,bulk-import-script,k_addoyobo@yahoo.com,mda_user,ministry-of-transport,mda_users_import
2026-09-02T21:43:48.298Z,O2UhofLaRVUw3zLUwSyv1ticMwk2,bulk-import-script,kwameampaduhayford8@gmail.com,mda_user,ministry-of-the-interior,mda_users_import
2026-09-17T23:42:09.045Z,Z0eu5PmKerUzTQVbw5JxzA8fir92,bulk-import-script,stephanie.dey@moti.gov.gh,mda_user,ministry-of-trade-and-industry,capacity_building_users_import
2026-09-17T23:22:29.405Z,sSNelyrjZ2VYaN7zdY0SFQIpX633,bulk-import-script,cmensah@mofep.gov.gh,mda_user,ministry-of-finance,capacity_building_users_import
2026-09-02T22:50:00.666Z,fetSuZMsCgeAFPR86pCXUdLZ48p1,bulk-import-script,joshua.kwawoo@gtvets.gov.gh,mda_user,ministry-of-education,mda_users_import
2026-09-02T23:11:12.213Z,z55d9gnuHlajUDf8A2Wfl2HwwQE2,bulk-import-script,wisdom.otu@immigration.gov.gh,mda_user,ministry-of-the-interior,mda_users_import
2026-09-02T23:37:56.986Z,IGK5VAqnVPXe3kMioiYvEYziYTI2,bulk-import-script,augustus.obeng@ghs.gov.gh,mda_user,ministry-of-health,mda_users_import
2026-09-02T23:35:14.931Z,2v5eOXdx96hyntJAu2dn8Zmo7p73,bulk-import-script,kwasiagyei08@yahoo.com,mda_user,ministry-of-finance,mda_users_import
2026-09-17T23:19:23.528Z,oYnwLWsaVVYXFBHMTC1FbzkIpH72,bulk-import-script,isaac.armah@mofad.gov.gh,mda_user,ministry-of-fisheries-aqua-culture-development,capacity_building_users_import
2026-09-17T23:46:34.076Z,ICwjlZ4hgPU1SFUloneQWl8yXDk1,bulk-import-script,joycem.adjah@immigration.gov.gh,mda_user,ghana-immigration-service,capacity_building_users_import
2026-09-24T09:47:07.325Z,L55rYeHUTFhgvKxOV94ZtX7koda2,bulk-import-script,addylamptey77@gmail.com,mda_user,ghana-national-fire-service,interior_users_import
2026-09-01T13:43:36.997Z,1c2Iec8vcKaoaW1BeeTuhuiBfhw2,bulk-import-script,gadohabib07@gmail.com,mda_user,birim-south-district,volta_serene_group56_users_import
2026-09-02T21:15:40.210Z,WqTyoOoRP8Pg4WTDcgiUxpNtvDt2,bulk-import-script,iaddolartey30@gmail.com,mda_user,district-assemblies-common-fund,mda_users_import
2026-09-02T22:30:10.373Z,jiJ6kxXgE7O5GBnNaiCE2vjta6u1,bulk-import-script,ruth.seddoh@nss.gov.gh,mda_user,ministry-of-youth-development-and-empowerment,mda_users_import
2026-09-17T23:06:51.601Z,GKxBLzq6emWn9VlP124SulHHgg13,bulk-import-script,yankey.jennie@gmail.com,mda_user,ghana-integrated-aluminium-development-corporation-giadec,capacity_building_users_import
2026-09-02T22:43:21.689Z,HcKmrFg4a4UloUsDMOYEquztRva2,bulk-import-script,loretta.lartey@lac.gov.gh,mda_user,legal-aid-commission,mda_users_import
2026-09-02T21:49:41.487Z,LIapgpuZ8OYDTiVRaSW5KRWzc9C3,bulk-import-script,samuel.yeboah@smallarmscommission.gov.gh,mda_user,ministry-of-the-interior,mda_users_import
2026-09-17T23:00:07.962Z,I3MZcQoMb1NaFCFbU018wtVkBDI3,bulk-import-script,braimah.nuhu@zodf.gov.gh,mda_user,zongo-development-fund,capacity_building_users_import
2026-09-02T22:10:02.342Z,vWBMA7VQ9UeCz2wVy0CQnVCjFzl2,bulk-import-script,jonashonu6@gmail.com,mda_user,office-of-the-attorney-general-and-ministry-of-justice,mda_users_import
2026-09-02T23:52:43.375Z,x0JK55ahtkO3beV1IRDUBXzyx2J2,bulk-import-script,beneappianing17@gmail.com,mda_user,ministry-of-youth-development-and-empowerment,mda_users_import
2026-09-02T22:11:03.389Z,K81p92W5uYS6GVfP7enloNFIDvE3,bulk-import-script,roland.barnor@ohcs.gov.gh,mda_user,office-of-the-head-of-civil-service,mda_users_import
2026-09-17T23:48:53.005Z,vE2xSzY8kDPA9rFDQSpFcS4Am9F2,bulk-import-script,verakumah1211@gmail.com,mda_user,korle-bu-teaching-hospital,capacity_building_users_import
2026-09-02T23:38:08.641Z,wCj0SrKFGagpJFcLnzgT7zowjQO2,bulk-import-script,ahmedzakariah@gmail.com,mda_user,ministry-of-health,mda_users_import
2026-09-02T21:44:19.696Z,hiMUFaIJkYh0JNgVnohT18LSkml2,bulk-import-script,berthaeffah@yahoo.com,mda_user,ministry-of-the-interior,mda_users_import
2026-09-02T22:46:31.419Z,K1JDFuqitLRRCiod1xjXCgUqsdB3,bulk-import-script,nanayaaobuor@moc.gov.gh,mda_user,ministry-of-communication-and-decentralization,mda_users_import
2026-09-02T21:25:26.774Z,iDI5oPDMLxVGVaQ2NC1sDCKyUTz2,bulk-import-script,henrita.mensah@gtvets.gov.gh,mda_user,ministry-of-education,mda_users_import
2026-09-17T23:17:17.247Z,pw8z1F4FrPgTu7hhuzqHkTZctW53,bulk-import-script,ebotwi@mida.gov.gh,mda_user,millennium-development-authority-mida,capacity_building_users_import
2026-09-02T22:53:57.708Z,UaLUJnws29RLm6mzR3X8dtSPTqL2,bulk-import-script,solomon.adjetey@energymin.gov.gh,mda_user,ministry-of-energy,mda_users_import
2026-09-17T23:38:39.527Z,rjjGjNG0PUb2IVmTOgZyipf7UYJ2,bulk-import-script,estherres34@gmail.com,mda_user,greater-accra-regional-coordinating-council,capacity_building_users_import
2026-09-17T23:05:23.116Z,3wuL4XO4Q7XPlBoAnHECn0lmcbc2,bulk-import-script,nichole.abbey@fishcom.gov.gh,mda_user,fisheries-commission,capacity_building_users_import
2026-09-18T15:28:34.176Z,ZeOWIeDJRQZ3gktvEUVyQKDonGk1,bulk-import-script,eric.kuffouranin@aknda.gov.gh,mda_user,afigya-kwabre-north-district,group1516_users_import
2026-09-02T23:29:53.586Z,FjME89TXwKUqFUJierBgd6t64pk1,bulk-import-script,adwoakyerewaa10@gmail.com,mda_user,public-services-commission,mda_users_import
2026-09-02T21:49:06.700Z,e4wqesDFHmUfW0YZ63BzwPwfC5n1,bulk-import-script,raymond.sackey@grb.gov.gh,mda_user,ministry-of-the-interior,mda_users_import
2026-09-02T23:10:04.757Z,WIbQUuGMYwarcYbi2LKQ5Ckz0sg1,bulk-import-script,brako_mba@yahoo.com,mda_user,ministry-of-the-interior,mda_users_import
2026-09-15T11:49:11.412Z,3flGWr9eBSWCuY5GIfFBe55BHP43,bulk-import-script,bernice.addae-gyan@ejima.gov.gh,mda_user,ejisu-municipal,ashanti_users_import
2026-09-02T23:03:07.247Z,xaaotM6eOCRSQSkGETFAEKOdo682,bulk-import-script,sammydarrah@yahoo.com,mda_user,ministry-of-local-government,mda_users_import
2026-09-02T21:41:24.821Z,sclR5MzkhqZu8c09PwAlZeNeuB12,bulk-import-script,brentu.asor@mrh.gov.gh,mda_user,ministry-of-roads-and-highways,mda_users_import
2026-09-02T22:54:09.559Z,XDUCGkCnObU3m2euW6KuAKwowpL2,bulk-import-script,felix.atse@ewastefund.gov.gh,mda_user,ministry-of-environment-science-technology-and-innovation,mda_users_import
2026-09-17T23:10:33.669Z,FdHW2eNnM1g4a4lXP4Wm7ES0iJj2,bulk-import-script,alfredkwame2005@gmail.com,mda_user,management-development-and-productivity-institute,capacity_building_users_import
2026-09-17T23:33:35.199Z,h40w4fZKwSM2nzqXQqpXPPpjp1w1,bulk-import-script,charleswireko96@gmail.com,mda_user,national-commission-on-culture,capacity_building_users_import
2026-09-15T11:47:10.206Z,aT4LDqconqSKuOyUMyYEgvChOza2,bulk-import-script,seth.tawiah@scda.gov.gh,mda_user,sekyere-central-district,ashanti_users_import
2026-09-02T22:54:38.837Z,cJBjzCqmYyQKXK4avmcua3aXaMh2,bulk-import-script,jacksonquansah@yahoo.com,mda_user,ministry-of-environment-science-technology-and-innovation,mda_users_import
2026-09-02T23:33:48.203Z,kdhylhhuL8Yv0kdYOJPBvSummp33,bulk-import-script,fquarshie@mofep.gov.gh,mda_user,ministry-of-finance,mda_users_import
2026-09-17T23:17:52.037Z,e8wy1ZY7Ile07UW0mVECfM9hW2o1,bulk-import-script,cletus.sekwo@ghbc.gov.gh,mda_user,ghana-boundary-commission,capacity_building_users_import
2026-09-02T23:15:57.506Z,e9uDV3Qg8CdwbLboIVGZuQsyf5r1,bulk-import-script,mensahchristian098@gmail.com,mda_user,ministry-of-works-and-housing,mda_users_import
2026-09-02T21:42:15.656Z,dqAKiSDsPofNxsPYb37ZDEbMtLN2,bulk-import-script,isaackandoh@gmail.com,mda_user,ministry-of-roads-and-highways,mda_users_import
2026-09-17T23:19:02.190Z,KWTBbijNKsfwixE8bqQAkeSpXdF2,bulk-import-script,patbaidoo1975@gmail.com,mda_user,office-of-the-administrator-general,capacity_building_users_import
2026-09-02T23:11:20.358Z,xjP9InfoI7ZEZydL2DcerOvQcdz1,bulk-import-script,eric.mante-bediako@motac.gov.gh,mda_user,ministry-of-tourism-culture-and-creative-arts,mda_users_import
2026-09-02T22:59:27.112Z,tf5hbRBiarhjATTJyIkNVHT8CFH2,bulk-import-script,eamoakoboateng@gmail.com,mda_user,ministry-of-local-government,mda_users_import
2026-09-11T13:50:23.461Z,4cYtUmnYOyR5nSMV1MsLJDnsJyu1,bulk-import-script,elvisbrightkwessie@gmail.com,mda_user,bibiani-anhwiaso-bekwai-municipal,volta_serene_group1112_users_import
2026-09-02T22:21:35.301Z,e4vPpSea6SVMh1bsBxUlqdcYaV23,bulk-import-script,addog84@gmail.com,mda_user,ministry-of-health,mda_users_import
2026-09-01T13:44:51.490Z,Cus292KmFxQ8u1u1XLFPEbvCjMw2,bulk-import-script,francis.sagoe@kapsda.gov.gh,mda_user,kwahu-afram-plains-south-district,volta_serene_group56_users_import
2026-09-02T21:37:51.601Z,mtZQUNsImsVeH01imzqFBWzRdbQ2,bulk-import-script,jdabuoa@yahoo.com,mda_user,ministry-of-local-government,mda_users_import
2026-09-17T23:17:43.948Z,nwC6GkkByOWfYzopNCh6IJhHWbZ2,bulk-import-script,mavis.agyeiwaa-kyei@orc.gov.gh,mda_user,office-of-the-registrar-of-companies,capacity_building_users_import
2026-09-17T23:22:38.168Z,FMimfUZDFCbYAnEOcRoOxgbqRvK2,bulk-import-script,mkemeh@mofep.gov.gh,mda_user,ministry-of-finance,capacity_building_users_import
2026-09-11T13:52:54.880Z,rsaXsUYOiXUG3Uw0pYOFGTTEAn93,bulk-import-script,dominic.yeboahkodie@askma.gov.gh,mda_user,asokwa-municipal,volta_serene_group1112_users_import
2026-09-15T11:47:26.285Z,BOMDcp7dTTQoRxR6mii60GYfe9g1,bulk-import-script,isaac.amponsah@seda.gov.gh,mda_user,sekyere-east-district,ashanti_users_import
2026-09-17T22:58:04.981Z,U5Dt28GhThRi7fVPqlVZHcz8IiX2,bulk-import-script,niilaud@hotmail.com,mda_user,weija-gbawe-municipal-hospital,capacity_building_users_import
2026-09-02T22:12:12.461Z,D4ibcxpUhDY3pFE9GAt4KKTaCAq2,bulk-import-script,angelica.ayanful@cagd.gov.gh,mda_user,ministry-of-finance,mda_users_import
2026-09-02T21:53:39.945Z,67LG6KW2lVYBRSg5H4TsuMXtT402,bulk-import-script,priscilla.n.adu-gyamfi@ghanamaritime.gov.gh,mda_user,ministry-of-transport,mda_users_import
2026-09-02T22:03:04.462Z,KaXPrkmJZ6S5T49LoRJk3Esj5322,bulk-import-script,richard.badu@nhia.gov.gh,mda_user,national-health-fund,mda_users_import
2026-09-02T23:24:41.843Z,KaXPrkmJZ6S5T49LoRJk3Esj5322,bulk-import-script,richard.badu@nhia.gov.gh,mda_user,national-health-fund,mda_users_import
2026-09-02T21:54:45.166Z,kRJpB50MbzTTTIDnDhqrc76Ke8G3,bulk-import-script,rkreginald@gmail.com,mda_user,ministry-of-transport,mda_users_import
2026-09-17T23:13:53.821Z,Llgg5yRYCuWRHnDYBpUehZh7k1T2,bulk-import-script,ruthafutukotey@gmail.com,mda_user,ghana-highway-authority,capacity_building_users_import
2026-09-02T22:19:45.647Z,EBunZNWnDgb6eWXE8L0eN6Y9gg23,bulk-import-script,deeworld208@yahoo.com,mda_user,ministry-of-health,mda_users_import
2026-09-17T23:02:03.848Z,Vrhmm2R4mObV6B1t6WMtNfF36442,bulk-import-script,lawoe.bright@northernrcc.gov.gh,mda_user,northern-regional-coordinating-council,capacity_building_users_import
2026-09-02T22:28:52.020Z,piEjOpkU4YZtGoui7ce6Dedy6863,bulk-import-script,sth_mkr@yahoo.com,mda_user,ministry-of-health,mda_users_import
2026-09-02T22:21:37.390Z,swIl5dh0VqO9DwyX1R0pkSyRMrg1,bulk-import-script,gordon.afarnu@fda.gov.gh,mda_user,ministry-of-health,mda_users_import
2026-09-02T23:05:39.569Z,EtWwGLq55sUiBlFepWWKsukXuKc2,bulk-import-script,emammara@yahoo.com,mda_user,ministry-of-roads-and-highways,mda_users_import
2026-09-17T23:05:55.062Z,h40w4fZKwSM2nzqXQqpXPPpjp1w1,bulk-import-script,charleswireko96@gmail.com,mda_user,national-commission-on-culture,capacity_building_users_import
2026-09-02T21:35:22.739Z,GjmJw6AcRtMdwRTo8TzO8lnhmw32,bulk-import-script,kamilmahama@gmail.com,mda_user,ministry-of-food-and-agriculture,mda_users_import
2026-09-02T22:20:33.953Z,687tfJd1BiSOsv0QqYk6InlT53o2,bulk-import-script,evancus1988@gmail.com,mda_user,ministry-of-health,mda_users_import
2026-09-17T23:48:55.378Z,7x1XIZFb8UQ9eHtcOvLJdp8LVQA3,bulk-import-script,francis.nyamekye@nhia.gov.gh,mda_user,national-health-insurance-authority-nhia,capacity_building_users_import
2026-09-02T22:27:22.954Z,tTK44DP4VMQueSXR0GYEFrR3M182,bulk-import-script,pkeleblu@gmail.com,mda_user,ministry-of-health,mda_users_import
2026-09-17T23:30:27.396Z,xpayNY7mgAQUVorBeWrrfF8niFu1,bulk-import-script,ampemdarkojohn@yahoo.com,mda_user,eastern-regional-coordinating-council,capacity_building_users_import
2026-09-02T21:35:07.831Z,4WbOPFpz6MUIU0q4NIXGxpL7B642,bulk-import-script,emmadadzie99@gmail.com,mda_user,ministry-of-food-and-agriculture,mda_users_import
2026-09-02T23:28:07.310Z,Gy6y5lXOGsU85DUSoEgkt5rpwlC2,bulk-import-script,emmanuelcan@gmail.com,mda_user,office-of-the-attorney-general-and-ministry-of-justice,mda_users_import
2026-09-17T23:32:51.365Z,mRmXLSnecaYIFyBgaCIXx6zbzGg2,bulk-import-script,bright.oppong@mojagd.gov.gh,mda_user,office-of-the-attorney-general-and-ministry-of-justice,capacity_building_users_import
2026-09-02T22:30:23.328Z,DQuKKgO3lyOAyhxNY00iU2gCc5x1,bulk-import-script,benjamin.otoo@yea.gov.gh,mda_user,ministry-of-youth-development-and-empowerment,mda_users_import
2026-09-17T23:00:39.276Z,8aQ5OvCpuchGFdC1r7lMfMXqkX22,bulk-import-script,emmanuel.nyonator@fc.gov.gh,mda_user,forestry-commission,capacity_building_users_import
2026-09-02T22:53:01.682Z,PVr2BnoZ3AQ4UiJq2FiN1yXvo363,bulk-import-script,rosemond.quansah@mdpi.gov.gh,mda_user,ministry-of-employment-and-labour-relations,mda_users_import
2026-09-01T13:45:45.173Z,L2mxWTsNPQWlfMz6fNWZ2TOmT782,bulk-import-script,drjosephkojo@gmail.com,mda_user,new-juaben-north-municipal,volta_serene_group56_users_import
2026-09-17T23:07:14.777Z,QZcfavQTpvSgDPGxEXJ4vIzRgZY2,bulk-import-script,naa-dromo.adzekwei@mosr.gov.gh,mda_user,ministry-of-sports-and-recreation,capacity_building_users_import
2026-09-11T13:52:44.914Z,YLxe9Tr8IuWVQCM3MeitjVFDuSp1,bulk-import-script,tawiahnaomi00@gmail.com,mda_user,asokore-mampong-municipal,volta_serene_group1112_users_import
2026-09-17T23:26:44.361Z,2gZaBIlOhXXrM0Xv5UwoIDSeAjz1,bulk-import-script,quophiacidick@gmail.com,mda_user,office-of-the-registrar-of-companies,capacity_building_users_import
2026-09-02T23:16:06.990Z,6im7d5mWGhhIKUBqZakrPOM2n7O2,bulk-import-script,lilydakor@gmail.com,mda_user,ministry-of-works-and-housing,mda_users_import
2026-09-02T23:41:08.823Z,BmNDqKDHX9YbfDYECAB6QUrpzU42,bulk-import-script,emmanuel.adusei@ghs.gov.gh,mda_user,ministry-of-health,mda_users_import
2026-09-02T21:35:35.054Z,BlaQZz1RqjWE65GIzscM8omS2HW2,bulk-import-script,irene.danquah@mfa.gov.gh,mda_user,ministry-of-foreign-affairs-and-regional-integration,mda_users_import
2026-09-02T22:57:01.150Z,GjmJw6AcRtMdwRTo8TzO8lnhmw32,bulk-import-script,kamilmahama@gmail.com,mda_user,ministry-of-food-and-agriculture,mda_users_import
2026-09-17T23:36:47.929Z,sfJjJRldntMXXfhwaCaW4mfpEby2,bulk-import-script,kumilee2003@yahoo.co.uk,mda_user,ministry-of-lands-and-natural-resources,capacity_building_users_import
2026-09-02T21:21:21.536Z,w9mfybKIAUU89jfHk2z7CTt1g362,bulk-import-script,stella.brown@gtvets.gov.gh,mda_user,ministry-of-education,mda_users_import
2026-09-02T23:08:51.893Z,rI5vAJd1vYQ7Mvlgs3agrjrkUlg1,bulk-import-script,emmanuel.quainoo@gamingcommission.gov.gh,mda_user,ministry-of-the-interior,mda_users_import
2026-09-02T23:35:37.555Z,9pQGUq4FTRMQrTuW2KvGq2f1Kjp2,bulk-import-script,paul.emenike@iaa.gov.gh,mda_user,ministry-of-finance,mda_users_import
2026-09-17T22:58:24.729Z,gwFE2JiwKJcKgE1GWJ9vwlhdDni2,bulk-import-script,agnes.assan@fishcom.gov.gh,mda_user,fisheries-commission,capacity_building_users_import
2026-09-17T23:10:42.749Z,CTOzDnGBPtZWLQfEqkRDaiV8VBv1,bulk-import-script,gifty.akoto@labourdepartment.gov.gh,mda_user,labour-department,capacity_building_users_import
2026-09-17T23:22:09.916Z,qYD3GJJTJIVxQWwrCYtXBYMi5qn2,bulk-import-script,isaac.nana-takyi@mod.gov.gh,mda_user,ministry-of-defence,capacity_building_users_import
2026-09-02T21:39:15.414Z,JNryThkmXjePUX4frjOcAf0Xms92,bulk-import-script,pbissiw@gmail.com,mda_user,ministry-of-local-government,mda_users_import
2026-09-02T23:07:01.063Z,qyZ15m5XeCgrWs8FuO7C3je0lVn1,bulk-import-script,a.oti-akenten@smallarmscommission.gov.gh,mda_user,ministry-of-the-interior,mda_users_import
2026-09-02T23:47:42.349Z,1aDmY4iwakYljvpxrl59mD3fG1E2,bulk-import-script,msereboo@ugmc.ug.edu.gh,mda_user,ministry-of-health,mda_users_import
2026-09-17T23:11:29.603Z,rjjGjNG0PUb2IVmTOgZyipf7UYJ2,bulk-import-script,estherres34@gmail.com,mda_user,greater-accra-regional-coordinating-council,capacity_building_users_import
2026-09-02T23:29:46.620Z,9znXE1jpLGTROqjqfiYh3CUvJEI3,bulk-import-script,siino.issaka@osp.gov.gh,mda_user,office-of-the-special-prosecutor,mda_users_import
2026-09-17T23:09:56.443Z,L9ylxaGCERgTL2OSLavjKCZrYTm2,bulk-import-script,piismaqer@gmail.com,mda_user,department-of-community-development,capacity_building_users_import
2026-09-02T22:49:58.197Z,ToBqrx80JcVX6sod0HqorOG0IHd2,bulk-import-script,jemima.anokye@nss.gov.gh,mda_user,ministry-of-education,mda_users_import
2026-09-02T23:44:58.511Z,2c1N4TuIMKQZE1K3qsuWORQNJkf2,bulk-import-script,josephboye1@gmail.com,mda_user,ministry-of-health,mda_users_import
2026-09-02T22:16:11.753Z,GaRyHXw5sPVDwEiOzybv0Y0JAsJ3,bulk-import-script,aafiakorkor1@gmail.com,mda_user,ministry-of-health,mda_users_import
2026-09-02T23:06:06.202Z,63EUYgTkaheqaETXV3XzpAHaKii2,bulk-import-script,joamoogottfried@gmail.com,mda_user,ministry-of-roads-and-highways,mda_users_import
2026-09-08T10:41:11.914Z,6Wkk7uj2eSV1brT1xcFMAqUZTzk2,bulk-import-script,justice.annan@weda.gov.gh,mda_user,wassa-east-district,gbmsupport_users_import
2026-09-02T21:53:21.391Z,NZkE3xJf0TVs6dhvLKgxZrcRTRM2,bulk-import-script,diananaamoah@yahoo.com,mda_user,ministry-of-transport,mda_users_import
2026-09-17T23:12:50.329Z,BlFAvbzi3NSlZIC31idrsNxT2Hy1,bulk-import-script,adwoa.kwakye@gtarcc.gov.gh,mda_user,greater-accra-regional-coordinating-council,capacity_building_users_import
2026-09-02T23:44:33.650Z,zZqpdlyd8ccQH6xUI7tAtoZAumR2,bulk-import-script,nyaaba184@gmail.com,mda_user,ministry-of-health,mda_users_import
2026-09-24T09:46:14.861Z,RWz4lQ0F0HX7W28jNygwOnoxgqF2,bulk-import-script,grace.asempa@mint.gov.gh,mda_user,ministry-of-the-interior,interior_users_import
2026-09-02T23:35:52.172Z,HJ2Zp2vHbmW0yNXa2k94Q3z66Nl2,bulk-import-script,pkwafo@mofep.gov.gh,mda_user,ministry-of-finance,mda_users_import
2026-09-24T09:49:52.094Z,5geLn9mgdQavM6o64m91kHGS5c72,bulk-import-script,oseitutuelvis245@gmail.com,mda_user,ghana-prisons-service,interior_users_import
2026-09-02T21:42:27.593Z,Bf9pn7zQLIWxFRGfpzIviEhB9eE2,bulk-import-script,kodwil01@yahoo.com,mda_user,ministry-of-roads-and-highways,mda_users_import
2026-09-17T23:14:36.874Z,iItX49gwWPfvI2l4XzbpLkZ2RHT2,bulk-import-script,nccehq@yahoo.com,mda_user,ncce,capacity_building_users_import
2026-09-17T23:36:04.795Z,w8eX4jeUCrPydGHtk91FY380xdx2,bulk-import-script,cirocforthemen@gmail.com,mda_user,national-disaster-management-organisation-nadmo,capacity_building_users_import
2026-09-02T23:11:31.674Z,uh8bwtjjQEWqIsr6rhSScezBGD53,bulk-import-script,richlove.wiafedoffour@nfa.gov.gh,mda_user,ministry-of-tourism-culture-and-creative-arts,mda_users_import
2026-09-02T23:35:49.626Z,R0nPn9ApToWGY4jQxOJuutNQ02B3,bulk-import-script,pchaayuor@mofep.gov.gh,mda_user,ministry-of-finance,mda_users_import
2026-09-02T23:16:05.134Z,PB1kKRzoY4TLw30IiIGgkDwHPFQ2,bulk-import-script,afrimpong4477@yahoo.com,mda_user,ministry-of-works-and-housing,mda_users_import
2026-09-17T23:11:38.156Z,WV9EvLJgs5TolxZXDXTrnwPTcZk1,bulk-import-script,caro.lave@yahoo.com,mda_user,ghana-tvet-service,capacity_building_users_import
2026-09-02T21:31:16.250Z,bR6EOmCVvVS1yxK2p46HzgTBjLv1,bulk-import-script,blaise.bokor@gaec.gov.gh,mda_user,ministry-of-environment-science-technology-and-innovation,mda_users_import
2026-09-02T22:52:29.886Z,DhznFyl6JSV0EPb2PpPXQjdLUa32,bulk-import-script,agyekumfranks08@gmail.com,mda_user,ministry-of-employment-and-labour-relations,mda_users_import
2026-09-02T22:00:20.467Z,Q37Xerq8NHaOAE9aHS8mJxJrikV2,bulk-import-script,joel.tetteh@mincom.gov.gh,mda_user,ministry-of-lands-and-natural-resources,mda_users_import
2026-09-02T23:09:42.370Z,KVQbwqT3KfNbNOtliwQYZ0Pkuz32,bulk-import-script,johnakator@yahoo.com,mda_user,ministry-of-the-interior,mda_users_import
2026-09-02T23:13:42.642Z,YAJhWisvsIh3D4QitJFA4Nalr5d2,bulk-import-script,motichief@moti.gov.gh,mda_user,ministry-of-trade-and-industry,mda_users_import
2026-09-02T21:48:33.487Z,s2V4JdABUGgD27PVesYaHSIiHvM2,bulk-import-script,abukariups@gmail.com,mda_user,ministry-of-the-interior,mda_users_import
2026-09-02T23:52:07.330Z,RXZQcTE7ofMN9Zar1K4AxSFc16r2,bulk-import-script,chiefdirector@myde.gov.gh,mda_user,ministry-of-youth-development-and-empowerment,mda_users_import
2026-09-02T21:25:22.215Z,u3SLKEqXndPLy6rnzlIOWYwwyFH3,bulk-import-script,grace.ofosu@ges.gov.gh,mda_user,ministry-of-education,mda_users_import
2026-09-02T23:09:37.224Z,ICwjlZ4hgPU1SFUloneQWl8yXDk1,bulk-import-script,joycem.adjah@immigration.gov.gh,mda_user,ministry-of-the-interior,mda_users_import
2026-09-02T23:15:42.090Z,FeUvLm4e65NjoML5JvRM7nga89T2,bulk-import-script,michael.sarpong@grda.gov.gh,mda_user,ministry-of-transport,mda_users_import
2026-09-01T13:46:41.317Z,HOTvyjEP0qQrkpcGxrLriTrVnEE2,bulk-import-script,owusujoycelyn69@gmail.com,mda_user,upper-manya-krobo-district,volta_serene_group56_users_import
2026-09-24T09:46:46.898Z,3dDjtIfL8AeS74TtkliYdW1hrKu2,bulk-import-script,annietettegah@gmail.com,mda_user,national-disaster-management-organisation-nadmo,interior_users_import
2026-09-15T11:47:34.439Z,3C9lD05BkzPXVLxa89GaySrsqDn2,bulk-import-script,patrick.dwamena@seda.gov.gh,mda_user,sekyere-east-district,ashanti_users_import
2026-09-02T23:28:42.045Z,cxvMQ5InWJdK4FGu2VUVNFYsLkC2,bulk-import-script,brytatikpui.k@gmail.com,mda_user,office-of-the-head-of-civil-service,mda_users_import
2026-09-02T23:51:51.787Z,quCHhoWPLBMLmKpsnfSB15LSQLZ2,bulk-import-script,william.ampofo@nvi.gov.gh,mda_user,ministry-of-health,mda_users_import
2026-09-17T23:29:51.096Z,4Mvw5CKMtyaTxOaNB4SHjlV1ldd2,bulk-import-script,bronville12@gmail.com,mda_user,fisheries-commission,capacity_building_users_import
2026-09-04T13:40:38.740Z,5khvzbMe1hQ2ef3aImIN0ldHheK2,bulk-import-script,attakarahabdullatif2015@gmail.com,mda_user,sawla-tuna-kalba-district,volta_serene_group78_users_import
2026-09-02T23:09:18.133Z,pUCPNzWJlmg13zEQs7NkiGRyWkf1,bulk-import-script,osaffoanim@gmail.com,mda_user,ministry-of-the-interior,mda_users_import
2026-09-02T21:37:02.545Z,n6VNlx8zAle1EokS7CWqQ3SAwy73,bulk-import-script,asarefrancis15@yahoo.com,mda_user,ministry-of-local-government,mda_users_import
2026-09-02T22:54:56.312Z,mp6AikFnErdIdqp62U9r9KiPH2z2,bulk-import-script,fred.antwi-boadu@fishcom.gov.gh,mda_user,ministry-of-fisheries-aqua-culture-development,mda_users_import
2026-09-17T23:26:33.860Z,YbWZ9N26fyXZxSjb4oDDQnaywts2,bulk-import-script,nathanielnettey@nmc.gov.gh,mda_user,nursing-and-midwifery-council,capacity_building_users_import
2026-09-02T22:56:59.245Z,FPxJD5BxOqQaGnX2Zq7uCiah6Gd2,bulk-import-script,josephinesarpong73@gmail.com,mda_user,ministry-of-food-and-agriculture,mda_users_import
2026-09-17T23:12:59.148Z,9Kwu4dSt8KWGk5mJF3Q2uYGsFd92,bulk-import-script,sngmenkaara@yahoo.com,mda_user,christian-health-association-of-ghana,capacity_building_users_import
2026-09-17T22:58:34.238Z,wrF1zeGzwVN65pB0YKPX7wlZrt62,bulk-import-script,awotwedavid8@gmail.com,mda_user,national-youth-authority,capacity_building_users_import
2026-09-18T15:36:46.575Z,t4XBsJdO0YPMTuc0psradcVUxZv2,bulk-import-script,ruth.agyeman@arcc.gov.gh,mda_user,ashanti-regional-coordinating-council,group1516_users_import
2026-09-02T22:48:49.655Z,3yojqPNRsNYfw6dlB61Nq3yMYLk1,bulk-import-script,edith.ababio-amoah@unescoghana.gov.gh,mda_user,ministry-of-education,mda_users_import
2026-09-02T23:44:35.687Z,wCARGTio5aeYUKklfx1WbvYa6YA3,bulk-import-script,romeo2000usgh@yahoo.com,mda_user,ministry-of-health,mda_users_import
2026-09-11T13:50:06.451Z,dBS8iaFl5AVD9eKGXtkpqL12JwP2,bulk-import-script,kwaku.antwi@biaeastda.gov.gh,mda_user,bia-east-district,volta_serene_group1112_users_import
2026-09-02T23:19:44.286Z,Q37Xerq8NHaOAE9aHS8mJxJrikV2,bulk-import-script,joel.tetteh@mincom.gov.gh,mda_user,ministry-of-lands-and-natural-resources,mda_users_import
2026-09-17T23:46:14.953Z,4qAMqecfKqSDUBrCte98qfpPJsz1,bulk-import-script,francis.siripi@statsghana.gov.gh,mda_user,ghana-statistical-service,capacity_building_users_import
2026-09-17T23:46:28.584Z,s02MCfrOsNOB7mijKuhR0xArAbV2,bulk-import-script,anita.avadu@moe.gov.gh,mda_user,ministry-of-education,capacity_building_users_import
2026-09-11T13:51:30.705Z,9UFBaJZSs4fWB6AvMlglJ6emC7m1,bulk-import-script,ebenezer.abassa@suada.gov.gh,mda_user,suaman-district,volta_serene_group1112_users_import
2026-09-17T23:37:18.142Z,L9ylxaGCERgTL2OSLavjKCZrYTm2,bulk-import-script,piismaqer@gmail.com,mda_user,department-of-community-development,capacity_building_users_import
2026-09-02T23:46:42.890Z,lHzTy5NGQ5Y4dqyzieyvjfHh7bx2,bulk-import-script,okyere1003@gmail.com,mda_user,ministry-of-health,mda_users_import
2026-09-02T21:52:28.017Z,0skjGNcLYXS1OxG57WTpeeBnQsG2,bulk-import-script,david.ampah@gepa.gov.gh,mda_user,ministry-of-trade-and-industry,mda_users_import
2026-09-02T22:52:31.749Z,y1461UhcApdCbN8YkqbjEfpPNoE2,bulk-import-script,george.degbor@dfi.gov.gh,mda_user,ministry-of-employment-and-labour-relations,mda_users_import
2026-09-02T22:57:07.433Z,U8wEhRTifzO5xnoPpsiN81eEihG3,bulk-import-script,bright.ayim-adomako@mfa.gov.gh,mda_user,ministry-of-foreign-affairs-and-regional-integration,mda_users_import
2026-09-02T21:39:59.387Z,hijC88RlMlQIS2RqhTnftkWkxv63,bulk-import-script,vincentdakura@gmail.com,mda_user,ministry-of-local-government,mda_users_import
2026-09-17T23:32:38.929Z,fxhrFd3W5GMSYBdqm1WhA3YCx1K2,bulk-import-script,fridolinejnr@gmail.com,mda_user,nuclear-regulatory-authority,capacity_building_users_import
2026-09-18T15:33:00.433Z,XdkBd190oMd41fr4YYPCk1hAD2S2,bulk-import-script,nhyirayiadom2@gmail.com,mda_user,pru-east-district,group1516_users_import
2026-09-01T13:47:12.913Z,lRzwnVViMeh1hLG92Gzz8XDtZNx1,bulk-import-script,baffoemarvin@gmail.com,mda_user,west-akim-municipal,volta_serene_group56_users_import
2026-09-02T23:44:54.924Z,4QKuyPFnu8X58qctUYaK582OP2R2,bulk-import-script,jakelikem@ymail.com,mda_user,ministry-of-health,mda_users_import
2026-09-02T23:31:09.019Z,j9QwlRmtFdeL9Pg2IiXEQUBWEFa2,bulk-import-script,vamensah2017@gmail.com,mda_user,public-services-commission,mda_users_import
2026-09-02T23:41:27.401Z,p1C77kPlnLMBiZlilqXrbDnZgVU2,bulk-import-script,evansdanso@yahoo.com,mda_user,ministry-of-health,mda_users_import
2026-09-17T23:36:45.420Z,NK6dYikrI9XNwsZo3MXqmQoY4xs1,bulk-import-script,gifty.sau@zicds.gov.gh,mda_user,zongo-and-inner-city-development-secretariat,capacity_building_users_import
2026-09-17T23:01:48.554Z,hCBNp2oZwkT0TAEMxgZ6slBvwgF2,bulk-import-script,fuseina09@gmail.com,mda_user,fisheries-commission,capacity_building_users_import
2026-09-02T21:43:05.539Z,hgN5fMjnbVcurL9rqhIcizXn6no1,bulk-import-script,rukkynayan@gmail.com,mda_user,ministry-of-roads-and-highways,mda_users_import
2026-09-01T13:46:16.579Z,rAoOPeCtYLVdMksSPvCbcMX4PD72,bulk-import-script,nyarkohans36@gmail.com,mda_user,nsawam-adoagyiri-municipal,volta_serene_group56_users_import
2026-09-02T21:48:00.861Z,0ZwisokYRyMD3VQ8wha8qwI6nCj1,bulk-import-script,henrynsoh@gmail.com,mda_user,ministry-of-the-interior,mda_users_import
2026-09-02T23:07:36.319Z,HlU0zPMhS8VFFLL34UUMbT3cef43,bulk-import-script,kwadwo.abeam@ghanaprisons.gov.gh,mda_user,ministry-of-the-interior,mda_users_import
2026-09-17T23:00:16.772Z,TMLl2ODL58QVMCOXhLcjWJTqWqz2,bulk-import-script,ttenkorangnot@gmail.com,mda_user,national-sports-authority,capacity_building_users_import
2026-09-02T23:34:58.486Z,keMpET21H7esiP9EvPb0osI5ztd2,bulk-import-script,itoah@mofep.gov.gh,mda_user,ministry-of-finance,mda_users_import
2026-09-17T23:34:19.268Z,hcTocnV8f5QY8ZXFwTIg4YVyekt1,bulk-import-script,gmakan.wujangi@mint.gov.gh,mda_user,ministry-of-the-interior,capacity_building_users_import
2026-09-02T22:29:12.596Z,pRtWHeox3BUA2Pzl6Mph5Ma7iUp1,bulk-import-script,theowasty85@gmail.com,mda_user,ministry-of-health,mda_users_import
2026-09-17T23:47:13.873Z,O9LNAX1a0GayieR1rRQPw6A2r9H2,bulk-import-script,patricksenagah@yahoo.com,mda_user,volta-regional-coordinating-council,capacity_building_users_import
2026-09-02T23:46:15.600Z,b1Hlu67bvwSTwmqKiAUeguGtDer2,bulk-import-script,monarch27quao@gmail.com,mda_user,ministry-of-health,mda_users_import
2026-09-15T11:51:28.268Z,30tlFDBt9QYjkRX9MEW1xqnRjuE2,bulk-import-script,rolland.asare@oma.gov.gh,mda_user,obuasi-municipal,ashanti_users_import
2026-09-02T21:43:21.514Z,T7FdGCQkksTTZre3Zh6PaGlfUAH2,bulk-import-script,adrian.koranteng@gmail.com,mda_user,ministry-of-the-interior,mda_users_import
2026-09-02T23:33:28.772Z,IrNMNQkcLLaWkGOARMhEoy2VBHm2,bulk-import-script,fbaffour@mofep.gov.gh,mda_user,ministry-of-finance,mda_users_import
2026-09-02T21:18:29.500Z,tYCZZkPU5Udhkbz4OmsTrSkSAoi2,bulk-import-script,rejoice.kwao-nmai@pcsrc.gov.gh,mda_user,ministry-of-communication-and-decentralization,mda_users_import
2026-09-02T21:36:49.217Z,jlNSE8FavAckQHdzmR5rFvdC1Vm2,bulk-import-script,dannyshalom39@gmail.com,mda_user,ministry-of-local-government,mda_users_import
2026-09-02T21:18:14.845Z,Fq6qT0h4JDWa9l9bwe24EFoxRsu1,bulk-import-script,nana.brempong@moc.gov.gh,mda_user,ministry-of-communication-and-decentralization,mda_users_import
2026-09-17T23:15:46.478Z,NJqK2ctcZAZIAu5ZLr0SS9i3I083,bulk-import-script,philip.dzamesi@iaa.gov.gh,mda_user,internal-audit-agency,capacity_building_users_import
2026-09-02T22:48:52.921Z,HUdH3jzISkY9zUCF6n0p9y1ZBMo2,bulk-import-script,asuinura.ernesticia@gbdc.gov.gh,mda_user,ministry-of-education,mda_users_import
2026-09-02T22:01:26.478Z,Xz8pgQO0vac8omwGQaGfm91Wi8B2,bulk-import-script,richard.tweneboah-kodua@ndpc.gov.gh,mda_user,national-development-planning-commission,mda_users_import
2026-09-17T23:28:17.595Z,psOyfmas2PT7x2dwM93QLSlqc7V2,bulk-import-script,arthur.ebenezer748@gmail.com,mda_user,ministry-of-food-and-agriculture,capacity_building_users_import
2026-09-17T23:02:50.904Z,Xyxt9p4qLqhA8kOj6Kov15lkn902,bulk-import-script,asanteantiprince@gmail.com,mda_user,national-teaching-council,capacity_building_users_import
2026-09-02T23:29:58.102Z,IHDg2MszIKWPdZCjZfdLStsYLC93,bulk-import-script,tinaik2002@yahoo.com,mda_user,public-services-commission,mda_users_import
2026-09-17T23:35:03.633Z,APsulIFCqeWe4w7Iy9VdXxkRWbl1,bulk-import-script,sheilaletsa@gmail.com,mda_user,fisheries-commission,capacity_building_users_import
2026-09-17T23:41:43.233Z,45TYoxBLv5hW2Rkvy5pA8TMHSTD2,bulk-import-script,ezekiel.laryea@bdr.gov.gh,mda_user,births-and-deaths-registry,capacity_building_users_import
2026-09-17T23:23:28.293Z,g1FrrvPpiOY64lWCXPdeWh6Y6623,bulk-import-script,rashida.mohammed@mlgcra.gov.gh,mda_user,ministry-of-local-government,capacity_building_users_import
2026-09-02T21:19:35.473Z,MM67gGtm4sVoiuEAKzMdC0s1YsH2,bulk-import-script,samatigah@gmail.com,mda_user,ministry-of-communication-and-decentralization,mda_users_import
2026-09-04T13:37:46.471Z,qe7cXuzmMbfYcRekdtCyAf5Oemy2,bulk-import-script,hamdallatu.alhassan@nanton.gov.gh,mda_user,nanton-district,volta_serene_group78_users_import
2026-09-02T22:26:36.467Z,9QsbMCziL8brGtL3mEF20Y0Ewq23,bulk-import-script,marthaomari333@gmail.com,mda_user,ministry-of-health,mda_users_import
2026-09-17T23:09:00.859Z,FjCxsFpl86f0TASpgNr6ifh31p23,bulk-import-script,judithkyeraah@gmail.com,mda_user,office-of-the-president,capacity_building_users_import
2026-09-02T22:57:49.474Z,kub8p0Y6XPbOXVlJvMtZ9HH554t1,bulk-import-script,abigail.amankwah@luspa.gov.gh,mda_user,ministry-of-local-government,mda_users_import
2026-09-02T23:47:45.925Z,xu0LPysN2gYeQ7zUUvmaqzatkHf1,bulk-import-script,millicent.tamakloe@nbs.gov.gh,mda_user,ministry-of-health,mda_users_import
2026-09-17T22:59:12.043Z,7oU4xV1IIqeVssLBeFAhAyOShFC3,bulk-import-script,eyeboah@gtec.edu.gh,mda_user,ghana-tertiary-education-commission-gtec,capacity_building_users_import
2026-09-17T23:33:25.351Z,E0SRjl3rbkSQIAZC8jDzcdYKBH73,bulk-import-script,kofieyiah@yahoo.co.uk,mda_user,ministry-of-tourism-culture-and-creative-arts,capacity_building_users_import
2026-09-17T23:14:28.886Z,0GGSWUpMhJWypHHsnqRjYS4Syu12,bulk-import-script,emilzash@yahoo.com,mda_user,ghana-broadcasting-corporation,capacity_building_users_import
2026-09-02T23:17:50.290Z,C5tsOP9R34g68nIASn8GCR45VKJ2,bulk-import-script,king.palm@mosr.gov.gh,mda_user,ministry-of-youth-and-sports,mda_users_import
2026-09-01T13:47:07.162Z,vY9nzaAYJPgxmolGbQyX4mhOpyF2,bulk-import-script,reddyx2016@gmail.com,mda_user,west-akim-municipal,volta_serene_group56_users_import
2026-09-04T13:40:45.668Z,slZOVKf9nceJiamdDiYRA5bdbX22,bulk-import-script,wenapetea.demarah@wgda.gov.gh,mda_user,west-gonja-district,volta_serene_group78_users_import
2026-09-17T23:04:36.662Z,mXkNxH9psdW62ocGW4byfwNBsML2,bulk-import-script,afimensah97@yahoo.com,mda_user,ministry-of-tourism-culture-and-creative-arts,capacity_building_users_import
2026-09-17T23:13:04.821Z,Ma3TXXmGbfUjPb3fc6NpF3Kuybw1,bulk-import-script,nyarkomonica192@gmail.com,mda_user,ghana-national-fire-service,capacity_building_users_import
2026-09-17T23:48:40.458Z,sSNelyrjZ2VYaN7zdY0SFQIpX633,bulk-import-script,cmensah@mofep.gov.gh,mda_user,ministry-of-finance,capacity_building_users_import
2026-09-02T23:13:38.105Z,FaGaaW7pUtP9ZmBfnhXwfaXHVkM2,bulk-import-script,tina.asante@gsa.gov.gh,mda_user,ministry-of-trade-and-industry,mda_users_import
2026-09-02T23:22:11.820Z,FNFWvSWR1Mg2pk25ZDrsgqkdWj63,bulk-import-script,manfi124@gmail.com,mda_user,ministry-of-lands-and-natural-resources,mda_users_import
2026-09-17T23:01:39.138Z,b3uDP1fmXOhCFYzEfyOaIslZFxq2,bulk-import-script,kingsfordadu300@gmail.com,mda_user,national-health-insurance-authority-nhia,capacity_building_users_import
2026-09-02T23:22:02.119Z,bWbsoyqKMFQw9mnH8Z3aFf6R0FP2,bulk-import-script,abdul-rashad.asumah@mlnr.gov.gh,mda_user,ministry-of-lands-and-natural-resources,mda_users_import
2026-09-04T13:38:53.352Z,n4rSo6nMvFbuVaBdP2r9yW2AbSs2,bulk-import-script,juliusab2012@gmail.com,mda_user,tamale-metropolis,volta_serene_group78_users_import
2026-09-02T22:28:43.403Z,3n5S7JasOrh427A4VEEKuHkCAMz2,bulk-import-script,slaryea76@yahoo.com,mda_user,ministry-of-health,mda_users_import
2026-09-02T21:53:19.039Z,PUfnfZTQTXhNDtMkWVpLQk0z7Ms2,bulk-import-script,abigail.tetteh@dvla.gov.com,mda_user,ministry-of-transport,mda_users_import
2026-09-17T23:08:35.427Z,nAq4UQGHuRPd5Wak6zKD7NpLmMJ2,bulk-import-script,adjetey305@yahoo.com,mda_user,council-for-scientific-and-industrial-research-csir,capacity_building_users_import
2026-09-04T13:39:16.638Z,YhvXMG7AeMdh0ohtaUmiQXdvoDo1,bulk-import-script,abdul-rahim.haffiz@tolon.gov.gh,mda_user,tolon-district,volta_serene_group78_users_import
2026-09-02T21:38:09.614Z,O6BWup4sRtdL2XhRAL1FGiEO8pc2,bulk-import-script,priscilla.attipoe@mlgcra.gov.gh,mda_user,ministry-of-local-government,mda_users_import
2026-09-02T23:29:55.838Z,SePM1XzIZTYakdXOai6vxagi9Uq1,bulk-import-script,nuel2089@yahoo.com,mda_user,public-services-commission,mda_users_import
2026-09-02T23:36:03.787Z,OGCiEhMcE2akcK309y5g5NOeAUZ2,bulk-import-script,rakabutu@mofep.gov.gh,mda_user,ministry-of-finance,mda_users_import
2026-09-17T23:22:07.549Z,OQoQVivWhNf79EK5EqL39zs7Hgv1,bulk-import-script,jemima.mantey@ntc.gov.gh,mda_user,national-teaching-council,capacity_building_users_import
2026-09-02T23:07:27.587Z,tp1REQJX77gqeHwTxevh6GDlz3Z2,bulk-import-script,ceciyamga@gmail.com,mda_user,ministry-of-the-interior,mda_users_import
2026-09-02T22:25:23.932Z,lHzTy5NGQ5Y4dqyzieyvjfHh7bx2,bulk-import-script,okyere1003@gmail.com,mda_user,ministry-of-health,mda_users_import
2026-09-02T22:01:17.324Z,36iu8AKbkacDAI8aFEb6ibQ2cSl2,bulk-import-script,angela.kpegah@ndpc.gov.gh,mda_user,national-development-planning-commission,mda_users_import
2026-09-17T23:34:06.668Z,t4XBsJdO0YPMTuc0psradcVUxZv2,bulk-import-script,ruth.agyeman@arcc.gov.gh,mda_user,ashanti-regional-coordinating-council,capacity_building_users_import
2026-09-17T23:28:59.280Z,7zgPqNNq46MdjjQXsALBxaPvO4b2,bulk-import-script,isaac.aidoo@fishcom.gov.gh,mda_user,fisheries-commission,capacity_building_users_import
2026-09-02T23:49:41.353Z,2BbmPaUBxYX1qjjlv4B19EfSBN13,bulk-import-script,raphaelbrown989@yahoo.com,mda_user,ministry-of-health,mda_users_import
2026-09-17T23:34:55.744Z,7Sp9D4n94henaMfVatNbFwt1Cz93,bulk-import-script,manunafi95@gmail.com,mda_user,ghana-muslim-mission-college-of-education,capacity_building_users_import
2026-09-01T13:46:00.251Z,KL63EO6c56XGXTe53IwvCTd03SQ2,bulk-import-script,preciousagyei9@gmail.com,mda_user,new-juaben-south-municipal,volta_serene_group56_users_import
2026-09-17T23:29:43.248Z,g75oBEOJz2SMEEc1TEAWPlYewBS2,bulk-import-script,sampson.ackaah@nhia.gov.gh,mda_user,national-health-insurance-authority-nhia,capacity_building_users_import
2026-09-02T21:33:12.014Z,ZegOKQOFxZXlosC8ExiPFxr2lzk1,bulk-import-script,isaiah.kwofie@fishcom.gov.gh,mda_user,ministry-of-fisheries-aqua-culture-development,mda_users_import
2026-09-24T09:47:45.733Z,hiMUFaIJkYh0JNgVnohT18LSkml2,bulk-import-script,berthaeffah@yahoo.com,mda_user,national-peace-council,interior_users_import
2026-09-17T23:13:08.225Z,zFBCOWo22BQTF7f2yU1a8rjB76m2,bulk-import-script,kwadwoantwi629@gmail.com,mda_user,ghana-prisons-service,capacity_building_users_import
2026-09-02T22:05:11.557Z,X5138zuA2zVHHQGax2eSaFtt7xn2,bulk-import-script,david.angoh@gipc.gov.gh,mda_user,office-of-government-machinery,mda_users_import
2026-09-02T22:21:30.881Z,tZza2OH8TfhK84k5M3PdUqDjIC63,bulk-import-script,fbosomprah@gmail.com,mda_user,ministry-of-health,mda_users_import
2026-09-01T13:45:54.154Z,xek0HLnvdCZlXZADJNjrarXJYcn2,bulk-import-script,feliciaaboagye874@gmail.com,mda_user,new-juaben-north-municipal,volta_serene_group56_users_import
2026-09-02T23:39:52.958Z,pyF5zC0SsJhUqHetWhHzF1IEqS03,bulk-import-script,benamma@yahoo.com,mda_user,ministry-of-health,mda_users_import
2026-09-18T15:34:32.270Z,KxV9oaoPA7gCoMMhgXVOQIoq8d12,bulk-import-script,gilbert.yeboah@tecma.gov.gh,mda_user,techiman-municipal,group1516_users_import
2026-09-11T13:52:04.288Z,zuiPQhnZhfQl536QvO1avbWDVJg2,bulk-import-script,nanafrimpongdankwah83@gmail.com,mda_user,asante-akim-central-municipal,volta_serene_group1112_users_import
2026-09-02T23:23:53.533Z,G17ALSgn4HfcS0pyNE15wUPHSmT2,bulk-import-script,bernard.bosomprah@nhia.gov.gh,mda_user,national-health-fund,mda_users_import
2026-09-18T15:30:27.897Z,1djJxZ93MOcT2MUnF781RtadYP92,bulk-import-script,richmondobengbonsu@gmail.com,mda_user,amansie-south-district,group1516_users_import
2026-09-02T21:33:44.065Z,ZOmpF1VRVvaRaCxcJwE1ZywxArS2,bulk-import-script,nana.abrokwa@npfs.gov.gh,mda_user,ministry-of-fisheries-aqua-culture-development,mda_users_import
2026-09-02T22:31:36.786Z,PSyRA8bYb6Vj6aAb8CWN0b7Rdhu2,bulk-import-script,eric.abrah@nya.gov.gh,mda_user,ministry-of-youth-development-and-empowerment,mda_users_import
2026-09-02T22:41:48.779Z,a3KLSGk7foZZUacWAVnSVfqsIB63,bulk-import-script,tinaboat44@gmail.com,mda_user,electoral-commission,mda_users_import
2026-09-17T23:07:32.423Z,APsulIFCqeWe4w7Iy9VdXxkRWbl1,bulk-import-script,sheilaletsa@gmail.com,mda_user,fisheries-commission,capacity_building_users_import
2026-09-02T21:48:11.808Z,JuZeIUEs2fQW5RMeFwg4WcYLO1w1,bulk-import-script,jessica.ayim@mint.gov.gh,mda_user,ministry-of-the-interior,mda_users_import
2026-09-17T23:31:24.596Z,8TEwUSDDUJed2HMzsmfRjxIhr553,bulk-import-script,leonard.ankrah@gmail.com,mda_user,department-of-rural-housing,capacity_building_users_import
2026-09-02T21:30:57.592Z,hHryQZ322ZYTCK14ubQ5fU7FUUd2,bulk-import-script,george.addy-morton@petrocom.gov.gh,mda_user,ministry-of-energy,mda_users_import
2026-09-02T22:26:32.188Z,mqi9z9WnnHMPAqW3os1QK32uAJ93,bulk-import-script,marymawunyo@gmail.com,mda_user,ministry-of-health,mda_users_import
2026-09-02T21:33:35.984Z,zgSVpHIp0EWlRSWfjpQrfWUlnm83,bulk-import-script,marian.kpakpah@mofad.gov.gh,mda_user,ministry-of-fisheries-aqua-culture-development,mda_users_import
2026-09-15T11:46:40.952Z,SBS1grkHPzaKL8Np8roiBSKAUpx1,bulk-import-script,emmanuel.osei@ofkma.gov.gh,mda_user,oforikrom-municipal,ashanti_users_import
2026-09-17T23:00:23.166Z,dpufNKMzBddq7l9rAVYSCL3lhri2,bulk-import-script,charles.donkor@nhia.gov.gh,mda_user,national-health-insurance-authority-nhia,capacity_building_users_import
2026-09-02T23:46:48.527Z,GsfXfx5vcQaUaKRekiWZlg0dNOM2,bulk-import-script,kafui.odoi@ghs.gov.gh,mda_user,ministry-of-health,mda_users_import
2026-09-17T22:58:59.935Z,hD6o6J0kcxR3IysLbrFru63ZnvY2,bulk-import-script,loretta.degbe@ohcs.gov.gh,mda_user,office-of-the-head-of-civil-service,capacity_building_users_import
2026-09-02T22:01:50.442Z,ffQBpdo1upeH0C5sb7wi1hWwC9H3,bulk-import-script,christian.donkor@nhia.gov.gh,mda_user,national-health-fund,mda_users_import
2026-09-02T23:35:13.082Z,GJSxMDnQi8PsjiBCLAmuxxjMtrz2,bulk-import-script,kafui.adamah@statsghana.gov.gh,mda_user,ministry-of-finance,mda_users_import
2026-09-02T22:27:11.503Z,tOdcUHCfp9Zz8i1rR4EDWOIt1x62,bulk-import-script,perpetualadator@gmail.com,mda_user,ministry-of-health,mda_users_import
2026-09-17T23:29:14.834Z,QSnzqRmGgKOSXkzqXui7cDyjbtj1,bulk-import-script,apollonius.asare@unescoghana.gov.gh,mda_user,ghana-commission-for-unesco,capacity_building_users_import
2026-09-17T23:27:37.394Z,rWskFkZDjiZUo7EtH1mXUyhW5Gg1,bulk-import-script,john.young@gaec.gov.gh,mda_user,ghana-atomic-energy-commission,capacity_building_users_import
2026-09-02T22:19:41.125Z,fMXQu7gT5Tfeq2BxsJlsnqGfGcl1,bulk-import-script,akyen.d@gcnm.edu.gh,mda_user,ministry-of-health,mda_users_import
2026-09-02T23:07:15.687Z,x3T7t8uBUqM3TOBs48KuHwBwS0t2,bulk-import-script,soluplush@yahoo.com,mda_user,ministry-of-the-interior,mda_users_import
2026-09-15T11:46:34.407Z,29uDZDMFbSTouABMRzfzOHcttdc2,bulk-import-script,linda.senccherey@ofkma.gov.gh,mda_user,oforikrom-municipal,ashanti_users_import
2026-09-01T13:44:54.591Z,rcrnIFaib3Sx9dwY3de0cXbbHh82,bulk-import-script,shaibu.awudu@keda.gov.gh,mda_user,kwahu-east-district,volta_serene_group56_users_import
2026-09-08T10:39:33.639Z,F1qQZornJsg3CMRKX9oh9MTXsvl1,bulk-import-script,randolf.arthur@acda.gov.gh,mda_user,amenfi-central-district,gbmsupport_users_import
2026-09-02T23:40:49.820Z,FR64yyJbhXhG9LNZ7I4zYz7xb5q1,bulk-import-script,darthur707@gmail.com,mda_user,ministry-of-health,mda_users_import
2026-09-02T22:10:51.972Z,9Ja3Lgh3QuPsAWLq8FmrFXI4rhB2,bulk-import-script,gregory.setse@praad.gov.gh,mda_user,office-of-the-head-of-civil-service,mda_users_import
2026-09-02T21:30:36.231Z,P7uMTqxD1AWO2QFlsbFzupsqRmU2,bulk-import-script,atakyiwa@energycom.gov.gh,mda_user,ministry-of-energy,mda_users_import
2026-09-17T23:18:19.633Z,MTVrDqk1AKd4nSwvq8w6dJjF4N62,bulk-import-script,jadams@moc.gov.gh,mda_user,ministry-of-communications-digital-technology-and-innovations,capacity_building_users_import
2026-09-02T21:35:59.291Z,IT6org2vvkR2dMyzrsWX2MPglmo2,bulk-import-script,genyah@ncpd.gov.gh,mda_user,ministry-of-gender-children-and-social-protection,mda_users_import
2026-09-02T22:26:45.192Z,yuMsVix0xLhiGHDade7FhhebuC12,bulk-import-script,monicatorsu1@gmail.com,mda_user,ministry-of-health,mda_users_import
2026-09-02T22:48:25.268Z,ls9q7G8m7rOQTnViApHMlBx2v2c2,bulk-import-script,cephas.agboka@ctvet.gov.gh,mda_user,ministry-of-education,mda_users_import
2026-09-02T22:52:55.986Z,0KcbutVgLOVlWJ6dAtpNsz4olUw1,bulk-import-script,lawrence.simpi@labourdepartment.gov.gh,mda_user,ministry-of-employment-and-labour-relations,mda_users_import
2026-09-02T21:58:53.727Z,jVMWjtp3RXWtb1PNTz5WHGmpZBS2,bulk-import-script,clara.lartey@mosr.gov.gh,mda_user,ministry-of-youth-and-sports,mda_users_import
2026-09-02T21:15:49.691Z,y8RG2Ed82yTOH3gp9YhecoRvbLS2,bulk-import-script,edgar.gyawu16@gmail.com,mda_user,electoral-commission,mda_users_import
2026-09-15T11:47:59.454Z,y0Wv9jSabPb3jTmzlPTuYReknVK2,bulk-import-script,richard.ofosuhene@skda.gov.gh,mda_user,sekyere-kumawu-district,ashanti_users_import
2026-09-04T13:37:02.469Z,Vrhmm2R4mObV6B1t6WMtNfF36442,bulk-import-script,lawoe.bright@northernrcc.gov.gh,mda_user,northern-arba,volta_serene_group78_users_import
2026-09-17T23:41:53.361Z,9TppXuN4UVXgz5YHIuk8HsMbujB3,bulk-import-script,linda.ansate@mofaq.gov.gh,mda_user,ministry-of-fisheries-aqua-culture-development,capacity_building_users_import
2026-09-17T23:43:16.013Z,qrLKzWmP1cVtseV2y5QqGWt1Xj22,bulk-import-script,ato.arkhurst@gipa.gov.gh,mda_user,ghana-investment-promotion-authority,capacity_building_users_import
2026-09-17T23:43:18.275Z,6tGFXiqjISdgeFrRlme8dMLnyMC3,bulk-import-script,lovia.afoakwa@ndpc.gov.gh,mda_user,national-development-planning-commission,capacity_building_users_import
2026-09-17T23:14:59.708Z,wmtgRid3I6Xya8zKDoIit0Y7FaH2,bulk-import-script,frimpomaa.mantey@mofaq.gov.gh,mda_user,ministry-of-fisheries-aqua-culture-development,capacity_building_users_import
2026-09-02T21:58:40.050Z,5z7cVpzKZGWgs9r9N5xEklqDOdJ3,bulk-import-script,tamakloewilherm1@gmail.com,mda_user,ministry-of-works-and-housing,mda_users_import
2026-09-02T22:31:39.073Z,tLaeWSg0lST1AIZIfvrC3ijI8JA3,bulk-import-script,david.awotwe@nya.gov.gh,mda_user,ministry-of-youth-development-and-empowerment,mda_users_import
2026-09-02T21:42:00.700Z,5Ce8eN2V96PDpvIaLzA6BEUFl3u2,bulk-import-script,odosueric@yahoo.co.uk,mda_user,ministry-of-roads-and-highways,mda_users_import
2026-09-02T22:29:04.512Z,g8aCGIljLKdk4brUaCkHZwzpfiv1,bulk-import-script,styplate@gmail.com,mda_user,ministry-of-health,mda_users_import
2026-09-17T23:33:51.039Z,yqYY8dL22IfVwA4BTJBc43jEYZ73,bulk-import-script,andrews.dzewoda@orc.gov.gh,mda_user,office-of-the-registrar-of-companies,capacity_building_users_import
2026-09-02T23:44:11.691Z,pe1oBe5fhTVKyrq3uPJTwrniNo12,bulk-import-script,ikeb30@yahoo.com,mda_user,ministry-of-health,mda_users_import
2026-09-02T23:03:14.388Z,4EJ6A7luK3SQupx1jxASzuISIqm2,bulk-import-script,joelarbi72@gmail.com,mda_user,ministry-of-local-government,mda_users_import
2026-09-02T22:43:13.857Z,N00PrBuOl9T3GLhwFiEuHotrBul1,bulk-import-script,mbankrah11@gmail.com,mda_user,judicial-service,mda_users_import
2026-09-02T22:53:59.553Z,ij188qYaLoUjB1l23JY1sULohRD3,bulk-import-script,aliyata.uthman@mesti.gov.gh,mda_user,ministry-of-environment-science-technology-and-innovation,mda_users_import
2026-09-02T23:43:58.221Z,YZL3iTG5zdc9mabHcfnGlc4AVHI2,bulk-import-script,richardson.g@gcnm.edu.gh,mda_user,ministry-of-health,mda_users_import
2026-09-02T23:13:14.158Z,Z2zAWpIl8SMFOidt3YuRkAMBiUv2,bulk-import-script,zoekpn@gmail.com,mda_user,ministry-of-trade-and-industry,mda_users_import
2026-09-17T23:37:25.316Z,kPi28l0cVLNPqdehlBFh2ri39hl2,bulk-import-script,djilahs@yahoo.com,mda_user,national-disaster-management-organisation-nadmo,capacity_building_users_import
2026-09-04T13:37:41.332Z,TQeHKTzeCrh39kKrycXev4T0zny2,bulk-import-script,yakubu.shaibu@miondistrict.gov.gh,mda_user,mion-district,volta_serene_group78_users_import
2026-09-02T23:44:06.025Z,ZA0Jf7uNrhOfKLKZUP9ReoQdPmt1,bulk-import-script,hafizadamalhaj@hotmail.com,mda_user,ministry-of-health,mda_users_import
2026-09-02T23:31:18.249Z,D4ibcxpUhDY3pFE9GAt4KKTaCAq2,bulk-import-script,angelica.ayanful@cagd.gov.gh,mda_user,ministry-of-finance,mda_users_import
2026-09-17T23:34:47.708Z,QZcfavQTpvSgDPGxEXJ4vIzRgZY2,bulk-import-script,naa-dromo.adzekwei@mosr.gov.gh,mda_user,ministry-of-sports-and-recreation,capacity_building_users_import
2026-09-18T15:30:14.285Z,I9Doo8I5tEfklFgUXpleo5wTSHx1,bulk-import-script,oliviaserwaaboateng96@gmail.com,mda_user,juaben-municipal,group1516_users_import
2026-09-02T22:57:30.604Z,QCYUwidP0gTlcPqlWmQ0r8GYGJv1,bulk-import-script,mag.gilbert@yahoo.com,mda_user,ministry-of-gender-children-and-social-protection,mda_users_import
2026-09-17T22:57:47.390Z,zmJm58ffCqN5qQVg2FxCRpPW7dt1,bulk-import-script,mavis.asare@mosr.gov.gh,mda_user,ministry-of-sports-and-recreation,capacity_building_users_import
2026-09-24T09:46:02.621Z,ZXQ6rSqbeYhlmHrVLUKaaXO4sTB3,bulk-import-script,solomon.mensah@mint.gov.gh,mda_user,ministry-of-the-interior,interior_users_import
2026-09-02T21:49:30.792Z,OXGnbM2LvNdSoUMxuGacnqD9DlR2,bulk-import-script,sarthur@nsbnc.org,mda_user,ministry-of-the-interior,mda_users_import
2026-09-02T22:28:23.509Z,iZTqpHSPmeUjl6960bxXUql459l1,bulk-import-script,solomon.boamah@ghs.gov.gh,mda_user,ministry-of-health,mda_users_import
2026-09-02T23:17:13.952Z,EETu3J8Lv6Rt5JDo0NuwBHJURi43,bulk-import-script,v.brew@yahoo.com,mda_user,ministry-of-works-and-housing,mda_users_import
2026-09-08T10:41:19.765Z,LvNUq8DDQqeLkWJ9B8C2IXqUhUb2,bulk-import-script,jaasyloveja4@gmail.com,mda_user,sekondi-takoradi-metropolis,gbmsupport_users_import
2026-09-04T13:40:15.214Z,W3gYogYMuMNrRYTJR2prmBrhixJ2,bulk-import-script,imoro.issah@negda.gov.gh,mda_user,north-east-gonja-district,volta_serene_group78_users_import
2026-09-17T23:36:31.693Z,ztA95G57DNUQyWA8oXpVqguThII2,bulk-import-script,frankeyto1982@gmail.com,mda_user,controller-and-accountant-general-s-department,capacity_building_users_import
2026-09-02T23:18:31.266Z,g7stktR7qvWNTaQ2kIYJD6j9RK83,bulk-import-script,ggiftyelikem@yahoo.com,mda_user,ministry-of-lands-and-natural-resources,mda_users_import
2026-09-11T13:52:31.135Z,JMKpjwSUkIdg2uLrURexHUAD2L22,bulk-import-script,asare.akosua@aasma.gov.gh,mda_user,asante-akim-south-district,volta_serene_group1112_users_import
2026-09-17T23:24:11.870Z,YbloLerEf7Q0JA0UcPMc9FxxdI72,bulk-import-script,abdul.fazazi@yunada.gov.gh,mda_user,yunyoo-nasuan-district,capacity_building_users_import
2026-09-02T22:13:42.950Z,2v5eOXdx96hyntJAu2dn8Zmo7p73,bulk-import-script,kwasiagyei08@yahoo.com,mda_user,ministry-of-finance,mda_users_import
2026-09-02T23:36:43.882Z,xtUfWFqKkZXpE8f7uh3GyWjXMKu1,bulk-import-script,abibadiabor1@gmail.com,mda_user,ministry-of-health,mda_users_import
2026-09-08T10:40:48.336Z,svetUL4biKgVc40dHeKvpK22noo1,bulk-import-script,gifty.andoh@tnma.gov.gh,mda_user,tarkwa-nsuaem-municipal,gbmsupport_users_import
2026-09-02T22:00:04.148Z,KFB1KIeBxShocBvV7BXEAa3VI2g1,bulk-import-script,fktorttoh@outlook.com,mda_user,ministry-of-lands-and-natural-resources,mda_users_import
2026-09-02T23:06:39.965Z,wbL5b8hkMzcZs09vqnfvT4tB9O43,bulk-import-script,gtawiahrichard@gmail.com,mda_user,ministry-of-roads-and-highways,mda_users_import
2026-09-02T23:35:25.987Z,rAGfv9xZMvVaeFjUjELkcbF5NP32,bulk-import-script,sefmag@yahoo.com,mda_user,ministry-of-finance,mda_users_import
2026-09-01T13:45:23.361Z,SHcABLtpizg0UFcHBrYAKfPFWgI3,bulk-import-script,bismark.agyei@kwahuwest.gov.gh,mda_user,kwahu-west-district,volta_serene_group56_users_import
2026-09-02T21:46:11.999Z,nxrjipZVNdOrDRPYae4oeT0GuqA3,bulk-import-script,elikem.kwadzokpo@grb.gov.gh,mda_user,ministry-of-the-interior,mda_users_import
2026-09-17T23:13:14.377Z,0V4UhdXpgIRY0TapZwGKMreZIKm2,bulk-import-script,actionken@yahoo.com,mda_user,ministry-of-education,capacity_building_users_import
2026-09-17T23:15:37.270Z,VpuWhbSiyBXr0lLcBNg0jCCvkiH2,bulk-import-script,nanbena@yahoo.com,mda_user,ncce,capacity_building_users_import
2026-09-17T23:39:34.019Z,0e6BXjxlq1boNEVuqobZm4VdVnZ2,bulk-import-script,lawkueem@gmail.com,mda_user,labour-department,capacity_building_users_import
2026-09-02T21:23:42.654Z,3yojqPNRsNYfw6dlB61Nq3yMYLk1,bulk-import-script,edith.ababio-amoah@unescoghana.gov.gh,mda_user,ministry-of-education,mda_users_import
2026-09-02T23:02:57.836Z,O9LNAX1a0GayieR1rRQPw6A2r9H2,bulk-import-script,patricksenagah@yahoo.com,mda_user,ministry-of-local-government,mda_users_import
2026-09-02T23:52:20.530Z,sfT71Mi9dPeqLgpSV9JoaIZQlvu1,bulk-import-script,mark.danso@nss.gov.gh,mda_user,ministry-of-youth-development-and-empowerment,mda_users_import
2026-09-02T21:48:31.281Z,jxp1xaxO5AMThXP8TUYtCvZQjE32,bulk-import-script,aimerlove15@yahoo.com,mda_user,ministry-of-the-interior,mda_users_import
2026-09-17T23:03:52.287Z,ySt7JrUtLoU6SL5xLv4THcEhpSP2,bulk-import-script,eric.mante-bediako@motcca.gov.gh,mda_user,ministry-of-tourism-culture-and-creative-arts,capacity_building_users_import
2026-09-04T13:38:34.015Z,DZlzCc6PkmhrN14roIX19xL8ilF3,bulk-import-script,zaharawu.imrana@saveluguma.gov.gh,mda_user,savelugu-district,volta_serene_group78_users_import
2026-09-02T23:27:35.371Z,GRIrVmPD1dQMfa1rLGN8M2J61Yb2,bulk-import-script,doreen.suglee@miczd.gov.gh,mda_user,office-of-government-machinery,mda_users_import
2026-09-17T23:31:05.219Z,3ZhA0JBY1nNzbG8N06jCC6U7cJi1,bulk-import-script,james.kuofie@nra.gov.gh,mda_user,nuclear-regulatory-authority,capacity_building_users_import
2026-09-02T22:57:45.740Z,v2FBkN7Ox2R0uyvfKKQIWAXdXLk1,bulk-import-script,vincent.yebiah-asuamah@mogcsp.gov.gh,mda_user,ministry-of-gender-children-and-social-protection,mda_users_import
2026-09-18T15:35:13.764Z,navIEIxKCThyLv63o11iKFpO2cG2,bulk-import-script,ayishatu.is-haq@kima.gov.gh,mda_user,kintampo-north-municipal,group1516_users_import
2026-09-24T09:46:27.086Z,Ozp9nUyoIqMz4hsKPDIWB2xzbG42,bulk-import-script,brusnikleticia48@gmail.com,mda_user,ghana-prisons-service,interior_users_import
2026-09-02T23:47:32.952Z,evKb8qwqc8VEmrRDhof4VLeFSUW2,bulk-import-script,msmillygad@gmail.com,mda_user,ministry-of-health,mda_users_import
2026-09-02T21:43:46.288Z,qyZ15m5XeCgrWs8FuO7C3je0lVn1,bulk-import-script,a.oti-akenten@smallarmscommission.gov.gh,mda_user,ministry-of-the-interior,mda_users_import
2026-09-02T23:48:02.881Z,ZM4lhYmG9JMfcc1HW50YUG1Wb2b2,bulk-import-script,mcluv07@yahoo.co.uk,mda_user,ministry-of-health,mda_users_import
2026-09-24T09:48:15.304Z,ttIY55mTbwOmlWPdnvwIXEwDPXt2,bulk-import-script,dennis.gyau@immigration.gov.gh,mda_user,ghana-immigration-service,interior_users_import
2026-09-02T21:49:14.873Z,UQT8ED6O8gQxAw2bU3aQwNqbQ013,bulk-import-script,robryeb@gmail.com,mda_user,ministry-of-the-interior,mda_users_import
2026-09-02T23:35:31.825Z,qrvWIimwaZWUfCQFxof8yAdOMWV2,bulk-import-script,okarikari@mofep.gov.gh,mda_user,ministry-of-finance,mda_users_import
2026-09-17T23:49:47.352Z,Hs8gsYtRg4bRRGpgr6EPr0VwJlq2,bulk-import-script,amina.seidu@ctvet.gov.gh,mda_user,ghana-tvet-service,capacity_building_users_import
2026-09-02T22:49:04.400Z,REchf6cjMeY8iXXMcZUC0tABynp2,bulk-import-script,egquayson@waecgh.org,mda_user,ministry-of-education,mda_users_import
2026-09-18T15:32:48.565Z,yU0VzG8o0HfDwsqW5KmazjrFKb02,bulk-import-script,adams.iddi@nksma.gov.gh,mda_user,nkoranza-south-municipal,group1516_users_import
2026-09-17T23:28:50.941Z,dpufNKMzBddq7l9rAVYSCL3lhri2,bulk-import-script,charles.donkor@nhia.gov.gh,mda_user,national-health-insurance-authority-nhia,capacity_building_users_import
2026-09-02T22:27:49.708Z,jmev6dBOySeVi3syv1hubCLHGXf2,bulk-import-script,rgamor@hth.gov.gh,mda_user,ministry-of-health,mda_users_import
2026-09-17T23:21:33.313Z,j5inAhEKXyOlg1KRtiQomS9c2xB2,bulk-import-script,louisa.arthur@gtvets.gov.gh,mda_user,ghana-tvet-service,capacity_building_users_import
2026-09-02T23:48:09.001Z,NXPM05plDGZJhntjh2Qe9I78KOg1,bulk-import-script,noblekx@gmail.com,mda_user,ministry-of-health,mda_users_import
2026-09-24T09:48:04.108Z,Q8uUn0ZSHJc8p5K8IN1sGk1QlnB3,bulk-import-script,michael.danful@ncc.gov.gh,mda_user,narcotics-control-commission,interior_users_import
2026-09-02T21:32:05.231Z,epeSuAqToBTEVNe5AUQYdK03UQG2,bulk-import-script,rachel.adjorkor@mesti.gov.gh,mda_user,ministry-of-environment-science-technology-and-innovation,mda_users_import
2026-09-02T22:53:03.693Z,kfP2RfiTsFRhx5ZRSKNAT2DhvcC3,bulk-import-script,asamoahnatty@gmail.com,mda_user,ministry-of-employment-and-labour-relations,mda_users_import
2026-09-02T21:49:33.019Z,AtKwbGwwerbhcHwZZXZgBE14ZeZ2,bulk-import-script,semefa.asimenu@peacecouncil.gov.gh,mda_user,ministry-of-the-interior,mda_users_import
2026-09-02T22:41:09.487Z,jJeRDo6gtvY53C9Dcch9XQLwPAk2,bulk-import-script,benjamin.sumabe@audit.gov.gh,mda_user,audit-service,mda_users_import
2026-09-02T21:35:26.862Z,1QauCPofjgccAa1RVxIyqvH37vd2,bulk-import-script,nuhuibrahim@gmail.com,mda_user,ministry-of-food-and-agriculture,mda_users_import
2026-09-02T23:28:46.767Z,RIz16Hv9Byfwbk2mDKMoBcrApaI2,bulk-import-script,celestina.bugyei@praad.gov.gh,mda_user,office-of-the-head-of-civil-service,mda_users_import
2026-09-01T13:46:53.010Z,89q79GzpfyaJwYBp1DcSwdKAwye2,bulk-import-script,serwaamens@gmail.com,mda_user,upper-west-akyem-district,volta_serene_group56_users_import
2026-09-17T23:33:30.066Z,PSyRA8bYb6Vj6aAb8CWN0b7Rdhu2,bulk-import-script,eric.abrah@nya.gov.gh,mda_user,national-youth-authority,capacity_building_users_import
2026-09-17T23:33:17.629Z,VBjU7kP2nUT1ynA4Qwp1w37wsLr2,bulk-import-script,michael.amofah@nia.gov.gh,mda_user,national-identification-authority,capacity_building_users_import
2026-09-02T21:19:45.109Z,P1BZlnnkYeSw3s80iN4SBohmjUl1,bulk-import-script,wisdom.donkor@gdnr.org.gh,mda_user,ministry-of-communication-and-decentralization,mda_users_import
2026-09-11T13:49:53.153Z,1YSNXexsB8RKu9ohE2Itf2yKHOb2,bulk-import-script,michael.ofori-nkrumah@aoma.gov.gh,mda_user,aowin-municipal,volta_serene_group1112_users_import
2026-09-17T23:42:54.135Z,mftWqOOrDKWc9XVvu553WMm7AMs2,bulk-import-script,enyaahyamoah@gmail.com,mda_user,office-of-government-machinery,capacity_building_users_import
2026-09-02T23:28:51.568Z,vdWhYgnqFxWrpvfdyUXJLddMNsM2,bulk-import-script,dora.dei-tumi@cstc.gov.gh,mda_user,office-of-the-head-of-civil-service,mda_users_import
2026-09-17T23:49:37.047Z,g1FrrvPpiOY64lWCXPdeWh6Y6623,bulk-import-script,rashida.mohammed@mlgcra.gov.gh,mda_user,ministry-of-local-government,capacity_building_users_import
2026-09-02T22:11:31.670Z,FjME89TXwKUqFUJierBgd6t64pk1,bulk-import-script,adwoakyerewaa10@gmail.com,mda_user,public-services-commission,mda_users_import
2026-09-02T22:59:41.376Z,fcV1ZHsDGKM32Eih5BZo568wyaZ2,bulk-import-script,oppongellis06@yahoo.com,mda_user,ministry-of-local-government,mda_users_import
2026-09-02T23:02:52.350Z,DYQ38F1Z44hFS2SfT7vh5IwVbLC2,bulk-import-script,ziempee@gmail.com,mda_user,ministry-of-local-government,mda_users_import
2026-09-17T23:49:11.963Z,HcKmrFg4a4UloUsDMOYEquztRva2,bulk-import-script,loretta.lartey@lac.gov.gh,mda_user,legal-aid-commission,capacity_building_users_import
2026-09-17T22:59:14.351Z,0bJcy4p5budSXClho7HNWQCENGs2,bulk-import-script,samuel.tetteh@lgs.gov.gh,mda_user,office-of-the-head-of-local-government-service,capacity_building_users_import
2026-09-02T21:35:10.487Z,zz4ZhtLKFJdddrMR4Z8xdSYtrv23,bulk-import-script,mne1mrannan@yahoo.com,mda_user,ministry-of-food-and-agriculture,mda_users_import
2026-09-02T21:52:41.607Z,ZMQ3Xv2k5hOkXKjxOkkJvZonf4o1,bulk-import-script,om.akurang@moti.gov.gh,mda_user,ministry-of-trade-and-industry,mda_users_import
2026-09-02T23:10:15.381Z,hL1uSRuAyVNzEAaqo2CQvTmykfr2,bulk-import-script,pagyeman65@gmail.com,mda_user,ministry-of-the-interior,mda_users_import
2026-09-17T23:41:10.176Z,2kymHvROwIXAU4dKkEuPRUELfkU2,bulk-import-script,eunice.addo@gitc.gov.gh,mda_user,ghana-international-trade-commission,capacity_building_users_import
2026-09-02T22:54:15.186Z,nmZ7WsxeoWP8uqDhjTK7h7sa3Y12,bulk-import-script,kwesi.anderson@nba.gov.gh,mda_user,ministry-of-environment-science-technology-and-innovation,mda_users_import
2026-09-11T13:51:09.128Z,Wmw3pdqXJNbYtQKLKZQWqf2rHOi2,bulk-import-script,emmanuel.kwarteng@sada.gov.gh,mda_user,sefwi-akontombra-district,volta_serene_group1112_users_import
2026-09-02T23:29:25.554Z,FqVl7ygRTrNOJzmTwhSt8IXJLcH2,bulk-import-script,ebenayel@gmail.com,mda_user,office-of-the-head-of-civil-service,mda_users_import
2026-09-02T22:25:21.684Z,8fT89xHjq3V9fnoPOz548S0546Q2,bulk-import-script,kingsford.boakye@chag.org.gh,mda_user,ministry-of-health,mda_users_import
2026-09-02T21:20:18.294Z,lAhsVWiLenPZKRWRU6EPr0hNaJY2,bulk-import-script,marvin.ankoma@mod.gov.gh,mda_user,ministry-of-defence,mda_users_import
2026-09-17T23:14:25.597Z,ijiYPXSDuEgKPyLy6vqn28FPAN13,bulk-import-script,kwesipossbley2017@gmail.com,mda_user,ahmadiyya-muslim-health-service-ghana,capacity_building_users_import
2026-09-18T15:29:51.892Z,MDWf4Q4Ce2dZ9y6NU1Dmm48MuMP2,bulk-import-script,hanna.amankwaaabrafi9@gmail.com,mda_user,akrofuom-district,group1516_users_import
2026-09-02T23:46:01.993Z,kxmq7dSuVbhz1E8BadMVf2Uaqn33,bulk-import-script,jdoggu@gmail.com,mda_user,ministry-of-health,mda_users_import
2026-09-17T23:11:32.625Z,UHXwLJCdzTavlA7Yicz0Axuvn6z1,bulk-import-script,fiifi.bruceghartey@gtvets.gov.gh,mda_user,ghana-tvet-service,capacity_building_users_import
2026-09-17T23:16:35.581Z,6tGFXiqjISdgeFrRlme8dMLnyMC3,bulk-import-script,lovia.afoakwa@ndpc.gov.gh,mda_user,national-development-planning-commission,capacity_building_users_import
2026-09-22T13:05:29.687Z,26sH11CjzQU1rMBf2fCeF8jJiTW2,bulk-import-script,yakubu@nandomdistrict.gov.gh,mda_user,nandom-district,group17_users_import
2026-09-04T13:39:59.320Z,YnKt7iXju0VQCAujrH3lUf2tBG72,bulk-import-script,yakubu.muniru@egma.gov.gh,mda_user,east-gonja-municipal,volta_serene_group78_users_import
2026-09-17T22:59:17.358Z,EU4lyofRF4ggI7RnI4tqfhCd66r1,bulk-import-script,kofi.adusei@fishcom.gov.gh,mda_user,fisheries-commission,capacity_building_users_import
2026-09-02T22:26:34.378Z,2YuEMzGj6qPYaq4AkUAGixNuCuv2,bulk-import-script,macjonaskambe@yahoo.com,mda_user,ministry-of-health,mda_users_import
2026-09-02T23:15:51.582Z,YjSjBelUmiUKUf9AGzHFa8Uig7t2,bulk-import-script,baasuo@gmail.com,mda_user,ministry-of-works-and-housing,mda_users_import
2026-09-15T11:51:08.712Z,V2jfFjepzSfPtzlX9Pu4NobgGTG3,bulk-import-script,dorigen.yiadom@mma.gov.gh,mda_user,mampong-municipal,ashanti_users_import
2026-09-02T23:17:24.283Z,FlQjBZpHrbhoFIrItUcaBQJiVz32,bulk-import-script,mahami.issah@moys.gov.gh,mda_user,ministry-of-youth-and-sports,mda_users_import
2026-09-17T23:23:39.594Z,Hs8gsYtRg4bRRGpgr6EPr0VwJlq2,bulk-import-script,amina.seidu@ctvet.gov.gh,mda_user,ghana-tvet-service,capacity_building_users_import
2026-09-02T23:48:04.985Z,RZ7CFXZdB8TeNOuK1QylhxqT8st2,bulk-import-script,nathaniel.nettey@nmc.gov.gh,mda_user,ministry-of-health,mda_users_import
2026-09-02T23:09:24.937Z,M2GNA2vmsoPmr0ccy97tkzUNk6Y2,bulk-import-script,gyebi.asante@smallarmscommission.gov.gh,mda_user,ministry-of-the-interior,mda_users_import
2026-09-17T23:07:24.077Z,7Sp9D4n94henaMfVatNbFwt1Cz93,bulk-import-script,manunafi95@gmail.com,mda_user,ghana-muslim-mission-college-of-education,capacity_building_users_import
2026-09-17T23:48:11.146Z,9n9w31QWYyXpsDqDvhx1zBjJfwm2,bulk-import-script,clifford.atadika@mfa.gov.gh,mda_user,ministry-of-foreign-affairs-and-regional-integration,capacity_building_users_import
2026-09-02T22:23:24.419Z,6gv1HLL66beAFDhMcGIkUJ1n7y72,bulk-import-script,akejulius22@gmail.com,mda_user,ministry-of-health,mda_users_import
2026-09-02T23:22:14.132Z,NHjnonkbn9bCXJL2SuBS2FXcQHF2,bulk-import-script,theo4ub@yahoo.com,mda_user,ministry-of-lands-and-natural-resources,mda_users_import
2026-09-24T09:48:38.563Z,LIapgpuZ8OYDTiVRaSW5KRWzc9C3,bulk-import-script,samuel.yeboah@smallarmscommission.gov.gh,mda_user,national-commission-on-small-arms-and-light-weapons,interior_users_import
2026-09-02T21:15:45.084Z,a3KLSGk7foZZUacWAVnSVfqsIB63,bulk-import-script,tinaboat44@gmail.com,mda_user,electoral-commission,mda_users_import
2026-09-17T23:17:08.451Z,V6jIV5A6ldWnSkFP7YGfPH8bEzO2,bulk-import-script,fuseina.shaibu@fishcom.gov.gh,mda_user,fisheries-commission,capacity_building_users_import
2026-09-17T22:57:44.352Z,YbWZ9N26fyXZxSjb4oDDQnaywts2,bulk-import-script,nathanielnettey@nmc.gov.gh,mda_user,nursing-and-midwifery-council,capacity_building_users_import
2026-09-02T21:48:02.850Z,cvaUvSPPyQT4hulutoRiJcajHAq1,bulk-import-script,indira.lawson@immigration.gov.gh,mda_user,ministry-of-the-interior,mda_users_import
2026-09-02T22:43:19.682Z,NfRJt6wdtNfZAUen9TAlLtJixXz1,bulk-import-script,edmund.foley@lac.gov.com,mda_user,legal-aid-commission,mda_users_import
2026-09-17T23:37:35.972Z,7BwYNAs7P3dQ1Q6yFk7aglmTLuc2,bulk-import-script,donchyna@yahoo.com,mda_user,ministry-of-employment-and-labour-relations,capacity_building_users_import
2026-09-02T22:56:38.608Z,9eD8fPspxyRd6q0HGcRXiJ3MlEG3,bulk-import-script,vicalam@rocketmail.com,mda_user,ministry-of-food-and-agriculture,mda_users_import
2026-09-01T13:45:51.619Z,ElmBAgC13aO0tW9TIYpxHycNvLJ3,bulk-import-script,maamekwabs30@gmail.com,mda_user,new-juaben-north-municipal,volta_serene_group56_users_import
2026-09-17T23:35:00.891Z,N54jGVpSKxV56WoNVwGPPET88E53,bulk-import-script,thomas.atuahene@arcc.gov.gh,mda_user,ashanti-regional-coordinating-council,capacity_building_users_import
2026-09-17T23:43:23.503Z,XGR72u5iaeO1QgunDNpDvXa5c2h2,bulk-import-script,tkrichardtk@gmail.com,mda_user,national-development-planning-commission,capacity_building_users_import
2026-09-17T23:32:20.952Z,7BmZRCRtSZariq8quhqkRukqbkf2,bulk-import-script,eliezeroseibempong25@gmail.com,mda_user,ghana-tourism-authority,capacity_building_users_import
2026-09-02T21:57:11.912Z,RBOqPSr2uLc0VDfi2Nd3V32Y2jm1,bulk-import-script,jason.addo@mwh.gov.gh,mda_user,ministry-of-works-and-housing,mda_users_import
2026-09-02T23:31:11.408Z,N7j2qcyLlpWiKnQ8qPI8oDWBsF12,bulk-import-script,francis.wayem@rtic.gov.gh,mda_user,right-to-information-commission,mda_users_import
2026-09-02T23:51:28.477Z,Jssmmloc2UVeLCyhuzUoS2k1Bu93,bulk-import-script,staevul2000@yahoo.com,mda_user,ministry-of-health,mda_users_import
2026-09-17T23:29:58.736Z,uFUcyrJDrxUHe8BJinL7ApDUcbC2,bulk-import-script,elvdenn1998@gmail.com,mda_user,council-for-scientific-and-industrial-research-csir,capacity_building_users_import
2026-09-02T21:52:21.248Z,rxJyH9ntrMeN7fpc4gGpV3hrU4G3,bulk-import-script,bernice.ampofo@gepa.gov.gh,mda_user,ministry-of-trade-and-industry,mda_users_import
2026-09-02T22:52:20.016Z,OOZwSsfwHvej5leEx3BjYTeNUOA2,bulk-import-script,charles.agyei@dfi.gov.gh,mda_user,ministry-of-employment-and-labour-relations,mda_users_import
2026-09-02T22:20:37.975Z,8dCWNtivlGhFRImt40IkU83xP3f1,bulk-import-script,kwakyekontork@gmail.com,mda_user,ministry-of-health,mda_users_import
2026-09-02T22:57:11.684Z,jcpwYAoMs6baZgd1fdhMSnpDogQ2,bulk-import-script,charles.buabeng@mfa.gov.gh,mda_user,ministry-of-foreign-affairs-and-regional-integration,mda_users_import
2026-09-02T23:47:05.771Z,fu2FPQyAEYhwhrz6X26Mw197mj42,bulk-import-script,m.agbeko@ccth.gov.gh,mda_user,ministry-of-health,mda_users_import
2026-09-02T22:59:24.764Z,jlNSE8FavAckQHdzmR5rFvdC1Vm2,bulk-import-script,dannyshalom39@gmail.com,mda_user,ministry-of-local-government,mda_users_import
2026-09-17T23:16:38.406Z,cP5ftHnhOnUCHmG8MaMMbHuel782,bulk-import-script,ltackie-yaoboi@mida.gov.gh,mda_user,millennium-development-authority-mida,capacity_building_users_import
2026-09-02T22:14:14.799Z,h2YZr8q6bGc3kT15CI5fBrQTurE2,bulk-import-script,ooteng-asante@mofep.gov.gh,mda_user,ministry-of-finance,mda_users_import
2026-09-02T21:39:44.668Z,4EJ6A7luK3SQupx1jxASzuISIqm2,bulk-import-script,joelarbi72@gmail.com,mda_user,ministry-of-local-government,mda_users_import
2026-09-04T13:38:39.167Z,qu1uodYc7hefq7mTubBAfwNMT182,bulk-import-script,alhassan.abdul-jalil@saveluguma.gov.gh,mda_user,savelugu-district,volta_serene_group78_users_import
2026-09-17T23:38:14.995Z,8wE1zWsykzRZ6afR29hu9s47hnc2,bulk-import-script,ritaofori197@gmail.com,mda_user,department-of-co-operatives,capacity_building_users_import
2026-09-18T15:29:41.810Z,RE7NsdQw9FPMnDO7AbSifcCxCCy2,bulk-import-script,thomas.donkor@aaswda.gov.gh,mda_user,ahafo-ano-south-west-district,group1516_users_import
2026-09-02T21:42:34.470Z,VlODbog9HZaAvGfuyzrjgb3x9Zt1,bulk-import-script,mallam.issahaku@highway.gov.gh,mda_user,ministry-of-roads-and-highways,mda_users_import
2026-09-02T21:37:13.534Z,ErURnv3n9Nh3gMubqdUkCdTY1Pi1,bulk-import-script,frederick.ofasi@mlgcra.gov.gh,mda_user,ministry-of-local-government,mda_users_import
2026-09-08T10:40:54.891Z,8YCZ71fOCzS9b6InHWwvx4Qj2Qx1,bulk-import-script,gaidoo371@gmail.com,mda_user,wassa-amenfi-east-district,gbmsupport_users_import
2026-09-02T21:35:32.990Z,jcpwYAoMs6baZgd1fdhMSnpDogQ2,bulk-import-script,charles.buabeng@mfa.gov.gh,mda_user,ministry-of-foreign-affairs-and-regional-integration,mda_users_import
2026-09-17T23:49:03.277Z,u3SLKEqXndPLy6rnzlIOWYwwyFH3,bulk-import-script,grace.ofosu@ges.gov.gh,mda_user,ghana-education-service,capacity_building_users_import
2026-09-02T22:19:13.175Z,BQi7DqjFcQMRfsofy9tACWOwljd2,bulk-import-script,brantuo.christopher@gmail.com,mda_user,ministry-of-health,mda_users_import
2026-09-18T15:34:56.054Z,lzQvxCQjzUdqfTlMZNR04npjbd83,bulk-import-script,atoade.yeboah@tenda.gov.gh,mda_user,techiman-north-district,group1516_users_import
2026-09-17T23:31:02.656Z,ERzXNVtY5iZBS83TLotlAZdPHTv1,bulk-import-script,spasamoah@gmail.com,mda_user,council-for-scientific-and-industrial-research-csir,capacity_building_users_import
2026-09-02T21:25:45.341Z,4J63Bo7A3KOMaeXGkoi5J80KQLj1,bulk-import-script,kojo.acquah@nasia.gov.gh,mda_user,ministry-of-education,mda_users_import
2026-09-04T13:37:58.919Z,HL8EQlsjXfUnLcwsZg1tZdhY3Nb2,bulk-import-script,mohammed.sa-ad@nnma.gov.gh,mda_user,nanumba-north-municipal,volta_serene_group78_users_import
2026-09-11T13:53:15.996Z,YxNmLUDP2Ueu9qoY9jQbr6Ho9qj2,bulk-import-script,emmanuel.donkor@atkda.gov.gh,mda_user,atwima-kwanwoma-district,volta_serene_group1112_users_import
2026-09-11T13:49:56.693Z,PyD4ESFRMiU5gCcTwN226KUiFkR2,bulk-import-script,grace.brew@aoma.gov.gh,mda_user,aowin-municipal,volta_serene_group1112_users_import
2026-09-02T21:28:40.080Z,GNb7PtnEnHRWqWoSnVojzqqXqdb2,bulk-import-script,emmanuel.otutu@melr.gov.gh,mda_user,ministry-of-employment-and-labour-relations,mda_users_import
2026-09-02T22:29:06.468Z,lZ8avpcMDcf7z3lq7WIvJTnyaNw2,bulk-import-script,suallahm@gmal.com,mda_user,ministry-of-health,mda_users_import
2026-09-02T23:23:29.066Z,qZoL1DUlrNVxhkxAzBYniTwUjtX2,bulk-import-script,charles.konglo@ndpc.gov.gh,mda_user,national-development-planning-commission,mda_users_import
2026-09-17T23:21:58.880Z,9n9w31QWYyXpsDqDvhx1zBjJfwm2,bulk-import-script,clifford.atadika@mfa.gov.gh,mda_user,ministry-of-foreign-affairs-and-regional-integration,capacity_building_users_import
2026-09-17T23:45:30.097Z,w0NumSIvHVPiPztPBmjLIJjULBX2,bulk-import-script,kwaku.agyei-larbi@dpc.gov.gh,mda_user,data-protection-commission,capacity_building_users_import
2026-09-02T23:31:23.017Z,oLxlSw4lcdcZHku19DxEwdao6kw1,bulk-import-script,adzadzra@mofep.gov.gh,mda_user,ministry-of-finance,mda_users_import
2026-09-17T23:23:36.680Z,MFBOrs0yD9cNBIz1qxQ02QUjwcv1,bulk-import-script,diana.smith@npfs.gov.gh,mda_user,national-premix-fuel-secretariat,capacity_building_users_import
2026-09-17T23:06:39.154Z,WsHtdS0foMesfA1lHWSXUG405E12,bulk-import-script,john.twumasi@myde.gov.gh,mda_user,ministry-of-youth-development-and-empowerment,capacity_building_users_import
2026-09-17T23:46:20.609Z,41mz2XX6SUXmPUu6ts5a6TVsezI3,bulk-import-script,setordjiadelaide@gmail.com,mda_user,weija-gbawe-municipal-hospital,capacity_building_users_import
2026-09-02T22:55:10.434Z,ZegOKQOFxZXlosC8ExiPFxr2lzk1,bulk-import-script,isaiah.kwofie@fishcom.gov.gh,mda_user,ministry-of-fisheries-aqua-culture-development,mda_users_import
2026-09-01T09:41:12.652Z,885rM8HENeSRjlNx2RStlKShsb02,MKGoW62Iuaf5KXTj3a4LyRxrsaa2,seth.afful@emma.gov.gh,mda_user,mamprusi-east-municipal,
2026-09-02T23:03:38.016Z,TDbOu4FZqde7M4ko4ADAfwERiEd2,bulk-import-script,timothy.aryee@dpg.gov.gh,mda_user,ministry-of-local-government,mda_users_import
2026-09-17T23:29:46.147Z,do4iWCWXMyUJCl0dSIzL6a5JMu52,bulk-import-script,innosah77@gmail.com,mda_user,weija-gbawe-municipal-hospital,capacity_building_users_import
2026-09-02T23:12:56.182Z,rxJyH9ntrMeN7fpc4gGpV3hrU4G3,bulk-import-script,bernice.ampofo@gepa.gov.gh,mda_user,ministry-of-trade-and-industry,mda_users_import
2026-09-02T22:46:54.897Z,c0kEwHntT0RoQ8CGsEhj5lrbz2F3,bulk-import-script,thomas.assibi@csa.gov.gh,mda_user,ministry-of-communication-and-decentralization,mda_users_import
2026-09-02T21:58:46.990Z,FlQjBZpHrbhoFIrItUcaBQJiVz32,bulk-import-script,mahami.issah@moys.gov.gh,mda_user,ministry-of-youth-and-sports,mda_users_import
2026-09-17T23:00:50.340Z,QSnzqRmGgKOSXkzqXui7cDyjbtj1,bulk-import-script,apollonius.asare@unescoghana.gov.gh,mda_user,ghana-commission-for-unesco,capacity_building_users_import
2026-09-02T22:59:52.781Z,YfQD8uLyzEXWsQgyNepMykO2Ntj1,bulk-import-script,abachiegrace@gmail.com,mda_user,ministry-of-local-government,mda_users_import
2026-09-17T23:21:52.987Z,Be2JaW3tewWXJzcxFWlXbOXe6q02,bulk-import-script,isaac.ashong@energymin.gov.gh,mda_user,ministry-of-energy,capacity_building_users_import
2026-09-02T22:58:57.102Z,S3k8PHWvTrbe2xxd9AUnGCPoNg03,bulk-import-script,nanaprempehalbert@gmail.com,mda_user,ministry-of-local-government,mda_users_import
2026-09-17T23:16:40.975Z,XGR72u5iaeO1QgunDNpDvXa5c2h2,bulk-import-script,tkrichardtk@gmail.com,mda_user,national-development-planning-commission,capacity_building_users_import
2026-09-17T23:42:00.944Z,88NHQcgatmhEPwScuW0nm036tV32,bulk-import-script,benwus1@yahoo.com,mda_user,ghana-tvet-service,capacity_building_users_import
2026-09-17T23:38:47.285Z,WV9EvLJgs5TolxZXDXTrnwPTcZk1,bulk-import-script,caro.lave@yahoo.com,mda_user,ghana-tvet-service,capacity_building_users_import
2026-09-17T23:19:34.216Z,AhfbQiYs4XSPOAnH8NZGB5IrT0s1,bulk-import-script,snrdav9@gmail.com,mda_user,complementary-education-agency,capacity_building_users_import
2026-09-11T13:51:41.267Z,6VZIY4lJCPci9Xd2U5BSGeygGP63,bulk-import-script,emmanuel.amoako-boateng@westernnorth.gov.gh,mda_user,suaman-district,volta_serene_group1112_users_import
2026-09-02T22:27:41.593Z,FcKIJUo3dudQ910KwOJgX907QNv2,bulk-import-script,nellyboakye1164@gmail.com,mda_user,ministry-of-health,mda_users_import
2026-09-02T23:15:21.301Z,J1tiSaSmcZhVNMS9lALzQOYvHUB3,bulk-import-script,mabel.sagoe@mot.gov.gh,mda_user,ministry-of-transport,mda_users_import
2026-09-02T21:31:21.133Z,9noATgw0jsSA3SmUY3X3hQHV6Ur2,bulk-import-script,efua.kayang@nra.gov.gh,mda_user,ministry-of-environment-science-technology-and-innovation,mda_users_import
2026-09-17T23:09:41.859Z,v6D9ZP8FdlTEhO4wXbreBvOmCKx1,bulk-import-script,ernestamoah1991@gmail.com,mda_user,national-health-insurance-authority-nhia,capacity_building_users_import
2026-09-02T21:41:45.470Z,IR12cBglA2Mir8SA4NQJ1ng8gJf2,bulk-import-script,ekaamanfo@yahoo.com,mda_user,ministry-of-roads-and-highways,mda_users_import
2026-09-04T13:39:21.790Z,vI6kYg5kOKSrtWTYTd2Q4WPjm8T2,bulk-import-script,abdula.abdul-majeed@yma.gov.gh,mda_user,yendi-municipal,volta_serene_group78_users_import
2026-09-02T23:24:26.464Z,6DXc3B8YgucLb4arKM96GesWARC2,bulk-import-script,franklin.tannor@nhia.gov.gh,mda_user,national-health-fund,mda_users_import
2026-09-02T23:24:32.175Z,G0DK5iXqq3aSU2QhORUyOMO9YtP2,bulk-import-script,issah.shiraz@nhia.gov.gh,mda_user,national-health-fund,mda_users_import
2026-09-02T23:25:59.748Z,YQepTAKcoReFrKQsYquyx5cxmtA2,bulk-import-script,emmanueloseia@yahoo.com,mda_user,office-of-government-machinery,mda_users_import
2026-09-01T13:43:23.278Z,bkuVJ8Q9G7N6EMtsrEYaqjmoKjG2,bulk-import-script,lord.asante@bcma.gov.gh,mda_user,birim-central-municipal,volta_serene_group56_users_import
2026-09-17T23:06:20.402Z,iPIWXI80GoZyronkAp5tv808KFR2,bulk-import-script,brightod82@gmail.com,mda_user,ghana-tourism-authority,capacity_building_users_import
2026-09-17T23:00:41.884Z,34B64DEmuPcfbrwWpI6sp2rA8rO2,bulk-import-script,josiah.commodore@lgs.gov.gh,mda_user,office-of-the-head-of-local-government-service,capacity_building_users_import
2026-09-15T11:49:52.479Z,YHax7iqHqTVo5ecXggjJsE85yrc2,bulk-import-script,ramzi.alhassan@esma.gov.gh,mda_user,ejura-sekyeredumasi-district,ashanti_users_import
2026-09-02T22:10:20.966Z,cxvMQ5InWJdK4FGu2VUVNFYsLkC2,bulk-import-script,brytatikpui.k@gmail.com,mda_user,office-of-the-head-of-civil-service,mda_users_import
2026-09-17T23:48:34.459Z,Nr9TGtxzpLeDf0mBp446AahXwp22,bulk-import-script,lawoe.bright@noryhernrcc.gov.gh,mda_user,northern-regional-coordinating-council,capacity_building_users_import
2026-09-02T22:20:11.253Z,qfIKsu1bcISr1p0wPSGoWjXDsQj2,bulk-import-script,dzatadoes@gmail.com,mda_user,ministry-of-health,mda_users_import
2026-09-02T23:25:34.598Z,dNWr7cwLFwYBm3aRxymycd1AbfN2,bulk-import-script,joeblebo@gmail.com,mda_user,national-media-commission,mda_users_import
2026-09-02T23:50:45.306Z,Gn8rcAS3Nmb9OsyaY2AJj4CtN0z2,bulk-import-script,stephen.anaman@ghs.gov.gh,mda_user,ministry-of-health,mda_users_import
2026-09-02T22:50:38.748Z,9s4eA7k222aL7E2hGiOOGCJONTi1,bulk-import-script,patrick.arthur@moe.gov.gh,mda_user,ministry-of-education,mda_users_import
2026-09-02T23:19:53.629Z,ovGnTGFq7feghP0TPs1hLTfX17w2,bulk-import-script,nyonatorek1@gmail.com,mda_user,ministry-of-lands-and-natural-resources,mda_users_import
2026-09-18T15:34:15.820Z,ACpvmNsYRQTVG2FyALSpkcP77En1,bulk-import-script,epeprah875@gmail.com,mda_user,sene-west-district,group1516_users_import
2026-09-02T21:43:03.281Z,wbL5b8hkMzcZs09vqnfvT4tB9O43,bulk-import-script,gtawiahrichard@gmail.com,mda_user,ministry-of-roads-and-highways,mda_users_import
2026-09-04T13:40:06.079Z,EcSI8PZhh4drzZXrGetrFqJZ2Os2,bulk-import-script,gifty.laar@cgda.gov.gh,mda_user,gonja-central-district,volta_serene_group78_users_import
2026-09-02T22:11:38.542Z,nYvVutvJBcZxVMuAA4fuNaIgkI32,bulk-import-script,francis2009asiedu@gmail.com,mda_user,public-services-commission,mda_users_import
2026-09-02T22:19:02.296Z,c3R5hT9mNXQa9M3qVuYTh2HC4PC3,bulk-import-script,collins.agyenim@ghs.gov.gh,mda_user,ministry-of-health,mda_users_import
2026-09-02T23:28:44.476Z,dTvQdeB2yuQW1kx3WKiH1kmLqGF2,bulk-import-script,comfort.bonsu@praad.gov.gh,mda_user,office-of-the-head-of-civil-service,mda_users_import
2026-09-17T23:44:54.628Z,MTVrDqk1AKd4nSwvq8w6dJjF4N62,bulk-import-script,jadams@moc.gov.gh,mda_user,ministry-of-communications-digital-technology-and-innovations,capacity_building_users_import
2026-09-02T23:29:02.277Z,JYsgMVaTNjQXshWkb3bHcjoXDbo2,bulk-import-script,dorothy.napier@cstc.gov.gh,mda_user,office-of-the-head-of-civil-service,mda_users_import
2026-09-02T22:53:55.806Z,Zphxr1eOD4aFWr3xPZ0lSWqetEH3,bulk-import-script,exo.dir@nuclearpowergh.com,mda_user,ministry-of-energy,mda_users_import
2026-09-17T23:36:09.855Z,1LZfYpeypQUpEjulxlSA0mQbx7D3,bulk-import-script,amakyeemma76@gmail.com,mda_user,ghana-prisons-service,capacity_building_users_import
2026-09-02T23:26:10.915Z,bPT1zYVbexfRBXupV2YcAR5TK7G3,bulk-import-script,gideon.amoabeng@mbda.gov.gh,mda_user,office-of-government-machinery,mda_users_import
2026-09-02T23:38:41.070Z,l6MxpecgtsSNOxsFIwD09Su0EiI3,bulk-import-script,b.buenortey@kbth.gov.gh,mda_user,ministry-of-health,mda_users_import
2026-09-02T21:49:52.182Z,z55d9gnuHlajUDf8A2Wfl2HwwQE2,bulk-import-script,wisdom.otu@immigration.gov.gh,mda_user,ministry-of-the-interior,mda_users_import
2026-09-02T23:11:18.853Z,6heJXCn8eJWuqnbiWFN0n7nekn03,bulk-import-script,elsieklufio@yahoo.co.uk,mda_user,ministry-of-tourism-culture-and-creative-arts,mda_users_import
2026-09-17T23:46:25.504Z,HvzVtcASpMU86ho5hpiFUYLPN9J2,bulk-import-script,adatsiannabel75@gmail.com,mda_user,ministry-of-education,capacity_building_users_import
2026-09-02T22:54:48.758Z,4Mvw5CKMtyaTxOaNB4SHjlV1ldd2,bulk-import-script,bronville12@gmail.com,mda_user,ministry-of-fisheries-aqua-culture-development,mda_users_import
2026-09-02T21:39:24.508Z,t4XBsJdO0YPMTuc0psradcVUxZv2,bulk-import-script,ruth.agyeman@arcc.gov.gh,mda_user,ministry-of-local-government,mda_users_import
2026-09-17T23:34:40.199Z,e5jZTFDRSEWFd7FQOBQcPM4AWZ73,bulk-import-script,owusuaa.boakye@ohcs.gov.gh,mda_user,office-of-the-head-of-civil-service,capacity_building_users_import
2026-09-17T23:26:25.546Z,JOpCDLd2E2XqZFIPmSFbO8WkCBp2,bulk-import-script,michael.sottie@ghs.gov.gh,mda_user,ghana-health-service,capacity_building_users_import
2026-09-17T23:10:06.455Z,kPi28l0cVLNPqdehlBFh2ri39hl2,bulk-import-script,djilahs@yahoo.com,mda_user,national-disaster-management-organisation-nadmo,capacity_building_users_import
2026-09-02T23:26:29.536Z,3itNjRHpIQcFlz4ZJyNYOzzfnNY2,bulk-import-script,monte.provencal@mpe.gov.gh,mda_user,office-of-government-machinery,mda_users_import
2026-09-18T15:35:19.807Z,WMf9M11E9QYvyYUGYXPQ4VRLfhs2,bulk-import-script,dzivenudesire2@gmail.com,mda_user,kintampo-north-municipal,group1516_users_import
2026-09-15T11:49:34.239Z,NX5e8N8jXzeXQJWfv9Ila9M70jr1,bulk-import-script,kingspride2000@gmail.com,mda_user,ejisu-municipal,ashanti_users_import
2026-09-02T21:32:38.757Z,MFBOrs0yD9cNBIz1qxQ02QUjwcv1,bulk-import-script,diana.smith@npfs.gov.gh,mda_user,ministry-of-fisheries-aqua-culture-development,mda_users_import
2026-09-02T22:43:51.584Z,zZFuqihWgEhj8ogDyEZXFLy9rVb2,bulk-import-script,austin.hesse@moc.gov.gh,mda_user,ministry-of-communication-and-decentralization,mda_users_import
2026-09-17T23:22:46.285Z,7x1XIZFb8UQ9eHtcOvLJdp8LVQA3,bulk-import-script,francis.nyamekye@nhia.gov.gh,mda_user,national-health-insurance-authority-nhia,capacity_building_users_import
2026-09-17T22:59:20.353Z,LNP2TX6Xj3ZOFGZ4MRII6YEjYtR2,bulk-import-script,m.anafu@kbth.gov.gh,mda_user,korle-bu-teaching-hospital,capacity_building_users_import
2026-09-17T23:38:17.391Z,GNb7PtnEnHRWqWoSnVojzqqXqdb2,bulk-import-script,emmanuel.otutu@melr.gov.gh,mda_user,ministry-of-employment-and-labour-relations,capacity_building_users_import
2026-09-17T23:35:22.868Z,r4rnCikIUjgz3sxkEFpMkvIi2At2,bulk-import-script,isaacaduko@yahoo.com,mda_user,ghana-museums-and-monuments-board,capacity_building_users_import
2026-09-17T23:33:38.029Z,U3qaumx2sZaoeF2xXML3rGAo4nY2,bulk-import-script,lacquah02.law@gmail.com,mda_user,ghana-museums-and-monuments-board,capacity_building_users_import
2026-09-02T23:13:23.365Z,niaxGaAMOkQqz3h4AUzfJZUXIQZ2,bulk-import-script,samuel.anokye-boakye@gea.gov.gh,mda_user,ministry-of-trade-and-industry,mda_users_import
2026-09-17T23:11:20.746Z,WUTMnBswU9XJ94ipiOtVApxiFAv1,bulk-import-script,matilgye@gmail.com,mda_user,management-development-and-productivity-institute,capacity_building_users_import
2026-09-02T22:48:44.636Z,ofSyRtvYy4O5JwYdfYruCMW441E2,bulk-import-script,charles.tetteh@cea.gov.gh,mda_user,ministry-of-education,mda_users_import
2026-09-02T21:27:09.312Z,6MEunTpntUhxUYf0KIFuggq1AL13,bulk-import-script,yvonne.agyen-mensah@gtvets.gov.gh,mda_user,ministry-of-education,mda_users_import
2026-09-17T23:46:02.237Z,AhfbQiYs4XSPOAnH8NZGB5IrT0s1,bulk-import-script,snrdav9@gmail.com,mda_user,complementary-education-agency,capacity_building_users_import
2026-09-02T22:43:17.742Z,94IrM4nsuodRJrrbEaA0r8WMHvt2,bulk-import-script,bertha.essah@lac.gov.gh,mda_user,legal-aid-commission,mda_users_import
2026-09-17T23:34:37.473Z,0MSUjANjvJg0mxS8gpiytviXxwu1,bulk-import-script,esther.amoah@mofaq.gov.gh,mda_user,ministry-of-fisheries-aqua-culture-development,capacity_building_users_import
2026-09-02T22:13:33.417Z,xlzEigbBA1Svlw1kEAio21KcOrN2,bulk-import-script,james.avedzi@sec.gov.gh,mda_user,ministry-of-finance,mda_users_import
2026-09-11T13:52:10.535Z,6ZYnpHqxh4Zrk3hvsYkrTlI1O8E2,bulk-import-script,agyei.lord@aakcma.gov.gh,mda_user,asante-akim-central-municipal,volta_serene_group1112_users_import
2026-09-02T22:28:29.538Z,NKB7CK818VSLT0dH15bSlJ7fI2k2,bulk-import-script,boateng.boakye@ghs.gov.gh,mda_user,ministry-of-health,mda_users_import
2026-09-02T22:29:47.668Z,RXZQcTE7ofMN9Zar1K4AxSFc16r2,bulk-import-script,chiefdirector@myde.gov.gh,mda_user,ministry-of-youth-development-and-empowerment,mda_users_import
2026-09-02T22:29:31.139Z,KunJk6akFdXWyapcOpkeBFo3Xf82,bulk-import-script,veroadjie759@gmail.com,mda_user,ministry-of-health,mda_users_import
2026-09-02T22:52:51.903Z,5PJVxZFaT7cYh5cOuPCt1hg1l9j1,bulk-import-script,leohesse04@gmail.com,mda_user,ministry-of-employment-and-labour-relations,mda_users_import
2026-09-02T22:08:40.389Z,iFBzoqih6EahynGh0grEdPm64Hn1,bulk-import-script,richard.boateng@masloc.gov.gh,mda_user,office-of-government-machinery,mda_users_import
2026-09-02T23:16:10.763Z,odvvtiafK6fbYMrYlngzNGa02J22,bulk-import-script,syawosei13@gmail.com,mda_user,ministry-of-works-and-housing,mda_users_import
2026-09-02T22:05:08.858Z,FYZwLzj1EqRDXw7XNvjL8A2bzUq1,bulk-import-script,charlesheletsi@yahoo.com,mda_user,office-of-government-machinery,mda_users_import
2026-09-02T22:08:35.852Z,LvVQTp2hL4Og7AjwS7VT6FTdJ6y2,bulk-import-script,paul.boye@gipc.gov.gh,mda_user,office-of-government-machinery,mda_users_import
2026-09-02T23:46:56.139Z,gkRrim1b6WhCxKA8IG1jop2p9jn1,bulk-import-script,flawrencia2day@gmail.com,mda_user,ministry-of-health,mda_users_import
2026-09-17T23:04:51.501Z,fxhrFd3W5GMSYBdqm1WhA3YCx1K2,bulk-import-script,fridolinejnr@gmail.com,mda_user,nuclear-regulatory-authority,capacity_building_users_import
2026-09-02T21:50:51.963Z,maEP1TLwgdc9VkSMilAuaVFoDfh2,bulk-import-script,samzzel@yahoo.co.uk,mda_user,ministry-of-tourism-culture-and-creative-arts,mda_users_import
2026-09-02T21:13:50.628Z,yoynEuYgfjbV76gQLQHD7Ao9fbo2,bulk-import-script,bortey.isaac-newton@audit.gov.gh,mda_user,audit-service,mda_users_import
2026-09-02T23:23:55.420Z,297EIPiD4VayHkceJP3f86PEO3E3,bulk-import-script,christian.ahiagbah@nhia.gov.gh,mda_user,national-health-fund,mda_users_import
2026-09-22T13:04:51.954Z,rSojX1cYltMnWduMlD1H20tsID33,bulk-import-script,michael.bakanfu@lda.gov.gh,mda_user,lambussie-karni-district,group17_users_import
2026-09-02T21:49:21.420Z,VGtlpwEBrjUZ06mIqk7kteaBavE3,bulk-import-script,sammyamissah@gmail.com,mda_user,ministry-of-the-interior,mda_users_import
2026-09-02T23:48:06.999Z,AthMDdooSufoDhOPI6W6zn4Ujk42,bulk-import-script,nkansahowiredu78@gmail.com,mda_user,ministry-of-health,mda_users_import
2026-09-17T23:34:04.507Z,FnsKC1nGG2MbPgtttwRltTCcGOk1,bulk-import-script,georginaaziedorme@gmail.com,mda_user,national-film-authority,capacity_building_users_import
2026-09-17T23:35:39.080Z,H9t7qEDCZgZTINBymfuPZNam59O2,bulk-import-script,rosemary.martey@bgl.gov.gh,mda_user,bureau-of-ghana-languages,capacity_building_users_import
2026-09-02T21:25:31.771Z,KmVXMWFU2OcHW1iUEZfd3nbqnX13,bulk-import-script,john.asare@unescoghana.gov.gh,mda_user,ministry-of-education,mda_users_import
2026-09-04T13:39:37.094Z,vd5s9aNSMCfWtMEolu8tMYxJwB03,bulk-import-script,alhassan.zakaria-nabla@zabzugudistric.gov.gh,mda_user,zabzugu-district,volta_serene_group78_users_import
2026-09-04T13:40:31.714Z,HcFSplK8L0htz43M9b6wqcVEGzJ2,bulk-import-script,yakubumahamud@gmail.com,mda_user,sawla-tuna-kalba-district,volta_serene_group78_users_import
2026-09-17T23:47:49.193Z,XIA8KiQ47nfL0qS5yIDJRxkwF7k1,bulk-import-script,priscilla.afloe@gtvets.gov.gh,mda_user,ghana-tvet-service,capacity_building_users_import
2026-09-02T23:42:23.544Z,tZza2OH8TfhK84k5M3PdUqDjIC63,bulk-import-script,fbosomprah@gmail.com,mda_user,ministry-of-health,mda_users_import
2026-09-17T23:15:19.479Z,Z0eu5PmKerUzTQVbw5JxzA8fir92,bulk-import-script,stephanie.dey@moti.gov.gh,mda_user,ministry-of-trade-and-industry,capacity_building_users_import
2026-09-02T21:37:37.151Z,SumRn02G6pSsLcGRnB6bPBfWilF2,bulk-import-script,joedescargill1@gmail.com,mda_user,ministry-of-local-government,mda_users_import
2026-09-02T22:01:31.127Z,XmzJjKEx0mN5TWwcBHUUiNAc8XJ2,bulk-import-script,rahaman.abdulai@nhia.gov.gh,mda_user,national-health-fund,mda_users_import
2026-09-02T23:38:04.906Z,Jo2qxzr7GSST6PYFOPthSgagFh23,bulk-import-script,askobeng@yahoo.co.uk,mda_user,ministry-of-health,mda_users_import
2026-09-17T23:41:40.597Z,d1zOisRPgsMatTzVqXkDAHPjOlK2,bulk-import-script,ateluj77@gmail.com,mda_user,gratis-foundation,capacity_building_users_import
2026-09-18T15:28:52.865Z,3M88QbIgtVNMtB01qQlk6YjSE763,bulk-import-script,margaretdonkor11@gmail.com,mda_user,afigya-kwabre-south-district,group1516_users_import
2026-09-17T23:15:02.288Z,9TppXuN4UVXgz5YHIuk8HsMbujB3,bulk-import-script,linda.ansate@mofaq.gov.gh,mda_user,ministry-of-fisheries-aqua-culture-development,capacity_building_users_import
2026-09-17T23:28:48.089Z,C5tsOP9R34g68nIASn8GCR45VKJ2,bulk-import-script,king.palm@mosr.gov.gh,mda_user,ministry-of-sports-and-recreation,capacity_building_users_import
2026-09-02T23:24:05.062Z,thneMoxw7uNqLDxoJnPM1XXlVWz2,bulk-import-script,emmanuel.arah@nhia.gov.gh,mda_user,national-health-fund,mda_users_import
2026-09-18T15:36:00.563Z,eIoPoAjuvJaESwtHhlKhXYxwF5i2,bulk-import-script,emens180@gmail.com,mda_user,adansi-asokwa-district,group1516_users_import
2026-09-02T21:26:04.528Z,u7Au8oxTe4ZSjbj2IJIykjoVAnb2,bulk-import-script,lois.dzamesi@ctvet.gov.gh,mda_user,ministry-of-education,mda_users_import
2026-09-17T23:08:12.096Z,ihxBZgbXv6X2xjBf9EblkzPnWVO2,bulk-import-script,benewindy@gmail.com,mda_user,community-22-polyclinic-ashaiman,capacity_building_users_import
2026-09-11T13:50:00.194Z,cDYydeh4IVhhH4MW9E9Yp5puvpu1,bulk-import-script,peter.mensah@biaeastda.gov.gh,mda_user,bia-east-district,volta_serene_group1112_users_import
2026-09-02T23:51:50.205Z,gJeQE4nsyVY3vgjbTqZrPxAZAus1,bulk-import-script,wagbemafo@yahoo.com,mda_user,ministry-of-health,mda_users_import
2026-09-11T13:52:59.554Z,a8O0LmWVnhXx1EAYMsQ8b3QsgpB3,bulk-import-script,portia.boye@askma.gov.gh,mda_user,asokwa-municipal,volta_serene_group1112_users_import
2026-09-04T13:39:09.553Z,yvCkNJL8oKeryjYlSHKCS9QdFKt2,bulk-import-script,abdul-manan.voo@tsda.gov.gh,mda_user,tatale-sanguli-district,volta_serene_group78_users_import
2026-09-02T23:01:16.482Z,ns5B9iYEcdVzp4GUp4AEiDCqAp43,bulk-import-script,phycotay@yahoo.co.uk,mda_user,ministry-of-local-government,mda_users_import
2026-09-02T23:17:18.357Z,5z7cVpzKZGWgs9r9N5xEklqDOdJ3,bulk-import-script,tamakloewilherm1@gmail.com,mda_user,ministry-of-works-and-housing,mda_users_import
2026-09-02T22:18:16.777Z,wCj0SrKFGagpJFcLnzgT7zowjQO2,bulk-import-script,ahmedzakariah@gmail.com,mda_user,ministry-of-health,mda_users_import
2026-09-02T22:48:39.692Z,zijp4MGE0yMLfuFgw2um31wMdEh1,bulk-import-script,christian.koramoah@ges.gov.gh,mda_user,ministry-of-education,mda_users_import
2026-09-17T23:15:43.094Z,zLs4fHVWTuXHuLKQ98PBGYJoiNU2,bulk-import-script,sarah.quainoo@iaa.gov.gh,mda_user,internal-audit-agency,capacity_building_users_import
2026-09-02T21:39:42.649Z,lQUvEy1QF1ZI5kybdZ8vmTc7Cln1,bulk-import-script,sethkpodji@gmail.com,mda_user,ministry-of-local-government,mda_users_import
2026-09-02T22:10:56.382Z,UOoHGn9B1ZYajd9KgdtKtTEbFWk2,bulk-import-script,moses.akrofi@msd.gov.gh,mda_user,office-of-the-head-of-civil-service,mda_users_import
2026-09-02T22:47:10.299Z,E4fk7V6FX5fla8gnD2S072yWG9y1,bulk-import-script,chrisma.trvl@yahoo.co.uk,mda_user,ministry-of-defence,mda_users_import
2026-09-01T13:45:01.346Z,ze3QCHO0rbaxycrNKkpH68mH7aY2,bulk-import-script,christiana.asamoah@keda.gov.gh,mda_user,kwahu-east-district,volta_serene_group56_users_import
2026-09-02T22:02:07.918Z,phk4VccwYvamsyi0XgnfkSzRSsw2,bulk-import-script,eric.yeboah@nhia.gov.gh,mda_user,national-health-fund,mda_users_import
2026-09-17T23:10:24.391Z,Ar20knuLLmOlaNAfSlr1pk5Sib92,bulk-import-script,rosemond70quansah@yahoo.com,mda_user,management-development-and-productivity-institute,capacity_building_users_import
2026-09-04T13:38:11.419Z,wkhN3Mjafnf4Bcl0lJNxy9rAGsx1,bulk-import-script,musah.mumun@nsda.gov.gh,mda_user,nanumba-south-district,volta_serene_group78_users_import
2026-09-17T23:32:07.192Z,X0UJToifk5MGQV8A8zlWBa2f1Lr2,bulk-import-script,naomi.yirenkyi@moc.gov.gh,mda_user,ministry-of-communications-digital-technology-and-innovations,capacity_building_users_import
2026-09-17T23:28:20.501Z,cscHgOU8Yfh4ktoeQs23NKcmhSz2,bulk-import-script,kweku_isaac@yahoo.com,mda_user,lands-commission,capacity_building_users_import
2026-09-17T23:45:54.529Z,91tDPnIJkyMazENln5Ipnh7gEqz1,bulk-import-script,papachazzy@yahoo.co.uk,mda_user,complementary-education-agency,capacity_building_users_import
2026-09-02T21:32:58.353Z,NL1sP5zeIhei3aJiAm5J7oAtECv1,bulk-import-script,eric.baah@mofad.gov.gh,mda_user,ministry-of-fisheries-aqua-culture-development,mda_users_import
2026-09-17T23:30:52.316Z,Iqy0uuFlqtc2neG91KcRK6S9Dd73,bulk-import-script,dianaaddae6@gmail.com,mda_user,national-sports-college-winneba,capacity_building_users_import
2026-09-02T23:52:46.802Z,i03PP6frAUhqs5fQpQtVB2VGYUt1,bulk-import-script,j.ntiforo@nya.gov.gh,mda_user,ministry-of-youth-development-and-empowerment,mda_users_import
2026-09-17T23:28:30.760Z,qXiZEi0Cd9ekwgEJcRD12ZBQs2N2,bulk-import-script,mabel.danquah@ewastefund.gov.gh,mda_user,electrical-and-electronic-waste-management-fund,capacity_building_users_import
2026-09-17T23:34:58.619Z,BTs6kpHtCnWFlHb9nBh9RU6Xh4H3,bulk-import-script,hannah.payne@mesti.gov.gh,mda_user,ministry-of-environment-science-technology-and-innovation,capacity_building_users_import
2026-09-02T21:31:48.447Z,qrAzCcmwMWYGJsyRfhbwH03cI233,bulk-import-script,lydia.essuah@mesti.gov.gh,mda_user,ministry-of-environment-science-technology-and-innovation,mda_users_import
2026-09-02T23:15:11.165Z,1C5PQhHQoWVQ8fgIvFWzJPhF9LD3,bulk-import-script,eatetteh@gmail.com,mda_user,ministry-of-transport,mda_users_import
2026-09-17T22:58:02.395Z,qrM9PxrFOdN1p5YEqlYYggPLQPi2,bulk-import-script,marie.boateng@nasia.gov.gh,mda_user,national-schools-inspectorate-authority,capacity_building_users_import
2026-09-18T15:36:07.348Z,eH092cyRlycy3AIRCgqj4Tki1e72,bulk-import-script,marian.nkansah@juma.gov.gh,mda_user,juaben-municipal,group1516_users_import
2026-09-08T10:39:16.931Z,CwPZ24fObzXwrLpekFaH6fpHRy03,bulk-import-script,yakubu_issah@yahoo.com,mda_user,ahanta-west-municipal,gbmsupport_users_import
2026-09-17T23:04:39.241Z,EcX5U57e6McUtCcFDu1KK3vv0v52,bulk-import-script,richard.boateng24@hotmail.com,mda_user,microfinance-and-small-loans-centre-masloc,capacity_building_users_import
2026-09-17T23:07:17.475Z,Any82k96A1WZ0v2kegiZbABKlVP2,bulk-import-script,christyoppong3@gmail.com,mda_user,ministry-of-youth-development-and-empowerment,capacity_building_users_import
2026-09-17T23:48:50.512Z,6GcySU1cNJQTpLniRayETEObNJr2,bulk-import-script,fdompreh1@yahoo.com,mda_user,council-for-scientific-and-industrial-research-csir,capacity_building_users_import
2026-09-17T23:45:52.005Z,oYnwLWsaVVYXFBHMTC1FbzkIpH72,bulk-import-script,isaac.armah@mofad.gov.gh,mda_user,ministry-of-fisheries-aqua-culture-development,capacity_building_users_import
2026-09-02T23:40:18.534Z,nrQpN6RSijeRARRpPcvSW59hSuy1,bulk-import-script,chrisnarku@yahoo.com,mda_user,ministry-of-health,mda_users_import
2026-09-17T23:08:58.025Z,yelrZMzk83gfpDcD2U1JkpuCfIj2,bulk-import-script,richard.cobbinah@dfi.gov.gh,mda_user,department-of-factories-inspectorate,capacity_building_users_import
2026-09-17T23:22:40.719Z,6GcySU1cNJQTpLniRayETEObNJr2,bulk-import-script,fdompreh1@yahoo.com,mda_user,council-for-scientific-and-industrial-research-csir,capacity_building_users_import
2026-09-08T10:40:36.338Z,6w7nNfqw85edLJbQKOtruKsEV4G2,bulk-import-script,kodwo.blankson@shamadistrict.gov.gh,mda_user,shama-district,gbmsupport_users_import
2026-09-17T23:26:36.606Z,zmJm58ffCqN5qQVg2FxCRpPW7dt1,bulk-import-script,mavis.asare@mosr.gov.gh,mda_user,ministry-of-sports-and-recreation,capacity_building_users_import
2026-09-24T09:49:36.829Z,rff5hc7eAKazWx7ZDsSUNyVxGc82,bulk-import-script,sena.dake@gamingcommission.gov.gh,mda_user,gaming-commission,interior_users_import
2026-09-02T23:03:00.180Z,t4XBsJdO0YPMTuc0psradcVUxZv2,bulk-import-script,ruth.agyeman@arcc.gov.gh,mda_user,ministry-of-local-government,mda_users_import
2026-09-02T22:28:00.320Z,GBvPROJRFpbgjGn6f7nB4IxCkBO2,bulk-import-script,richmond.sowah@ghs.gov.gh,mda_user,ministry-of-health,mda_users_import
2026-09-02T21:19:40.158Z,c0kEwHntT0RoQ8CGsEhj5lrbz2F3,bulk-import-script,thomas.assibi@csa.gov.gh,mda_user,ministry-of-communication-and-decentralization,mda_users_import
2026-09-02T21:16:34.710Z,ItnPBeQaAka2zS9iGbLYhYU5Mgk1,bulk-import-script,sarah.abban@lac.gov.gh,mda_user,legal-aid-commission,mda_users_import
2026-09-02T22:20:53.810Z,GSR7PsWpMFUzNHNrdjaQLp9PCiC2,bulk-import-script,kwodjowusu@gmail.com,mda_user,ministry-of-health,mda_users_import
2026-09-02T21:33:32.990Z,AEZajdHmOoRS4JwYfrHKhOSBkn43,bulk-import-script,kwasi.owusu-sekyere@mofad.gov.gh,mda_user,ministry-of-fisheries-aqua-culture-development,mda_users_import
2026-09-02T21:20:03.952Z,E4fk7V6FX5fla8gnD2S072yWG9y1,bulk-import-script,chrisma.trvl@yahoo.co.uk,mda_user,ministry-of-defence,mda_users_import
2026-09-02T22:55:12.278Z,lHtzF6WBsHUuFfb6OqsZtYg3H9r2,bulk-import-script,james.ayarik@fishcom.gov.gh,mda_user,ministry-of-fisheries-aqua-culture-development,mda_users_import
2026-09-02T21:59:39.939Z,aQvfiLaiDRQkd40dFjqnA8mcjwD3,bulk-import-script,eric.brightdavis@mincom.gov.gh,mda_user,ministry-of-lands-and-natural-resources,mda_users_import
2026-09-17T23:10:45.176Z,E5q2j3V5nMP7rRBHspCYLZMAaH63,bulk-import-script,jonathan.manu@nhia.gov.gh,mda_user,national-health-insurance-authority-nhia,capacity_building_users_import
2026-09-02T22:20:25.568Z,2GiGdfI9GTOdX9Y7A3zFk9OshFr2,bulk-import-script,esther.effahafari@ghs.gov.gh,mda_user,ministry-of-health,mda_users_import
2026-09-17T23:42:31.256Z,zLs4fHVWTuXHuLKQ98PBGYJoiNU2,bulk-import-script,sarah.quainoo@iaa.gov.gh,mda_user,internal-audit-agency,capacity_building_users_import
2026-09-04T13:38:36.851Z,m1GgM9vqsqhlHj7Gz290JrpZo9c2,bulk-import-script,imoro.aziz@saveluguma.gov.gh,mda_user,savelugu-district,volta_serene_group78_users_import
2026-09-17T23:30:29.653Z,snQoIEWuzjO1hlID2x5vlhU8B9y1,bulk-import-script,gabbyakasom@gmail.com,mda_user,ghana-national-fire-service,capacity_building_users_import
2026-09-02T21:14:25.380Z,aHCHeKgBdbTASMImHnBTDdMg5V03,bulk-import-script,eugenelartey@ymail.com,mda_user,district-assemblies-common-fund,mda_users_import
2026-09-02T23:36:49.437Z,bfZi6w3wSsboLmtL0I5z80j34xl1,bulk-import-script,jonathan.marley@ghs.gov.gh,mda_user,ministry-of-health,mda_users_import
2026-09-17T23:20:01.578Z,HvzVtcASpMU86ho5hpiFUYLPN9J2,bulk-import-script,adatsiannabel75@gmail.com,mda_user,ministry-of-education,capacity_building_users_import
2026-09-17T23:27:35.287Z,sxpUJKjX7bRHthE0hImT0xmNH3u1,bulk-import-script,rashmufti653@gmail.com,mda_user,savannah-regional-coordinating-council,capacity_building_users_import
2026-09-02T21:41:03.053Z,CHbELN3FMdXtClR4PkdKTsUB1jv2,bulk-import-script,zoltantayti22@gmail.com,mda_user,ministry-of-local-government,mda_users_import
2026-09-17T23:14:19.773Z,FKgH3gBsyzYSip1sDZHgsej0NwC3,bulk-import-script,prince.attoh-okine@mogcsp.gov.gh,mda_user,ministry-of-gender-children-and-social-protection,capacity_building_users_import
2026-09-01T13:45:26.170Z,Zd8wuL0eaBTME1opEnfnsavGI1j1,bulk-import-script,abdulsalamkarim44@gmail.com,mda_user,kwahu-west-district,volta_serene_group56_users_import
2026-09-02T23:30:07.582Z,j9QwlRmtFdeL9Pg2IiXEQUBWEFa2,bulk-import-script,vamensah2017@gmail.com,mda_user,public-services-commission,mda_users_import
2026-09-02T23:33:45.828Z,imOxvFYyDRgadhNhIWhl8xnNs0y2,bulk-import-script,frankeyto@yahoo.com,mda_user,ministry-of-finance,mda_users_import
2026-09-17T23:27:59.574Z,LNP2TX6Xj3ZOFGZ4MRII6YEjYtR2,bulk-import-script,m.anafu@kbth.gov.gh,mda_user,korle-bu-teaching-hospital,capacity_building_users_import
2026-09-02T21:18:09.799Z,iomf0rG1GKNxNRuVpjbocWZFuWx1,bulk-import-script,magnus.amoa-bosompem@pcsrc.gov.gh,mda_user,ministry-of-communication-and-decentralization,mda_users_import
2026-09-02T22:48:36.421Z,w9mfybKIAUU89jfHk2z7CTt1g362,bulk-import-script,stella.brown@gtvets.gov.gh,mda_user,ministry-of-education,mda_users_import
2026-09-17T23:36:56.043Z,SKeIdJ8johbEoaLz3FembLd17yG2,bulk-import-script,franklyn026@gmail.com,mda_user,national-disaster-management-organisation-nadmo,capacity_building_users_import
2026-09-17T23:09:59.596Z,GifAuf8eN6e1RtQ0mTjrC2E8wvj1,bulk-import-script,akua.adu-gyamfi@gbdc.gov.gh,mda_user,ghana-book-development-council,capacity_building_users_import
2026-09-02T23:10:43.040Z,VGtlpwEBrjUZ06mIqk7kteaBavE3,bulk-import-script,sammyamissah@gmail.com,mda_user,ministry-of-the-interior,mda_users_import
2026-09-17T23:11:26.818Z,V5KqOrNfsbfntJeL2xH1AM98OTf1,bulk-import-script,sheba.djanie@melr.gov.gh,mda_user,ministry-of-employment-and-labour-relations,capacity_building_users_import
2026-09-02T23:03:33.392Z,shm857Ni1nhvAU0rzUc1P0zJOBf1,bulk-import-script,seidusuaniss@gmail.com,mda_user,ministry-of-local-government,mda_users_import
2026-09-02T23:43:30.567Z,swIl5dh0VqO9DwyX1R0pkSyRMrg1,bulk-import-script,gordon.afarnu@fda.gov.gh,mda_user,ministry-of-health,mda_users_import
2026-09-02T21:56:06.122Z,podeFLdtGQbVCmdHMFwTBHEooN52,bulk-import-script,ashilekpey@gmail.com,mda_user,ministry-of-works-and-housing,mda_users_import
2026-09-17T23:39:23.678Z,PNk5qpe9zkYQmbnAtqrgysBqAUE3,bulk-import-script,ericamesibotchway@gmail.com,mda_user,zongo-and-inner-city-development-secretariat,capacity_building_users_import
2026-09-02T22:19:15.539Z,nrQpN6RSijeRARRpPcvSW59hSuy1,bulk-import-script,chrisnarku@yahoo.com,mda_user,ministry-of-health,mda_users_import
2026-09-02T22:27:53.788Z,wOBcbhLNm2ek1zR8sICIRzd4PPy1,bulk-import-script,rich5kpodo@gmail.com,mda_user,ministry-of-health,mda_users_import
2026-09-17T23:34:01.755Z,pBKOnIWDgnZu69leZwZBC51PW052,bulk-import-script,akomahsafo@gmail.com,mda_user,national-biosafety-authority,capacity_building_users_import
2026-09-18T15:35:49.622Z,1LDLXXoUeGgKU6LoKO9kLIdOY763,bulk-import-script,francisca.boateng@aaswda.gov.gh,mda_user,ahafo-ano-south-west-district,group1516_users_import
2026-09-17T23:19:04.664Z,r8zpePtKVKPpB4XlBz9scxiXLuF2,bulk-import-script,anthony.awuviri@meteo.gov.gh,mda_user,ghana-meteorological-agency,capacity_building_users_import
2026-09-02T21:47:51.939Z,M2GNA2vmsoPmr0ccy97tkzUNk6Y2,bulk-import-script,gyebi.asante@smallarmscommission.gov.gh,mda_user,ministry-of-the-interior,mda_users_import
2026-09-11T13:53:42.555Z,QOLGbF2EbGfLTdfJZqnNjejXLg13,bulk-import-script,ericadomako68@gmail.com,mda_user,atwima-nwabiagya-district,volta_serene_group1112_users_import
2026-09-02T23:28:15.033Z,vWBMA7VQ9UeCz2wVy0CQnVCjFzl2,bulk-import-script,jonashonu6@gmail.com,mda_user,office-of-the-attorney-general-and-ministry-of-justice,mda_users_import
2026-09-18T15:36:51.990Z,dtIVDiigB7XlhJO8Cw7aqobtF9D3,bulk-import-script,mossbaako@gmail.com,mda_user,bosome-freho-district,group1516_users_import
2026-09-15T11:50:00.239Z,yqF9vyNuDBdbZbBKQEsJF0oIG6z2,bulk-import-script,eric.nunoo@kma.gov.gh,mda_user,kumasi-metropolis,ashanti_users_import
2026-09-02T21:37:00.536Z,4GXgTwfikKR3SRFV5OO2wpmdYJx2,bulk-import-script,obenewaa.otchere@bdr.gov.gh,mda_user,ministry-of-local-government,mda_users_import
2026-09-02T23:41:14.400Z,G3t1gmnVuyRTLbnGkEA3VYj7DM22,bulk-import-script,edward.arthur@chag.org.gh,mda_user,ministry-of-health,mda_users_import
2026-09-02T23:33:04.556Z,ujXuT3QQ64NNm9WCWFarEoeagwP2,bulk-import-script,emelia_derkyi@yahoo.com,mda_user,ministry-of-finance,mda_users_import
2026-09-17T23:30:01.738Z,ufELbkov7ubIGqU2EbpXZ9jHKNn2,bulk-import-script,frimp.george@gmail.com,mda_user,centre-for-plant-medicine-research,capacity_building_users_import
2026-09-17T23:45:41.270Z,PFxuiUCXx3aMKUwDyaBClPM4qyE3,bulk-import-script,linda.akrobor@dpc.gov.gh,mda_user,data-protection-commission,capacity_building_users_import
2026-09-04T13:40:36.409Z,pTEB0SAF57SLK6qhlhMbtMwPmJv1,bulk-import-script,sule.lukman86@gmail.com,mda_user,sawla-tuna-kalba-district,volta_serene_group78_users_import
2026-09-17T23:06:36.544Z,FdlJq6NvEqZDFiB7Jrp3HvX7B4M2,bulk-import-script,dillyoyou@yahoo.com,mda_user,national-theatre-of-ghana,capacity_building_users_import
2026-09-02T22:14:21.175Z,HJ2Zp2vHbmW0yNXa2k94Q3z66Nl2,bulk-import-script,pkwafo@mofep.gov.gh,mda_user,ministry-of-finance,mda_users_import
2026-09-17T23:31:54.319Z,zeSVZDQqMJORmCYI8AyLTVFTwf83,bulk-import-script,ntaddymorton@energycom.gov.gh,mda_user,energy-commission,capacity_building_users_import
2026-09-02T21:23:49.734Z,AOFgPwjcTESkB6Y40L4GwLuIBrf1,bulk-import-script,edoughan@gtec.edu.gh,mda_user,ministry-of-education,mda_users_import
2026-09-02T23:40:26.237Z,tOBkKLyLufatTrISCCap5AR0nVk2,bulk-import-script,dadewor@yahoo.com,mda_user,ministry-of-health,mda_users_import
2026-09-02T23:10:20.367Z,0UxfsHugl1bWOJTaSMGl5gUlnvE2,bulk-import-script,prince.frimpong@immigration.gov.gh,mda_user,ministry-of-the-interior,mda_users_import
2026-09-02T21:44:41.077Z,HlU0zPMhS8VFFLL34UUMbT3cef43,bulk-import-script,kwadwo.abeam@ghanaprisons.gov.gh,mda_user,ministry-of-the-interior,mda_users_import
2026-09-02T21:16:41.852Z,taXcp6gSImeJoPAAs85aggNgtb02,bulk-import-script,victor.bimah@lac.gov.gh,mda_user,legal-aid-commission,mda_users_import
2026-09-02T21:13:45.905Z,RNNXHZY0WcRLEqcvaqsBXwoJ4du2,bulk-import-script,emmanuel.awo@audit.gov.gh,mda_user,audit-service,mda_users_import
2026-09-17T23:27:18.660Z,bWqRUGdyLcZXboQ4tX0YT4EDknM2,bulk-import-script,samueloforituga23@gmail.com,mda_user,ghana-police-service,capacity_building_users_import
2026-09-18T15:28:07.361Z,dtIVDiigB7XlhJO8Cw7aqobtF9D3,bulk-import-script,mossbaako@gmail.com,mda_user,bosome-freho-district,group1516_users_import
2026-09-02T22:54:40.570Z,CNDr0atdPUaYvGMVzquu17i3Zc22,bulk-import-script,william.asamani-sarpong@nba.gov.gh,mda_user,ministry-of-environment-science-technology-and-innovation,mda_users_import
2026-09-02T23:16:03.244Z,RBOqPSr2uLc0VDfi2Nd3V32Y2jm1,bulk-import-script,jason.addo@mwh.gov.gh,mda_user,ministry-of-works-and-housing,mda_users_import
2026-09-22T13:06:22.583Z,PZGxysvRtBh8O5pnHBIG3K8s0nJ3,bulk-import-script,mujeeb.zakaria@wawda.gov.gh,mda_user,wa-west-district,group17_users_import
2026-09-02T21:20:25.332Z,HQmdXFdMFRVPJe4a12BinGcXlht2,bulk-import-script,edemtayukt@yahoo.co.uk,mda_user,ministry-of-defence,mda_users_import
2026-09-02T21:28:30.036Z,BAKOsFN0pcbl3Iakh5rqoJF97fk1,bulk-import-script,charles.abbey@mdpi.gov.gh,mda_user,ministry-of-employment-and-labour-relations,mda_users_import
2026-09-02T22:48:33.128Z,WszW5bOnSMPzV89Hib0z8UHMEQF2,bulk-import-script,catherine.ashley@gtvets.gov.gh,mda_user,ministry-of-education,mda_users_import
2026-09-11T13:52:52.077Z,GC9CX6sRR4QMV0nueZHKdWr0sfq1,bulk-import-script,sidneygaglo92@gmail.com,mda_user,asokore-mampong-municipal,volta_serene_group1112_users_import
2026-09-02T21:35:47.557Z,RdzwDt50DcajJ9F5OWcMi2p8fYI3,bulk-import-script,afisah.zakariah@mogcsp.gov.gh,mda_user,ministry-of-gender-children-and-social-protection,mda_users_import
2026-09-01T13:44:03.654Z,HUKPGvSQKjVW91b9hwl46Z0vYHF3,bulk-import-script,kingsley.tetteh@fnda.gov.gh,mda_user,fanteakwa-north-district,volta_serene_group56_users_import
2026-09-02T21:26:22.557Z,0oVs7LiKIlN50kWm8tTImww9wLW2,bulk-import-script,osei.assibey@nss.gov.gh,mda_user,ministry-of-education,mda_users_import
2026-09-02T22:50:23.728Z,WHwgTAOf8BhaxyLrRRglUCy71sw2,bulk-import-script,michael.kwakye@gbdc.gov.gh,mda_user,ministry-of-education,mda_users_import
2026-09-17T23:23:42.600Z,fQvekNKKzBTjJ0KmBC58D8ji4cF2,bulk-import-script,isaac.dwamena@scholarships.com,mda_user,ghana-scholarships-authority,capacity_building_users_import
2026-09-02T22:15:30.970Z,QQ4D8VZwFwaCjawJlQcCAjpbWX12,bulk-import-script,richard.asafo-adjei@fic.gov.gh,mda_user,ministry-of-finance,mda_users_import
2026-09-02T21:53:12.086Z,ZHEiUtuyxNVZdoQEHU8PCx7VIxL2,bulk-import-script,hannah.tetteh@gepa.gov.gh,mda_user,ministry-of-trade-and-industry,mda_users_import
2026-09-02T21:18:04.832Z,k0Up5oUqulNoM5cV76xDPj2ibQk2,bulk-import-script,kwaku.antwi@gdnr.org.gh,mda_user,ministry-of-communication-and-decentralization,mda_users_import
2026-09-17T23:02:42.058Z,L55rYeHUTFhgvKxOV94ZtX7koda2,bulk-import-script,addylamptey77@gmail.com,mda_user,ghana-national-fire-service,capacity_building_users_import
2026-09-17T23:31:32.094Z,Nf2VtaMe4NT5zEdAveCGNkO7qj22,bulk-import-script,solomon.appiah@gamingcommission.gov.gh,mda_user,gaming-commission,capacity_building_users_import
2026-09-11T13:52:24.768Z,YgpNNgyRQ5el7hPVu79aw1jTbmN2,bulk-import-script,akwasi.boateng@aanda.gov.gh,mda_user,asante-akim-north-district,volta_serene_group1112_users_import
2026-09-17T23:16:07.350Z,MbJmDRnVpHXxuoxDgoXQpCs5Xkm2,bulk-import-script,fisca233@gmail.com,mda_user,national-security-council-secretariat,capacity_building_users_import
2026-09-22T11:08:09.352Z,lAhsVWiLenPZKRWRU6EPr0hNaJY2,MKGoW62Iuaf5KXTj3a4LyRxrsaa2,marvin.ankoma@mod.gov.gh,mda_user,Ministry of Defense,
2026-09-17T23:00:13.995Z,LvJBkAsxhDVjDd3NNU8Q40BxKA52,bulk-import-script,phyllis.yamoah@myde.gov.gh,mda_user,ministry-of-youth-development-and-empowerment,capacity_building_users_import
2026-09-02T22:28:33.536Z,UBf1WOTS2XY2uKCx8YlajBSYEkj2,bulk-import-script,scommeh@gcps.edu.gh,mda_user,ministry-of-health,mda_users_import
2026-09-17T23:36:29.049Z,kbbYA7c55xeLchjRUBSqUY9ytTZ2,bulk-import-script,doreen.suglee@zicds.gov.gh,mda_user,zongo-and-inner-city-development-secretariat,capacity_building_users_import
2026-09-02T21:50:21.133Z,3v7VEZVW96VLkJ8M144UvqTvqaz1,bulk-import-script,niiaryeefarouk@gmail.com,mda_user,ministry-of-tourism-culture-and-creative-arts,mda_users_import
2026-09-02T21:29:15.364Z,PVr2BnoZ3AQ4UiJq2FiN1yXvo363,bulk-import-script,rosemond.quansah@mdpi.gov.gh,mda_user,ministry-of-employment-and-labour-relations,mda_users_import
2026-09-02T21:43:52.799Z,aun1PwiXCyftTx7hUS2h5TJQNlA2,bulk-import-script,tonyarthur30@gmail.com,mda_user,ministry-of-the-interior,mda_users_import
2026-09-17T23:07:02.332Z,0MSUjANjvJg0mxS8gpiytviXxwu1,bulk-import-script,esther.amoah@mofaq.gov.gh,mda_user,ministry-of-fisheries-aqua-culture-development,capacity_building_users_import
2026-09-17T23:32:49.025Z,kNmIKDftfVaSX7fjT0z0Hjk3Yf23,bulk-import-script,gibayee@gmail.com,mda_user,national-development-planning-commission,capacity_building_users_import
2026-09-02T23:51:11.787Z,piEjOpkU4YZtGoui7ce6Dedy6863,bulk-import-script,sth_mkr@yahoo.com,mda_user,ministry-of-health,mda_users_import
2026-09-17T22:58:47.731Z,Sr75crgj3IgNCxANzzUOe4Qo5gA2,bulk-import-script,emmanuel.dadzie@mofa.gov.gh,mda_user,ministry-of-food-and-agriculture,capacity_building_users_import
2026-09-02T22:20:51.812Z,JeFob4HFGLXQTCwYzIzwKKAb1423,bulk-import-script,enock.osei-adade@chag.org.gh,mda_user,ministry-of-health,mda_users_import
2026-09-02T21:36:55.938Z,gs3jLvnU1GfEs5dpD2BjBHNgFMi1,bulk-import-script,emmanuel.nartey@lgs.gov.gh,mda_user,ministry-of-local-government,mda_users_import
2026-09-17T23:38:03.810Z,jKKFGTsGeZWrM3QS5qK5JNZGmP52,bulk-import-script,estherasambo631@gmail.com,mda_user,department-of-community-development,capacity_building_users_import
2026-09-02T22:20:31.822Z,WJCYiVxAaEfIdQrsjh0p1cXxR7x2,bulk-import-script,bessah213@gmail.com,mda_user,ministry-of-health,mda_users_import
2026-09-17T23:03:37.918Z,YS8bMxUrukMwZggC6vYbwyguhuk1,bulk-import-script,yeboahemmanuel91@yahoo.com,mda_user,information-services-department,capacity_building_users_import
2026-09-11T13:53:25.807Z,FLGyaUhCTWP654sYHzfE8tnvJ5u2,bulk-import-script,owusu.emmanuel@atmda.gov.gh,mda_user,atwima-mponua-district,volta_serene_group1112_users_import
2026-09-17T23:33:10.043Z,aouemVl6gch6ERkU9oQCm1yl2W83,bulk-import-script,daniel.sam53@yahoo.com,mda_user,central-regional-coordinating-council,capacity_building_users_import
2026-09-02T23:05:37.526Z,wiwMjcnmRrYnwnq8rCzT7pyeI4i1,bulk-import-script,eboxgh@gmail.com,mda_user,ministry-of-roads-and-highways,mda_users_import
2026-09-02T23:22:07.101Z,GozBbHeLl5du963bp4ZbXxbSHDS2,bulk-import-script,sammyb495@yahoo.com,mda_user,ministry-of-lands-and-natural-resources,mda_users_import
2026-09-02T21:46:19.674Z,dri68aFGUdTGcTrFWWBmaAcCl0r2,bulk-import-script,naaamanobea@gmail.com,mda_user,ministry-of-the-interior,mda_users_import
2026-09-02T22:13:10.320Z,IrNMNQkcLLaWkGOARMhEoy2VBHm2,bulk-import-script,fbaffour@mofep.gov.gh,mda_user,ministry-of-finance,mda_users_import
2026-09-17T23:22:52.010Z,1jLHGGEMjMXLqlraqgBjj6VxH4u2,bulk-import-script,benedicta.akafo@gtvets.gov.gh,mda_user,ghana-tvet-service,capacity_building_users_import
2026-09-17T23:47:41.082Z,w9mfybKIAUU89jfHk2z7CTt1g362,bulk-import-script,stella.brown@gtvets.gov.gh,mda_user,ghana-tvet-service,capacity_building_users_import
2026-09-02T21:15:47.427Z,2gZoIW4xi3dXEitghfogg7jvgq82,bulk-import-script,voteng2002@yahoo.com,mda_user,electoral-commission,mda_users_import
2026-09-02T22:08:56.164Z,gqST9X5gDMW6sYZLoinmNceuqNq1,bulk-import-script,walter.adabare@oag.gov.gh,mda_user,office-of-government-machinery,mda_users_import
2026-09-17T23:15:27.318Z,qi7QWq5ohzgTN6efEVZpnVgpowE2,bulk-import-script,zeinabu.musah@gna.org.gh,mda_user,ghana-news-agency,capacity_building_users_import
2026-09-02T23:35:19.135Z,IpbkDdflBiP1bB7IiZMy3yOnaVq1,bulk-import-script,ldormekpo@mofep.gov.gh,mda_user,ministry-of-finance,mda_users_import
2026-09-17T23:11:11.658Z,5R1LgrGkRneGA942h4CiCGzmUQL2,bulk-import-script,isaac.adorku@melr.gov.gh,mda_user,ministry-of-employment-and-labour-relations,capacity_building_users_import
2026-09-17T23:28:38.288Z,I3MZcQoMb1NaFCFbU018wtVkBDI3,bulk-import-script,braimah.nuhu@zodf.gov.gh,mda_user,zongo-development-fund,capacity_building_users_import
2026-09-04T13:38:26.803Z,t0eqqZ56ryMMmnxxB4zETxcIezl1,bulk-import-script,ahmed.ibrahim@sagma.gov.gh,mda_user,sagnerigu-municipal,volta_serene_group78_users_import
2026-09-17T23:40:08.489Z,Ma3TXXmGbfUjPb3fc6NpF3Kuybw1,bulk-import-script,nyarkomonica192@gmail.com,mda_user,ghana-national-fire-service,capacity_building_users_import
2026-09-17T22:57:32.177Z,hHdsBnlGf6NU9p06MeDYx3KrHLq1,bulk-import-script,asiwome.dor@scholarships.gov.gh,mda_user,ghana-scholarships-authority,capacity_building_users_import
2026-09-17T23:24:09.506Z,PI8uG4EixNaLl0glQVE3xvIAoNz1,bulk-import-script,akpene.feakpi@fishcom.gov,mda_user,fisheries-commission,capacity_building_users_import
2026-09-02T22:03:18.173Z,lBrRPqsTgGVqTVWiDbCuS5hLCGQ2,bulk-import-script,kudodim@yahoo.co.uk,mda_user,national-labour-commission,mda_users_import
2026-09-02T21:49:35.036Z,rff5hc7eAKazWx7ZDsSUNyVxGc82,bulk-import-script,sena.dake@gamingcommission.gov.gh,mda_user,ministry-of-the-interior,mda_users_import
2026-09-02T23:15:55.225Z,z5CkL1opSqYNJ9w0Z3qGjzPnLQB2,bulk-import-script,clementdarker@gmail.com,mda_user,ministry-of-works-and-housing,mda_users_import
2026-09-17T23:30:22.162Z,vbkAGXTi2rZXBtgdyTYhbkvbimG3,bulk-import-script,sarah.boamahduah@lgs.gov.gh,mda_user,office-of-the-head-of-local-government-service,capacity_building_users_import
2026-09-02T22:57:34.503Z,7KPiksgeoRSRYUzWoqNyp6mLPW43,bulk-import-script,francis.dorkenoo@mogcsp.gov.gh,mda_user,ministry-of-gender-children-and-social-protection,mda_users_import
2026-09-02T22:02:01.750Z,OeZ2ZwzHtVbFDj1ClTAuBKQf5mM2,bulk-import-script,eric.entsie@nhia.gov.gh,mda_user,national-health-fund,mda_users_import
2026-09-02T22:21:28.727Z,4xnM3CTGcWOVT7e5m4dT3VuXWCe2,bulk-import-script,avumegah@stjohn.org.gh,mda_user,ministry-of-health,mda_users_import
2026-09-17T23:05:28.844Z,2G4jArQDEHSGUSbXeqzr99WJxRi2,bulk-import-script,theoflesv@gmail.com,mda_user,ghana-museums-and-monuments-board,capacity_building_users_import
2026-09-22T13:04:35.451Z,wePMoKrEzWb70spjaQscfqBvhlm1,bulk-import-script,suf.dauda@dbida.gov.gh,mda_user,dafiama-bussie-issa-district,group17_users_import
2026-09-17T23:11:50.009Z,0flES48c5dYOu0RGGz2deLuk3mu2,bulk-import-script,ali.yakubu@chag.rog.gh,mda_user,christian-health-association-of-ghana,capacity_building_users_import
2026-09-17T23:09:20.765Z,NK6dYikrI9XNwsZo3MXqmQoY4xs1,bulk-import-script,gifty.sau@zicds.gov.gh,mda_user,zongo-and-inner-city-development-secretariat,capacity_building_users_import
2026-09-17T23:04:30.927Z,7BmZRCRtSZariq8quhqkRukqbkf2,bulk-import-script,eliezeroseibempong25@gmail.com,mda_user,ghana-tourism-authority,capacity_building_users_import
2026-09-17T23:45:23.329Z,1xMpBlMiehgCaCdNghoFG995RX52,bulk-import-script,katheine.dovlo@ghbc.gov.gh,mda_user,ghana-boundary-commission,capacity_building_users_import
2026-09-02T21:29:25.710Z,vpkFgCAwlxSJxUHk8yqQglwzJmH2,bulk-import-script,hoffmanns62@yahoo.com,mda_user,ministry-of-employment-and-labour-relations,mda_users_import
2026-09-02T21:14:23.026Z,k5XKd5LXv0hOB8IFg82YYPvgGUy2,bulk-import-script,chris.aryeh@commonfund.gov.gh,mda_user,district-assemblies-common-fund,mda_users_import
2026-09-17T23:11:52.554Z,wiwMjcnmRrYnwnq8rCzT7pyeI4i1,bulk-import-script,eboxgh@gmail.com,mda_user,road-maintenance-trust-fund,capacity_building_users_import
2026-09-17T23:15:49.751Z,52ZxQbLfhQbEiABdhA348NSKTy13,bulk-import-script,isaac.dwamena@scholarships.gov.gh,mda_user,ghana-scholarships-authority,capacity_building_users_import
2026-09-02T23:26:22.563Z,4AKg3tDtfLhMgNxvZ9StVNtin3A3,bulk-import-script,magdalenea650@gmail.com,mda_user,office-of-government-machinery,mda_users_import
2026-09-17T23:09:36.008Z,sbcUqjjfUtNoMJW83Y1NeELYjq53,bulk-import-script,bankimoun123@gmail.com,mda_user,council-for-scientific-and-industrial-research-csir,capacity_building_users_import
2026-09-11T13:50:03.475Z,thMKHhQDHqXF5LBx3XkWn4Sx06a2,bulk-import-script,daniel.nuamah@biaeastda.gov.gh,mda_user,bia-east-district,volta_serene_group1112_users_import
2026-09-17T23:32:35.809Z,6heJXCn8eJWuqnbiWFN0n7nekn03,bulk-import-script,elsieklufio@yahoo.co.uk,mda_user,ministry-of-tourism-culture-and-creative-arts,capacity_building_users_import
2026-09-02T23:03:56.638Z,sclR5MzkhqZu8c09PwAlZeNeuB12,bulk-import-script,brentu.asor@mrh.gov.gh,mda_user,ministry-of-roads-and-highways,mda_users_import
2026-09-18T15:36:22.676Z,bxwe9jC9cnfSkK706laSerhcDs22,bulk-import-script,anthony.agyei@bonoeastrcc.gov.gh,mda_user,bono-east-regional-coordinating-council,group1516_users_import
2026-09-02T22:49:29.508Z,iDI5oPDMLxVGVaQ2NC1sDCKyUTz2,bulk-import-script,henrita.mensah@gtvets.gov.gh,mda_user,ministry-of-education,mda_users_import
2026-09-02T23:40:20.383Z,SWywWHyXRyPYyBwEGwfnOlxGhLE2,bulk-import-script,christian.boateng@ghs.gov.gh,mda_user,ministry-of-health,mda_users_import
2026-09-24T09:48:52.848Z,aun1PwiXCyftTx7hUS2h5TJQNlA2,bulk-import-script,tonyarthur30@gmail.com,mda_user,ghana-police-service,interior_users_import
2026-09-02T23:25:54.677Z,X5138zuA2zVHHQGax2eSaFtt7xn2,bulk-import-script,david.angoh@gipc.gov.gh,mda_user,office-of-government-machinery,mda_users_import
2026-09-02T21:17:29.774Z,CwChUVVPoxOh2ss5fxCwOPAny613,bulk-import-script,dickson.twumasi@nita.gov.gh,mda_user,ministry-of-communication-and-decentralization,mda_users_import
2026-09-02T23:35:27.876Z,lalsIJ65YAgM0mzzfArCTNLGUuy1,bulk-import-script,myennah@mofep.gov.gh,mda_user,ministry-of-finance,mda_users_import
2026-09-02T23:49:38.957Z,JXBzi7qLSyM2O3V1bZPi8znNw9r1,bulk-import-script,awukuasanter@yahoo.com,mda_user,ministry-of-health,mda_users_import
2026-09-02T23:14:01.005Z,1C5PQhHQoWVQ8fgIvFWzJPhF9LD3,bulk-import-script,eatetteh@gmail.com,mda_user,ministry-of-transport,mda_users_import
2026-09-02T23:02:30.129Z,UMExryJSejSWtjkfvNy8Vlkvh2I2,bulk-import-script,prince.adu-boafo@easternregion.gov.gh,mda_user,ministry-of-local-government,mda_users_import
2026-09-17T23:36:23.499Z,yelrZMzk83gfpDcD2U1JkpuCfIj2,bulk-import-script,richard.cobbinah@dfi.gov.gh,mda_user,department-of-factories-inspectorate,capacity_building_users_import
2026-09-01T13:46:59.734Z,lQGAsB3epbh2ZAtFFEq4Nv2g43r1,bulk-import-script,dennisbosompem1@gmail.com,mda_user,upper-west-akyem-district,volta_serene_group56_users_import
2026-09-02T23:02:24.940Z,5zBiFuVt2dXYCnKCEe5prL6ehpp1,bulk-import-script,niidjeshiedouglas@yahoo.com,mda_user,ministry-of-local-government,mda_users_import
2026-09-02T22:27:20.314Z,6UZ7sVGkWnOwiRf86Q6SIAvjXff1,bulk-import-script,atiamoah1985@gmal.com,mda_user,ministry-of-health,mda_users_import
2026-09-17T23:41:17.456Z,QRv3KBY48qUqEJycaNZoiBJzSOw1,bulk-import-script,alfred.nartey@mogcsp.gov.gh,mda_user,ministry-of-gender-children-and-social-protection,capacity_building_users_import
2026-09-02T23:50:31.818Z,Q3eh2py5dZRHOr7ROoTZ30aSNeB2,bulk-import-script,rosetaylor@gmail.com,mda_user,ministry-of-health,mda_users_import
2026-09-17T22:58:08.139Z,FqVl7ygRTrNOJzmTwhSt8IXJLcH2,bulk-import-script,ebenayel@gmail.com,mda_user,government-secretarial-school,capacity_building_users_import
2026-09-02T23:47:23.694Z,As9bEU4L5pSb83VrpVOF5Xui3D32,bulk-import-script,maameesi.amekudzi@ghs.gov.gh,mda_user,ministry-of-health,mda_users_import
2026-09-02T23:17:11.845Z,odvvtiafK6fbYMrYlngzNGa02J22,bulk-import-script,syawosei13@gmail.com,mda_user,ministry-of-works-and-housing,mda_users_import
2026-09-17T23:09:29.762Z,1Y53hGDwTBYN1ItyjwQVgukmnH22,bulk-import-script,joseph.kubi@nhia.gov.gh,mda_user,national-health-insurance-authority-nhia,capacity_building_users_import
2026-09-17T23:49:34.089Z,YpIOa3vz8Rhp2XtP1MzyyGozde63,bulk-import-script,philip.kpodo@mogcsp.gov.gh,mda_user,department-of-social-welfare,capacity_building_users_import
2026-09-02T21:24:58.847Z,7oU4xV1IIqeVssLBeFAhAyOShFC3,bulk-import-script,eyeboah@gtec.edu.gh,mda_user,ministry-of-education,mda_users_import
2026-09-11T13:52:41.432Z,UtRUd1C9Eadl22s0cD7DhGJk9ih1,bulk-import-script,nanaba73@gmail.com,mda_user,asokore-mampong-municipal,volta_serene_group1112_users_import
2026-09-02T21:27:11.597Z,yxDKQwgfb5fsOeikvyYNW1TeqE53,bulk-import-script,anthony.ampong@melr.gov.gh,mda_user,ministry-of-employment-and-labour-relations,mda_users_import
2026-09-02T22:59:59.487Z,yjpeCumUKye5FWOZFfNADH5efxb2,bulk-import-script,mahamud20@yahoo.com,mda_user,ministry-of-local-government,mda_users_import
2026-09-02T21:57:29.704Z,odvvtiafK6fbYMrYlngzNGa02J22,bulk-import-script,syawosei13@gmail.com,mda_user,ministry-of-works-and-housing,mda_users_import
2026-09-17T23:32:59.439Z,02jemBXuYGcobFVctyyLB55dID32,bulk-import-script,felixiaoz@yahoo.com,mda_user,national-folklore-board,capacity_building_users_import
2026-09-02T22:26:51.211Z,ZM4lhYmG9JMfcc1HW50YUG1Wb2b2,bulk-import-script,mcluv07@yahoo.co.uk,mda_user,ministry-of-health,mda_users_import
2026-09-17T23:41:50.791Z,wmtgRid3I6Xya8zKDoIit0Y7FaH2,bulk-import-script,frimpomaa.mantey@mofaq.gov.gh,mda_user,ministry-of-fisheries-aqua-culture-development,capacity_building_users_import
2026-09-02T23:35:33.699Z,r71Enio2zuOfvRxEOCRZsyTWxT12,bulk-import-script,ophelia.opare@iat.gov.gh,mda_user,ministry-of-finance,mda_users_import
2026-09-18T15:29:01.583Z,K6gdthBvAVTihEbu5do9g2ISwlN2,bulk-import-script,nmohammed@aksda.gov.gv,mda_user,afigya-kwabre-south-district,group1516_users_import
2026-09-02T22:26:42.952Z,xu0LPysN2gYeQ7zUUvmaqzatkHf1,bulk-import-script,millicent.tamakloe@nbs.gov.gh,mda_user,ministry-of-health,mda_users_import
2026-09-02T21:53:30.827Z,YrGeY3rDL3MTbZUrdWtpfuG83XM2,bulk-import-script,joseph.a.armah@ghanamaritime.gov.gh,mda_user,ministry-of-transport,mda_users_import
2026-09-02T23:40:12.814Z,3HwB6IqaQxTxumeMKy2Q8ePc1G23,bulk-import-script,asaregyimah1990@gmail.com,mda_user,ministry-of-health,mda_users_import
2026-09-18T15:35:44.237Z,KxV9oaoPA7gCoMMhgXVOQIoq8d12,bulk-import-script,gilbert.yeboah@tecma.gov.gh,mda_user,techiman-municipal,group1516_users_import
2026-09-02T21:20:34.145Z,139PEuZBAVdLPOn3sHa27GrSsz53,bulk-import-script,jabokuro@yahoo.com,mda_user,ministry-of-defence,mda_users_import
2026-09-17T23:04:33.950Z,BkECqXnvhIXn4kaXTv87UbQPKuO2,bulk-import-script,gladys.kally@motcca.gov.gh,mda_user,ministry-of-tourism-culture-and-creative-arts,capacity_building_users_import
2026-09-17T23:49:52.207Z,1avXmepcjpgh0czqWdkMZjuwJ293,bulk-import-script,obdave111@yahoo.com,mda_user,ghana-broadcasting-corporation,capacity_building_users_import
2026-09-02T21:25:49.842Z,AuS7Z2iRtlTHZfXEKUzh1AxyW343,bulk-import-script,kennedy.wormi@gtvets.gov.gh,mda_user,ministry-of-education,mda_users_import
2026-09-17T23:37:09.991Z,9dPwVhMV0hXT6SG7IBc2S7wfSOt1,bulk-import-script,nikoikenneth@gmail.com,mda_user,ghana-statistical-service,capacity_building_users_import
2026-09-18T15:28:12.159Z,3xEdLl3s8bNGYytFs6I5h1it2ev2,bulk-import-script,ericdzakpah43@gmail.com,mda_user,bosome-freho-district,group1516_users_import
2026-09-02T23:12:40.967Z,ur0yLV1wmsQzAyBesHD6l3g0HN73,bulk-import-script,nanasackey120@gmail.com,mda_user,ministry-of-tourism-culture-and-creative-arts,mda_users_import
2026-09-02T21:26:11.372Z,qrM9PxrFOdN1p5YEqlYYggPLQPi2,bulk-import-script,marie.boateng@nasia.gov.gh,mda_user,ministry-of-education,mda_users_import
2026-09-17T23:38:19.919Z,5geLn9mgdQavM6o64m91kHGS5c72,bulk-import-script,oseitutuelvis245@gmail.com,mda_user,ghana-prisons-service,capacity_building_users_import
2026-09-02T23:32:31.807Z,sDzohtswkZZTUfYYVRIOXseFnMo2,bulk-import-script,bismark.aborbi-ayitey@iaa.gov.gh,mda_user,ministry-of-finance,mda_users_import
2026-09-02T21:48:46.075Z,Tu8qyxdo7CZBUINOtSnHUSx202W2,bulk-import-script,nana.dadzie@gamingcommission.gov.gh,mda_user,ministry-of-the-interior,mda_users_import
2026-09-02T21:31:36.096Z,tDNRETupMqVRwKywml2OcO58b3J3,bulk-import-script,adu.essel77@gmail.com,mda_user,ministry-of-environment-science-technology-and-innovation,mda_users_import
2026-09-02T23:07:42.787Z,u5wudi6tOYgfkVPgEah7FFrrzBC2,bulk-import-script,ruby.adumuah@gmail.com,mda_user,ministry-of-the-interior,mda_users_import
2026-09-17T23:44:41.216Z,ZWNiGsNkzBSxzgQwldrFBg95vYd2,bulk-import-script,samuel.newton@moc.gov.gh,mda_user,ministry-of-communications-digital-technology-and-innovations,capacity_building_users_import
2026-09-02T21:18:19.547Z,BbSiFWKIScSCI8HpGqn7SNCgq852,bulk-import-script,nancy.boakye-amankwah@csa.gov.gh,mda_user,ministry-of-communication-and-decentralization,mda_users_import
2026-09-02T22:10:39.237Z,3KPK8vvb4XgjtiGSs4FVfI9Dcr22,bulk-import-script,larteyanim@gmail.com,mda_user,office-of-the-head-of-civil-service,mda_users_import
2026-09-22T13:04:44.058Z,QZQo76CFguYsbNwRcR04MRkY26K2,bulk-import-script,dinganadeborah11@gmail.com,mda_user,jirapa-municipal,group17_users_import
2026-09-17T22:59:05.592Z,i03PP6frAUhqs5fQpQtVB2VGYUt1,bulk-import-script,j.ntiforo@nya.gov.gh,mda_user,national-youth-authority,capacity_building_users_import
2026-09-02T22:15:36.559Z,OGCiEhMcE2akcK309y5g5NOeAUZ2,bulk-import-script,rakabutu@mofep.gov.gh,mda_user,ministry-of-finance,mda_users_import
2026-09-17T23:18:00.517Z,5zfgzmkSt0gtCGfvMBRyIHvVZuJ3,bulk-import-script,walter.adabere@oag.gov.gh,mda_user,office-of-the-administrator-general,capacity_building_users_import
2026-09-17T23:35:36.425Z,iwTxOBTWdDZNDlx4Vn9NfE60vko2,bulk-import-script,anita.abruquah@bgl.gov.gh,mda_user,bureau-of-ghana-languages,capacity_building_users_import
2026-09-02T22:00:51.859Z,FNFWvSWR1Mg2pk25ZDrsgqkdWj63,bulk-import-script,manfi124@gmail.com,mda_user,ministry-of-lands-and-natural-resources,mda_users_import
2026-09-17T23:17:36.604Z,JJNhSBDAHta6J9tQoXCJVdWyi593,bulk-import-script,ishmael.genyah@ncpd.gov.gh,mda_user,national-council-on-persons-with-disability,capacity_building_users_import
2026-09-17T23:18:56.441Z,LM9PM8zi8lMIiukLJCddbjXrQlG3,bulk-import-script,emmanuel.obu-cann@orc.gov.gh,mda_user,office-of-the-registrar-of-companies,capacity_building_users_import
2026-09-02T22:28:56.021Z,uiMw9QMnQWSoB1JeDxQAChQAAUJ2,bulk-import-script,mshawanatu@yahoo.com,mda_user,ministry-of-health,mda_users_import
2026-09-02T22:52:18.171Z,BAKOsFN0pcbl3Iakh5rqoJF97fk1,bulk-import-script,charles.abbey@mdpi.gov.gh,mda_user,ministry-of-employment-and-labour-relations,mda_users_import
2026-09-02T21:47:54.112Z,RWz4lQ0F0HX7W28jNygwOnoxgqF2,bulk-import-script,grace.asempa@mint.gov.gh,mda_user,ministry-of-the-interior,mda_users_import
2026-09-17T23:35:17.044Z,BC9cSGZ0k2NuanMk7NI9ztHEbrv1,bulk-import-script,adjeikyereh@gmail.com,mda_user,university-of-engineering-and-agricultural-sciences,capacity_building_users_import
2026-09-02T23:09:23.099Z,09NRI8Oqv3c7cGRJNFhxhMwbQSO2,bulk-import-script,georgeamoh@ymail.com,mda_user,ministry-of-the-interior,mda_users_import
2026-09-17T23:06:34.189Z,UKGCrDkq6KfPZGEnqXzgxsYlKps2,bulk-import-script,antoaniette.ahiakpah@gta.gov.gh,mda_user,ghana-tourism-authority,capacity_building_users_import
2026-09-02T23:50:56.537Z,CYAOaS2pdBVgh2bGUkUdFREmnxF2,bulk-import-script,solomon.boateng@moh.gov.gh,mda_user,ministry-of-health,mda_users_import
2026-09-04T13:38:57.549Z,JUSXc2Ohhih4MDlrVzVx2z8D4dE2,bulk-import-script,sibaweihi.masahudu@tamalemetro.gov.gh,mda_user,tamale-metropolis,volta_serene_group78_users_import
2026-09-22T13:05:51.112Z,hdT303ULDlgco4XyDlY4QZYdXMH3,bulk-import-script,naema.yakubu@swdag.gov.gh,mda_user,sissala-west-district,group17_users_import
2026-09-02T21:22:34.285Z,ofSyRtvYy4O5JwYdfYruCMW441E2,bulk-import-script,charles.tetteh@cea.gov.gh,mda_user,ministry-of-education,mda_users_import
2026-09-01T13:47:15.427Z,r8JS4R9PoNS5w8MUKnMsIFCK9IN2,bulk-import-script,alberta.appiah@ykma.gov.gh,mda_user,yilo-krobo-district,volta_serene_group56_users_import
2026-09-17T23:39:12.897Z,O7vdnyBB5ihCRcf7jhE77az2Plg1,bulk-import-script,sarmah33@gmail.com,mda_user,national-commission-on-small-arms-and-light-weapons,capacity_building_users_import
2026-09-02T22:12:53.768Z,6MPYpsPIDcWfAP5As7e9drNiSi83,bulk-import-script,esther.ankomah@iat.gov.gh,mda_user,ministry-of-finance,mda_users_import
2026-09-04T13:38:19.008Z,LUDi0aLwB8dV7Y6TmZuyo5ZBAsg1,bulk-import-script,yakubu.mubarik@sda.gov.gh,mda_user,saboba-district,volta_serene_group78_users_import
2026-09-02T22:00:44.558Z,zJZHZmaQZwNhaZg4FViXL2xS76a2,bulk-import-script,solomon.boye@mlnr.gov.gh,mda_user,ministry-of-lands-and-natural-resources,mda_users_import
2026-09-02T21:43:10.026Z,MDFNinmi1JO5d5etJ0knwCHak952,bulk-import-script,sybanini@gmail.com,mda_user,ministry-of-roads-and-highways,mda_users_import
2026-09-02T23:40:47.913Z,MyYG1qTtvQRHkV6dS8e6xAoJq762,bulk-import-script,kwamenadaniel@gmail.com,mda_user,ministry-of-health,mda_users_import
2026-09-02T23:51:20.256Z,eVzMEVY054dc0s2cuBc1xw2X3g93,bulk-import-script,samuelodame3@gmail.com,mda_user,ministry-of-health,mda_users_import
2026-09-02T22:54:30.800Z,Lu0vZiXDaWV1d9Ui6xd72Ol3ZlS2,bulk-import-script,fabalona@gmail.com,mda_user,ministry-of-environment-science-technology-and-innovation,mda_users_import
2026-09-17T23:49:42.316Z,r2ZFOYX487Q5PvF1Qm7LH9NI3Hq2,bulk-import-script,nichole.abbey@fishcom.govgh,mda_user,fisheries-commission,capacity_building_users_import
2026-09-01T13:44:35.889Z,AY0tqo3PgAYakZRFYeiylh5OZpk2,bulk-import-script,philip.adongo@kapsda.gov.gh,mda_user,kwahu-afram-plains-south-district,volta_serene_group56_users_import
2026-09-17T23:38:09.364Z,eRef7JxUece9wkeZ80aEwzl2hZ62,bulk-import-script,seciro2010@yahoo.com,mda_user,gaming-commission,capacity_building_users_import
2026-09-02T22:09:32.875Z,yqYY8dL22IfVwA4BTJBc43jEYZ73,bulk-import-script,andrews.dzewoda@orc.gov.gh,mda_user,office-of-the-attorney-general-and-ministry-of-justice,mda_users_import
2026-09-17T23:29:40.657Z,nKJezWXNDqWFbxlsJ0TjLRXRYoj2,bulk-import-script,koboraopoku@gmail.com,mda_user,national-health-insurance-authority-nhia,capacity_building_users_import
2026-09-02T22:53:33.842Z,5x1EgbpmBEQ1yJDCq78gMzmUGdA3,bulk-import-script,david.owusu@petrocom.gov.gh,mda_user,ministry-of-energy,mda_users_import
2026-09-04T13:37:28.168Z,qI2KP056mkT8VQJaGPeRKIwFqkj1,bulk-import-script,abdul.laminu@kuda.gov.gh,mda_user,kumbungu-district,volta_serene_group78_users_import
2026-09-17T23:16:16.062Z,BmIc8TCtglMUhjXV8ra0n2yKCmn1,bulk-import-script,bernard.owusu@ctvet.gov.gh,mda_user,ghana-tvet-service,capacity_building_users_import
2026-09-17T23:29:04.850Z,8aQ5OvCpuchGFdC1r7lMfMXqkX22,bulk-import-script,emmanuel.nyonator@fc.gov.gh,mda_user,forestry-commission,capacity_building_users_import
2026-09-02T21:52:23.453Z,WKQIZj14n6Zs8PykmuNgOwqQYpl2,bulk-import-script,baffour.akuffo-ankama@gea.gov.gh,mda_user,ministry-of-trade-and-industry,mda_users_import
2026-09-02T22:56:57.066Z,7GxaWQp1d4MzB9UUoEcFxRse50N2,bulk-import-script,armahjenny@gmail.com,mda_user,ministry-of-food-and-agriculture,mda_users_import
2026-09-02T23:51:09.835Z,3n5S7JasOrh427A4VEEKuHkCAMz2,bulk-import-script,slaryea76@yahoo.com,mda_user,ministry-of-health,mda_users_import
2026-09-02T21:32:55.630Z,hZFyquAsddSW9mFGwHCOnpABH4n2,bulk-import-script,esther.amoah@mofad.gov.gh,mda_user,ministry-of-fisheries-aqua-culture-development,mda_users_import
2026-09-17T23:20:34.728Z,MMlQ8QZNBHX2XX0LVPVbQSew37Z2,bulk-import-script,charles.kwaw@nhia.gov.gh,mda_user,national-health-insurance-authority-nhia,capacity_building_users_import
2026-09-15T11:48:11.614Z,mm5y8R7TVgXT9qwtsIdB2njTTHk2,bulk-import-script,imuranadam85@gmail.com,mda_user,sekyere-kumawu-district,ashanti_users_import
2026-09-02T21:42:06.354Z,Vbv3cpwW1oNos83sxDjZNJ2TW532,bulk-import-script,fngmachin@gmail.com,mda_user,ministry-of-roads-and-highways,mda_users_import
2026-09-02T23:23:27.187Z,36iu8AKbkacDAI8aFEb6ibQ2cSl2,bulk-import-script,angela.kpegah@ndpc.gov.gh,mda_user,national-development-planning-commission,mda_users_import
2026-09-15T11:50:28.770Z,HUPQHcpY8rbCx0hPZ4z4GeG1vpz1,bulk-import-script,mary.okyere@kema.gov.gh,mda_user,kwabre-east-district,ashanti_users_import
2026-09-02T23:52:23.697Z,HTlaRRdtG7dOgd554CAYL8u8BBe2,bulk-import-script,perfect.kumah@nss.gov.gh,mda_user,ministry-of-youth-development-and-empowerment,mda_users_import
2026-09-02T22:08:44.093Z,t624x1MDe2Os3SvDPIEAVF5YooK2,bulk-import-script,richmondfrimpong784@gmail.com,mda_user,office-of-government-machinery,mda_users_import
2026-09-17T23:45:43.753Z,QUEXTIjNG2VvDfiI1LV96tsn9qt2,bulk-import-script,richardson.bortey@moc.gov.gh,mda_user,ministry-of-communications-digital-technology-and-innovations,capacity_building_users_import
2026-09-02T21:33:41.280Z,3wuL4XO4Q7XPlBoAnHECn0lmcbc2,bulk-import-script,nichole.abbey@fishcom.gov.gh,mda_user,ministry-of-fisheries-aqua-culture-development,mda_users_import
2026-09-02T22:23:22.169Z,wCARGTio5aeYUKklfx1WbvYa6YA3,bulk-import-script,romeo2000usgh@yahoo.com,mda_user,ministry-of-health,mda_users_import
2026-09-02T22:09:53.135Z,IZhQ69J31GQ0l4mKfKcnkTcjq5f2,bulk-import-script,emmanuel.debrah@eoco.gov.gh,mda_user,office-of-the-attorney-general-and-ministry-of-justice,mda_users_import
2026-09-17T23:08:38.334Z,w8eX4jeUCrPydGHtk91FY380xdx2,bulk-import-script,cirocforthemen@gmail.com,mda_user,national-disaster-management-organisation-nadmo,capacity_building_users_import
2026-09-08T10:40:19.739Z,7tU80PbZGhb31giwbNI5SX3xAfG2,bulk-import-script,dankwah884@gmail.com,mda_user,prestea-huni-valley-municipal,gbmsupport_users_import
2026-09-02T22:28:37.510Z,VP7Ayp06EMSoEewFeOd64vd8vPw1,bulk-import-script,shahadway84@gmail.com,mda_user,ministry-of-health,mda_users_import
2026-09-02T23:01:21.064Z,0V4I0Jq4lff2NnsGmOhewyhNe893,bulk-import-script,mahamudharuna123@gmail.com,mda_user,ministry-of-local-government,mda_users_import
2026-09-17T23:42:41.524Z,1oDnebO4NjX0UsXT7vC2RMhkEnv1,bulk-import-script,lottydear55@gmail.com,mda_user,diaspora-affairs-office,capacity_building_users_import
2026-09-02T22:46:58.862Z,P1BZlnnkYeSw3s80iN4SBohmjUl1,bulk-import-script,wisdom.donkor@gdnr.org.gh,mda_user,ministry-of-communication-and-decentralization,mda_users_import
2026-09-02T22:53:45.866Z,7Du5ALlWEyZwLQYXU8dyjYsTC3d2,bulk-import-script,mantwi@npa.gov.gh,mda_user,ministry-of-energy,mda_users_import
2026-09-02T21:41:38.628Z,scJP0UTBAnWt7Jvsg6dr0wQlC8t1,bulk-import-script,belinda.bona@mrh.gov.gh,mda_user,ministry-of-roads-and-highways,mda_users_import
2026-09-17T23:26:52.239Z,U5Dt28GhThRi7fVPqlVZHcz8IiX2,bulk-import-script,niilaud@hotmail.com,mda_user,weija-gbawe-municipal-hospital,capacity_building_users_import
2026-09-02T22:43:57.434Z,Pgr7RESJiggr8Ra4FMgMgirFUUN2,bulk-import-script,daniel.laryea@dataprotection.org.gh,mda_user,ministry-of-communication-and-decentralization,mda_users_import
2026-09-17T23:09:15.875Z,wLiAwBaJ0oMLxaMSBOoqNhOSN3f2,bulk-import-script,glorianoi69@gmail.com,mda_user,ministry-of-employment-and-labour-relations,capacity_building_users_import
2026-09-02T21:28:15.623Z,5UoLYFvbHzNhGPuP1Rf0O1UkL9m2,bulk-import-script,albertakwasiboakye@yahoo.com,mda_user,ministry-of-employment-and-labour-relations,mda_users_import
2026-09-04T13:37:25.534Z,7hqtIXSdpGUMCBDFEXKo2E3xrkf2,bulk-import-script,zakaria.osman@kuda.gov.gh,mda_user,kumbungu-district,volta_serene_group78_users_import
2026-09-11T13:50:16.500Z,Hgv6KbCu49c2KcM0iqXe3mmArJ93,bulk-import-script,jeffrey.asmah@bwdas.gov.gh,mda_user,bia-west-district,volta_serene_group1112_users_import
2026-09-17T23:18:35.880Z,CTQAXB2tUXVkkiOVZpvfon0btsz2,bulk-import-script,elham.gausu@gi-kace.gov.gh,mda_user,ghana-india-kofi-annan-centre-of-excellence-in-ict-gi-kace,capacity_building_users_import
2026-09-17T23:05:12.124Z,nKgBLeiBckeaYah4IXhmOIQ4bvg2,bulk-import-script,oabernard20@gmail.com,mda_user,office-of-the-attorney-general-and-ministry-of-justice,capacity_building_users_import
2026-09-17T23:03:02.086Z,9v5gwcHqf1eefUHK6tlxsuXrdDF3,bulk-import-script,prince.andoh@ncpd.gov.gh,mda_user,national-council-on-persons-with-disability,capacity_building_users_import
2026-09-08T10:40:00.369Z,FzsM2ALfFGd1LIH0J4yc5pBhhoH3,bulk-import-script,reubenackahpmp1992@gmail.com,mda_user,jomoro-municipal,gbmsupport_users_import
2026-09-04T13:38:24.205Z,3MU3BcHLaKWzmTYNxxaqQ0tfIBB3,bulk-import-script,nathaniel.asiah@sagma.gov.gh,mda_user,sagnerigu-municipal,volta_serene_group78_users_import
2026-09-02T22:11:29.384Z,mps9NMJC4ygmFWz81S0hpmB0RFM2,bulk-import-script,wassem@parliament.gh,mda_user,parliament-of-ghana,mda_users_import
2026-09-01T13:43:54.050Z,ZnQaSuRkzHVbXlHWrf8TLyNxV0K3,bulk-import-script,danielafenya@gmail.com,mda_user,denkyembuor-district,volta_serene_group56_users_import
2026-09-02T22:18:14.364Z,47KEvhLdwbgNn63cfwNKTQOp6pr1,bulk-import-script,ali.yakubu@chag.org.gh,mda_user,ministry-of-health,mda_users_import
2026-09-02T21:44:08.205Z,x3T7t8uBUqM3TOBs48KuHwBwS0t2,bulk-import-script,soluplush@yahoo.com,mda_user,ministry-of-the-interior,mda_users_import
2026-09-17T23:26:46.851Z,rpJAw0FnxdQNykHwuj8GtbvDw9o1,bulk-import-script,alexander.adu-antwi@fishcom.gov.gh,mda_user,fisheries-commission,capacity_building_users_import
2026-09-04T13:39:34.731Z,5ED7IgZGd6adpcLhP4Tc0hw7UjE3,bulk-import-script,lambonbiyaak@gmail.com,mda_user,zabzugu-district,volta_serene_group78_users_import
2026-09-02T22:23:37.006Z,kxmq7dSuVbhz1E8BadMVf2Uaqn33,bulk-import-script,jdoggu@gmail.com,mda_user,ministry-of-health,mda_users_import
2026-09-02T23:33:23.839Z,Q4vMUPe6Y6MmmK6Spiykn1lIVhz2,bulk-import-script,fred.ali@ppa.gov.gh,mda_user,ministry-of-finance,mda_users_import
2026-09-17T23:28:15.221Z,ZHEiUtuyxNVZdoQEHU8PCx7VIxL2,bulk-import-script,hannah.tetteh@gepa.gov.gh,mda_user,ghana-export-promotion-authority,capacity_building_users_import
2026-09-02T22:00:56.405Z,VpuWhbSiyBXr0lLcBNg0jCCvkiH2,bulk-import-script,nanbena@yahoo.com,mda_user,national-commission-on-civic-education,mda_users_import
2026-09-04T13:40:01.551Z,1wE0P1dn30VmCCrDpfn3POCAsxB3,bulk-import-script,mubashir.mohammed@egma.gov.gh,mda_user,east-gonja-municipal,volta_serene_group78_users_import
2026-09-17T23:03:31.942Z,Nf2VtaMe4NT5zEdAveCGNkO7qj22,bulk-import-script,solomon.appiah@gamingcommission.gov.gh,mda_user,gaming-commission,capacity_building_users_import
2026-09-17T23:36:20.773Z,DCKKaxqTvye7SXb1eJo3jB8Q2R73,bulk-import-script,nanayaw.ofori-agyei@epa.gov.gh,mda_user,environmental-protection-agency,capacity_building_users_import
2026-09-17T23:16:18.757Z,zz4ZhtLKFJdddrMR4Z8xdSYtrv23,bulk-import-script,mne1mrannan@yahoo.com,mda_user,ministry-of-food-and-agriculture,capacity_building_users_import
2026-09-02T22:47:06.564Z,fjSvupsk7zfjnkq50w5b3KomGoB2,bulk-import-script,abena.dankwa@mod.gov.gh,mda_user,ministry-of-defence,mda_users_import
2026-09-02T23:46:21.341Z,fDrCDMzKp9S0YQCvIrJ75cDzNNC2,bulk-import-script,jtampuori@hth.gov.gh,mda_user,ministry-of-health,mda_users_import
2026-09-02T22:43:11.912Z,O0ZSNZJZRcdGmrzTQ9OXfFbEJRU2,bulk-import-script,imeldadzisi1@gmail.com,mda_user,judicial-service,mda_users_import
2026-09-04T13:37:51.456Z,HFyVAvHSuRceABzqnuo5Hl3JOMs2,bulk-import-script,bifani-baauk@nanton.gov.gh,mda_user,nanton-district,volta_serene_group78_users_import
2026-09-02T22:03:07.121Z,iMyNa6u9e0fi7fEg8DzfjcemUt13,bulk-import-script,raymond.buamah@nhia.gov.gh,mda_user,national-health-fund,mda_users_import
2026-09-17T23:37:58.330Z,E5q2j3V5nMP7rRBHspCYLZMAaH63,bulk-import-script,jonathan.manu@nhia.gov.gh,mda_user,national-health-insurance-authority-nhia,capacity_building_users_import
2026-09-02T22:52:22.272Z,6QMMhW6R56OECJn3ur86sChBjYp1,bulk-import-script,deborah.aboagye@melr.gov.gh,mda_user,ministry-of-employment-and-labour-relations,mda_users_import
2026-09-02T23:12:39.070Z,62iYILtvY7U2nW9gKsEq8aftCGR2,bulk-import-script,langmagne@yahoo.com,mda_user,ministry-of-tourism-culture-and-creative-arts,mda_users_import
2026-09-01T13:44:25.404Z,3rIs75l2sGNDnJlwdvzfMeJmjPG2,bulk-import-script,kojo.ayisi@kbma.gov.gh,mda_user,kwaebibirem-district,volta_serene_group56_users_import
2026-09-02T22:13:47.593Z,IpbkDdflBiP1bB7IiZMy3yOnaVq1,bulk-import-script,ldormekpo@mofep.gov.gh,mda_user,ministry-of-finance,mda_users_import
2026-09-02T23:43:28.422Z,e4vPpSea6SVMh1bsBxUlqdcYaV23,bulk-import-script,addog84@gmail.com,mda_user,ministry-of-health,mda_users_import
2026-09-02T22:08:33.343Z,WpFE1gKy0sbrNmnf9JaDQ3F6hnR2,bulk-import-script,nysekyereababio@gmail.com,mda_user,office-of-government-machinery,mda_users_import
2026-09-02T22:18:50.958Z,YyVVKXclB0bxcHyCAnlysn43DXq2,bulk-import-script,joezy6745@gmail.com,mda_user,ministry-of-health,mda_users_import
2026-09-02T23:12:37.136Z,maEP1TLwgdc9VkSMilAuaVFoDfh2,bulk-import-script,samzzel@yahoo.co.uk,mda_user,ministry-of-tourism-culture-and-creative-arts,mda_users_import
2026-09-02T21:18:31.709Z,Jmv5N7X6OaNmuh3f8FSUDL5oMo63,bulk-import-script,silvia.amoro@moc.gov.gh,mda_user,ministry-of-communication-and-decentralization,mda_users_import
2026-09-02T22:17:53.108Z,DAl7XU8UycXedYsImwTtoSjfYSG3,bulk-import-script,adwoa.kyere@ghs.gov.gh,mda_user,ministry-of-health,mda_users_import
2026-09-02T22:28:39.420Z,iGs9TXTy9IZ0iZ63NBWz0oF68TF3,bulk-import-script,sethkwamekudzro200@gmail.com,mda_user,ministry-of-health,mda_users_import
2026-09-02T21:43:07.779Z,lI86nIhAkmcwLQmOxvQqaT1Zdtm2,bulk-import-script,samakuaku@yahoo.com,mda_user,ministry-of-roads-and-highways,mda_users_import
2026-09-02T22:12:22.065Z,3VDFjX74AfNxxo47HAlfEkV2bz22,bulk-import-script,atamea-yeboah@mofep.gov.gh,mda_user,ministry-of-finance,mda_users_import
2026-09-17T23:10:08.995Z,69kLXI1q3Hc3tmbz7tIlOHfhL702,bulk-import-script,godwin.quansah@labourdepartment.gov.gh,mda_user,labour-department,capacity_building_users_import
2026-09-02T23:09:21.475Z,snQoIEWuzjO1hlID2x5vlhU8B9y1,bulk-import-script,gabbyakasom@gmail.com,mda_user,ministry-of-the-interior,mda_users_import
2026-09-02T23:12:52.515Z,F9f5rFDpUEMD7U36sYgytzGBpc83,bulk-import-script,andrew.aberye-mensah@gfza.gov.gh,mda_user,ministry-of-trade-and-industry,mda_users_import
2026-09-17T23:45:35.935Z,r8zpePtKVKPpB4XlBz9scxiXLuF2,bulk-import-script,anthony.awuviri@meteo.gov.gh,mda_user,ghana-meteorological-agency,capacity_building_users_import
2026-09-02T23:15:13.724Z,rMiRs2wyFGMO8krDo8r6i1R6dw92,bulk-import-script,ncfosu@gmail.com,mda_user,ministry-of-transport,mda_users_import
2026-09-01T13:47:24.513Z,nY0KYrzRnYV3hO5pgHU55HpLKCE3,bulk-import-script,davidanim970@gmail.com,mda_user,yilo-krobo-district,volta_serene_group56_users_import
2026-09-04T13:39:41.374Z,4EJ6A7luK3SQupx1jxASzuISIqm2,bulk-import-script,joelarbi72@gmail.com,mda_user,savannah-rba,volta_serene_group78_users_import
2026-09-02T21:42:11.015Z,poUbrAq8MocI1LNWooeba240lbC2,bulk-import-script,gkladdison@gmail.com,mda_user,ministry-of-roads-and-highways,mda_users_import
2026-09-02T21:36:03.678Z,UmMs29LWX1YDImMHDT8PrTJg6F33,bulk-import-script,dswbudgetunit@gmail.com,mda_user,ministry-of-gender-children-and-social-protection,mda_users_import
2026-09-18T15:30:18.617Z,B0NTu0oeVGQKsyIFRIU8itJmFGB2,bulk-import-script,johnson.kwasiagyapong@juma.gov.gh,mda_user,juaben-municipal,group1516_users_import
2026-09-02T22:18:34.186Z,ihxBZgbXv6X2xjBf9EblkzPnWVO2,bulk-import-script,benewindy@gmail.com,mda_user,ministry-of-health,mda_users_import
2026-09-18T15:30:09.753Z,SZ7uIcvOutZFNuE9MsSoGDkVwsw1,bulk-import-script,joankuusoore@juma.gov,mda_user,juaben-municipal,group1516_users_import
2026-09-17T23:12:08.220Z,00ZIbuQOzJZNOSDv5du5nsQaA8V2,bulk-import-script,oppongemma5@gmail.com,mda_user,community-water-and-sanitation-agency,capacity_building_users_import
2026-09-17T23:28:07.007Z,bxc2srgu6KcakqBIueks6TPtVpD3,bulk-import-script,jaypanic62@gmail.com,mda_user,national-media-commission,capacity_building_users_import
2026-09-02T21:20:41.367Z,e5TB2wG2wTcj7PhJCZyZkAJxPg33,bulk-import-script,abedenego.adomako@nacca.gov.gh,mda_user,ministry-of-education,mda_users_import
2026-09-17T23:01:03.644Z,811CBsskIDWwhPcm6TD995mUkTt2,bulk-import-script,ernest.gyan@iat.gov.gh,mda_user,institute-of-accountancy-training,capacity_building_users_import
2026-09-17T23:18:50.633Z,1xMpBlMiehgCaCdNghoFG995RX52,bulk-import-script,katheine.dovlo@ghbc.gov.gh,mda_user,ghana-boundary-commission,capacity_building_users_import
2026-09-08T10:41:09.840Z,w5sCZ8eTn5To9dMPdkk58APspGv1,bulk-import-script,richardackah704@gmail.com,mda_user,wassa-east-district,gbmsupport_users_import
2026-09-02T22:10:04.584Z,6qxDHEcFOnWxZdS0Ln2Hb0x4r382,bulk-import-script,lorlornyo.agordoh@eoco.gov.gh,mda_user,office-of-the-attorney-general-and-ministry-of-justice,mda_users_import
2026-09-17T23:38:06.527Z,QLYkvvohBsO3F6DxrlArJPpkPJl2,bulk-import-script,anthony.quansah@fairwages.gov.gh,mda_user,fair-wages-and-salaries-commission,capacity_building_users_import
2026-09-02T22:46:49.387Z,Jmv5N7X6OaNmuh3f8FSUDL5oMo63,bulk-import-script,silvia.amoro@moc.gov.gh,mda_user,ministry-of-communication-and-decentralization,mda_users_import
2026-09-02T22:06:43.304Z,bPT1zYVbexfRBXupV2YcAR5TK7G3,bulk-import-script,gideon.amoabeng@mbda.gov.gh,mda_user,office-of-government-machinery,mda_users_import
2026-09-02T23:27:29.613Z,DHKjoRS8RIREGtZLIDb7SozODwv1,bulk-import-script,edna.darko@gipc.gov.gh,mda_user,office-of-government-machinery,mda_users_import
2026-09-01T13:43:58.927Z,WW5ouEJWjqQ0C7YULIwfR43wn9w1,bulk-import-script,eric.sackey@dda.gov.gh,mda_user,denkyembuor-district,volta_serene_group56_users_import
2026-09-17T22:57:56.312Z,2gZaBIlOhXXrM0Xv5UwoIDSeAjz1,bulk-import-script,quophiacidick@gmail.com,mda_user,office-of-the-registrar-of-companies,capacity_building_users_import
2026-09-17T23:43:33.547Z,P6HSChS3fEYH6iuDYyEBca7WVV13,bulk-import-script,radiya.abdallah@gna.org.gh,mda_user,ghana-news-agency,capacity_building_users_import
2026-09-17T23:03:49.025Z,6IwNJoaJeDfBSIgcGZM0Rft2MxJ3,bulk-import-script,agy.asomaniwinifred@gmail.com,mda_user,ghana-national-fire-service,capacity_building_users_import
2026-09-02T22:29:18.923Z,yI7pzRNsgySnDc9sIPgOXtityEK2,bulk-import-script,victoria.abu@nbs.gov.gh,mda_user,ministry-of-health,mda_users_import
2026-09-02T22:43:47.364Z,r8zpePtKVKPpB4XlBz9scxiXLuF2,bulk-import-script,anthony.awuviri@meteo.gov.gh,mda_user,ministry-of-communication-and-decentralization,mda_users_import
2026-09-17T23:48:00.748Z,upp5PdoGFiPHHRQejawQNBLYYai1,bulk-import-script,stephebmensahdogbo@gmail.com,mda_user,national-disaster-management-organisation-nadmo,capacity_building_users_import
2026-09-17T23:34:21.839Z,VjwCN0WC6yNN0vHJYZfaLfqGCmG2,bulk-import-script,doris.tsogbe@ncpd.gov.gh,mda_user,national-council-on-persons-with-disability,capacity_building_users_import
2026-09-02T23:11:13.857Z,6IwNJoaJeDfBSIgcGZM0Rft2MxJ3,bulk-import-script,agy.asomaniwinifred@gmail.com,mda_user,ministry-of-the-interior,mda_users_import
2026-09-02T21:48:29.153Z,UMq4hJLBvAY5wm9PEJtyTJoW3Gl2,bulk-import-script,louishamilton@gmail.com,mda_user,ministry-of-the-interior,mda_users_import
2026-09-02T23:36:00.042Z,QQ4D8VZwFwaCjawJlQcCAjpbWX12,bulk-import-script,richard.asafo-adjei@fic.gov.gh,mda_user,ministry-of-finance,mda_users_import
2026-09-17T23:39:42.029Z,RzcI1eHVQ6aAoR0tVoOa4hDZiVf2,bulk-import-script,kwakyealice@gmail.com,mda_user,road-maintenance-trust-fund,capacity_building_users_import
2026-09-15T11:49:46.230Z,9y1UWh5yEUZb0FjsoiMa153x6fi2,bulk-import-script,baffour.twum@esma.gov.gh,mda_user,ejura-sekyeredumasi-district,ashanti_users_import
2026-09-02T23:09:19.845Z,ByFCK72rYCNNeSSX2Sgwo6toxKI2,bulk-import-script,frank.tepe-mensah@grb.gov.gh,mda_user,ministry-of-the-interior,mda_users_import
2026-09-02T21:16:36.993Z,VutheVeydIUNTfkwLft03ZJhuLP2,bulk-import-script,sammuel.apaw@lac.gov.gh,mda_user,legal-aid-commission,mda_users_import
2026-09-02T23:08:49.991Z,nxrjipZVNdOrDRPYae4oeT0GuqA3,bulk-import-script,elikem.kwadzokpo@grb.gov.gh,mda_user,ministry-of-the-interior,mda_users_import
2026-09-02T23:18:15.837Z,sfJjJRldntMXXfhwaCaW4mfpEby2,bulk-import-script,kumilee2003@yahoo.co.uk,mda_user,ministry-of-lands-and-natural-resources,mda_users_import
2026-09-08T10:39:40.618Z,iF7rXMjg26h8u6bpEFh4vidzhXI2,bulk-import-script,boatenge53@gmail.com,mda_user,effia-kwesimintsim-municipal,gbmsupport_users_import
2026-09-02T22:54:01.538Z,bR6EOmCVvVS1yxK2p46HzgTBjLv1,bulk-import-script,blaise.bokor@gaec.gov.gh,mda_user,ministry-of-environment-science-technology-and-innovation,mda_users_import
2026-09-01T13:45:04.671Z,hnFPvNd5kXfk9ndiwbMVLdzykcJ3,bulk-import-script,excellencedadzie@gmail.com,mda_user,kwahu-east-district,volta_serene_group56_users_import
2026-09-02T22:16:49.410Z,XJUyILYpMxaILi0g4F4cWxmGUEj2,bulk-import-script,aseye.kpodotsi@ghs.gov.gh,mda_user,ministry-of-health,mda_users_import
2026-09-04T13:40:17.491Z,cvrSe7ESqkTtSc7yQ4dOSKvXGS02,bulk-import-script,yakubufadelrahaman@yahoo.com,mda_user,north-east-gonja-district,volta_serene_group78_users_import
2026-09-02T21:17:33.999Z,AbNak3SgPkSAJcTZRuLJviAKliu1,bulk-import-script,edmund.dsane@gi-kace.gov.gh,mda_user,ministry-of-communication-and-decentralization,mda_users_import
2026-09-02T22:49:02.683Z,bpe3P4hqSJOfWP0Tt2Fs5i6znZf2,bulk-import-script,evert.frimpong@ges.gov.gh,mda_user,ministry-of-education,mda_users_import
2026-09-02T23:27:27.750Z,CseNBQBV2kbI0mqHFzPqEpaLwLx1,bulk-import-script,donatus.silo@gna.org.gh,mda_user,office-of-government-machinery,mda_users_import
2026-09-02T22:10:23.252Z,dTvQdeB2yuQW1kx3WKiH1kmLqGF2,bulk-import-script,comfort.bonsu@praad.gov.gh,mda_user,office-of-the-head-of-civil-service,mda_users_import
2026-09-02T22:27:45.741Z,2BbmPaUBxYX1qjjlv4B19EfSBN13,bulk-import-script,raphaelbrown989@yahoo.com,mda_user,ministry-of-health,mda_users_import
2026-09-18T15:30:55.122Z,EaXOvBNm4eXgP1Dn7cNLnl4L1j42,bulk-import-script,dickson.asiamah@aama.gov.gh,mda_user,atebubu-amantin-municipal,group1516_users_import
2026-09-17T23:35:31.356Z,XtCbxWPHx8PHoOA9KrrNqQnPjvt2,bulk-import-script,emefa.tsagli@nra.gov.gh,mda_user,nuclear-regulatory-authority,capacity_building_users_import
2026-09-02T23:29:14.072Z,b1axEKODDyNO5OMO6VNoL2eP3Ft1,bulk-import-script,george.lomotey@pscmd.gov.gh,mda_user,office-of-the-head-of-civil-service,mda_users_import
2026-09-17T23:08:44.103Z,1LZfYpeypQUpEjulxlSA0mQbx7D3,bulk-import-script,amakyeemma76@gmail.com,mda_user,ghana-prisons-service,capacity_building_users_import
2026-09-02T23:38:12.464Z,Z1f8jAcydDTNqiZ20n3KZyFZ34S2,bulk-import-script,brendaapedzi@gmail.com,mda_user,ministry-of-health,mda_users_import
2026-09-02T21:49:37.078Z,ZXQ6rSqbeYhlmHrVLUKaaXO4sTB3,bulk-import-script,solomon.mensah@mint.gov.gh,mda_user,ministry-of-the-interior,mda_users_import
2026-09-02T23:26:12.528Z,QV7bjF2E6CRZH0P05MAC97iAFI42,bulk-import-script,renny.ashai@yahoo.com,mda_user,office-of-government-machinery,mda_users_import
2026-09-17T23:44:46.941Z,CwChUVVPoxOh2ss5fxCwOPAny613,bulk-import-script,dickson.twumasi@nita.gov.gh,mda_user,national-information-technology-agency,capacity_building_users_import
2026-09-02T22:55:08.555Z,7zgPqNNq46MdjjQXsALBxaPvO4b2,bulk-import-script,isaac.aidoo@fishcom.gov.gh,mda_user,ministry-of-fisheries-aqua-culture-development,mda_users_import
2026-09-17T23:26:49.643Z,qrM9PxrFOdN1p5YEqlYYggPLQPi2,bulk-import-script,marie.boateng@nasia.gov.gh,mda_user,national-schools-inspectorate-authority,capacity_building_users_import
2026-09-17T22:58:14.965Z,q052wu4v8WUsAP5ZYaUrQAXFVdm1,bulk-import-script,mabugri@mofep.gov.gh,mda_user,ministry-of-finance,capacity_building_users_import
2026-09-17T23:21:02.034Z,0817RARkXpQSbxMoFl223rZwlzG3,bulk-import-script,agboedith10@gmail.com,mda_user,ghana-tvet-service,capacity_building_users_import
2026-09-17T23:27:48.350Z,E6aUZaw5TSP28qqVz4QTfMy1r3r2,bulk-import-script,adjeirachel60@gmail.com,mda_user,ministry-of-environment-science-technology-and-innovation,capacity_building_users_import
2026-09-17T23:33:32.652Z,tLrz9W0wrRbcW5b8zMWvNgPU28W2,bulk-import-script,benedict.sagoe@gdnr.org.gh,mda_user,ghana-domain-name-registry,capacity_building_users_import
2026-09-02T21:42:17.913Z,79qMQlXn1aR0kLayXspvw2Xhos22,bulk-import-script,kisidora@yahoo.com,mda_user,ministry-of-roads-and-highways,mda_users_import
2026-09-02T22:08:30.981Z,I3MZcQoMb1NaFCFbU018wtVkBDI3,bulk-import-script,braimah.nuhu@zodf.gov.gh,mda_user,office-of-government-machinery,mda_users_import
2026-09-17T23:27:15.924Z,wrF1zeGzwVN65pB0YKPX7wlZrt62,bulk-import-script,awotwedavid8@gmail.com,mda_user,national-youth-authority,capacity_building_users_import
2026-09-17T23:13:17.228Z,RsZkCinVKKOG6wvRecPypFEVkHW2,bulk-import-script,gbz.kafui@iat.gov.gh,mda_user,institute-of-accountancy-training,capacity_building_users_import
2026-09-17T23:36:15.785Z,lyRfsPOKxdcxxvzOVboSrPl9mzC2,bulk-import-script,kweiawaa@yahoo.com,mda_user,national-theatre-of-ghana,capacity_building_users_import
2026-09-02T23:25:58.060Z,fB4UyHvuoaekPN1VamtZqg5q0xq1,bulk-import-script,doreenmengayela@gmail.com,mda_user,office-of-government-machinery,mda_users_import
2026-09-17T23:44:05.206Z,cfozQkvGcxW9hA8YcNkPQRolQHp2,bulk-import-script,maame.sackey@mfa.gov.gh,mda_user,ministry-of-foreign-affairs-and-regional-integration,capacity_building_users_import
2026-09-02T21:17:18.046Z,Pgr7RESJiggr8Ra4FMgMgirFUUN2,bulk-import-script,daniel.laryea@dataprotection.org.gh,mda_user,ministry-of-communication-and-decentralization,mda_users_import
2026-09-02T22:46:35.554Z,X0UJToifk5MGQV8A8zlWBa2f1Lr2,bulk-import-script,naomi.yirenkyi@moc.gov.gh,mda_user,ministry-of-communication-and-decentralization,mda_users_import
2026-09-17T23:44:21.023Z,nwC6GkkByOWfYzopNCh6IJhHWbZ2,bulk-import-script,mavis.agyeiwaa-kyei@orc.gov.gh,mda_user,office-of-the-registrar-of-companies,capacity_building_users_import
2026-09-17T23:34:35.055Z,xDCYWQg0VlXAF5tMLciywJpKltC3,bulk-import-script,lawrence.acolatse@cendlos.gov.gh,mda_user,centre-for-national-distance-learning-and-open-schooling-cendlos,capacity_building_users_import
2026-09-02T22:47:25.262Z,ivarCwxsueOqPF2SHdSWxOKIDEr2,bulk-import-script,nanaamatenegyaa@gmail.com,mda_user,ministry-of-defence,mda_users_import
2026-09-17T23:19:31.848Z,IlBQ9R0ErUevUUwHfXrvHctT8Zm1,bulk-import-script,marianedusei.yaa@gmail.com,mda_user,ghana-health-service,capacity_building_users_import
2026-09-02T23:11:23.622Z,lyRfsPOKxdcxxvzOVboSrPl9mzC2,bulk-import-script,kweiawaa@yahoo.com,mda_user,ministry-of-tourism-culture-and-creative-arts,mda_users_import
2026-09-02T23:17:22.313Z,AW77OY3VPYNQ6Ly4pmerUvGQ7RN2,bulk-import-script,egodfred@gmail.com,mda_user,ministry-of-youth-and-sports,mda_users_import
2026-09-17T23:36:34.298Z,j9iJj0DLs0SQVcTxkUGEKtHf6Y42,bulk-import-script,francisayahmint@gmail.com,mda_user,national-media-commission,capacity_building_users_import
2026-09-02T22:13:31.158Z,keMpET21H7esiP9EvPb0osI5ztd2,bulk-import-script,itoah@mofep.gov.gh,mda_user,ministry-of-finance,mda_users_import
2026-09-02T22:43:53.512Z,IyHbalMiCRWCDZ3EtCzvisynYyD2,bulk-import-script,bright.boateng@csa.gov.gh,mda_user,ministry-of-communication-and-decentralization,mda_users_import
2026-09-15T11:46:54.718Z,8wQg0Z9dvPNkPLrCeH3ymYJEpBX2,bulk-import-script,kingsley.oseimanu@otma.gov.gh,mda_user,old-tafo-municipal,ashanti_users_import
2026-09-02T21:54:47.887Z,MqI8z3tIe3fx2qZ8DTUWYK3sZY92,bulk-import-script,william.akorli@dvla.gov.gh,mda_user,ministry-of-transport,mda_users_import
2026-09-24T09:48:07.807Z,9PIiGlMYYEeaNzVzC0DQS00R6rJ2,bulk-import-script,bernadette.nyonator@immigration.gov.gh,mda_user,ghana-immigration-service,interior_users_import
2026-09-17T23:31:34.817Z,CUy5EQyyznTNOuKUNvcHSnvI0Qi1,bulk-import-script,theosoba@gmail.com,mda_user,council-for-scientific-and-industrial-research-csir,capacity_building_users_import
2026-09-17T23:23:11.590Z,WKQIZj14n6Zs8PykmuNgOwqQYpl2,bulk-import-script,baffour.akuffo-ankama@gea.gov.gh,mda_user,ghana-enterprises-agency,capacity_building_users_import
2026-09-02T22:49:07.596Z,DQfKNfEe6iSNUk3HsD4hueUw4zJ2,bulk-import-script,fred.asamoah@ctvet.gov.gh,mda_user,ministry-of-education,mda_users_import
2026-09-02T22:19:32.002Z,tOBkKLyLufatTrISCCap5AR0nVk2,bulk-import-script,dadewor@yahoo.com,mda_user,ministry-of-health,mda_users_import
2026-09-02T23:20:54.161Z,ovGnTGFq7feghP0TPs1hLTfX17w2,bulk-import-script,nyonatorek1@gmail.com,mda_user,ministry-of-lands-and-natural-resources,mda_users_import
2026-09-17T23:33:46.396Z,gU0ZUut7KPPzhCVZHfBDOzEtE9J3,bulk-import-script,kobina.sackey@mtcca.gov.gh,mda_user,ministry-of-tourism-culture-and-creative-arts,capacity_building_users_import
2026-09-17T23:07:08.964Z,vmmFM42kEFc84hcmOxpprqfboNi1,bulk-import-script,adiepenaampomah@gmail.com,mda_user,ministry-of-lands-and-natural-resources,capacity_building_users_import
2026-09-02T23:46:40.884Z,8fT89xHjq3V9fnoPOz548S0546Q2,bulk-import-script,kingsford.boakye@chag.org.gh,mda_user,ministry-of-health,mda_users_import
2026-09-02T22:48:42.984Z,RogFs9oqfmNJBFPqOku2ZQOMQMl1,bulk-import-script,christian.tetteh@moe.gov.gh,mda_user,ministry-of-education,mda_users_import
2026-09-02T23:50:33.806Z,NOGEMGkEwhZ49ryl68VpyMFqG6p1,bulk-import-script,addyniistephen@gmail.com,mda_user,ministry-of-health,mda_users_import
2026-09-24T09:46:18.819Z,10Qxgz3HZUaE9Raf4BD2aCcLuSD2,bulk-import-script,emmanuel.amakye@ghanaprisons.gov.gh,mda_user,ghana-prisons-service,interior_users_import
2026-09-17T23:00:26.573Z,rNpf37a89cgUsPja1L1gEbhc0tx2,bulk-import-script,eyartey@mofep.gov.gh,mda_user,ministry-of-finance,capacity_building_users_import
2026-09-02T23:25:12.090Z,lBrRPqsTgGVqTVWiDbCuS5hLCGQ2,bulk-import-script,kudodim@yahoo.co.uk,mda_user,national-labour-commission,mda_users_import
2026-09-17T23:39:54.300Z,BlFAvbzi3NSlZIC31idrsNxT2Hy1,bulk-import-script,adwoa.kwakye@gtarcc.gov.gh,mda_user,greater-accra-regional-coordinating-council,capacity_building_users_import
2026-09-02T22:13:35.798Z,Hlp9IxWZHRTdkjSDcr3f5ur0aAy2,bulk-import-script,john.nketiah@statsghana.gov.gh,mda_user,ministry-of-finance,mda_users_import
2026-09-17T23:08:40.941Z,wbmkJDaOzBY07NeuxLqbVhTNWGw1,bulk-import-script,pomaa.antwi-darko@gbdc.gov.gh,mda_user,ghana-book-development-council,capacity_building_users_import
2026-09-02T22:54:37.224Z,epeSuAqToBTEVNe5AUQYdK03UQG2,bulk-import-script,rachel.adjorkor@mesti.gov.gh,mda_user,ministry-of-environment-science-technology-and-innovation,mda_users_import
2026-09-02T23:26:25.751Z,dGSzVwCH4de0uMs8651PrKZ86wh1,bulk-import-script,michael.attah@spd.gov.gh,mda_user,office-of-government-machinery,mda_users_import
2026-09-02T21:22:29.768Z,BVXqmWh7pFYEi16u8yooYYwVFXG3,bulk-import-script,caroline.kavison@gtvets.gov.gh,mda_user,ministry-of-education,mda_users_import
2026-09-17T23:44:33.930Z,Fq6qT0h4JDWa9l9bwe24EFoxRsu1,bulk-import-script,nana.brempong@moc.gov.gh,mda_user,ministry-of-communications-digital-technology-and-innovations,capacity_building_users_import
2026-09-17T23:40:24.899Z,sclR5MzkhqZu8c09PwAlZeNeuB12,bulk-import-script,brentu.asor@mrh.gov.gh,mda_user,ministry-of-roads-and-highways,capacity_building_users_import
2026-09-02T21:48:05.122Z,967F4IWd24UsKBTFSO8ONEDuAXF3,bulk-import-script,isaac.nkrumah@ncc.gov.gh,mda_user,ministry-of-the-interior,mda_users_import
2026-09-02T22:24:53.733Z,YGrwv2g0rsPqgD8y4pOpARcvozu2,bulk-import-script,parry.ja@gcnm.edu.gh,mda_user,ministry-of-health,mda_users_import
2026-09-02T22:54:59.637Z,V6jIV5A6ldWnSkFP7YGfPH8bEzO2,bulk-import-script,fuseina.shaibu@fishcom.gov.gh,mda_user,ministry-of-fisheries-aqua-culture-development,mda_users_import
2026-09-02T23:26:09.283Z,Ipj1W6cnPrW5krb7ScXK0yDbFgp2,bulk-import-script,yawnyarko2009@yahoo.com,mda_user,office-of-government-machinery,mda_users_import
2026-09-02T23:03:09.621Z,vbkAGXTi2rZXBtgdyTYhbkvbimG3,bulk-import-script,sarah.boamahduah@lgs.gov.gh,mda_user,ministry-of-local-government,mda_users_import
2026-09-17T23:30:24.888Z,tTvurJwoGNUdnPPk450ljUQvn1Z2,bulk-import-script,zenaida.gumah@uercc.gov.gh,mda_user,upper-east-regional-coordinating-council,capacity_building_users_import
2026-09-18T15:32:36.540Z,Ca6csRqIQnPEijeZjyLVExhpD4D3,bulk-import-script,karimu.muntaharu@nkonda.gov.gh,mda_user,nkoranza-north-district,group1516_users_import
2026-09-02T23:48:20.520Z,Rk5RhxjGowWKQfeDK60aMFrhP1Z2,bulk-import-script,patakrofi@yahoo.com,mda_user,ministry-of-health,mda_users_import
2026-09-02T22:47:29.196Z,lAhsVWiLenPZKRWRU6EPr0hNaJY2,bulk-import-script,marvin.ankoma@mod.gov.gh,mda_user,ministry-of-defence,mda_users_import
2026-09-02T22:03:01.788Z,iiWGMYPyjFWOE0VBwiOKkiiVKYH2,bulk-import-script,phillip.ankomako@nhia.gov.gh,mda_user,national-health-fund,mda_users_import
2026-09-18T15:30:05.184Z,6je3FcB4Cwchq6mtpGMQZZiUcrk1,bulk-import-script,matilda.afiba@ada.gov.gh,mda_user,akrofuom-district,group1516_users_import
2026-09-02T22:26:55.286Z,AthMDdooSufoDhOPI6W6zn4Ujk42,bulk-import-script,nkansahowiredu78@gmail.com,mda_user,ministry-of-health,mda_users_import
2026-09-02T21:41:27.172Z,RzcI1eHVQ6aAoR0tVoOa4hDZiVf2,bulk-import-script,kwakyealice@gmail.com,mda_user,ministry-of-roads-and-highways,mda_users_import
2026-09-02T22:23:39.276Z,TF3xVNz32aZoBawvmczSULdNXCY2,bulk-import-script,james.duah@chag.org.gh,mda_user,ministry-of-health,mda_users_import
2026-09-02T21:18:12.641Z,t7jcKb5lvmNP813FfvwelgHn0nZ2,bulk-import-script,nana.ampomah@moc.gov.gh,mda_user,ministry-of-communication-and-decentralization,mda_users_import
2026-09-02T21:33:06.489Z,V6jIV5A6ldWnSkFP7YGfPH8bEzO2,bulk-import-script,fuseina.shaibu@fishcom.gov.gh,mda_user,ministry-of-fisheries-aqua-culture-development,mda_users_import
2026-09-11T13:52:17.623Z,8P1ZJMHLZQTtNNn0cwqiir2yFDy2,bulk-import-script,ekow.attrams@aanda.gov.gh,mda_user,asante-akim-north-district,volta_serene_group1112_users_import
2026-09-02T23:44:52.984Z,iZH4xV1Tm0MvaswOACuJNDePGup1,bulk-import-script,joana.amfo@pantanghospital.gov.gh,mda_user,ministry-of-health,mda_users_import
2026-09-02T22:29:49.893Z,1nquSBzeT6V7LMsGGHxNY2YIVEl1,bulk-import-script,kwakye.kontor@myde.gov.gh,mda_user,ministry-of-youth-development-and-empowerment,mda_users_import
2026-09-02T23:28:49.281Z,V8R6rjtHU5NDbYR4ilipHo4rL9n2,bulk-import-script,dicksonbrobbey82@gmail.com,mda_user,office-of-the-head-of-civil-service,mda_users_import
2026-09-02T23:38:10.556Z,lOrBnp6goKbmfUpuL6xSQGFT2282,bulk-import-script,kojobede@gmail.com,mda_user,ministry-of-health,mda_users_import
2026-09-02T23:07:39.540Z,VZtetiOGYtPFkR5mPtncCAY4VW93,bulk-import-script,doreen.annan@mint.gov.gh,mda_user,ministry-of-the-interior,mda_users_import
2026-09-02T23:09:26.676Z,RWz4lQ0F0HX7W28jNygwOnoxgqF2,bulk-import-script,grace.asempa@mint.gov.gh,mda_user,ministry-of-the-interior,mda_users_import
2026-09-02T21:42:08.647Z,Jcz3J5QL3NQajqdtEb6R3lLeuLH3,bulk-import-script,frededrick.aduagyei@highways.gov.gh,mda_user,ministry-of-roads-and-highways,mda_users_import
2026-09-02T23:06:45.943Z,MDFNinmi1JO5d5etJ0knwCHak952,bulk-import-script,sybanini@gmail.com,mda_user,ministry-of-roads-and-highways,mda_users_import
2026-09-02T23:05:51.025Z,jsC80HptyeZzF303wEj33EH384D2,bulk-import-script,gloria.lartey@dfr.gov.gh,mda_user,ministry-of-roads-and-highways,mda_users_import
2026-09-22T13:05:55.482Z,pWUEFtEw5LW8i3fOGZMbaHjec3G3,bulk-import-script,alhassan.abdul-rahaman@swdag.gov.gh,mda_user,sissala-west-district,group17_users_import
2026-09-17T23:13:35.183Z,4ZpaEFk8TUgAyISnwRQgmuHr1Qx1,bulk-import-script,agyan@mofep.gov.gh,mda_user,ministry-of-finance,capacity_building_users_import
2026-09-02T23:40:16.564Z,BQi7DqjFcQMRfsofy9tACWOwljd2,bulk-import-script,brantuo.christopher@gmail.com,mda_user,ministry-of-health,mda_users_import
2026-09-02T22:47:04.524Z,wNHVCycBbzXkehpzLeKTpKbLmPw1,bulk-import-script,zeala.okyere@moc.gov.gh,mda_user,ministry-of-communication-and-decentralization,mda_users_import
2026-09-02T22:18:23.287Z,hTktJeMvVHVz3ECiiubsTrtpns82,bulk-import-script,benarthu211@gmail.com,mda_user,ministry-of-health,mda_users_import
2026-09-02T22:00:54.121Z,NHjnonkbn9bCXJL2SuBS2FXcQHF2,bulk-import-script,theo4ub@yahoo.com,mda_user,ministry-of-lands-and-natural-resources,mda_users_import
2026-09-17T23:30:32.229Z,Rt3IAmB7apZobMM1TVRvLEQStMT2,bulk-import-script,iatregistrarsoffice@gmail.com,mda_user,institute-of-accountancy-training,capacity_building_users_import
2026-09-17T22:59:29.780Z,bxc2srgu6KcakqBIueks6TPtVpD3,bulk-import-script,jaypanic62@gmail.com,mda_user,national-media-commission,capacity_building_users_import
2026-09-02T22:00:13.372Z,l8ObCUB3HQhcZ44Tgng3M6YskCI3,bulk-import-script,grace.mensah@giadec.com,mda_user,ministry-of-lands-and-natural-resources,mda_users_import
2026-09-02T23:05:45.279Z,Vbv3cpwW1oNos83sxDjZNJ2TW532,bulk-import-script,fngmachin@gmail.com,mda_user,ministry-of-roads-and-highways,mda_users_import
2026-09-02T21:25:05.995Z,iZUdSRFC6kfHqIqw0DKBZ2xrBi23,bulk-import-script,fnketia@gtec.edu.gh,mda_user,ministry-of-education,mda_users_import
2026-09-02T21:41:29.540Z,mfojBJPvyGdGz9LDdN8MgGvR9qs2,bulk-import-script,mensahanthony@yahoo.com,mda_user,ministry-of-roads-and-highways,mda_users_import
2026-09-01T13:46:26.002Z,xeLR9x3rWbdqhi5vwHSTD8eXMH12,bulk-import-script,lydia.adubea@okda.gov.gh,mda_user,okere-district,volta_serene_group56_users_import
2026-09-17T23:01:57.726Z,gIUu4lw3PWUFuZSotSNSDY5yvzC3,bulk-import-script,johnasubonteng91@gmail.com,mda_user,narcotics-control-commission,capacity_building_users_import
2026-09-02T23:47:40.498Z,9QsbMCziL8brGtL3mEF20Y0Ewq23,bulk-import-script,marthaomari333@gmail.com,mda_user,ministry-of-health,mda_users_import
2026-09-17T23:20:10.572Z,ICwjlZ4hgPU1SFUloneQWl8yXDk1,bulk-import-script,joycem.adjah@immigration.gov.gh,mda_user,ghana-immigration-service,capacity_building_users_import
2026-09-02T21:20:53.069Z,trDBZ5NW6KfrTaZC6LaGBmc5cm82,bulk-import-script,albert.bill@ctvet.gov.gh,mda_user,ministry-of-education,mda_users_import
2026-09-02T21:28:18.382Z,mSpQnzoc3bN8VCSh23XLLluKHFK2,bulk-import-script,alfred.kudzordzi@mdpi.gov.gh,mda_user,ministry-of-employment-and-labour-relations,mda_users_import
2026-09-24T09:46:55.090Z,GGXLcSegb9ZzqoQ8R3aS5F1xXau1,bulk-import-script,cfognfs@gmail.com,mda_user,ghana-national-fire-service,interior_users_import
2026-09-17T23:46:51.924Z,jJeRDo6gtvY53C9Dcch9XQLwPAk2,bulk-import-script,benjamin.sumabe@audit.gov.gh,mda_user,audit-service,capacity_building_users_import
2026-09-17T23:34:30.010Z,c0kEwHntT0RoQ8CGsEhj5lrbz2F3,bulk-import-script,thomas.assibi@csa.gov.gh,mda_user,cyber-security-authority,capacity_building_users_import
2026-09-02T21:36:24.213Z,UT3oPMSrKxPTupA2KqofoZ36wLL2,bulk-import-script,barikisurazak90@gmail.com,mda_user,ministry-of-local-government,mda_users_import
2026-09-17T23:20:26.294Z,s8i2uqlMY7YGXH15NiSqx4TUvjx1,bulk-import-script,ckwaw1998@gmail.com,mda_user,national-health-insurance-authority-nhia,capacity_building_users_import
2026-09-02T21:44:28.458Z,iN7GTYM52HhOsJ77KoMw3eETpYc2,bulk-import-script,caroline.tsatsu@grb.gov.gh,mda_user,ministry-of-the-interior,mda_users_import
2026-09-02T23:47:31.104Z,Ewuq6u4zT3UBjpBLAQrrniYVR0d2,bulk-import-script,marian.edusei@ghs.gov.gh,mda_user,ministry-of-health,mda_users_import
2026-09-24T09:46:10.818Z,wstDU21PSBbISHgXShgcvAt1jLH3,bulk-import-script,barbara.franklin-torsoo@mint.gov.gh,mda_user,ministry-of-the-interior,interior_users_import
2026-09-02T21:18:24.349Z,fjbVsChJ33XUBEL3kxhxsnRBnwm1,bulk-import-script,pmissinou@yahoo.com,mda_user,ministry-of-communication-and-decentralization,mda_users_import
2026-09-08T10:41:03.132Z,R7aA9oExCqOJuGyQtHuoTmxmRCr2,bulk-import-script,sompayeh70@gmail.com,mda_user,wassa-amenfi-west-district,gbmsupport_users_import
2026-09-02T23:06:21.844Z,1Xa30xOK7XbgQdXQCwrbue0Z53l2,bulk-import-script,ayikooley@gmail.com,mda_user,ministry-of-roads-and-highways,mda_users_import
2026-09-02T23:11:25.227Z,3v7VEZVW96VLkJ8M144UvqTvqaz1,bulk-import-script,niiaryeefarouk@gmail.com,mda_user,ministry-of-tourism-culture-and-creative-arts,mda_users_import
2026-09-02T21:35:30.956Z,kDF6i0hdsNhh44x8xYsGwICbz0k1,bulk-import-script,baffour.kyei@mfa.gov.gh,mda_user,ministry-of-foreign-affairs-and-regional-integration,mda_users_import
2026-09-02T23:40:24.164Z,PpKRgbgzEQdLpCAukn9UGeDKV3C3,bulk-import-script,aderrick@hth.gov.gh,mda_user,ministry-of-health,mda_users_import
2026-09-17T23:36:07.276Z,wbmkJDaOzBY07NeuxLqbVhTNWGw1,bulk-import-script,pomaa.antwi-darko@gbdc.gov.gh,mda_user,ghana-book-development-council,capacity_building_users_import
2026-09-02T22:28:25.486Z,Gn8rcAS3Nmb9OsyaY2AJj4CtN0z2,bulk-import-script,stephen.anaman@ghs.gov.gh,mda_user,ministry-of-health,mda_users_import
2026-09-17T23:35:46.472Z,KO5dSKrAhtWxUpCJjn8YE7fkyNu2,bulk-import-script,nanavirt@outlook.com,mda_user,council-for-scientific-and-industrial-research-csir,capacity_building_users_import
2026-09-02T21:50:23.226Z,xqbA5FLHIbSWp6vHYazNd6a3htv2,bulk-import-script,trudyabenaserwah@gmail.com,mda_user,ministry-of-tourism-culture-and-creative-arts,mda_users_import
2026-09-17T23:49:44.801Z,MFBOrs0yD9cNBIz1qxQ02QUjwcv1,bulk-import-script,diana.smith@npfs.gov.gh,mda_user,national-premix-fuel-secretariat,capacity_building_users_import
2026-09-02T21:41:10.545Z,3SrrTaBKjyeYVFFSsEvE8I5lHaU2,bulk-import-script,afetsi.avege@dur.gov.gh,mda_user,ministry-of-roads-and-highways,mda_users_import
2026-09-02T23:46:13.567Z,YGrwv2g0rsPqgD8y4pOpARcvozu2,bulk-import-script,parry.ja@gcnm.edu.gh,mda_user,ministry-of-health,mda_users_import
2026-09-02T22:06:22.521Z,v1YN0X1YxMeYtJgN225s2p1uTA62,bulk-import-script,daniel.kpogo@ghanaids.gov.gh,mda_user,office-of-government-machinery,mda_users_import
2026-09-02T23:44:09.818Z,Rq7AX4uzmVQY0X7YjQGskevy45q1,bulk-import-script,hagyemang@ugmc.ug.edu.gh,mda_user,ministry-of-health,mda_users_import
2026-09-02T23:41:01.155Z,xYUpvkiRS0VK1G8Wne4Bi9JEUen2,bulk-import-script,ashongmettle723@gmail.com,mda_user,ministry-of-health,mda_users_import
2026-09-02T22:01:33.777Z,7bR4nmn9hBbYQlmml2PQO8KuHvr1,bulk-import-script,albert.antwi@nhia.gov.gh,mda_user,national-health-fund,mda_users_import
2026-09-02T22:59:13.281Z,UkmvVji9cZdpub4RlgypoGA5M7y1,bulk-import-script,desskasante@gmail.com,mda_user,ministry-of-local-government,mda_users_import
2026-09-17T23:29:24.539Z,7xMf0wa1jAOrprk4eVwUv7grQF42,bulk-import-script,mercy.mac-arthur@rmtf.gov.gh,mda_user,road-maintenance-trust-fund,capacity_building_users_import
2026-09-18T15:36:57.918Z,UyjfJCiTU0XmYGjmZrS9RDgOzAu1,bulk-import-script,gyasi.edmund@aaseda.gov.gh,mda_user,ahafo-ano-south-east-district,group1516_users_import
2026-09-02T22:13:07.665Z,OixgyGWPRgYMHArPsSWDvdw5gl93,bulk-import-script,favadzi@mofep.gov.gh,mda_user,ministry-of-finance,mda_users_import
2026-09-02T23:47:27.355Z,AovAL0uuewOxJEylG4JyPw5zKRH3,bulk-import-script,anafumildred@gmail.com,mda_user,ministry-of-health,mda_users_import
2026-09-17T23:36:42.588Z,5ZHXOwQXF8YtQaSIAAEK7uE6NN42,bulk-import-script,edwardarthur2g0@gmail.com,mda_user,christian-health-association-of-ghana,capacity_building_users_import
2026-09-02T23:09:31.756Z,0ZwisokYRyMD3VQ8wha8qwI6nCj1,bulk-import-script,henrynsoh@gmail.com,mda_user,ministry-of-the-interior,mda_users_import
2026-09-11T13:50:13.111Z,uBO9gOFIFfcZ27GRaBKkX4N6Vnh2,bulk-import-script,daniel.gyabaah@bwdas.gov.gh,mda_user,bia-west-district,volta_serene_group1112_users_import
2026-09-18T15:33:29.706Z,q6pZdMT18LMTzDm7eNw1HDkskPp2,bulk-import-script,peter.osei@pwda.gov.gh,mda_user,pru-west-district,group1516_users_import
2026-09-02T23:06:51.719Z,cGB2omcf8DUO3837qcXj8QBNdMz2,bulk-import-script,semendo@gmail.com,mda_user,ministry-of-roads-and-highways,mda_users_import
2026-09-24T09:48:19.160Z,cvaUvSPPyQT4hulutoRiJcajHAq1,bulk-import-script,indira.lawson@immigration.gov.gh,mda_user,ghana-immigration-service,interior_users_import
2026-09-02T23:17:54.265Z,yTxL0T3xArdhP3xQkxfJPAyAZ8H3,bulk-import-script,abubgh67@gmail.com,mda_user,ministry-of-lands-and-natural-resources,mda_users_import
2026-09-02T23:41:05.053Z,PySZMcA3n6VjUpeF68xjP3kcKoA3,bulk-import-script,littleangeldo88@gmail.com,mda_user,ministry-of-health,mda_users_import
2026-09-04T10:56:43.878Z,mWvST23CpcZIn0mUXcZTLwEd5D32,MKGoW62Iuaf5KXTj3a4LyRxrsaa2,nashie@mofep.gov.gh,functional_lead,ASU,
2026-09-02T22:03:44.942Z,820Pe5JreEap3BAzycuNwi2j4p12,bulk-import-script,akwanab@yahoo.com,mda_user,office-of-government-machinery,mda_users_import
2026-09-11T13:50:20.178Z,vf47U1vrQRho4x96lQlzxpyXRjC3,bulk-import-script,edinam.doh@bwdas.gov.gh,mda_user,bia-west-district,volta_serene_group1112_users_import
2026-09-02T22:41:11.505Z,RNNXHZY0WcRLEqcvaqsBXwoJ4du2,bulk-import-script,emmanuel.awo@audit.gov.gh,mda_user,audit-service,mda_users_import
2026-09-17T23:38:22.839Z,5R1LgrGkRneGA942h4CiCGzmUQL2,bulk-import-script,isaac.adorku@melr.gov.gh,mda_user,ministry-of-employment-and-labour-relations,capacity_building_users_import
2026-09-02T22:45:21.263Z,Q5ueocPR1PUwm1FAnl3eWNcrY633,bulk-import-script,kwadwo.boadu@gdnr.org.gh,mda_user,ministry-of-communication-and-decentralization,mda_users_import
2026-09-08T10:41:05.751Z,RBAArHxwRHedPhrIxNiXQLvDkhe2,bulk-import-script,hagarappiah13@gmail.com,mda_user,wassa-amenfi-west-district,gbmsupport_users_import
2026-09-02T23:25:17.782Z,1qE1xzC9CZNeNhd8ETAqROJqqF13,bulk-import-script,ayahobeng79@gmail.com,mda_user,national-media-commission,mda_users_import
2026-09-02T21:36:42.547Z,BDckEUfuEvhFfPCJ01hMNRiB42W2,bulk-import-script,danielkpodo24@gmail.com,mda_user,ministry-of-local-government,mda_users_import
2026-09-02T23:03:44.812Z,CHbELN3FMdXtClR4PkdKTsUB1jv2,bulk-import-script,zoltantayti22@gmail.com,mda_user,ministry-of-local-government,mda_users_import
2026-09-15T11:46:23.481Z,ciUHxfSzPcOVZw0pJNJALVagc1S2,bulk-import-script,wususika@gmail.com,mda_user,offinso-north-district,ashanti_users_import
2026-09-17T23:22:01.669Z,JHRF2VAXLXPq24VIHsmCZfkm1iB2,bulk-import-script,eachuliwor@mofep.gov.gh,mda_user,ministry-of-finance,capacity_building_users_import
2026-09-22T13:05:33.837Z,L6myU8c8LJX27FPz6v6RT67mvM72,bulk-import-script,bukari.basi@sema.gov.gh,mda_user,sissala-east-municipal,group17_users_import
2026-09-15T11:50:33.042Z,ZMjN9KzYrbT6HSDgP2YXvVFmPpO2,bulk-import-script,joseph.owusu@kwadma.gov.gh,mda_user,kwadaso-municipal,ashanti_users_import
2026-09-02T23:36:10.164Z,rTKUxbtknbMqmklKJVeFZUPn7zk1,bulk-import-script,stephenabofour@gmail.com,mda_user,ministry-of-finance,mda_users_import
2026-09-02T21:33:55.901Z,19UloTiNr6QUz9QkMQLDVAtVqfn1,bulk-import-script,samuel.oteng@mofad.gov.gh,mda_user,ministry-of-fisheries-aqua-culture-development,mda_users_import
2026-09-18T15:31:09.037Z,r6BxdnP0T5VoDkKNB5FrAikpC703,bulk-import-script,anthony.afari@kima.gov.gh,mda_user,kintampo-north-municipal,group1516_users_import
2026-09-02T22:17:59.891Z,J56EhwfKicgmhpMQ2jDZeDxnFd22,bulk-import-script,nyansh@yahoo.com,mda_user,ministry-of-health,mda_users_import
2026-09-02T23:13:19.689Z,ptLiGMq6o2UnIgwqoHg3YuTC61z1,bulk-import-script,kofi.badu@gfza.gov.gh,mda_user,ministry-of-trade-and-industry,mda_users_import
2026-09-17T23:37:27.873Z,69kLXI1q3Hc3tmbz7tIlOHfhL702,bulk-import-script,godwin.quansah@labourdepartment.gov.gh,mda_user,labour-department,capacity_building_users_import
2026-09-02T21:59:35.358Z,pqQcG4HcZyTVC48yQV4JtQ9SyNI3,bulk-import-script,galleyd6@gmail.com,mda_user,ministry-of-lands-and-natural-resources,mda_users_import
2026-09-02T23:36:28.191Z,ViBFIhDOVjZwvX3UuWJNyDN3qSy1,bulk-import-script,nanaodi68@gmail.com,mda_user,ministry-of-health,mda_users_import
2026-09-02T22:25:09.450Z,fDrCDMzKp9S0YQCvIrJ75cDzNNC2,bulk-import-script,jtampuori@hth.gov.gh,mda_user,ministry-of-health,mda_users_import
2026-09-17T23:03:59.095Z,zeSVZDQqMJORmCYI8AyLTVFTwf83,bulk-import-script,ntaddymorton@energycom.gov.gh,mda_user,energy-commission,capacity_building_users_import
2026-09-02T21:28:46.887Z,y1461UhcApdCbN8YkqbjEfpPNoE2,bulk-import-script,george.degbor@dfi.gov.gh,mda_user,ministry-of-employment-and-labour-relations,mda_users_import
2026-09-02T21:18:17.234Z,K1JDFuqitLRRCiod1xjXCgUqsdB3,bulk-import-script,nanayaaobuor@moc.gov.gh,mda_user,ministry-of-communication-and-decentralization,mda_users_import
2026-09-17T23:20:37.470Z,lCJqh6gY0SU9Z1Z6X5PrP3z5G4m2,bulk-import-script,adominic@gtec.edu.gh,mda_user,ghana-tertiary-education-commission-gtec,capacity_building_users_import
2026-09-08T10:39:47.709Z,RjrVzuTXWsQAvIJMzG40RlORoPx2,bulk-import-script,rubydonkor99@gmail.com,mda_user,ellembelle-district,gbmsupport_users_import
2026-09-02T23:40:04.477Z,A4dvaLAoZJc4og8yvzIuOBK9Plu2,bulk-import-script,camah76@yahoo.com,mda_user,ministry-of-health,mda_users_import
2026-09-02T23:50:37.574Z,iDoeQHjhoBPCXdjev8Eo5m68Mny1,bulk-import-script,samuel.kabaakoriyea@ghs.gov.gh,mda_user,ministry-of-health,mda_users_import
2026-09-02T22:57:17.467Z,bXsaMtfwmOb1Rr6OsP3djypbtcr2,bulk-import-script,mary.avarade@mfa.gov.gh,mda_user,ministry-of-foreign-affairs-and-regional-integration,mda_users_import
2026-09-02T23:03:04.858Z,vxGKuPpSDOYqpjOvMC4PLu3uGpo1,bulk-import-script,roberta.ampadu@lgs.gov.gh,mda_user,ministry-of-local-government,mda_users_import
2026-09-02T22:15:57.392Z,QSpohbTD2ZhIqKkdJY6IHU0dLyk1,bulk-import-script,yissachar@mofep.gov.gh,mda_user,ministry-of-finance,mda_users_import
2026-09-18T15:29:37.531Z,MfI3DAFCFGSQBIgEPDNTV9RZeBz1,bulk-import-script,dorothy.asamoah@aaswda.gov.gh,mda_user,ahafo-ano-south-west-district,group1516_users_import
2026-09-02T23:13:17.764Z,d1zOisRPgsMatTzVqXkDAHPjOlK2,bulk-import-script,ateluj77@gmail.com,mda_user,ministry-of-trade-and-industry,mda_users_import
2026-09-02T23:23:49.646Z,7bR4nmn9hBbYQlmml2PQO8KuHvr1,bulk-import-script,albert.antwi@nhia.gov.gh,mda_user,national-health-fund,mda_users_import
2026-09-01T13:45:32.731Z,667kDFFnKMQHzc06EHuToqYFK3U2,bulk-import-script,sufian.mohammed@lmkma.gov.gh,mda_user,lower-manya-krobo-district,volta_serene_group56_users_import
2026-09-15T11:53:29.495Z,XAM8Xq4uHlR7UeU2SnUJzkGtqQF2,bulk-import-script,oseiabigailaboagyewaa1994@gmail.com,mda_user,adansi-north-district,ashanti_users_import
2026-09-02T23:27:37.384Z,wTomE4l8RdZFZ66oo7h89g4brCl2,bulk-import-script,goftaryee@gmail.com,mda_user,office-of-government-machinery,mda_users_import
2026-09-02T22:14:27.340Z,CFMKoacETCc91k7BgnIJ6z043vq1,bulk-import-script,rita.anowuoh@iaa.gov.gh,mda_user,ministry-of-finance,mda_users_import
2026-09-15T11:51:14.560Z,YySFs1Gl6GfxXcd4DU5ZahkZ2kS2,bulk-import-script,kusi.appiah@oeda.gov.gh,mda_user,obuasi-east-district,ashanti_users_import
2026-09-01T13:46:46.402Z,QZkLKJGn9Hel4hDAPZ6C6bxh90o2,bulk-import-script,myjobsonlineglobal@gmail.com,mda_user,upper-manya-krobo-district,volta_serene_group56_users_import
2026-09-24T09:48:22.936Z,FZFt2sElHccel818LhJcy4BSgif1,bulk-import-script,daniel.brewu@immigration.gov.gh,mda_user,ghana-immigration-service,interior_users_import
2026-09-01T13:45:47.458Z,xMXG8YqOQeTJcU6w6NAixSaHukq2,bulk-import-script,akuaoffeibea1990@gmail.com,mda_user,new-juaben-north-municipal,volta_serene_group56_users_import
2026-09-17T23:01:08.780Z,e4vPpSea6SVMh1bsBxUlqdcYaV23,bulk-import-script,addog84@gmail.com,mda_user,allied-health-professions-council,capacity_building_users_import
2026-09-02T21:44:30.437Z,FZFt2sElHccel818LhJcy4BSgif1,bulk-import-script,daniel.brewu@immigration.gov.gh,mda_user,ministry-of-the-interior,mda_users_import
2026-09-02T21:23:45.122Z,EZekhs53Nyeonsjdsy30k6LyT4o2,bulk-import-script,edward.appiah@nacca.gov.gh,mda_user,ministry-of-education,mda_users_import
2026-09-17T23:36:58.661Z,sbcUqjjfUtNoMJW83Y1NeELYjq53,bulk-import-script,bankimoun123@gmail.com,mda_user,council-for-scientific-and-industrial-research-csir,capacity_building_users_import
2026-09-02T21:50:26.244Z,4I73wVbWyJMRAkxUCO5X43FuGGD2,bulk-import-script,gyirusaa24@gmail.com,mda_user,ministry-of-tourism-culture-and-creative-arts,mda_users_import
2026-09-17T23:41:48.343Z,lZ4eV7BWc9d8nor22HMB3w2FrGq1,bulk-import-script,tillydichem@gmail.com,mda_user,national-development-planning-commission,capacity_building_users_import
2026-09-17T23:40:14.851Z,busUs797oCP1iPvAHpBJqUIY4TF3,bulk-import-script,emmanuel.kwao@mot.gov.gh,mda_user,ministry-of-transport,capacity_building_users_import
2026-09-17T23:40:40.265Z,Oqk5pkVD1ggN002oxjLQWZiWsyU2,bulk-import-script,amabrentu@gmail.com,mda_user,ministry-of-roads-and-highways,capacity_building_users_import
2026-09-08T10:39:35.925Z,4Zmc0CqZJxb607OOYXt7icnp2gn1,bulk-import-script,emmanuel.yartel@ekma.gov.gh,mda_user,effia-kwesimintsim-municipal,gbmsupport_users_import
2026-09-02T23:08:48.248Z,10Qxgz3HZUaE9Raf4BD2aCcLuSD2,bulk-import-script,emmanuel.amakye@ghanaprisons.gov.gh,mda_user,ministry-of-the-interior,mda_users_import
2026-09-17T23:11:08.685Z,5geLn9mgdQavM6o64m91kHGS5c72,bulk-import-script,oseitutuelvis245@gmail.com,mda_user,ghana-prisons-service,capacity_building_users_import
2026-09-02T23:01:14.173Z,ED5uqtm6MidlHdMgVyqfX30ILyu2,bulk-import-script,joshuamireku13@gmail.com,mda_user,ministry-of-local-government,mda_users_import
2026-09-17T23:16:04.367Z,ja1PuWyxX4UMH4Nme6MMAPSb68g2,bulk-import-script,ocanseynathan7@gmail.com,mda_user,ministry-of-gender-children-and-social-protection,capacity_building_users_import
2026-09-18T15:35:32.131Z,pQNNTVmR6TWS85HXCtjNRfZtR6S2,bulk-import-script,solomon.kwakye@tecma.gov.gh,mda_user,techiman-municipal,group1516_users_import
2026-09-02T22:46:33.392Z,BbSiFWKIScSCI8HpGqn7SNCgq852,bulk-import-script,nancy.boakye-amankwah@csa.gov.gh,mda_user,ministry-of-communication-and-decentralization,mda_users_import
2026-09-01T13:44:08.437Z,KgjlJFnbT5SrOMoOkuXAILIEZRX2,bulk-import-script,michael.affanyi@fnda.gov.gh,mda_user,fanteakwa-north-district,volta_serene_group56_users_import
2026-09-02T21:38:05.740Z,UMExryJSejSWtjkfvNy8Vlkvh2I2,bulk-import-script,prince.adu-boafo@easternregion.gov.gh,mda_user,ministry-of-local-government,mda_users_import
2026-09-18T15:31:47.989Z,YZxjrquCFxgWcZ0aWh6BahUUTd83,bulk-import-script,solomon.poween@kima.gov.gh,mda_user,kintampo-north-municipal,group1516_users_import
2026-09-02T21:46:17.470Z,v9tQsGMn3WZMLbvrggWZhV58bQh1,bulk-import-script,enock.amo@mint.gov.gh,mda_user,ministry-of-the-interior,mda_users_import
2026-09-02T22:03:15.501Z,XpyxCALCmPV6Gg4Is7WtRtKSLcR2,bulk-import-script,coilyg@yahoo.com,mda_user,national-labour-commission,mda_users_import
2026-09-17T23:38:50.064Z,X7KhXW69MhaPx3ogyLUlWCqvGh52,bulk-import-script,fouadsarpong@gmail.com,mda_user,ghana-muslim-mission-college-of-education,capacity_building_users_import
2026-09-04T13:40:12.929Z,IGQ2DPDlOEUytVYY0BSzilNo0X63,bulk-import-script,yahaya.mahama@negda.gov.gh,mda_user,north-east-gonja-district,volta_serene_group78_users_import
2026-09-02T23:09:55.878Z,Ozp9nUyoIqMz4hsKPDIWB2xzbG42,bulk-import-script,brusnikleticia48@gmail.com,mda_user,ministry-of-the-interior,mda_users_import
2026-09-02T22:30:05.685Z,TuaZ7HaPs1UQAUBu62wuyeKCBnL2,bulk-import-script,andrew.agyemang@neip.gov.gh,mda_user,ministry-of-youth-development-and-empowerment,mda_users_import
2026-09-15T11:48:15.641Z,GmPk9fQituecbByGisnLr1WBPKS2,bulk-import-script,rabiatu.issah@ssma.gov.gh,mda_user,sekyere-south-district,ashanti_users_import
2026-09-02T22:56:25.236Z,FnLSrPXJEjcbx7OHrYJidfBzZ6p2,bulk-import-script,margaret.narh-josiah@fishcom.gov.gh,mda_user,ministry-of-fisheries-aqua-culture-development,mda_users_import
2026-09-02T23:48:22.128Z,6UZ7sVGkWnOwiRf86Q6SIAvjXff1,bulk-import-script,atiamoah1985@gmal.com,mda_user,ministry-of-health,mda_users_import
2026-09-17T23:08:29.810Z,4I73wVbWyJMRAkxUCO5X43FuGGD2,bulk-import-script,gyirusaa24@gmail.com,mda_user,national-commission-on-culture,capacity_building_users_import
2026-09-17T23:39:28.954Z,2FiUrwTCtVYjOHKhSJlmW3M6QUt2,bulk-import-script,rita.yali@peacecouncil.gov.gh,mda_user,national-population-council,capacity_building_users_import
2026-09-17T23:31:12.217Z,vCioILTCmMdTCB4MBzjJI5vH82u1,bulk-import-script,leonard.nunoo@ohcs.gov.gh,mda_user,office-of-the-head-of-civil-service,capacity_building_users_import
2026-09-02T22:53:29.612Z,P7uMTqxD1AWO2QFlsbFzupsqRmU2,bulk-import-script,atakyiwa@energycom.gov.gh,mda_user,ministry-of-energy,mda_users_import
2026-09-15T11:51:36.995Z,aZUbnAPiiQTT36sxIjfzTAh57LJ2,bulk-import-script,edna.arko@oma.gov.gh,mda_user,obuasi-municipal,ashanti_users_import
2026-09-02T23:46:11.651Z,hxTvGOiEoybccFZRzbyIAnMK4v63,bulk-import-script,jeffmensah@gmail.com,mda_user,ministry-of-health,mda_users_import
2026-09-02T21:33:22.798Z,lREAEuXDspRFaD56DfScIrnJva43,bulk-import-script,akpene.feakpi@fishcom.gov.gh,mda_user,ministry-of-fisheries-aqua-culture-development,mda_users_import
2026-09-17T23:12:14.601Z,PNk5qpe9zkYQmbnAtqrgysBqAUE3,bulk-import-script,ericamesibotchway@gmail.com,mda_user,zongo-and-inner-city-development-secretariat,capacity_building_users_import
2026-09-17T23:49:24.016Z,tKZMVfbad7crR5TisDpvawM8ylE3,bulk-import-script,robert.woode@ohcs.gov.gh,mda_user,office-of-the-head-of-civil-service,capacity_building_users_import
2026-09-02T21:52:39.286Z,ptLiGMq6o2UnIgwqoHg3YuTC61z1,bulk-import-script,kofi.badu@gfza.gov.gh,mda_user,ministry-of-trade-and-industry,mda_users_import
2026-09-02T23:26:14.098Z,3sBuMMmkC8U8cyrxsCkzX8Vn8BJ3,bulk-import-script,jdadson@mida.gov.gh,mda_user,office-of-government-machinery,mda_users_import
2026-09-17T23:43:57.470Z,pw8z1F4FrPgTu7hhuzqHkTZctW53,bulk-import-script,ebotwi@mida.gov.gh,mda_user,millennium-development-authority-mida,capacity_building_users_import
2026-09-02T22:50:48.348Z,0DmGsAd4QSfnPuG3CYfIIr9Wi8u1,bulk-import-script,samuel.ofori-arko@cendlos.gov.gh,mda_user,ministry-of-education,mda_users_import
2026-09-17T23:50:02.952Z,nV0gOlEonDV1BGVyO4e36usPuwx1,bulk-import-script,alquist97@gmail.com,mda_user,ministry-of-gender-children-and-social-protection,capacity_building_users_import
2026-09-02T23:06:55.495Z,T7FdGCQkksTTZre3Zh6PaGlfUAH2,bulk-import-script,adrian.koranteng@gmail.com,mda_user,ministry-of-the-interior,mda_users_import
2026-09-02T21:42:03.538Z,SlvmCIzJ6TNaDmNI5o5yABIWDMG2,bulk-import-script,ahlidza@gmail.com,mda_user,ministry-of-roads-and-highways,mda_users_import
2026-09-17T23:31:19.830Z,Zhs8I99ScDRGRqhd3BombqJIk143,bulk-import-script,jayim@mint.gov.gh,mda_user,ministry-of-the-interior,capacity_building_users_import
2026-09-02T21:33:03.768Z,pEWUv6fR7GOkmn6J0H6d02IoUVN2,bulk-import-script,fred.ayornu-lansea@mofad.gov.gh,mda_user,ministry-of-fisheries-aqua-culture-development,mda_users_import
2026-09-02T22:47:21.545Z,T3V0tldSPuYu5bJSYjOVBTDfeRy1,bulk-import-script,emmanuel.kartey@mod.gov.gh,mda_user,ministry-of-defence,mda_users_import
2026-09-18T15:34:10.928Z,LX5V3IePpaOr06dzoDnAw3gjvJ33,bulk-import-script,noah.amankwah@sewda.gov.gh,mda_user,sene-west-district,group1516_users_import
2026-09-17T23:15:16.463Z,ZqnWEY9slvMLKnNMT1V27g59yB33,bulk-import-script,mumuniisaiah@gmail.com,mda_user,northern-development-authority,capacity_building_users_import
2026-09-17T23:28:23.601Z,nef7vhT5UIfHiOQmzz8S3dVuDUG3,bulk-import-script,emmanuel.acquah@psc.gov.gh,mda_user,public-services-commission,capacity_building_users_import
2026-09-02T22:23:41.495Z,121LmO0ojjW6c8jrrStttJuWMy92,bulk-import-script,gyim25@yahoo.com,mda_user,ministry-of-health,mda_users_import
2026-09-02T21:52:09.777Z,M2Np5xAuX0VUKS3jZV8zf2SbHeK2,bulk-import-script,zabdulawumbei@gmail.com,mda_user,ministry-of-tourism-culture-and-creative-arts,mda_users_import
2026-09-02T22:41:29.561Z,4UaH9sWyNAQZYzNbhOo55nbvLPT2,bulk-import-script,iabdulaziz67@yahoo.com,mda_user,commission-on-human-rights-and-administrative-justice,mda_users_import
2026-09-24T09:47:14.904Z,snQoIEWuzjO1hlID2x5vlhU8B9y1,bulk-import-script,gabbyakasom@gmail.com,mda_user,ghana-national-fire-service,interior_users_import
2026-09-02T22:29:14.787Z,uNO1qzKpHWfVJd1XRqlfaSrTACF2,bulk-import-script,theoyawson@gmail.com,mda_user,ministry-of-health,mda_users_import
2026-09-02T23:35:58.204Z,CFMKoacETCc91k7BgnIJ6z043vq1,bulk-import-script,rita.anowuoh@iaa.gov.gh,mda_user,ministry-of-finance,mda_users_import
2026-09-02T22:00:49.522Z,HNxqWgekE6bBQLR9FyLsyWlUEO03,bulk-import-script,mensahsophia647@gmail.com,mda_user,ministry-of-lands-and-natural-resources,mda_users_import
2026-09-17T23:43:02.513Z,zz4ZhtLKFJdddrMR4Z8xdSYtrv23,bulk-import-script,mne1mrannan@yahoo.com,mda_user,ministry-of-food-and-agriculture,capacity_building_users_import
2026-09-17T23:01:41.976Z,uFUcyrJDrxUHe8BJinL7ApDUcbC2,bulk-import-script,elvdenn1998@gmail.com,mda_user,council-for-scientific-and-industrial-research-csir,capacity_building_users_import
2026-09-02T23:46:07.862Z,GxhGWtv7nuXcxFHYKSaj0Rcr8dC3,bulk-import-script,janetkorankye69@gmail.com,mda_user,ministry-of-health,mda_users_import
2026-09-11T13:53:32.487Z,MbkYk5wXsVdMEYh0P2bdViWPkLi2,bulk-import-script,wisdomkwortsi@gmail.com,mda_user,atwima-nwabiagya-district,volta_serene_group1112_users_import
2026-09-02T22:54:17.029Z,qrAzCcmwMWYGJsyRfhbwH03cI233,bulk-import-script,lydia.essuah@mesti.gov.gh,mda_user,ministry-of-environment-science-technology-and-innovation,mda_users_import
2026-09-17T23:10:14.892Z,mHTqT7etgFOmsGtLwqboSe0LTgV2,bulk-import-script,hayfordjkc@gmail.com,mda_user,ghana-prisons-service,capacity_building_users_import
2026-09-17T23:30:59.812Z,Ipj1W6cnPrW5krb7ScXK0yDbFgp2,bulk-import-script,yawnyarko2009@yahoo.com,mda_user,office-of-government-machinery,capacity_building_users_import
2026-09-02T23:47:34.983Z,X0H5TFFVjlOeaQqjI6crMG0EGO23,bulk-import-script,malikharuna30@yahoo.com,mda_user,ministry-of-health,mda_users_import
2026-09-04T13:37:56.487Z,PM1g1rhP1QNEbge8L0VtusArpew1,bulk-import-script,lawrence.agyekum@nnma.gov.gh,mda_user,nanumba-north-municipal,volta_serene_group78_users_import
2026-09-18T15:32:54.983Z,2bxFlOeZiWQoGUdaumZXBDJce2f2,bulk-import-script,florence.tabuaa@nksma.gov.gh,mda_user,nkoranza-south-municipal,group1516_users_import
2026-09-02T21:37:15.552Z,YfQD8uLyzEXWsQgyNepMykO2Ntj1,bulk-import-script,abachiegrace@gmail.com,mda_user,ministry-of-local-government,mda_users_import
2026-09-02T23:06:53.625Z,YoOzrm1ViQVjfNO9xLUrI4HHir32,bulk-import-script,adam.bonaa@smallarmscommission.gov.gh,mda_user,ministry-of-the-interior,mda_users_import
2026-09-02T22:12:14.919Z,zPbXIWAxSXRhvO4ZJJx1gyKrkYm2,bulk-import-script,albert.boafo@fic.gov.gh,mda_user,ministry-of-finance,mda_users_import
2026-09-02T21:41:34.074Z,eVliCJdFC2T8rmaCJuB24m9v7Iy2,bulk-import-script,antheaphanosdfr@gmail.com,mda_user,ministry-of-roads-and-highways,mda_users_import
2026-09-02T22:59:29.332Z,rjjGjNG0PUb2IVmTOgZyipf7UYJ2,bulk-import-script,estherres34@gmail.com,mda_user,ministry-of-local-government,mda_users_import
2026-09-17T23:13:29.050Z,LmvnNw0xcZWtxST5wA8GLRWLqan1,bulk-import-script,bella.assignon@lac.gov.gh,mda_user,legal-aid-commission,capacity_building_users_import
2026-09-02T22:30:12.702Z,sfT71Mi9dPeqLgpSV9JoaIZQlvu1,bulk-import-script,mark.danso@nss.gov.gh,mda_user,ministry-of-youth-development-and-empowerment,mda_users_import
2026-09-18T15:30:41.245Z,bxwe9jC9cnfSkK706laSerhcDs22,bulk-import-script,anthony.agyei@bonoeastrcc.gov.gh,mda_user,bono-east-regional-coordinating-council,group1516_users_import
2026-09-02T23:03:47.057Z,D1HqgJIKTjQzwdbE2uP3C0xEgvI3,bulk-import-script,oshingumah@gmail.com,mda_user,ministry-of-local-government,mda_users_import
2026-09-15T19:20:51.150Z,eWIqYfnIBJPIBDa54ad1WmSuyvz1,MKGoW62Iuaf5KXTj3a4LyRxrsaa2,queenly.devor@kma.gov.gh,mda_user,Kumasi Municipal Assembly,
2026-09-17T23:12:02.316Z,O7vdnyBB5ihCRcf7jhE77az2Plg1,bulk-import-script,sarmah33@gmail.com,mda_user,national-commission-on-small-arms-and-light-weapons,capacity_building_users_import
2026-09-22T13:05:24.628Z,SfYeEtzleoT6as6HYjeOVhmQPPy1,bulk-import-script,wahab.musah@nandomdistrict.gov.gh,mda_user,nandom-district,group17_users_import
2026-09-02T23:10:49.748Z,ZXQ6rSqbeYhlmHrVLUKaaXO4sTB3,bulk-import-script,solomon.mensah@mint.gov.gh,mda_user,ministry-of-the-interior,mda_users_import
2026-09-02T21:33:50.569Z,M8imB8ZGdZSPwT5A3WhsZrC9Tra2,bulk-import-script,ruth.can@mofad.gov.gh,mda_user,ministry-of-fisheries-aqua-culture-development,mda_users_import
2026-09-02T21:26:57.500Z,0DmGsAd4QSfnPuG3CYfIIr9Wi8u1,bulk-import-script,samuel.ofori-arko@cendlos.gov.gh,mda_user,ministry-of-education,mda_users_import
2026-09-02T21:39:34.050Z,i9XSmtSJ7ibUM2zYZJIDegXDyEz2,bulk-import-script,rodadenis@yahoo.co.uk,mda_user,ministry-of-local-government,mda_users_import
2026-09-02T21:38:01.979Z,5zBiFuVt2dXYCnKCEe5prL6ehpp1,bulk-import-script,niidjeshiedouglas@yahoo.com,mda_user,ministry-of-local-government,mda_users_import
2026-09-01T13:45:20.260Z,BBBYoM8EybOoAQKuaHiGZUFDnPU2,bulk-import-script,brightbosompim8@gmail.com,mda_user,kwahu-west-district,volta_serene_group56_users_import
2026-09-17T23:13:59.619Z,Iw6tU97COwPsGusyqauHHtDMpVK2,bulk-import-script,dankyibediako@yahoo.com,mda_user,community-water-and-sanitation-agency,capacity_building_users_import
2026-09-02T23:25:43.333Z,ETNRwjGBwGQYvwAzLKV49DdJu6x1,bulk-import-script,bessamon004@gmail.com,mda_user,office-of-government-machinery,mda_users_import
2026-09-17T23:44:13.378Z,wJNF3rhd2PaPvVHmY6zAin9WWQ22,bulk-import-script,angelina.egbenya@mfa.gov.gh,mda_user,ministry-of-foreign-affairs-and-regional-integration,capacity_building_users_import
2026-09-17T23:21:30.394Z,7ljfIchK4TcGucu5K5yvu9EJDEn2,bulk-import-script,edith.abgo@gtvets.gov.gh,mda_user,ghana-tvet-service,capacity_building_users_import
2026-09-17T23:31:41.857Z,qnzxeglhFbMp8WrONzkm2PQMpou1,bulk-import-script,owusuaa436@gmail.com,mda_user,controller-and-accountant-general-s-department,capacity_building_users_import
2026-09-02T22:20:45.781Z,1i9tDdzkSLYXKCQBrX2zQJIY6Dv1,bulk-import-script,edith.mansah@ghs.gov.gh,mda_user,ministry-of-health,mda_users_import
2026-09-02T21:44:15.127Z,wstDU21PSBbISHgXShgcvAt1jLH3,bulk-import-script,barbara.franklin-torsoo@mint.gov.gh,mda_user,ministry-of-the-interior,mda_users_import
2026-09-11T13:51:47.203Z,t4XBsJdO0YPMTuc0psradcVUxZv2,bulk-import-script,ruth.agyeman@arcc.gov.gh,mda_user,ashanti-arba,volta_serene_group1112_users_import
2026-09-02T21:43:19.213Z,YoOzrm1ViQVjfNO9xLUrI4HHir32,bulk-import-script,adam.bonaa@smallarmscommission.gov.gh,mda_user,ministry-of-the-interior,mda_users_import
2026-09-17T23:33:58.691Z,iPIWXI80GoZyronkAp5tv808KFR2,bulk-import-script,brightod82@gmail.com,mda_user,ghana-tourism-authority,capacity_building_users_import
2026-09-18T15:33:53.750Z,lJCLpEtvLRVqPm6u0zyI7L1nNi92,bulk-import-script,majeedosman2@gmail.com,mda_user,sene-east-district,group1516_users_import
2026-09-17T23:18:03.609Z,6VmauZjFggQKprmFI0eiTyqbDnE2,bulk-import-script,richard.opoku-sarkodie@nca.org.gh,mda_user,national-communications-authority-nca,capacity_building_users_import
2026-09-17T23:09:06.883Z,ztA95G57DNUQyWA8oXpVqguThII2,bulk-import-script,frankeyto1982@gmail.com,mda_user,controller-and-accountant-general-s-department,capacity_building_users_import
2026-09-17T23:08:52.658Z,wSNvoVEQzdNF0d1pmRGY0PR3gcC2,bulk-import-script,paula.oppong4@gmail.com,mda_user,christ-the-teacher-college-of-education,capacity_building_users_import
2026-09-17T23:23:51.320Z,alQmcSmkpbaAOYHX3brGhS1XZWH2,bulk-import-script,randy.afadzinu@npfs.gov.gh,mda_user,national-premix-fuel-secretariat,capacity_building_users_import
2026-09-17T23:31:17.347Z,Snh19BJccTT9t2XmUULLpwqElva2,bulk-import-script,jones.agyei@nra.gov.gh,mda_user,nuclear-regulatory-authority,capacity_building_users_import
2026-09-17T23:38:33.529Z,STcAQToEZPWlnOsvz1uW4AJpOLD2,bulk-import-script,dappiah@mofep.gov.gh,mda_user,ministry-of-finance,capacity_building_users_import
2026-09-17T22:59:52.523Z,O3o4hHYQs1Qj9gGhS4xtmltGFD52,bulk-import-script,sirmaths1983@gmail.com,mda_user,national-health-insurance-authority-nhia,capacity_building_users_import
2026-09-02T22:48:34.821Z,mw0w4E0le1NhQ1Ta9qdxVthuNmj1,bulk-import-script,cazumah@waecgh.org,mda_user,ministry-of-education,mda_users_import
2026-09-02T23:07:24.202Z,hiMUFaIJkYh0JNgVnohT18LSkml2,bulk-import-script,berthaeffah@yahoo.com,mda_user,ministry-of-the-interior,mda_users_import
2026-09-17T23:48:19.495Z,OQoQVivWhNf79EK5EqL39zs7Hgv1,bulk-import-script,jemima.mantey@ntc.gov.gh,mda_user,national-teaching-council,capacity_building_users_import
2026-09-17T23:32:23.374Z,BkECqXnvhIXn4kaXTv87UbQPKuO2,bulk-import-script,gladys.kally@motcca.gov.gh,mda_user,ministry-of-tourism-culture-and-creative-arts,capacity_building_users_import
2026-09-02T21:36:18.112Z,S3k8PHWvTrbe2xxd9AUnGCPoNg03,bulk-import-script,nanaprempehalbert@gmail.com,mda_user,ministry-of-local-government,mda_users_import
2026-09-17T23:30:15.573Z,jkj2p3a9WqNfmYqy394NmVyR9yF2,bulk-import-script,anabella.arthur@mot.gov.gh,mda_user,ministry-of-transport,capacity_building_users_import
2026-09-02T21:17:31.900Z,CTQAXB2tUXVkkiOVZpvfon0btsz2,bulk-import-script,elham.gausu@gi-kace.gov.gh,mda_user,ministry-of-communication-and-decentralization,mda_users_import
2026-09-02T23:32:48.012Z,fZVOGYYBA1NUHW4xZyeXQwXLvMq1,bulk-import-script,bagyane@mofep.gov.gh,mda_user,ministry-of-finance,mda_users_import
2026-09-02T23:29:27.860Z,K81p92W5uYS6GVfP7enloNFIDvE3,bulk-import-script,roland.barnor@ohcs.gov.gh,mda_user,office-of-the-head-of-civil-service,mda_users_import
2026-09-02T22:27:16.159Z,Ot5epsocldh1GFtoCt59rIfzwGA2,bulk-import-script,paulina.oforiadu@ghs.gov.gh,mda_user,ministry-of-health,mda_users_import
2026-09-17T23:13:01.828Z,sNTafeESbJZ3AdFVBnXCuxkCLGJ2,bulk-import-script,richard.mude@gbdc.gov.gh,mda_user,ghana-book-development-council,capacity_building_users_import
2026-09-02T22:23:03.851Z,2ZJyouECnZOfJHFV4beBZyuX07k1,bulk-import-script,hjinadu27@gmail.com,mda_user,ministry-of-health,mda_users_import
2026-09-02T21:59:05.124Z,l9IV9PPbsFMYxF9YScITsIPyLbE2,bulk-import-script,rasheedishaq@gmail.com,mda_user,ministry-of-lands-and-natural-resources,mda_users_import
2026-09-24T09:49:13.004Z,e4wqesDFHmUfW0YZ63BzwPwfC5n1,bulk-import-script,raymond.sackey@grb.gov.gh,mda_user,ghana-refugee-board,interior_users_import
2026-09-17T23:05:37.679Z,pRtWHeox3BUA2Pzl6Mph5Ma7iUp1,bulk-import-script,theowasty85@gmail.com,mda_user,ghana-health-service-achimota-hospital,capacity_building_users_import
2026-09-02T23:47:44.112Z,JOpCDLd2E2XqZFIPmSFbO8WkCBp2,bulk-import-script,michael.sottie@ghs.gov.gh,mda_user,ministry-of-health,mda_users_import
2026-09-02T22:52:26.181Z,GNb7PtnEnHRWqWoSnVojzqqXqdb2,bulk-import-script,emmanuel.otutu@melr.gov.gh,mda_user,ministry-of-employment-and-labour-relations,mda_users_import
2026-09-17T23:04:17.669Z,Z2PudjsihAYzS3J4UUETXUOTcBF2,bulk-import-script,bendo2g9@yahoo.com,mda_user,ghana-tourism-authority,capacity_building_users_import
2026-09-02T22:46:45.642Z,QUEXTIjNG2VvDfiI1LV96tsn9qt2,bulk-import-script,richardson.bortey@moc.gov.gh,mda_user,ministry-of-communication-and-decentralization,mda_users_import
2026-09-17T23:02:34.030Z,HDT7JJQakCNqJmhPJNSEqSEU5eP2,bulk-import-script,chelseaasare27@gmail.com,mda_user,minerals-commission,capacity_building_users_import
2026-09-17T23:37:51.177Z,p2JZul0w4acOQISaPgpR6DYCrsv1,bulk-import-script,richard.abredu23@gmail.com,mda_user,national-disaster-management-organisation-nadmo,capacity_building_users_import
2026-09-17T23:47:54.470Z,9znXE1jpLGTROqjqfiYh3CUvJEI3,bulk-import-script,siino.issaka@osp.gov.gh,mda_user,office-of-the-special-prosecutor,capacity_building_users_import
2026-09-17T23:35:14.454Z,3geT71hap5fNeDvh8ltmWX8JZkq1,bulk-import-script,faosei@energycom.gov.gh,mda_user,energy-commission,capacity_building_users_import
2026-09-02T23:23:51.575Z,CgygiksCMTPqeqziSkAvOT6tht42,bulk-import-script,abdul-rahman.moomen@nhia.gov.gh,mda_user,national-health-fund,mda_users_import
2026-09-02T22:10:27.682Z,V8R6rjtHU5NDbYR4ilipHo4rL9n2,bulk-import-script,dicksonbrobbey82@gmail.com,mda_user,office-of-the-head-of-civil-service,mda_users_import
2026-09-17T23:40:46.096Z,ivarCwxsueOqPF2SHdSWxOKIDEr2,bulk-import-script,nanaamatenegyaa@gmail.com,mda_user,ministry-of-defence,capacity_building_users_import
2026-09-02T21:43:14.538Z,gyord0hrJfUEvOImD7HWTiGpXo92,bulk-import-script,abdulai.samira@gmail.com,mda_user,ministry-of-roads-and-highways,mda_users_import
2026-09-02T22:50:53.986Z,jAWVHFIMnuZdchviv3e62M4T6UR2,bulk-import-script,stella.ntow@gtvets.gov.gh,mda_user,ministry-of-education,mda_users_import
2026-09-22T13:06:03.958Z,KsyfI2hMpZPsqtoExehclMuoGut2,bulk-import-script,batong.yawuza@waeastda.gov.gh,mda_user,wa-east-district,group17_users_import
2026-09-02T22:21:32.841Z,y2rZoKyb8FYESCxkHsnSgTALFt22,bulk-import-script,kinneddy@gmail.com,mda_user,ministry-of-health,mda_users_import
2026-09-17T23:06:26.080Z,FnsKC1nGG2MbPgtttwRltTCcGOk1,bulk-import-script,georginaaziedorme@gmail.com,mda_user,national-film-authority,capacity_building_users_import
2026-09-02T23:30:02.676Z,kK4HgOw4pnSP9ya78SxJRB2wf8N2,bulk-import-script,dowuonaowoogeorge@yahoo.com,mda_user,public-services-commission,mda_users_import
2026-09-02T22:25:54.446Z,ZXJNdnJrIVR2S5heMdL6bbxtAso1,bulk-import-script,moro_adams@yahoo.com,mda_user,ministry-of-health,mda_users_import
2026-09-02T21:42:45.738Z,JQpqwuIS99XRAB4jq3d4UvJsrok2,bulk-import-script,paul.duah@highway.gov.gh,mda_user,ministry-of-roads-and-highways,mda_users_import
2026-09-02T21:32:00.590Z,s88BIilLfScqUO2urdH68tz9jB13,bulk-import-script,patrick.nomo@mesti.gov.gh,mda_user,ministry-of-environment-science-technology-and-innovation,mda_users_import
2026-09-02T21:32:33.529Z,4HO8RUK1ajOcpba77hWfnmUGAJg2,bulk-import-script,charlotte.dadzie@mofad.gov.gh,mda_user,ministry-of-fisheries-aqua-culture-development,mda_users_import
2026-09-02T22:19:10.944Z,MQWjlux6o3NG9lXTYn6DBtXeW6s2,bulk-import-script,cynthiaobu66@gmail.com,mda_user,ministry-of-health,mda_users_import
2026-09-02T22:26:49.279Z,J1A1Bmza6YWqXLLJhr9dAGbILiy2,bulk-import-script,elviskusi@yahoo.com,mda_user,ministry-of-health,mda_users_import
2026-09-17T23:02:37.040Z,SB7bI7bDKQfq8wwbkjjkbrWlnPG3,bulk-import-script,rhodamensah18@gmail.com,mda_user,national-teaching-council,capacity_building_users_import
2026-09-02T23:18:27.396Z,KFB1KIeBxShocBvV7BXEAa3VI2g1,bulk-import-script,fktorttoh@outlook.com,mda_user,ministry-of-lands-and-natural-resources,mda_users_import
2026-09-02T22:19:06.372Z,A4dvaLAoZJc4og8yvzIuOBK9Plu2,bulk-import-script,camah76@yahoo.com,mda_user,ministry-of-health,mda_users_import
2026-09-17T23:03:55.594Z,oyKVnZnjBQPlKhzqM3SsquJU60P2,bulk-import-script,jeffreyboat3@gmail.com,mda_user,kwame-nkrumah-memorial-park,capacity_building_users_import
2026-09-02T22:21:50.188Z,YZL3iTG5zdc9mabHcfnGlc4AVHI2,bulk-import-script,richardson.g@gcnm.edu.gh,mda_user,ministry-of-health,mda_users_import
2026-09-02T21:42:38.940Z,1Xa30xOK7XbgQdXQCwrbue0Z53l2,bulk-import-script,ayikooley@gmail.com,mda_user,ministry-of-roads-and-highways,mda_users_import
2026-09-22T13:05:10.519Z,PaKlP3UB4BPDtgktUbqpdSGFiHc2,bulk-import-script,derygbaal@gmail.com,mda_user,nadowli-kaleo-district,group17_users_import
2026-09-17T23:02:27.801Z,BbSiFWKIScSCI8HpGqn7SNCgq852,bulk-import-script,nancy.boakye-amankwah@csa.gov.gh,mda_user,cyber-security-authority,capacity_building_users_import
2026-09-02T21:57:27.266Z,8TEwUSDDUJed2HMzsmfRjxIhr553,bulk-import-script,leonard.ankrah@gmail.com,mda_user,ministry-of-works-and-housing,mda_users_import
2026-09-17T23:33:53.514Z,8pftAVbxHvWhEjeKgjXEKgsmi5s1,bulk-import-script,godfred.amponsah@myde.gov.gh,mda_user,ministry-of-youth-development-and-empowerment,capacity_building_users_import
2026-09-02T23:05:08.462Z,RzcI1eHVQ6aAoR0tVoOa4hDZiVf2,bulk-import-script,kwakyealice@gmail.com,mda_user,ministry-of-roads-and-highways,mda_users_import
2026-09-04T13:39:24.005Z,EJdGyqrKJ7ObXxRTI10cQE4Vcay2,bulk-import-script,musah.namyala@yma.gov.gh,mda_user,yendi-municipal,volta_serene_group78_users_import
2026-09-02T22:50:17.649Z,S8Dur32fgmRBJz20SSdQezs3sxH2,bulk-import-script,mark.benyih@ges.gov.gh,mda_user,ministry-of-education,mda_users_import
2026-09-17T23:47:02.493Z,KmVXMWFU2OcHW1iUEZfd3nbqnX13,bulk-import-script,john.asare@unescoghana.gov.gh,mda_user,ghana-commission-for-unesco,capacity_building_users_import
2026-09-02T23:21:01.436Z,bWbsoyqKMFQw9mnH8Z3aFf6R0FP2,bulk-import-script,abdul-rashad.asumah@mlnr.gov.gh,mda_user,ministry-of-lands-and-natural-resources,mda_users_import
2026-09-15T11:51:00.509Z,nJPwV4IC3kVdWjYKqxacv2iM7Cu1,bulk-import-script,georgeasomaning@mma.gov.gh,mda_user,mampong-municipal,ashanti_users_import
2026-09-04T13:37:07.962Z,UzA1StQ39eax72hEQFixDOJA4dL2,bulk-import-script,abarikayussif@gmail.com,mda_user,gushiegu-municipal,volta_serene_group78_users_import
2026-09-02T22:57:47.614Z,r6YIeuWuxfeze6fGkh8t0XK96zL2,bulk-import-script,amin-abdul.rahaman@mlgrd.gov.gh,mda_user,ministry-of-local-government,mda_users_import
2026-09-02T21:37:59.669Z,0V4I0Jq4lff2NnsGmOhewyhNe893,bulk-import-script,mahamudharuna123@gmail.com,mda_user,ministry-of-local-government,mda_users_import
2026-09-02T21:52:01.992Z,8QmlfzpAxicYgVFUB5tDWw4UNT63,bulk-import-script,vboakye781@gmail.com,mda_user,ministry-of-tourism-culture-and-creative-arts,mda_users_import
2026-09-02T22:09:55.489Z,Gy6y5lXOGsU85DUSoEgkt5rpwlC2,bulk-import-script,emmanuelcan@gmail.com,mda_user,office-of-the-attorney-general-and-ministry-of-justice,mda_users_import
2026-09-02T21:31:50.960Z,pnFWKSGaVIbno1mfjJEF9kcRoma2,bulk-import-script,mary.amenuku@nra.gov.gh,mda_user,ministry-of-environment-science-technology-and-innovation,mda_users_import
2026-09-02T23:12:54.390Z,3yn7AAsNpnNEHXXjuST3AYLHvS73,bulk-import-script,albertoyk@yahoo.com,mda_user,ministry-of-trade-and-industry,mda_users_import
2026-09-02T21:49:54.204Z,6IwNJoaJeDfBSIgcGZM0Rft2MxJ3,bulk-import-script,agy.asomaniwinifred@gmail.com,mda_user,ministry-of-the-interior,mda_users_import
2026-09-02T21:22:32.014Z,RogFs9oqfmNJBFPqOku2ZQOMQMl1,bulk-import-script,christian.tetteh@moe.gov.gh,mda_user,ministry-of-education,mda_users_import
2026-09-17T23:20:13.495Z,0oL4vU5tWaMoixGPaWbDwIf5BlP2,bulk-import-script,benjamin.yemidi@moe.gov.gh,mda_user,ministry-of-education,capacity_building_users_import
2026-09-02T22:16:09.394Z,ULIlPImQBWRtvK7FaNibbW8wdOV2,bulk-import-script,k.apedzi@stjohn.org.gh,mda_user,ministry-of-health,mda_users_import
2026-09-17T23:26:55.202Z,FqVl7ygRTrNOJzmTwhSt8IXJLcH2,bulk-import-script,ebenayel@gmail.com,mda_user,government-secretarial-school,capacity_building_users_import
2026-09-17T23:20:50.025Z,ZN1JgcRVhngF1g1GiWarp7D0cRB3,bulk-import-script,naomi.addo@mod.gov.gh,mda_user,ministry-of-defence,capacity_building_users_import
2026-09-17T23:14:17.442Z,xb9zoKKWZUMqz4bOTjCKc5loWVu2,bulk-import-script,stephen.bonsu-mensah@gida.gov.gh,mda_user,ghana-irrigation-development-authority,capacity_building_users_import
2026-09-17T23:47:11.567Z,LhjS7zwasdUB2nJvnhmwTAPDwJ42,bulk-import-script,florence.awuku@energymin.gov.gh,mda_user,ministry-of-energy-and-green-transition,capacity_building_users_import
2026-09-17T23:35:34.076Z,RJSsvBY148e8CBL1xhVkBC5k1312,bulk-import-script,bright.gyadu-addai@mofaq.gov.gh,mda_user,ministry-of-fisheries-aqua-culture-development,capacity_building_users_import
2026-09-02T22:12:28.661Z,G77YQKyDXXgEvIPIHlEH6QtOevN2,bulk-import-script,bagbanu@mofep.gov.gh,mda_user,ministry-of-finance,mda_users_import
2026-09-17T23:47:21.808Z,jdNePDaESKN6IdjqmItRWyppETD3,bulk-import-script,cmofori@yahoo.com,mda_user,ghana-tvet-service,capacity_building_users_import
2026-09-02T21:26:20.210Z,lnUZiA43Q1NjalY6NcnInvyrutM2,bulk-import-script,michael.quaique@nacca.gov.gh,mda_user,ministry-of-education,mda_users_import
2026-09-17T23:29:06.835Z,34B64DEmuPcfbrwWpI6sp2rA8rO2,bulk-import-script,josiah.commodore@lgs.gov.gh,mda_user,office-of-the-head-of-local-government-service,capacity_building_users_import
2026-09-02T23:44:04.012Z,8fs1qSAxskf8YCdrrlfw7RhCt7j2,bulk-import-script,acquah.h@gcnm.edu.gh,mda_user,ministry-of-health,mda_users_import
2026-09-02T23:44:56.680Z,6uCTRYqkn4O80F5tBBaM2gg2v1K3,bulk-import-script,glesonus@yahoo.com,mda_user,ministry-of-health,mda_users_import
2026-09-02T22:56:52.538Z,4WbOPFpz6MUIU0q4NIXGxpL7B642,bulk-import-script,emmadadzie99@gmail.com,mda_user,ministry-of-food-and-agriculture,mda_users_import
2026-09-02T23:49:34.700Z,0YoLSVli4Va6leyADlLd6oSmmCh1,bulk-import-script,rosemondasase@gmail.com,mda_user,ministry-of-health,mda_users_import
2026-09-01T13:46:55.186Z,Wt3ZBsy1eWbWxYTACC9bBM0lakD3,bulk-import-script,bethmartey@yahoo.com,mda_user,upper-west-akyem-district,volta_serene_group56_users_import
2026-09-02T23:32:52.663Z,iKfHnpDS5LZPv3P3rK5YVrI5pBC3,bulk-import-script,boppong@mofep.gov.gh,mda_user,ministry-of-finance,mda_users_import
2026-09-15T11:53:32.614Z,TYWBmEEG9VPsYeRV7ynOLSg2y1x1,bulk-import-script,emmanuel.ohyeamang@adnda.gov.gh,mda_user,adansi-north-district,ashanti_users_import
2026-09-01T13:44:30.292Z,Y5YSJ5DZ4bbQQhfpRfiRd5fFm0J2,bulk-import-script,prince.osei-gyamfi@kapnda.gov.gh,mda_user,kwahu-afram-plains-north-district,volta_serene_group56_users_import
2026-09-02T22:50:10.318Z,xDCYWQg0VlXAF5tMLciywJpKltC3,bulk-import-script,lawrence.acolatse@cendlos.gov.gh,mda_user,ministry-of-education,mda_users_import
2026-09-02T22:14:16.941Z,9pQGUq4FTRMQrTuW2KvGq2f1Kjp2,bulk-import-script,paul.emenike@iaa.gov.gh,mda_user,ministry-of-finance,mda_users_import
2026-09-02T23:11:17.255Z,QSw19NwWHiXovdPt0FXcQMlrBF03,bulk-import-script,delanyog@gmail.com,mda_user,ministry-of-tourism-culture-and-creative-arts,mda_users_import
2026-09-02T22:15:34.206Z,Rt3IAmB7apZobMM1TVRvLEQStMT2,bulk-import-script,iatregistrarsoffice@gmail.com,mda_user,ministry-of-finance,mda_users_import
2026-09-02T22:58:54.384Z,P2oPjfHYQxMEXE3GiGazS30mYWi2,bulk-import-script,adwoakwakye2020@gmail.com,mda_user,ministry-of-local-government,mda_users_import
2026-09-02T21:42:29.920Z,vNVzJYsQQJfi8NXYPIZKrzq1yLw2,bulk-import-script,kntiappiagyei@gmail.com,mda_user,ministry-of-roads-and-highways,mda_users_import
2026-09-17T23:31:14.858Z,A0ugnk8cppbO2lmUGrcaOioTgCH2,bulk-import-script,maxwell.lamptey@ohcs.gov.gh,mda_user,office-of-the-head-of-civil-service,capacity_building_users_import
2026-09-17T23:10:54.004Z,QLYkvvohBsO3F6DxrlArJPpkPJl2,bulk-import-script,anthony.quansah@fairwages.gov.gh,mda_user,fair-wages-and-salaries-commission,capacity_building_users_import
2026-09-02T21:19:58.974Z,fjSvupsk7zfjnkq50w5b3KomGoB2,bulk-import-script,abena.dankwa@mod.gov.gh,mda_user,ministry-of-defence,mda_users_import
2026-09-17T23:07:52.209Z,r4rnCikIUjgz3sxkEFpMkvIi2At2,bulk-import-script,isaacaduko@yahoo.com,mda_user,ghana-museums-and-monuments-board,capacity_building_users_import
2026-09-17T23:45:49.442Z,hiMUFaIJkYh0JNgVnohT18LSkml2,bulk-import-script,berthaeffah@yahoo.com,mda_user,national-peace-council,capacity_building_users_import
2026-09-11T13:53:35.587Z,GNVrfr12OSPd9fw5SLGyfeXZbZr2,bulk-import-script,amadu.malik@atwimanma.gov.gh,mda_user,atwima-nwabiagya-district,volta_serene_group1112_users_import
2026-09-02T22:29:02.443Z,Jssmmloc2UVeLCyhuzUoS2k1Bu93,bulk-import-script,staevul2000@yahoo.com,mda_user,ministry-of-health,mda_users_import
2026-09-02T23:27:07.702Z,ylokMaPk10YYxxeeYboxu6Dmt0H2,bulk-import-script,wayo_68@yahoo.com,mda_user,office-of-government-machinery,mda_users_import
2026-09-08T10:40:38.640Z,qFNH8lbjBNR99WfMyLj8ZAdYXjB3,bulk-import-script,annie.mawulorm@shamadistrict.gov.gh,mda_user,shama-district,gbmsupport_users_import
2026-09-02T21:48:37.618Z,WIbQUuGMYwarcYbi2LKQ5Ckz0sg1,bulk-import-script,brako_mba@yahoo.com,mda_user,ministry-of-the-interior,mda_users_import
2026-09-17T23:01:45.203Z,ufELbkov7ubIGqU2EbpXZ9jHKNn2,bulk-import-script,frimp.george@gmail.com,mda_user,centre-for-plant-medicine-research,capacity_building_users_import
2026-09-15T11:53:26.398Z,H5gEoMMJIxhINI77DUHRKxZSCgJ3,bulk-import-script,joshua.donkor@adnda.gov.gh,mda_user,adansi-north-district,ashanti_users_import
2026-09-17T23:50:13.902Z,PI8uG4EixNaLl0glQVE3xvIAoNz1,bulk-import-script,akpene.feakpi@fishcom.gov,mda_user,fisheries-commission,capacity_building_users_import
2026-09-02T22:10:32.436Z,JYsgMVaTNjQXshWkb3bHcjoXDbo2,bulk-import-script,dorothy.napier@cstc.gov.gh,mda_user,office-of-the-head-of-civil-service,mda_users_import
2026-09-17T23:19:14.963Z,QUEXTIjNG2VvDfiI1LV96tsn9qt2,bulk-import-script,richardson.bortey@moc.gov.gh,mda_user,ministry-of-communications-digital-technology-and-innovations,capacity_building_users_import
2026-09-02T21:37:57.646Z,00Em9O7tUngbMB9CuZ4s8RUbqoL2,bulk-import-script,moisobdubik@yahoo.com,mda_user,ministry-of-local-government,mda_users_import
2026-09-02T21:20:36.589Z,Ju8HTvlTIeS7yz23nO9a0leAhOz1,bulk-import-script,besahbuame@gmail.com,mda_user,ministry-of-defence,mda_users_import
2026-09-17T23:31:59.719Z,qLkpP0IbPVdQzCsqfFenS8lhfx52,bulk-import-script,mavis.sackey@yahoo.com,mda_user,ghana-museums-and-monuments-board,capacity_building_users_import
2026-09-17T23:04:42.297Z,W5iHdlRBfThjHx4ANUN7K3vZclF3,bulk-import-script,alice.opoku-kontoh@nfa.gov.gh,mda_user,national-film-authority,capacity_building_users_import
2026-09-02T23:06:08.124Z,0xQTgHJIhlXbzoZ9cYWGR7a0KW02,bulk-import-script,jochel73@yahoo.com,mda_user,ministry-of-roads-and-highways,mda_users_import
2026-09-02T23:33:50.848Z,4qAMqecfKqSDUBrCte98qfpPJsz1,bulk-import-script,francis.siripi@statsghana.gov.gh,mda_user,ministry-of-finance,mda_users_import
2026-09-02T21:28:53.689Z,6Czecid84faVRWTcpac1MpLszuH2,bulk-import-script,harriet.banson@melr.gov.gh,mda_user,ministry-of-employment-and-labour-relations,mda_users_import
2026-09-18T15:33:47.824Z,exouvfzm3MYd586BDvLXP5OIp8v2,bulk-import-script,owusuelias@yahoo.com,mda_user,sene-east-district,group1516_users_import
2026-09-15T11:46:14.402Z,t8iiO1i4LUgd3tknm67CrPeiTOm1,bulk-import-script,abigail.boamah@ofma.gov.gh,mda_user,offinso-municipal,ashanti_users_import
2026-09-02T23:38:06.820Z,47KEvhLdwbgNn63cfwNKTQOp6pr1,bulk-import-script,ali.yakubu@chag.org.gh,mda_user,ministry-of-health,mda_users_import
2026-09-02T22:46:47.497Z,tYCZZkPU5Udhkbz4OmsTrSkSAoi2,bulk-import-script,rejoice.kwao-nmai@pcsrc.gov.gh,mda_user,ministry-of-communication-and-decentralization,mda_users_import
2026-09-08T10:41:01.080Z,cEazovptKWM0TTap1HtAljnpGv93,bulk-import-script,joejoesson1212@gmail.com,mda_user,wassa-amenfi-west-district,gbmsupport_users_import
2026-09-02T22:43:25.641Z,VutheVeydIUNTfkwLft03ZJhuLP2,bulk-import-script,sammuel.apaw@lac.gov.gh,mda_user,legal-aid-commission,mda_users_import
2026-09-02T22:26:05.472Z,ZnIdIY0QGCQVIHQWViyKK7QbvSn2,bulk-import-script,asiamah222@gmail.com,mda_user,ministry-of-health,mda_users_import
2026-09-02T22:55:17.881Z,lREAEuXDspRFaD56DfScIrnJva43,bulk-import-script,akpene.feakpi@fishcom.gov.gh,mda_user,ministry-of-fisheries-aqua-culture-development,mda_users_import
2026-09-15T11:53:36.651Z,Vp6MjTQsTfdVtKMdRpDwPOVEEy82,bulk-import-script,amoahchristy38@gmail.com,mda_user,sekyere-afram-plains-district,ashanti_users_import
2026-09-02T22:20:39.957Z,qx6PJPzKFsYxFfHDtHJKpTx4Epr1,bulk-import-script,elodzorm@gmail.com,mda_user,ministry-of-health,mda_users_import
2026-09-17T23:13:23.663Z,sclR5MzkhqZu8c09PwAlZeNeuB12,bulk-import-script,brentu.asor@mrh.gov.gh,mda_user,ministry-of-roads-and-highways,capacity_building_users_import
2026-09-17T23:12:47.955Z,uhvpVqwq0URIkb7roMH4wpDIZp23,bulk-import-script,kingsford.adu@nhia.gov.gh,mda_user,national-health-insurance-authority-nhia,capacity_building_users_import
2026-09-08T10:40:24.489Z,VeKTiY8ApRWjtWXgUugsZBLsHwC2,bulk-import-script,isaac.thammensah19@gmail.com,mda_user,prestea-huni-valley-municipal,gbmsupport_users_import
2026-09-02T22:45:19.418Z,k0Up5oUqulNoM5cV76xDPj2ibQk2,bulk-import-script,kwaku.antwi@gdnr.org.gh,mda_user,ministry-of-communication-and-decentralization,mda_users_import
2026-09-22T13:05:42.075Z,pMlDTlqSrZZ3So7uisobFtX9jFV2,bulk-import-script,pioseh.abdul-rashaad@sema.gov.gh,mda_user,sissala-east-municipal,group17_users_import
2026-09-17T23:17:06.074Z,jMTPX5IKlqdRWxfZuQH3twca3Kx2,bulk-import-script,lhssnmurtada@gmail.com,mda_user,zongo-and-inner-city-development-secretariat,capacity_building_users_import
2026-09-02T21:57:09.638Z,ZgPH3LysPOcHShWKEbRsZ1Wd2B13,bulk-import-script,antiaye80@gmail.com,mda_user,ministry-of-works-and-housing,mda_users_import
2026-09-02T23:29:51.316Z,mps9NMJC4ygmFWz81S0hpmB0RFM2,bulk-import-script,wassem@parliament.gh,mda_user,parliament-of-ghana,mda_users_import
2026-09-02T23:48:28.879Z,ZptKPPuPOIcjoMt5I14It125cuB3,bulk-import-script,timo68ro@yahoo.com,mda_user,ministry-of-health,mda_users_import
2026-09-02T22:23:32.268Z,6uCTRYqkn4O80F5tBBaM2gg2v1K3,bulk-import-script,glesonus@yahoo.com,mda_user,ministry-of-health,mda_users_import
2026-09-17T23:36:18.299Z,wSNvoVEQzdNF0d1pmRGY0PR3gcC2,bulk-import-script,paula.oppong4@gmail.com,mda_user,christ-the-teacher-college-of-education,capacity_building_users_import
2026-09-02T22:52:54.089Z,fn9IaMKDinQe23aVg0Mpuuu5YG43,bulk-import-script,lawkuuem@gmail.com,mda_user,ministry-of-employment-and-labour-relations,mda_users_import
2026-09-02T23:32:27.132Z,JKTWH9KY7CPPFIWVBsMzPro6DBG3,bulk-import-script,alfredowusu@yahoo.com,mda_user,ministry-of-finance,mda_users_import
2026-09-02T22:54:42.213Z,gwFE2JiwKJcKgE1GWJ9vwlhdDni2,bulk-import-script,agnes.assan@fishcom.gov.gh,mda_user,ministry-of-fisheries-aqua-culture-development,mda_users_import
2026-09-01T13:46:02.725Z,5ruuP9wHTGOvGFim4xkMmWxqkoz2,bulk-import-script,medindeama@gmail.com,mda_user,new-juaben-south-municipal,volta_serene_group56_users_import
2026-09-02T22:03:55.591Z,R5tktRXYY7dYXH2TyovbEfmI1pp1,bulk-import-script,vanessa40aseye@gmail.com,mda_user,office-of-government-machinery,mda_users_import
2026-09-02T23:06:47.873Z,OkIx4shf0PckljTUGlICRt4h9nd2,bulk-import-script,socloo@yahoo.com,mda_user,ministry-of-roads-and-highways,mda_users_import
2026-09-02T22:52:15.965Z,QLYkvvohBsO3F6DxrlArJPpkPJl2,bulk-import-script,anthony.quansah@fairwages.gov.gh,mda_user,ministry-of-employment-and-labour-relations,mda_users_import
2026-09-17T23:09:32.877Z,SKeIdJ8johbEoaLz3FembLd17yG2,bulk-import-script,franklyn026@gmail.com,mda_user,national-disaster-management-organisation-nadmo,capacity_building_users_import
2026-09-02T22:49:27.606Z,ad7C8JL7lLNv4IpHsZZmICAU74P2,bulk-import-script,grace.torvor@ges.gov.gh,mda_user,ministry-of-education,mda_users_import
2026-09-02T21:44:17.381Z,9PIiGlMYYEeaNzVzC0DQS00R6rJ2,bulk-import-script,bernadette.nyonator@immigration.gov.gh,mda_user,ministry-of-the-interior,mda_users_import
2026-09-02T21:32:02.987Z,sDOrzpjl8maEU9tBtzfgR4chWCM2,bulk-import-script,raymond.addo@mesti.gov.gh,mda_user,ministry-of-environment-science-technology-and-innovation,mda_users_import
2026-09-02T22:10:54.134Z,P7MZ8FueqSSp5yDH4cQsYPDvbu83,bulk-import-script,jakyjoyner@yahoo.com,mda_user,office-of-the-head-of-civil-service,mda_users_import
2026-09-17T23:22:54.502Z,u3SLKEqXndPLy6rnzlIOWYwwyFH3,bulk-import-script,grace.ofosu@ges.gov.gh,mda_user,ghana-education-service,capacity_building_users_import
2026-09-02T22:02:09.882Z,tJMFhLtMQ5OK9gxozbroI8hPVUE3,bulk-import-script,frank.atta-poku@nhia.gov.gh,mda_user,national-health-fund,mda_users_import
2026-09-02T22:20:59.820Z,G3ZHKhlMKkOfg1UuUHvVEgHP7Z22,bulk-import-script,ebenezertetteh700@gmail.com,mda_user,ministry-of-health,mda_users_import
2026-09-02T23:50:03.650Z,h2hQE5h8K4ODUSsWtEW6sAH5D542,bulk-import-script,richmond.kumi@moffa.gov.gh,mda_user,ministry-of-health,mda_users_import
2026-09-02T23:47:01.716Z,U5Dt28GhThRi7fVPqlVZHcz8IiX2,bulk-import-script,niilaud@hotmail.com,mda_user,ministry-of-health,mda_users_import
2026-09-17T22:58:31.129Z,XeDhCwsRoDUsZeNVacbYdoENu7u2,bulk-import-script,aotoo@energycom.gov.gh,mda_user,energy-commission,capacity_building_users_import
2026-09-02T21:41:50.068Z,wiwMjcnmRrYnwnq8rCzT7pyeI4i1,bulk-import-script,eboxgh@gmail.com,mda_user,ministry-of-roads-and-highways,mda_users_import
2026-09-18T15:36:41.344Z,2ZadC4NYHJgxoxcMbFacrXUr2l42,bulk-import-script,derrickopoku73@gmail.com,mda_user,bosome-freho-district,group1516_users_import
2026-09-11T13:53:52.121Z,tCOXk4aAt3eLcAGJ5Ioom4rzPPs2,bulk-import-script,dennis.dadson@annda.gov.gh,mda_user,atwima-nwabiagya-north-district,volta_serene_group1112_users_import
2026-09-02T23:06:59.201Z,uDtsPSeijlOOg7XBId8LEq79VQE3,bulk-import-script,akwasiam@yahoo.co.uk,mda_user,ministry-of-the-interior,mda_users_import
2026-09-02T22:28:27.543Z,ejoAUwIVDhbYiIYl6Q88gI08PXL2,bulk-import-script,yawsoja1@gmail.com,mda_user,ministry-of-health,mda_users_import
2026-09-02T23:24:10.574Z,DSzb6dTKIaZ4jJo7ovjXUY1s0512,bulk-import-script,eric.sah@nhia.gov.gh,mda_user,national-health-fund,mda_users_import
2026-09-02T21:28:51.405Z,wSE4QAcKxqVezcyuuipZ90OX4i12,bulk-import-script,gifty.tsatsu@melr.gov.gh,mda_user,ministry-of-employment-and-labour-relations,mda_users_import
2026-09-02T23:47:36.862Z,mqi9z9WnnHMPAqW3os1QK32uAJ93,bulk-import-script,marymawunyo@gmail.com,mda_user,ministry-of-health,mda_users_import
2026-09-02T22:20:47.766Z,yA2iOtvo2Xc1zkROozgMQCvj9lK2,bulk-import-script,lisananor138@gmail.com,mda_user,ministry-of-health,mda_users_import
2026-09-02T23:50:29.924Z,F16SfAMTneM8E8cMWMVVBKNnbV02,bulk-import-script,robert.suapim@ghs.gov.gh,mda_user,ministry-of-health,mda_users_import
2026-09-02T22:46:53.103Z,ZWNiGsNkzBSxzgQwldrFBg95vYd2,bulk-import-script,samuel.newton@moc.gov.gh,mda_user,ministry-of-communication-and-decentralization,mda_users_import
2026-09-02T21:35:39.154Z,bXsaMtfwmOb1Rr6OsP3djypbtcr2,bulk-import-script,mary.avarade@mfa.gov.gh,mda_user,ministry-of-foreign-affairs-and-regional-integration,mda_users_import
2026-09-02T22:15:43.427Z,rTKUxbtknbMqmklKJVeFZUPn7zk1,bulk-import-script,stephenabofour@gmail.com,mda_user,ministry-of-finance,mda_users_import
2026-09-02T22:57:43.902Z,FKgH3gBsyzYSip1sDZHgsej0NwC3,bulk-import-script,prince.attoh-okine@mogcsp.gov.gh,mda_user,ministry-of-gender-children-and-social-protection,mda_users_import
2026-09-02T23:49:45.082Z,jmev6dBOySeVi3syv1hubCLHGXf2,bulk-import-script,rgamor@hth.gov.gh,mda_user,ministry-of-health,mda_users_import
2026-09-17T23:46:04.781Z,ls9q7G8m7rOQTnViApHMlBx2v2c2,bulk-import-script,cephas.agboka@ctvet.gov.gh,mda_user,ghana-tvet-service,capacity_building_users_import
2026-09-17T23:40:19.906Z,RsZkCinVKKOG6wvRecPypFEVkHW2,bulk-import-script,gbz.kafui@iat.gov.gh,mda_user,institute-of-accountancy-training,capacity_building_users_import
2026-09-18T15:28:16.603Z,Dm6rlaO907X6DpVd04KDkTpKLj53,bulk-import-script,janet.antwi@asda.gov.gh,mda_user,adansi-south-district,group1516_users_import
2026-09-02T21:33:09.248Z,7zgPqNNq46MdjjQXsALBxaPvO4b2,bulk-import-script,isaac.aidoo@fishcom.gov.gh,mda_user,ministry-of-fisheries-aqua-culture-development,mda_users_import
2026-09-08T10:40:03.228Z,UeNNuUvvoOfQ7iqSyS6AahWcgoC3,bulk-import-script,gavnnaaidoo@gmail.com,mda_user,jomoro-municipal,gbmsupport_users_import
2026-09-02T23:32:50.343Z,lPpq7be3n5PYvU4dr4GsZa5Zt2b2,bulk-import-script,bertha.hagble@cagd.gov.gh,mda_user,ministry-of-finance,mda_users_import
2026-09-02T22:56:40.481Z,VajHCnjFhabBiRm7vQDeVkMJzEs1,bulk-import-script,bhtaahir24@gmail.com,mda_user,ministry-of-food-and-agriculture,mda_users_import
2026-09-02T23:27:42.970Z,vOokI0DJonYEb7xH0VLd0xubIxN2,bulk-import-script,nupaya.yussif@ghanaids.gov.gh,mda_user,office-of-government-machinery,mda_users_import
2026-09-17T23:41:27.917Z,FaGaaW7pUtP9ZmBfnhXwfaXHVkM2,bulk-import-script,tina.asante@gsa.gov.gh,mda_user,ghana-standards-authority,capacity_building_users_import
2026-09-02T22:41:27.683Z,ok6EE0Mn6vZeShhHf9cMozN0d2s1,bulk-import-script,jemima.arthur@audit.gov.gh,mda_user,audit-service,mda_users_import
2026-09-08T10:41:13.931Z,I73tn0mnNePrUJN4ILq3954d7hx2,bulk-import-script,mahmoudadamseinu@gmail.com,mda_user,wassa-east-district,gbmsupport_users_import
2026-09-02T23:10:13.724Z,GbbIPzOiR8Xsr2kXOOtNrqua3ez2,bulk-import-script,ben.ampene@gmail.com,mda_user,ministry-of-the-interior,mda_users_import
2026-09-17T23:11:35.282Z,7K6qYb9LFbOGwrEo5cSBY5T6INZ2,bulk-import-script,joysenyo@gmail.com,mda_user,ministry-of-employment-and-labour-relations,capacity_building_users_import
2026-09-02T23:27:09.550Z,gqST9X5gDMW6sYZLoinmNceuqNq1,bulk-import-script,walter.adabare@oag.gov.gh,mda_user,office-of-government-machinery,mda_users_import
2026-09-02T23:51:46.814Z,KunJk6akFdXWyapcOpkeBFo3Xf82,bulk-import-script,veroadjie759@gmail.com,mda_user,ministry-of-health,mda_users_import
2026-09-17T23:32:30.845Z,W5iHdlRBfThjHx4ANUN7K3vZclF3,bulk-import-script,alice.opoku-kontoh@nfa.gov.gh,mda_user,national-film-authority,capacity_building_users_import
2026-09-02T22:24:48.772Z,OmTGp74jYGPuGCBbWGvzAUU9PU02,bulk-import-script,onlartey@gmail.com,mda_user,ministry-of-health,mda_users_import
2026-09-11T13:53:29.565Z,VhXWuINhbgP7SRyO9r3EfpU0JKh1,bulk-import-script,victor.appiah@atmda.gov.gh,mda_user,atwima-mponua-district,volta_serene_group1112_users_import
2026-09-02T21:26:15.824Z,WHwgTAOf8BhaxyLrRRglUCy71sw2,bulk-import-script,michael.kwakye@gbdc.gov.gh,mda_user,ministry-of-education,mda_users_import
2026-09-02T22:50:15.761Z,j5inAhEKXyOlg1KRtiQomS9c2xB2,bulk-import-script,louisa.arthur@gtvets.gov.gh,mda_user,ministry-of-education,mda_users_import
2026-09-17T23:28:53.566Z,rNpf37a89cgUsPja1L1gEbhc0tx2,bulk-import-script,eyartey@mofep.gov.gh,mda_user,ministry-of-finance,capacity_building_users_import
2026-09-18T15:28:02.876Z,BKFdtcqiFKRtaCv9hUJtovrMmDg1,bulk-import-script,ekubanjesse@gmail.com,mda_user,bosome-freho-district,group1516_users_import
2026-09-02T23:38:43.011Z,ihxBZgbXv6X2xjBf9EblkzPnWVO2,bulk-import-script,benewindy@gmail.com,mda_user,ministry-of-health,mda_users_import
2026-09-17T23:06:15.079Z,8pftAVbxHvWhEjeKgjXEKgsmi5s1,bulk-import-script,godfred.amponsah@myde.gov.gh,mda_user,ministry-of-youth-development-and-empowerment,capacity_building_users_import
2026-09-02T23:40:35.949Z,PYizxfKhZobIRANwOyOnkSoPPl12,bulk-import-script,dameworlor@hth.gov.gh,mda_user,ministry-of-health,mda_users_import
2026-09-17T23:13:50.937Z,GmqztQGL60bDwLoBXOpdF71fjHC3,bulk-import-script,enoch.batsa@chraj.gov.gh,mda_user,commission-on-human-rights-and-administrative-justice,capacity_building_users_import
2026-09-17T23:38:44.738Z,7K6qYb9LFbOGwrEo5cSBY5T6INZ2,bulk-import-script,joysenyo@gmail.com,mda_user,ministry-of-employment-and-labour-relations,capacity_building_users_import
2026-09-15T11:50:53.384Z,xCMyc4wTCSU92Gg5lPjjIokHM8f2,bulk-import-script,emmanuel.osei@mma.gov.gh,mda_user,mampong-municipal,ashanti_users_import
2026-09-17T23:27:32.917Z,jjKvjBS9fLbyTky0iJNQq1WpkBz1,bulk-import-script,maybayor@yahoo.com,mda_user,ministry-of-food-and-agriculture,capacity_building_users_import
2026-09-02T21:15:51.931Z,oMi0cPMEY3SRRVEgkAFgtDGAzRK2,bulk-import-script,evanssarpong60@gmail.com,mda_user,electoral-commission,mda_users_import
2026-09-02T21:39:18.149Z,DYQ38F1Z44hFS2SfT7vh5IwVbLC2,bulk-import-script,ziempee@gmail.com,mda_user,ministry-of-local-government,mda_users_import
2026-09-02T23:10:46.347Z,AtKwbGwwerbhcHwZZXZgBE14ZeZ2,bulk-import-script,semefa.asimenu@peacecouncil.gov.gh,mda_user,ministry-of-the-interior,mda_users_import
2026-09-02T23:47:49.596Z,bqZOlWosSyfPdDrD7dt7CckdI2E3,bulk-import-script,mark.zuh@ghs.gov.gh,mda_user,ministry-of-health,mda_users_import
2026-09-17T22:58:11.691Z,G7MjS2aZpqX2rFt5Gl7ncoCahnw1,bulk-import-script,marian.kumi@mosr.gov.gh,mda_user,ministry-of-sports-and-recreation,capacity_building_users_import
2026-09-02T22:10:49.559Z,b1axEKODDyNO5OMO6VNoL2eP3Ft1,bulk-import-script,george.lomotey@pscmd.gov.gh,mda_user,office-of-the-head-of-civil-service,mda_users_import
2026-09-17T23:03:26.766Z,KbOn4bQLVuPUp9HvV1w7J97VrL73,bulk-import-script,eboascot@yahoo.com,mda_user,national-development-planning-commission,capacity_building_users_import
2026-09-15T11:46:19.957Z,v3r1DoURV5Z41XhiUhILRcixuk43,bulk-import-script,joshua.mensah@onda.gov.gh,mda_user,offinso-north-district,ashanti_users_import
2026-09-17T23:05:26.144Z,aouemVl6gch6ERkU9oQCm1yl2W83,bulk-import-script,daniel.sam53@yahoo.com,mda_user,central-regional-coordinating-council,capacity_building_users_import
2026-09-17T23:37:38.978Z,l3F8HkzXJEYdBlZq51DKLbNGeTh2,bulk-import-script,niyi25032017@gmail.com,mda_user,council-of-state,capacity_building_users_import
2026-09-02T22:12:30.871Z,fZVOGYYBA1NUHW4xZyeXQwXLvMq1,bulk-import-script,bagyane@mofep.gov.gh,mda_user,ministry-of-finance,mda_users_import
2026-09-02T23:17:48.122Z,jVMWjtp3RXWtb1PNTz5WHGmpZBS2,bulk-import-script,clara.lartey@mosr.gov.gh,mda_user,ministry-of-youth-and-sports,mda_users_import
2026-09-04T13:40:28.693Z,8i2SQv8sZaZ5GhB9W3iUP6kkj8n2,bulk-import-script,tikabavug2018@gmail.com,mda_user,north-gonja-district,volta_serene_group78_users_import
2026-09-02T22:41:37.320Z,k5XKd5LXv0hOB8IFg82YYPvgGUy2,bulk-import-script,chris.aryeh@commonfund.gov.gh,mda_user,district-assemblies-common-fund,mda_users_import
2026-09-02T23:00:08.811Z,34B64DEmuPcfbrwWpI6sp2rA8rO2,bulk-import-script,josiah.commodore@lgs.gov.gh,mda_user,ministry-of-local-government,mda_users_import
2026-09-02T22:47:32.828Z,y1W9DCtHV4Wp0Q6ZhmCurpQ28t82,bulk-import-script,monic1tee@gmail.com,mda_user,ministry-of-defence,mda_users_import
2026-09-02T23:29:39.631Z,BB83ewCDFEdtnTpMSStmXnKvDgA3,bulk-import-script,simon.atongo@pscmd.gov.gh,mda_user,office-of-the-head-of-civil-service,mda_users_import
2026-09-02T22:57:38.313Z,IT6org2vvkR2dMyzrsWX2MPglmo2,bulk-import-script,genyah@ncpd.gov.gh,mda_user,ministry-of-gender-children-and-social-protection,mda_users_import
2026-09-02T21:53:16.695Z,5MclCmYCt0V92chPc39SfdtO0al1,bulk-import-script,anabellaarthur@gmail.com,mda_user,ministry-of-transport,mda_users_import
2026-09-02T23:42:21.736Z,4xnM3CTGcWOVT7e5m4dT3VuXWCe2,bulk-import-script,avumegah@stjohn.org.gh,mda_user,ministry-of-health,mda_users_import
2026-09-02T23:03:31.153Z,erVLy0V4GQP6Fxi7pObD0fYEQuO2,bulk-import-script,sammyleesimpiney@yahoo.com,mda_user,ministry-of-local-government,mda_users_import
2026-09-01T13:46:38.357Z,L3tBabMaLWTE0BZYmWmFgxuVrSW2,bulk-import-script,abraham.gyebi@suma.gov.gh,mda_user,suhum-district,volta_serene_group56_users_import
2026-09-18T15:34:21.451Z,VSxLas79vPe5cY00Zqe7Z6jPGtp2,bulk-import-script,cephas.mensah@sewda.gov.gh,mda_user,sene-west-district,group1516_users_import
2026-09-02T22:54:45.529Z,kjs2GPOsOGQw3Z7baq2sgpvbAiY2,bulk-import-script,baidawu.fuad@mofad.gov.gh,mda_user,ministry-of-fisheries-aqua-culture-development,mda_users_import
2026-09-02T21:20:48.318Z,B9iHN0Y8AJay67w5uC6l6pKHW6v1,bulk-import-script,anita.avad@moe.gov.gh,mda_user,ministry-of-education,mda_users_import
2026-09-02T23:36:01.879Z,Rt3IAmB7apZobMM1TVRvLEQStMT2,bulk-import-script,iatregistrarsoffice@gmail.com,mda_user,ministry-of-finance,mda_users_import
2026-09-17T23:22:23.602Z,Nr9TGtxzpLeDf0mBp446AahXwp22,bulk-import-script,lawoe.bright@noryhernrcc.gov.gh,mda_user,northern-regional-coordinating-council,capacity_building_users_import
2026-09-02T23:18:25.459Z,sMW1isAe0SdHNQZ3mBDSpEdo1g83,bulk-import-script,felix.quainoo@oasl.gov.gh,mda_user,ministry-of-lands-and-natural-resources,mda_users_import
2026-09-02T22:09:10.337Z,CseNBQBV2kbI0mqHFzPqEpaLwLx1,bulk-import-script,donatus.silo@gna.org.gh,mda_user,office-of-government-machinery,mda_users_import
2026-09-02T22:03:12.770Z,CEWaRJUL9edVCfY2TJrJyKLnBFn1,bulk-import-script,samuel.larsey@nhia.gov.gh,mda_user,national-health-fund,mda_users_import
2026-09-17T23:11:56.170Z,K8BqgUrjodQn46RgaY0D0gmDpOY2,bulk-import-script,eyendaw@ubids.edu.gh,mda_user,management-development-and-productivity-institute,capacity_building_users_import
2026-09-02T23:52:41.734Z,IFkXa73GVjSeKHMXkrvEWUJ0qTz1,bulk-import-script,divine.kumah@yea.gov.gh,mda_user,ministry-of-youth-development-and-empowerment,mda_users_import
2026-09-17T23:02:39.762Z,ZyiQpAZq8uSW8RLeOyzGH0SqXdC3,bulk-import-script,ken.boateng@mogcsp.gov.gh,mda_user,ministry-of-gender-children-and-social-protection,capacity_building_users_import
2026-09-02T23:29:20.924Z,UOoHGn9B1ZYajd9KgdtKtTEbFWk2,bulk-import-script,moses.akrofi@msd.gov.gh,mda_user,office-of-the-head-of-civil-service,mda_users_import
2026-09-17T23:05:09.616Z,nWBIMLubrsaC0kzb30YvsEoRtp12,bulk-import-script,stephenabofuor@gmail.com,mda_user,controller-and-accountant-general-s-department,capacity_building_users_import
2026-09-02T23:47:38.701Z,2YuEMzGj6qPYaq4AkUAGixNuCuv2,bulk-import-script,macjonaskambe@yahoo.com,mda_user,ministry-of-health,mda_users_import
2026-09-02T21:49:00.392Z,sLT8LgZvIsarQ6TEC6INJblNSCw2,bulk-import-script,peter.mireku@gamingcommission.gov.gh,mda_user,ministry-of-the-interior,mda_users_import
2026-09-17T23:02:00.644Z,jkj2p3a9WqNfmYqy394NmVyR9yF2,bulk-import-script,anabella.arthur@mot.gov.gh,mda_user,ministry-of-transport,capacity_building_users_import
2026-09-02T21:21:19.133Z,mw0w4E0le1NhQ1Ta9qdxVthuNmj1,bulk-import-script,cazumah@waecgh.org,mda_user,ministry-of-education,mda_users_import
2026-09-17T23:03:07.707Z,vCioILTCmMdTCB4MBzjJI5vH82u1,bulk-import-script,leonard.nunoo@ohcs.gov.gh,mda_user,office-of-the-head-of-civil-service,capacity_building_users_import
2026-09-17T23:45:38.604Z,1tflcxxqGzbjqoXrhhsj3wXaSeo2,bulk-import-script,joandzatey@gmail.com,mda_user,department-of-parks-and-gardens,capacity_building_users_import
2026-09-11T13:52:33.881Z,eIumVmhgl2gkLZ6fc9V8fLztUlI2,bulk-import-script,amoako.dominic@aasma.gov.gh,mda_user,asante-akim-south-district,volta_serene_group1112_users_import
2026-09-02T21:43:50.587Z,Vx0f1F79zzQPaYYne0czKFxbUrx1,bulk-import-script,anita.forster@ncc.gov.gh,mda_user,ministry-of-the-interior,mda_users_import
2026-09-02T23:06:27.659Z,JQpqwuIS99XRAB4jq3d4UvJsrok2,bulk-import-script,paul.duah@highway.gov.gh,mda_user,ministry-of-roads-and-highways,mda_users_import
2026-09-02T21:41:36.347Z,Ngmj22Hms9hvnR9APWKYtCnmrZm1,bulk-import-script,abigailshardow@yahoo.com,mda_user,ministry-of-roads-and-highways,mda_users_import
2026-09-17T23:34:14.514Z,FdlJq6NvEqZDFiB7Jrp3HvX7B4M2,bulk-import-script,dillyoyou@yahoo.com,mda_user,national-theatre-of-ghana,capacity_building_users_import
2026-09-02T21:44:39.076Z,GGXLcSegb9ZzqoQ8R3aS5F1xXau1,bulk-import-script,cfognfs@gmail.com,mda_user,ministry-of-the-interior,mda_users_import
2026-09-02T21:53:14.390Z,0Lm7X3M5XAggS01d6ytVEZi6zeo1,bulk-import-script,al-amin.al-hassan@grda.gov.gh,mda_user,ministry-of-transport,mda_users_import
2026-09-17T23:35:20.024Z,KunJk6akFdXWyapcOpkeBFo3Xf82,bulk-import-script,veroadjie759@gmail.com,mda_user,centre-for-plant-medicine-research,capacity_building_users_import
2026-09-17T23:16:30.542Z,QB9g7PJDyHTgOhhDSdMkpQNVLLG3,bulk-import-script,eugene.tetteh@gipa.gov.gh,mda_user,ghana-investment-promotion-authority,capacity_building_users_import
2026-09-02T21:29:27.743Z,m4Hcl3r3vRdv4KYsjnNCfSAD4eD3,bulk-import-script,william.darlie@doc.gov.gh,mda_user,ministry-of-employment-and-labour-relations,mda_users_import
2026-09-02T22:20:15.265Z,xYUpvkiRS0VK1G8Wne4Bi9JEUen2,bulk-import-script,ashongmettle723@gmail.com,mda_user,ministry-of-health,mda_users_import
2026-09-02T21:41:08.146Z,xWPUAU5EQwg0PzDxoNWKPTkng4Z2,bulk-import-script,wahab0515@gmail.com,mda_user,ministry-of-roads-and-highways,mda_users_import
2026-09-02T22:41:31.406Z,ON3BrNeb29bsmASdVztSdPDyQwH2,bulk-import-script,abigail.otoo@chraj.gov.gh,mda_user,commission-on-human-rights-and-administrative-justice,mda_users_import
2026-09-17T23:13:47.600Z,ivarCwxsueOqPF2SHdSWxOKIDEr2,bulk-import-script,nanaamatenegyaa@gmail.com,mda_user,ministry-of-defence,capacity_building_users_import
2026-09-02T23:47:51.394Z,J1A1Bmza6YWqXLLJhr9dAGbILiy2,bulk-import-script,elviskusi@yahoo.com,mda_user,ministry-of-health,mda_users_import
2026-09-17T23:03:10.720Z,A0ugnk8cppbO2lmUGrcaOioTgCH2,bulk-import-script,maxwell.lamptey@ohcs.gov.gh,mda_user,office-of-the-head-of-civil-service,capacity_building_users_import
2026-09-02T23:16:08.902Z,8TEwUSDDUJed2HMzsmfRjxIhr553,bulk-import-script,leonard.ankrah@gmail.com,mda_user,ministry-of-works-and-housing,mda_users_import
2026-09-17T23:18:06.473Z,ZWNiGsNkzBSxzgQwldrFBg95vYd2,bulk-import-script,samuel.newton@moc.gov.gh,mda_user,ministry-of-communications-digital-technology-and-innovations,capacity_building_users_import
2026-09-17T23:05:40.804Z,l2HZxEihe9Zqs6R5OB7fRwJoJ7H2,bulk-import-script,john.nketia@statsghana.gov.gh,mda_user,ghana-statistical-service,capacity_building_users_import
2026-09-02T22:29:38.186Z,quCHhoWPLBMLmKpsnfSB15LSQLZ2,bulk-import-script,william.ampofo@nvi.gov.gh,mda_user,ministry-of-health,mda_users_import
2026-09-01T13:46:10.817Z,uY0hjXrsDPYOGpN6P6GPtiwOQOQ2,bulk-import-script,adatoradjeidaniel@gmail.com,mda_user,nsawam-adoagyiri-municipal,volta_serene_group56_users_import
2026-09-02T22:26:07.683Z,Ewuq6u4zT3UBjpBLAQrrniYVR0d2,bulk-import-script,marian.edusei@ghs.gov.gh,mda_user,ministry-of-health,mda_users_import
2026-09-02T23:05:33.756Z,IR12cBglA2Mir8SA4NQJ1ng8gJf2,bulk-import-script,ekaamanfo@yahoo.com,mda_user,ministry-of-roads-and-highways,mda_users_import
2026-09-04T13:38:48.924Z,462G9EhFT1azu1bms3APMiRTqO33,bulk-import-script,ziblila.yahaya@kpda.gov.gh,mda_user,kpandai-district-assembly,volta_serene_group78_users_import
2026-09-02T23:06:10.103Z,VehTiGZLAcfGi4cPeUfbvvjHsxs1,bulk-import-script,just2uu@yahoo.com,mda_user,ministry-of-roads-and-highways,mda_users_import
2026-09-17T23:50:16.384Z,YbloLerEf7Q0JA0UcPMc9FxxdI72,bulk-import-script,abdul.fazazi@yunada.gov.gh,mda_user,yunyoo-nasuan-district,capacity_building_users_import
2026-09-02T21:25:29.493Z,BXtkg8oXmROb0qBYIQ7stYMeRq23,bulk-import-script,jeremiah.ansah@ges.gov.gh,mda_user,ministry-of-education,mda_users_import
2026-09-18T15:31:41.633Z,navIEIxKCThyLv63o11iKFpO2cG2,bulk-import-script,ayishatu.is-haq@kima.gov.gh,mda_user,kintampo-north-municipal,group1516_users_import
2026-09-08T10:40:33.941Z,cjpT4iEO3XRdE59IeXCrue5W1Ps1,bulk-import-script,emmanuel.conduah@stma.gov.gh,mda_user,sekondi-takoradi-metropolis,gbmsupport_users_import
2026-09-02T22:02:30.877Z,fKzPkul8ghaup3qS8XAlPb4aGZV2,bulk-import-script,isaac.nyarko@nhia.gov.gh,mda_user,national-health-fund,mda_users_import
2026-09-02T21:57:14.161Z,PB1kKRzoY4TLw30IiIGgkDwHPFQ2,bulk-import-script,afrimpong4477@yahoo.com,mda_user,ministry-of-works-and-housing,mda_users_import
2026-09-02T22:06:51.339Z,DPgzdmSQJZQhjIU0p474nIHxHKC3,bulk-import-script,judithkyereaah@gmail.com,mda_user,office-of-government-machinery,mda_users_import
2026-09-02T21:42:20.302Z,63EUYgTkaheqaETXV3XzpAHaKii2,bulk-import-script,joamoogottfried@gmail.com,mda_user,ministry-of-roads-and-highways,mda_users_import
2026-09-17T23:07:34.892Z,F5tQ5qrv5nQo2jYofdnM6t5ZaJC2,bulk-import-script,eyeboateng@yahoo.com,mda_user,national-media-commission,capacity_building_users_import
2026-09-17T23:33:27.683Z,MvYl9aA73nc5GxAIQmM3yXsauHS2,bulk-import-script,vida.ogoe@yahoo.co.uk,mda_user,environmental-protection-agency,capacity_building_users_import
2026-09-02T21:41:05.703Z,D1HqgJIKTjQzwdbE2uP3C0xEgvI3,bulk-import-script,oshingumah@gmail.com,mda_user,ministry-of-local-government,mda_users_import
2026-09-02T23:51:05.664Z,iGs9TXTy9IZ0iZ63NBWz0oF68TF3,bulk-import-script,sethkwamekudzro200@gmail.com,mda_user,ministry-of-health,mda_users_import
2026-09-17T23:27:08.439Z,gwFE2JiwKJcKgE1GWJ9vwlhdDni2,bulk-import-script,agnes.assan@fishcom.gov.gh,mda_user,fisheries-commission,capacity_building_users_import
2026-09-04T13:39:14.585Z,bXx1JkC8elgjtuJACHZw1yYi6k13,bulk-import-script,joan.azangeo@tolon.gov.gh,mda_user,tolon-district,volta_serene_group78_users_import
2026-09-17T23:39:15.489Z,84E8LuZyBFX9ZO6XN8b19529P0Z2,bulk-import-script,gbekorc@gmail.com,mda_user,ghana-tvet-service,capacity_building_users_import
2026-09-17T23:14:14.364Z,2kymHvROwIXAU4dKkEuPRUELfkU2,bulk-import-script,eunice.addo@gitc.gov.gh,mda_user,ghana-international-trade-commission,capacity_building_users_import
2026-09-17T23:08:21.131Z,lJk4fiaa14US2SSvupCtUZa67IH2,bulk-import-script,solo11159@gmail.com,mda_user,ministry-of-lands-and-natural-resources,capacity_building_users_import
2026-09-02T21:33:01.107Z,mp6AikFnErdIdqp62U9r9KiPH2z2,bulk-import-script,fred.antwi-boadu@fishcom.gov.gh,mda_user,ministry-of-fisheries-aqua-culture-development,mda_users_import
2026-09-02T23:39:50.294Z,YyVVKXclB0bxcHyCAnlysn43DXq2,bulk-import-script,joezy6745@gmail.com,mda_user,ministry-of-health,mda_users_import
2026-09-02T22:52:28.026Z,sLfGwqb5ZfSB7z5ofoThk2igzuJ2,bulk-import-script,francinaad@gmail.com,mda_user,ministry-of-employment-and-labour-relations,mda_users_import
2026-09-02T23:09:57.506Z,UMq4hJLBvAY5wm9PEJtyTJoW3Gl2,bulk-import-script,louishamilton@gmail.com,mda_user,ministry-of-the-interior,mda_users_import
2026-09-18T15:30:59.596Z,wWonJVBvVzSVla7scrabWFKLz9q1,bulk-import-script,michael.opare@aama.gov.gh,mda_user,atebubu-amantin-municipal,group1516_users_import
2026-09-17T23:03:04.816Z,ON3BrNeb29bsmASdVztSdPDyQwH2,bulk-import-script,abigail.otoo@chraj.gov.gh,mda_user,commission-on-human-rights-and-administrative-justice,capacity_building_users_import
2026-09-08T10:40:59.147Z,56yFE3kZSAaLdSPhq0n9ea0sbMz1,bulk-import-script,ekowtawiah1990@gmail.com,mda_user,wassa-amenfi-east-district,gbmsupport_users_import
2026-09-17T22:59:49.548Z,nef7vhT5UIfHiOQmzz8S3dVuDUG3,bulk-import-script,emmanuel.acquah@psc.gov.gh,mda_user,public-services-commission,capacity_building_users_import
2026-09-15T11:48:49.152Z,TgBjSFHPJHfWaivoMI5fX2f1DW62,bulk-import-script,rebecca.annor@suamema.gov.gh,mda_user,suame-municipal,ashanti_users_import
2026-09-17T23:16:27.907Z,zpLHdbp732atNgqhYi9Fe9qTt6E3,bulk-import-script,emmanuel.adu@ctvet.gov.gh,mda_user,ghana-tvet-service,capacity_building_users_import
2026-09-02T22:48:11.518Z,M9a2JqecHWY61FWoHiQjZy5INa83,bulk-import-script,isaac.appoh@ncca.gov.gh,mda_user,ministry-of-education,mda_users_import
2026-09-11T13:53:45.477Z,Ct4TuuHYqYX7aY070gushkbRdoF2,bulk-import-script,b.oseitutu1@gmail.com,mda_user,atwima-nwabiagya-north-district,volta_serene_group1112_users_import
2026-09-02T21:35:43.349Z,IX6Ofm43nSZmBKI53WhdT16LJlx2,bulk-import-script,sarah.nelson@mfa.gov.gh,mda_user,ministry-of-foreign-affairs-and-regional-integration,mda_users_import
2026-09-02T21:59:28.152Z,YxyEA4Mzi2WiZHpBrseCiavi5Zd2,bulk-import-script,beryl.effuein@giisdec.com,mda_user,ministry-of-lands-and-natural-resources,mda_users_import
2026-09-02T22:49:23.839Z,tUc8FxDSLcf0RCElFPEg2cP0T0n2,bulk-import-script,gloria.amoatey@ntc.gov.gh,mda_user,ministry-of-education,mda_users_import
2026-09-24T09:46:06.817Z,hcTocnV8f5QY8ZXFwTIg4YVyekt1,bulk-import-script,gmakan.wujangi@mint.gov.gh,mda_user,ministry-of-the-interior,interior_users_import
2026-09-02T23:52:15.628Z,TuaZ7HaPs1UQAUBu62wuyeKCBnL2,bulk-import-script,andrew.agyemang@neip.gov.gh,mda_user,ministry-of-youth-development-and-empowerment,mda_users_import
2026-09-17T23:02:47.457Z,EBJT352nrYaA6HfL5y8od1xkYNJ3,bulk-import-script,sandrasiaw@yahoo.com,mda_user,weija-gbawe-municipal-hospital,capacity_building_users_import
2026-09-02T21:55:54.848Z,YjSjBelUmiUKUf9AGzHFa8Uig7t2,bulk-import-script,baasuo@gmail.com,mda_user,ministry-of-works-and-housing,mda_users_import
2026-09-02T21:28:42.335Z,sLfGwqb5ZfSB7z5ofoThk2igzuJ2,bulk-import-script,francinaad@gmail.com,mda_user,ministry-of-employment-and-labour-relations,mda_users_import
2026-09-17T23:37:48.828Z,FdHW2eNnM1g4a4lXP4Wm7ES0iJj2,bulk-import-script,alfredkwame2005@gmail.com,mda_user,management-development-and-productivity-institute,capacity_building_users_import
2026-09-02T21:50:19.028Z,lyRfsPOKxdcxxvzOVboSrPl9mzC2,bulk-import-script,kweiawaa@yahoo.com,mda_user,ministry-of-tourism-culture-and-creative-arts,mda_users_import
2026-09-02T22:09:23.438Z,wTomE4l8RdZFZ66oo7h89g4brCl2,bulk-import-script,goftaryee@gmail.com,mda_user,office-of-government-machinery,mda_users_import
2026-09-02T21:23:39.949Z,pCysi7DRTAYuKI14p17c72gpGRH2,bulk-import-script,emelia.akrofi-addo@cea.gov.gh,mda_user,ministry-of-education,mda_users_import
2026-09-02T22:56:29.149Z,ZOmpF1VRVvaRaCxcJwE1ZywxArS2,bulk-import-script,nana.abrokwa@npfs.gov.gh,mda_user,ministry-of-fisheries-aqua-culture-development,mda_users_import
2026-09-08T10:41:07.745Z,zMIc8R83POZaqUc2FuicJpYzYu62,bulk-import-script,macmattimus1@gmail.com,mda_user,wassa-amenfi-west-district,gbmsupport_users_import
2026-09-17T23:43:43.775Z,kub8p0Y6XPbOXVlJvMtZ9HH554t1,bulk-import-script,abigail.amankwah@luspa.gov.gh,mda_user,luspa-mlgcra,capacity_building_users_import
2026-09-17T23:03:23.600Z,8TEwUSDDUJed2HMzsmfRjxIhr553,bulk-import-script,leonard.ankrah@gmail.com,mda_user,department-of-rural-housing,capacity_building_users_import
2026-09-17T23:22:32.276Z,AkBtXSDhiZOFcTlFAMdNvQr8H7f1,bulk-import-script,emil.tetteh@gamingcommission.gov.gh,mda_user,gaming-commission,capacity_building_users_import
2026-09-02T22:19:29.764Z,PpKRgbgzEQdLpCAukn9UGeDKV3C3,bulk-import-script,aderrick@hth.gov.gh,mda_user,ministry-of-health,mda_users_import
2026-09-17T23:22:12.712Z,RZ7CFXZdB8TeNOuK1QylhxqT8st2,bulk-import-script,nathaniel.nettey@nmc.gov.gh,mda_user,nursing-and-midwifery-council,capacity_building_users_import
2026-09-02T21:38:04.017Z,maLP68fj5AS7Fx8kReoMyx47D9z2,bulk-import-script,oseisefagideaon@gmail.com,mda_user,ministry-of-local-government,mda_users_import
2026-09-24T09:49:25.799Z,nxrjipZVNdOrDRPYae4oeT0GuqA3,bulk-import-script,elikem.kwadzokpo@grb.gov.gh,mda_user,ghana-refugee-board,interior_users_import
2026-09-17T22:59:58.644Z,qXiZEi0Cd9ekwgEJcRD12ZBQs2N2,bulk-import-script,mabel.danquah@ewastefund.gov.gh,mda_user,electrical-and-electronic-waste-management-fund,capacity_building_users_import
2026-09-02T23:23:19.713Z,iItX49gwWPfvI2l4XzbpLkZ2RHT2,bulk-import-script,nccehq@yahoo.com,mda_user,national-commission-on-civic-education,mda_users_import
2026-09-02T23:19:42.003Z,e0Yp5Kch2LN43PwnBIroTcrpXpH3,bulk-import-script,innocent.haligah@mlnr.gov.gh,mda_user,ministry-of-lands-and-natural-resources,mda_users_import
2026-09-17T23:15:07.813Z,MZ0mdh6KuQhOPUjnrfmaJcuwpUn1,bulk-import-script,anthony.baidoo@iaa.gov.gh,mda_user,internal-audit-agency,capacity_building_users_import
2026-09-02T22:03:36.777Z,dNWr7cwLFwYBm3aRxymycd1AbfN2,bulk-import-script,joeblebo@gmail.com,mda_user,national-media-commission,mda_users_import
2026-09-17T23:17:14.576Z,hVk6VBDHfle46xhp5EDM3X85O8w2,bulk-import-script,nafisah.kadri@mogcsp.gov.gh,mda_user,ministry-of-gender-children-and-social-protection,capacity_building_users_import
2026-09-17T23:32:12.337Z,NKNOi6RzvUQ6PxNKOHOzQkvCf8G2,bulk-import-script,frank.owusu@ncpd.gov.gh,mda_user,national-council-on-persons-with-disability,capacity_building_users_import
2026-09-02T22:18:53.153Z,pyF5zC0SsJhUqHetWhHzF1IEqS03,bulk-import-script,benamma@yahoo.com,mda_user,ministry-of-health,mda_users_import
2026-09-02T22:49:37.078Z,HHlXTdLlMvMpuVofdODNZhTxM2G3,bulk-import-script,jeffrey.asiampong.baah@gtvets.gov.gh,mda_user,ministry-of-education,mda_users_import
2026-09-08T10:39:24.085Z,PxBoc3QsZ4RTEZB5A5Ees7b9CCJ2,bulk-import-script,samuelt8@gmail.com,mda_user,ahanta-west-municipal,gbmsupport_users_import
2026-09-02T23:13:47.602Z,8i2trkOY8JRHqa40T0mZSutklil1,bulk-import-script,ahenakwa09@gmail.com,mda_user,ministry-of-trade-and-industry,mda_users_import
2026-09-02T23:12:48.711Z,UfKcM7djfuaZ2OLYGJafCoLBfh12,bulk-import-script,edwardosei77@gamil.com,mda_user,ministry-of-tourism-culture-and-creative-arts,mda_users_import
2026-09-02T23:42:12.553Z,CMzfG2jExnZOE3wVEZn169k9Z352,bulk-import-script,janicemannel@gmail.com,mda_user,ministry-of-health,mda_users_import
2026-09-02T22:42:52.989Z,2gZoIW4xi3dXEitghfogg7jvgq82,bulk-import-script,voteng2002@yahoo.com,mda_user,electoral-commission,mda_users_import
2026-09-02T23:40:57.353Z,qfIKsu1bcISr1p0wPSGoWjXDsQj2,bulk-import-script,dzatadoes@gmail.com,mda_user,ministry-of-health,mda_users_import
2026-09-17T23:22:15.095Z,9s4eA7k222aL7E2hGiOOGCJONTi1,bulk-import-script,patrick.arthur@moe.gov.gh,mda_user,ministry-of-education,capacity_building_users_import
2026-09-02T21:31:06.934Z,ybkzxUriVAZifG338CmGuFSssAI2,bulk-import-script,rabebrese@npa.gov,mda_user,ministry-of-energy,mda_users_import
2026-09-11T13:50:47.870Z,Ay532IzHuoZcA6AfPXHeIq1cJoq2,bulk-import-script,ambrose.gogo@juada.gov.gh,mda_user,juaboso-district,volta_serene_group1112_users_import
2026-09-17T23:48:06.057Z,Be2JaW3tewWXJzcxFWlXbOXe6q02,bulk-import-script,isaac.ashong@energymin.gov.gh,mda_user,ministry-of-energy,capacity_building_users_import
2026-09-24T09:47:00.146Z,WIbQUuGMYwarcYbi2LKQ5Ckz0sg1,bulk-import-script,brako_mba@yahoo.com,mda_user,ghana-national-fire-service,interior_users_import
2026-09-02T22:57:03.088Z,xZ39B3xkWhbwG0U2mET1s4o92fk1,bulk-import-script,maudkyeth@gmail.com,mda_user,ministry-of-food-and-agriculture,mda_users_import
2026-09-17T23:27:23.562Z,4ewRQqoW46afaQBpQaPYQpdPYr93,bulk-import-script,louis.opoku@rtic.gov.gh,mda_user,right-to-information-commission,capacity_building_users_import
2026-09-17T23:17:47.127Z,LGsK1q5vscQpWosGDhGZ0CpHf692,bulk-import-script,horatius.bekoe29@gmail.com,mda_user,ghana-india-kofi-annan-centre-of-excellence-in-ict-gi-kace,capacity_building_users_import
2026-09-02T23:09:40.684Z,JuZeIUEs2fQW5RMeFwg4WcYLO1w1,bulk-import-script,jessica.ayim@mint.gov.gh,mda_user,ministry-of-the-interior,mda_users_import
2026-09-02T21:27:07.074Z,lOd21Jbx3eX38UkpRqyzdkcGGMU2,bulk-import-script,eagogo@gtec.edu.gh,mda_user,ministry-of-education,mda_users_import
2026-09-02T21:58:58.428Z,5dEI8IT3l6b5yk7fhcTfRgQ0Ubt1,bulk-import-script,wilhemina.asamoah@mosr.gov.gh,mda_user,ministry-of-youth-and-sports,mda_users_import
2026-09-18T15:35:02.743Z,t6yFg8hIISZY8p8YwKeBv57SNCj2,bulk-import-script,augustus.turkson@tenda.gov.gh,mda_user,techiman-north-district,group1516_users_import
2026-09-11T13:54:06.967Z,AcH5cGonEST3mQvWBEmNMSWwSQY2,bulk-import-script,mavis.addo@bma.gov.gh,mda_user,bekwai-municipal,volta_serene_group1112_users_import
2026-09-02T23:28:10.426Z,NH4WyoCbjOaYsPcVdXkEdOM2jO02,bulk-import-script,kaytwo2020@gmail.com,mda_user,office-of-the-attorney-general-and-ministry-of-justice,mda_users_import
2026-09-02T21:17:55.893Z,Z4Iu5YRx7GMCeFEaPs6pchxyQ522,bulk-import-script,josephine.adams@moc.gov.gh,mda_user,ministry-of-communication-and-decentralization,mda_users_import
2026-09-17T23:48:08.717Z,goMrsz6vOgSHZr2sRQ8C5sVQj3B3,bulk-import-script,qjkenn@gmail.com,mda_user,weija-gbawe-municipal-hospital,capacity_building_users_import
2026-09-02T23:29:04.772Z,g9Q5jHhmDchkxbrc3P0p7MJfenx1,bulk-import-script,deborah.osei-baidoo@praad.gov.gh,mda_user,office-of-the-head-of-civil-service,mda_users_import
2026-09-02T22:27:55.962Z,h2hQE5h8K4ODUSsWtEW6sAH5D542,bulk-import-script,richmond.kumi@moffa.gov.gh,mda_user,ministry-of-health,mda_users_import
2026-09-02T23:51:35.925Z,8xjdXA1YiNMo8fAiBVhlsG9IHIn2,bulk-import-script,sandra.yenzu@nmc.gov.gh,mda_user,ministry-of-health,mda_users_import
2026-09-04T13:39:49.991Z,92XGgnqGerabAcdOOED2z3Tvk3U2,bulk-import-script,nmusahnabilla530@gmail.com,mda_user,bole-district,volta_serene_group78_users_import
2026-09-17T23:00:19.983Z,C5tsOP9R34g68nIASn8GCR45VKJ2,bulk-import-script,king.palm@mosr.gov.gh,mda_user,ministry-of-sports-and-recreation,capacity_building_users_import
2026-09-17T23:40:05.642Z,sNTafeESbJZ3AdFVBnXCuxkCLGJ2,bulk-import-script,richard.mude@gbdc.gov.gh,mda_user,ghana-book-development-council,capacity_building_users_import
2026-09-02T23:13:12.261Z,hMxdumkCw8Re2luaMYhj4xqsnSr1,bulk-import-script,akuedd@gmail.com,mda_user,ministry-of-trade-and-industry,mda_users_import
2026-09-02T23:27:01.569Z,lI7ixXvtF8gjuYnPyZBqBlPZzPN2,bulk-import-script,megirasalifu@yahoo.com,mda_user,office-of-government-machinery,mda_users_import
2026-09-01T13:45:11.020Z,GaaHgLbgiSYoWo3h4LC9fFNVDen2,bulk-import-script,john.boateng@kwahusouth.gov.gh,mda_user,kwahu-south-district,volta_serene_group56_users_import
2026-09-02T22:48:41.370Z,BVXqmWh7pFYEi16u8yooYYwVFXG3,bulk-import-script,caroline.kavison@gtvets.gov.gh,mda_user,ministry-of-education,mda_users_import
2026-09-17T23:03:29.533Z,L376SRMf31S5b3dc2srboocF24O2,bulk-import-script,elormnyat@gmail.com,mda_user,ministry-of-lands-and-natural-resources,capacity_building_users_import
2026-09-02T23:18:08.456Z,YxyEA4Mzi2WiZHpBrseCiavi5Zd2,bulk-import-script,beryl.effuein@giisdec.com,mda_user,ministry-of-lands-and-natural-resources,mda_users_import
2026-09-01T13:43:31.482Z,FNGUzM3OtkgQb2IIE6GYZCOnLig1,bulk-import-script,wahabu.amidu@bnda.gov.gh,mda_user,birim-north-district,volta_serene_group56_users_import
2026-09-02T22:30:08.075Z,CuyhX6smYSUqAFhR4pnjV1h4Rwa2,bulk-import-script,mildred.dzre@neip.gov.gh,mda_user,ministry-of-youth-development-and-empowerment,mda_users_import
2026-09-02T23:46:52.254Z,YHznEsSPHCTLuE3MNndnDa5tOio2,bulk-import-script,labilla@gcps.edu.gh,mda_user,ministry-of-health,mda_users_import
2026-09-02T22:18:55.377Z,MSwmh9X0fdP3jHTZ5eUSbrZ3mQx2,bulk-import-script,bryancesy@gmail.com,mda_user,ministry-of-health,mda_users_import
2026-09-17T23:40:59.514Z,AOFgPwjcTESkB6Y40L4GwLuIBrf1,bulk-import-script,edoughan@gtec.edu.gh,mda_user,ghana-tertiary-education-commission-gtec,capacity_building_users_import
2026-09-02T22:18:12.083Z,Jo2qxzr7GSST6PYFOPthSgagFh23,bulk-import-script,askobeng@yahoo.co.uk,mda_user,ministry-of-health,mda_users_import
2026-09-17T23:06:54.442Z,c0kEwHntT0RoQ8CGsEhj5lrbz2F3,bulk-import-script,thomas.assibi@csa.gov.gh,mda_user,cyber-security-authority,capacity_building_users_import
2026-09-22T13:04:47.974Z,IW0IF5fUpMhvq7e9IM46QNBZlgx1,bulk-import-script,lawuradauda33@gmail.com,mda_user,lambussie-karni-district,group17_users_import
2026-09-17T23:38:27.875Z,vxGKuPpSDOYqpjOvMC4PLu3uGpo1,bulk-import-script,roberta.ampadu@lgs.gov.gh,mda_user,office-of-the-head-of-local-government-service,capacity_building_users_import
2026-09-02T22:12:56.098Z,ujXuT3QQ64NNm9WCWFarEoeagwP2,bulk-import-script,emelia_derkyi@yahoo.com,mda_user,ministry-of-finance,mda_users_import
2026-09-02T21:24:53.443Z,bpe3P4hqSJOfWP0Tt2Fs5i6znZf2,bulk-import-script,evert.frimpong@ges.gov.gh,mda_user,ministry-of-education,mda_users_import
2026-09-02T22:59:22.523Z,OVt9ResbgReKKSOgxn2rIrO7orX2,bulk-import-script,ndavidera@gmail.com,mda_user,ministry-of-local-government,mda_users_import
2026-09-17T23:23:45.348Z,1avXmepcjpgh0czqWdkMZjuwJ293,bulk-import-script,obdave111@yahoo.com,mda_user,ghana-broadcasting-corporation,capacity_building_users_import
2026-09-02T22:28:17.297Z,iDoeQHjhoBPCXdjev8Eo5m68Mny1,bulk-import-script,samuel.kabaakoriyea@ghs.gov.gh,mda_user,ministry-of-health,mda_users_import
2026-09-02T22:09:08.117Z,qi7QWq5ohzgTN6efEVZpnVgpowE2,bulk-import-script,zeinabu.musah@gna.org.gh,mda_user,office-of-government-machinery,mda_users_import
2026-09-15T11:51:04.793Z,b4l4VA5igCZwrlxqn8EwbYuXCsl1,bulk-import-script,millicent.agyemang@mma.gov.gh,mda_user,mampong-municipal,ashanti_users_import
2026-09-17T23:28:35.979Z,axu2fVREkyeIEEEWSHDPZMzyBgd2,bulk-import-script,nathaniel.asamoah@doc.gov.gh,mda_user,department-of-co-operatives,capacity_building_users_import
2026-09-02T23:13:51.479Z,ZHEiUtuyxNVZdoQEHU8PCx7VIxL2,bulk-import-script,hannah.tetteh@gepa.gov.gh,mda_user,ministry-of-trade-and-industry,mda_users_import
2026-09-02T21:49:04.688Z,qtYvB9QT8cY6MOCPff288zem5gF3,bulk-import-script,rosea.kponyo@immigration.gov.gh,mda_user,ministry-of-the-interior,mda_users_import
2026-09-02T23:48:25.431Z,XtWlMJ55GJNyykMhRFihpTpRqCS2,bulk-import-script,psgawu2@gmail.com,mda_user,ministry-of-health,mda_users_import
2026-09-17T23:40:27.411Z,BQi7DqjFcQMRfsofy9tACWOwljd2,bulk-import-script,brantuo.christopher@gmail.com,mda_user,ghana-health-service,capacity_building_users_import
2026-09-02T23:20:56.703Z,temeaGypUMSSDcFoDg2DVuaU7R12,bulk-import-script,missypat09@gmail.com,mda_user,ministry-of-lands-and-natural-resources,mda_users_import
2026-09-02T22:30:18.753Z,HTlaRRdtG7dOgd554CAYL8u8BBe2,bulk-import-script,perfect.kumah@nss.gov.gh,mda_user,ministry-of-youth-development-and-empowerment,mda_users_import
2026-09-02T23:24:28.374Z,Tw3dfMbBAvhoIUBuR9w3uLCcTpz2,bulk-import-script,george.asamoah-baah@nhia.gov.gh,mda_user,national-health-fund,mda_users_import
2026-09-02T23:09:44.447Z,ZD5kInDfFiO9hpYz3fBnLYA7bQl1,bulk-import-script,donkohjohn@gmail.com,mda_user,ministry-of-the-interior,mda_users_import
2026-09-11T13:51:19.984Z,SrLNngCfa7R1HRcnbsM8iWsGzEq2,bulk-import-script,richkidfarisjnr90@gmail.com,mda_user,sefwi-wiawso-municipal,volta_serene_group1112_users_import
2026-09-02T22:24:58.513Z,1WtKwmf8bJerLbAzy3DLeiQVDAo1,bulk-import-script,joniyaq@gmail.com,mda_user,ministry-of-health,mda_users_import
2026-09-02T23:51:43.577Z,yI7pzRNsgySnDc9sIPgOXtityEK2,bulk-import-script,victoria.abu@nbs.gov.gh,mda_user,ministry-of-health,mda_users_import
2026-09-02T22:47:46.102Z,QSnzqRmGgKOSXkzqXui7cDyjbtj1,bulk-import-script,apollonius.asare@unescoghana.gov.gh,mda_user,ministry-of-education,mda_users_import
2026-09-02T22:52:03.871Z,5UoLYFvbHzNhGPuP1Rf0O1UkL9m2,bulk-import-script,albertakwasiboakye@yahoo.com,mda_user,ministry-of-employment-and-labour-relations,mda_users_import
2026-09-18T15:29:28.435Z,XPlQRqApIWcowmYXRZ9six0pPLo2,bulk-import-script,priscila.kpodo@aaseda.gov.gh,mda_user,ahafo-ano-south-district,group1516_users_import
2026-09-18T15:29:19.464Z,2BFmmUwUfHT9928NAhRbUOeDl763,bulk-import-script,linda.apauyeboah@aanma.gov.gh,mda_user,ahafo-ano-north-district,group1516_users_import
2026-09-17T23:12:42.413Z,47KEvhLdwbgNn63cfwNKTQOp6pr1,bulk-import-script,ali.yakubu@chag.org.gh,mda_user,christian-health-association-of-ghana,capacity_building_users_import
2026-09-02T22:03:23.998Z,F5tQ5qrv5nQo2jYofdnM6t5ZaJC2,bulk-import-script,eyeboateng@yahoo.com,mda_user,national-media-commission,mda_users_import
2026-09-17T23:46:31.575Z,p63KTaInZTe4AzfZAGN4IRnbrlM2,bulk-import-script,tetteh.jonathan@moe.gov.gh,mda_user,ministry-of-education,capacity_building_users_import
2026-09-02T22:29:40.985Z,41z3bArx7DewZ8tGTtF1bETk7oH2,bulk-import-script,yy.esseku@gcpharm.edu.gh,mda_user,ministry-of-health,mda_users_import
2026-09-17T23:30:17.740Z,Vrhmm2R4mObV6B1t6WMtNfF36442,bulk-import-script,lawoe.bright@northernrcc.gov.gh,mda_user,northern-regional-coordinating-council,capacity_building_users_import
2026-09-02T22:16:18.739Z,xtUfWFqKkZXpE8f7uh3GyWjXMKu1,bulk-import-script,abibadiabor1@gmail.com,mda_user,ministry-of-health,mda_users_import
2026-09-02T22:29:33.371Z,fyI7uap47gW94EMAPttlRWDOQ5y1,bulk-import-script,vinjoedeq79@gmail.com,mda_user,ministry-of-health,mda_users_import
2026-09-17T23:28:01.911Z,17ixpnFLuTTSbZSfnX00DcgqSVc2,bulk-import-script,frederick.addo@gtvets.gov.gh,mda_user,ghana-tvet-service,capacity_building_users_import
2026-09-02T21:37:30.772Z,3apFf9IDFncwWT244KhloG2JsQG2,bulk-import-script,dynanickyden@gmail.com,mda_user,ministry-of-local-government,mda_users_import
2026-09-02T21:52:53.338Z,Vfr2kNqQweYVYJCfJG4xeTRADdw2,bulk-import-script,festus.apreku@gsa.gov.gh,mda_user,ministry-of-trade-and-industry,mda_users_import
2026-09-17T23:08:05.822Z,iwTxOBTWdDZNDlx4Vn9NfE60vko2,bulk-import-script,anita.abruquah@bgl.gov.gh,mda_user,bureau-of-ghana-languages,capacity_building_users_import
2026-09-02T21:39:22.331Z,O9LNAX1a0GayieR1rRQPw6A2r9H2,bulk-import-script,patricksenagah@yahoo.com,mda_user,ministry-of-local-government,mda_users_import
2026-09-17T23:06:23.297Z,pBKOnIWDgnZu69leZwZBC51PW052,bulk-import-script,akomahsafo@gmail.com,mda_user,national-biosafety-authority,capacity_building_users_import
2026-09-22T13:04:30.470Z,CHuQe9ESoGeDqJaNmcFF2rDhwe13,bulk-import-script,maissahaku7@gmail.com,mda_user,dafiama-bussie-issa-district,group17_users_import
2026-09-11T13:53:48.634Z,msVQDCCVWycA4ppPl9tYCmUc3XK2,bulk-import-script,adelaide.pomaa@annda.gov.gh,mda_user,atwima-nwabiagya-north-district,volta_serene_group1112_users_import
2026-09-11T13:50:51.174Z,pSMe1R3l7Vdp0oqYOO2hJ8oNOSo2,bulk-import-script,bright.kpobi-mawuenyegah@juada.gov.gh,mda_user,juaboso-district,volta_serene_group1112_users_import
2026-09-02T23:46:50.366Z,cLSLwvT8geY4qED5gDwHvGO02Ca2,bulk-import-script,kwakusaffu@gmail.com,mda_user,ministry-of-health,mda_users_import
2026-09-17T23:21:13.239Z,6MEunTpntUhxUYf0KIFuggq1AL13,bulk-import-script,yvonne.agyen-mensah@gtvets.gov.gh,mda_user,ghana-tvet-service,capacity_building_users_import
2026-09-17T23:39:07.005Z,K8BqgUrjodQn46RgaY0D0gmDpOY2,bulk-import-script,eyendaw@ubids.edu.gh,mda_user,management-development-and-productivity-institute,capacity_building_users_import
2026-09-01T13:44:58.038Z,2FMe5Q1rCedwpeECHQxqO4THRPj2,bulk-import-script,kwekustevegh@yahoo.com,mda_user,kwahu-east-district,volta_serene_group56_users_import
2026-09-22T13:05:15.523Z,YMwMeoOKgCeUJ6cyaIl8QIWey4s1,bulk-import-script,ikhad2000@gmail.com,mda_user,nadowli-kaleo-district,group17_users_import
2026-09-02T22:56:36.722Z,19UloTiNr6QUz9QkMQLDVAtVqfn1,bulk-import-script,samuel.oteng@mofad.gov.gh,mda_user,ministry-of-fisheries-aqua-culture-development,mda_users_import
2026-09-01T13:43:25.749Z,MS5tD7aOdcRUqB8QjSLpieJqaez2,bulk-import-script,victoria.lokko@bnda.gov.gh,mda_user,birim-north-district,volta_serene_group56_users_import
2026-09-02T22:03:50.337Z,ETNRwjGBwGQYvwAzLKV49DdJu6x1,bulk-import-script,bessamon004@gmail.com,mda_user,office-of-government-machinery,mda_users_import
2026-09-02T23:32:45.688Z,G77YQKyDXXgEvIPIHlEH6QtOevN2,bulk-import-script,bagbanu@mofep.gov.gh,mda_user,ministry-of-finance,mda_users_import
2026-09-11T13:50:30.135Z,wm8MFE5H9iNNDuOKXmD6cNSSgxj2,bulk-import-script,vkyei41@gmail.com,mda_user,bibiani-anhwiaso-bekwai-municipal,volta_serene_group1112_users_import
2026-09-04T13:39:39.398Z,FxXls2EbhaVzc765lDmyjMiFBfS2,bulk-import-script,issah.miftawu@zabzugudistrict.gov.gh,mda_user,zabzugu-district,volta_serene_group78_users_import
2026-09-17T23:35:49.769Z,lJk4fiaa14US2SSvupCtUZa67IH2,bulk-import-script,solo11159@gmail.com,mda_user,ministry-of-lands-and-natural-resources,capacity_building_users_import
2026-09-17T23:15:52.634Z,hAEhJRfxYXgzxoVr2QBYNkI8sgj1,bulk-import-script,joshua.asiedu@mogcsp.gov.gh,mda_user,ministry-of-gender-children-and-social-protection,capacity_building_users_import
2026-09-17T23:45:17.393Z,Q5ueocPR1PUwm1FAnl3eWNcrY633,bulk-import-script,kwadwo.boadu@gdnr.org.gh,mda_user,ghana-domain-name-registry,capacity_building_users_import
2026-09-17T23:45:46.450Z,fWyR61rzCwQkjBA0S5cJy8KERGF3,bulk-import-script,kateamankwah1@yahoo.com,mda_user,ministry-of-communications-digital-technology-and-innovations,capacity_building_users_import
2026-09-17T23:22:43.606Z,vE2xSzY8kDPA9rFDQSpFcS4Am9F2,bulk-import-script,verakumah1211@gmail.com,mda_user,korle-bu-teaching-hospital,capacity_building_users_import
2026-09-17T23:13:31.369Z,8EQtKFxURGVTJw2P9lwS6YK21eC2,bulk-import-script,jude.akoto@osp.gov.gh,mda_user,office-of-the-special-prosecutor,capacity_building_users_import
2026-09-17T23:20:16.738Z,DBOTj39mx7TIXM7kW5k91MKXRWJ3,bulk-import-script,stephen.benyin@nhia.gov.gh,mda_user,national-health-insurance-authority-nhia,capacity_building_users_import
2026-09-02T21:48:41.800Z,Q8uUn0ZSHJc8p5K8IN1sGk1QlnB3,bulk-import-script,michael.danful@ncc.gov.gh,mda_user,ministry-of-the-interior,mda_users_import
2026-09-17T23:22:49.353Z,JHFQQHvLpdVOipdOswk00KTFWKE2,bulk-import-script,raofori@doc.gov.gh,mda_user,department-of-co-operatives,capacity_building_users_import
2026-09-17T23:43:35.948Z,lT9tnyDFl5RHmcxWakF7T0YSko73,bulk-import-script,afoakwa.lovia@gmail.com,mda_user,national-development-planning-commission,capacity_building_users_import
2026-09-02T22:27:26.959Z,jJ5XBKEw9kd0tbnO7Gdt32sIiYb2,bulk-import-script,peter.yeboah@chag.org.gh,mda_user,ministry-of-health,mda_users_import
2026-09-17T23:14:56.667Z,lZ4eV7BWc9d8nor22HMB3w2FrGq1,bulk-import-script,tillydichem@gmail.com,mda_user,national-development-planning-commission,capacity_building_users_import
2026-09-02T23:43:38.365Z,QO7TMAhgP7gGVdlfzc2ku3vrQ2J2,bulk-import-script,niiadjah2000@yahoo.com,mda_user,ministry-of-health,mda_users_import
2026-09-02T23:09:59.326Z,jxp1xaxO5AMThXP8TUYtCvZQjE32,bulk-import-script,aimerlove15@yahoo.com,mda_user,ministry-of-the-interior,mda_users_import
2026-09-02T22:19:52.073Z,FR64yyJbhXhG9LNZ7I4zYz7xb5q1,bulk-import-script,darthur707@gmail.com,mda_user,ministry-of-health,mda_users_import
2026-09-17T23:15:40.168Z,iD8J5CP5oJYuKXJvXwRaiX7cYTZ2,bulk-import-script,monmatt14@yahoo.com,mda_user,ncce,capacity_building_users_import
2026-09-11T13:50:37.589Z,q1emfUyUE3eSazwgXTwnq2aNFtx1,bulk-import-script,obed.asante@bodida.gov.gh,mda_user,bodi-district,volta_serene_group1112_users_import
2026-09-24T09:47:11.191Z,0ZwisokYRyMD3VQ8wha8qwI6nCj1,bulk-import-script,henrynsoh@gmail.com,mda_user,ghana-national-fire-service,interior_users_import
2026-09-02T22:52:13.772Z,mSpQnzoc3bN8VCSh23XLLluKHFK2,bulk-import-script,alfred.kudzordzi@mdpi.gov.gh,mda_user,ministry-of-employment-and-labour-relations,mda_users_import
2026-09-02T21:16:03.664Z,Xh1DHqj4lRNyNRhGx1UW48NZ6UB2,bulk-import-script,vofosu2001@yahoo.com,mda_user,judicial-service,mda_users_import
2026-09-04T13:37:10.721Z,pREtu0IQU9aRBh3jL4aUIHGl9KE2,bulk-import-script,georgina.songze@gusheguma.gov.gh,mda_user,gushiegu-municipal,volta_serene_group78_users_import
2026-09-17T22:59:23.442Z,17ixpnFLuTTSbZSfnX00DcgqSVc2,bulk-import-script,frederick.addo@gtvets.gov.gh,mda_user,ghana-tvet-service,capacity_building_users_import
2026-09-04T13:39:28.943Z,0BVTFnnWE5eZctJSZeJhEU1pNUB2,bulk-import-script,sanja.nilamor@yma.gov.gh,mda_user,yendi-municipal,volta_serene_group78_users_import
2026-09-02T22:50:46.433Z,sV3Q6jkOwwXUzEsjrf0158TB5Ky2,bulk-import-script,samoah@gtec.edu.gh,mda_user,ministry-of-education,mda_users_import
2026-09-18T15:36:12.241Z,XPlQRqApIWcowmYXRZ9six0pPLo2,bulk-import-script,priscila.kpodo@aaseda.gov.gh,mda_user,ahafo-ano-south-east-district,group1516_users_import
2026-09-24T09:47:53.076Z,SxKuWqBS6oZ3Zs8sJPqkWsPBrb13,bulk-import-script,john.asubonteng@ncc.gov.gh,mda_user,narcotics-control-commission,interior_users_import
2026-09-02T23:47:29.224Z,ZnIdIY0QGCQVIHQWViyKK7QbvSn2,bulk-import-script,asiamah222@gmail.com,mda_user,ministry-of-health,mda_users_import
2026-09-17T23:43:49.923Z,V6jIV5A6ldWnSkFP7YGfPH8bEzO2,bulk-import-script,fuseina.shaibu@fishcom.gov.gh,mda_user,fisheries-commission,capacity_building_users_import
2026-09-02T23:49:59.677Z,biC6NQIXoHa2LQ39MoE30kIryA63,bulk-import-script,hiameyr@gmail.com,mda_user,ministry-of-health,mda_users_import
2026-09-17T23:36:36.807Z,wXrKD0sfc5RA8DYW3XmOcq5fwZy1,bulk-import-script,osei.asibey@oop.gov.gh,mda_user,office-of-government-machinery,capacity_building_users_import
2026-09-17T23:06:00.970Z,0zIT7oSuTVVOh9lHvOFOADuWdn92,bulk-import-script,eboakye@outlook.com,mda_user,council-for-scientific-and-industrial-research-csir,capacity_building_users_import
2026-09-02T22:13:50.215Z,IuJLu2TS4mXqtvOOBi9aiB1qJ2s1,bulk-import-script,manku@mofrp.gov.gh,mda_user,ministry-of-finance,mda_users_import
2026-09-02T22:54:03.739Z,GDSH1WMk71d22eibxslOVsL0dzE3,bulk-import-script,emmanuel.arthur@mesti.gov.gh,mda_user,ministry-of-environment-science-technology-and-innovation,mda_users_import
2026-09-17T23:35:44.014Z,C8VReNogb7Wv09gyx7yx6dPsVXA2,bulk-import-script,rita.boadu@orc.gov.gh,mda_user,office-of-the-registrar-of-companies,capacity_building_users_import
2026-09-02T23:10:37.948Z,UQT8ED6O8gQxAw2bU3aQwNqbQ013,bulk-import-script,robryeb@gmail.com,mda_user,ministry-of-the-interior,mda_users_import
2026-09-17T23:04:13.094Z,z6PWd93GarNzzVMSAFt12ZbbVoj1,bulk-import-script,pkaleku@energycom.gov.gh,mda_user,energy-commission,capacity_building_users_import
2026-09-02T21:45:02.383Z,u5wudi6tOYgfkVPgEah7FFrrzBC2,bulk-import-script,ruby.adumuah@gmail.com,mda_user,ministry-of-the-interior,mda_users_import
2026-09-02T21:14:11.097Z,ok6EE0Mn6vZeShhHf9cMozN0d2s1,bulk-import-script,jemima.arthur@audit.gov.gh,mda_user,audit-service,mda_users_import
2026-09-02T23:29:23.217Z,515TKFO1DMdxA8Xl6I3AVNvNRLB3,bulk-import-script,nyarkomichael97@gmail.com,mda_user,office-of-the-head-of-civil-service,mda_users_import
2026-09-01T13:44:13.134Z,Tn6yRCtB0nRJY5r6rHWHZ3slv5d2,bulk-import-script,ernest.yeboah@fsda.gov.gh,mda_user,fanteakwa-south-district,volta_serene_group56_users_import
2026-09-02T23:18:06.418Z,l9IV9PPbsFMYxF9YScITsIPyLbE2,bulk-import-script,rasheedishaq@gmail.com,mda_user,ministry-of-lands-and-natural-resources,mda_users_import
2026-09-04T13:38:08.865Z,SrKcEy14tSM03JKrXXp9A9BR1HX2,bulk-import-script,francis.osei@nsda.gov.gh,mda_user,nanumba-south-district,volta_serene_group78_users_import
2026-09-22T13:05:37.976Z,XDRRuEyHU6YGOpwt4oDLXfLKq142,bulk-import-script,rashid.ankaara@sema.gov.gh,mda_user,sissala-east-municipal,group17_users_import
2026-09-17T23:23:09.029Z,nbzNqPh2yscPc7yKwjoGPslCJV92,bulk-import-script,pluntera@mofep.gov.gh,mda_user,ministry-of-finance,capacity_building_users_import
2026-09-17T23:44:49.303Z,VmP0qmL1mpbKkLaK0QtOVg5XL2Y2,bulk-import-script,noduro@mofep.gov.gh,mda_user,ministry-of-finance,capacity_building_users_import
2026-09-02T23:10:02.924Z,QYvNiLlvwCQm0NGVAaD758wXZoJ3,bulk-import-script,manfredanokye@gmail.com,mda_user,ministry-of-the-interior,mda_users_import
2026-09-17T23:48:27.041Z,9s4eA7k222aL7E2hGiOOGCJONTi1,bulk-import-script,patrick.arthur@moe.gov.gh,mda_user,ministry-of-education,capacity_building_users_import
2026-09-02T21:39:36.287Z,vxGKuPpSDOYqpjOvMC4PLu3uGpo1,bulk-import-script,roberta.ampadu@lgs.gov.gh,mda_user,ministry-of-local-government,mda_users_import
2026-09-17T22:58:42.195Z,4ewRQqoW46afaQBpQaPYQpdPYr93,bulk-import-script,louis.opoku@rtic.gov.gh,mda_user,right-to-information-commission,capacity_building_users_import
2026-09-02T21:52:30.226Z,hMxdumkCw8Re2luaMYhj4xqsnSr1,bulk-import-script,akuedd@gmail.com,mda_user,ministry-of-trade-and-industry,mda_users_import
2026-09-02T22:10:18.652Z,akohitFyUDRe8B1O8iVn5ez7DCU2,bulk-import-script,nanaishaanoya95@gmail.com,mda_user,office-of-the-attorney-general-and-ministry-of-justice,mda_users_import
2026-09-01T13:44:32.711Z,P5fAw2uruQMhUf7ABVdnFrThUH92,bulk-import-script,carindaddy123@gmail.com,mda_user,kwahu-afram-plains-north-district,volta_serene_group56_users_import
2026-09-02T23:42:06.942Z,JeFob4HFGLXQTCwYzIzwKKAb1423,bulk-import-script,enock.osei-adade@chag.org.gh,mda_user,ministry-of-health,mda_users_import
2026-09-02T23:23:23.500Z,iD8J5CP5oJYuKXJvXwRaiX7cYTZ2,bulk-import-script,monmatt14@yahoo.com,mda_user,national-commission-on-civic-education,mda_users_import
2026-09-02T21:32:30.874Z,kjs2GPOsOGQw3Z7baq2sgpvbAiY2,bulk-import-script,baidawu.fuad@mofad.gov.gh,mda_user,ministry-of-fisheries-aqua-culture-development,mda_users_import
2026-09-17T23:19:20.550Z,hiMUFaIJkYh0JNgVnohT18LSkml2,bulk-import-script,berthaeffah@yahoo.com,mda_user,national-peace-council,capacity_building_users_import
2026-09-04T13:38:03.844Z,RBc3ULANJSSzisJhSKsyGf279v53,bulk-import-script,abukari.iddrisu@nsda.gov.gh,mda_user,nanumba-south-district,volta_serene_group78_users_import
2026-09-02T21:37:49.573Z,34B64DEmuPcfbrwWpI6sp2rA8rO2,bulk-import-script,josiah.commodore@lgs.gov.gh,mda_user,ministry-of-local-government,mda_users_import
2026-09-02T21:25:33.989Z,fai8qLVbjGU4tqf1wRHEWVfmM6C3,bulk-import-script,james.omari@library.gov.gh,mda_user,ministry-of-education,mda_users_import
2026-09-24T09:47:56.794Z,967F4IWd24UsKBTFSO8ONEDuAXF3,bulk-import-script,isaac.nkrumah@ncc.gov.gh,mda_user,narcotics-control-commission,interior_users_import
2026-09-02T22:01:15.118Z,BTvmCbl5ozTmpYKRXapzSifWW9l1,bulk-import-script,audrey.smockamoah@ndpc.gov.gh,mda_user,national-development-planning-commission,mda_users_import
2026-09-17T22:57:41.756Z,KeZEocOB7uVh7NeR2ioNrVI62ev1,bulk-import-script,edith.ababio-amoah@unescoghana.gov.gg,mda_user,ghana-commission-for-unesco,capacity_building_users_import
2026-09-17T23:39:49.006Z,49xJqgC0jXO4oO9t8YaLRZejpWD3,bulk-import-script,nyonatorb@gmail.com,mda_user,ghana-immigration-service,capacity_building_users_import
2026-09-17T23:27:45.911Z,i03PP6frAUhqs5fQpQtVB2VGYUt1,bulk-import-script,j.ntiforo@nya.gov.gh,mda_user,national-youth-authority,capacity_building_users_import
2026-09-02T22:28:54.024Z,nodWZgTLXzQH3qu0PYorRrPYevn2,bulk-import-script,samuel.manu@ghs.gov.gh,mda_user,ministry-of-health,mda_users_import
2026-09-02T22:47:42.197Z,e5TB2wG2wTcj7PhJCZyZkAJxPg33,bulk-import-script,abedenego.adomako@nacca.gov.gh,mda_user,ministry-of-education,mda_users_import
2026-09-17T23:14:53.574Z,F9f5rFDpUEMD7U36sYgytzGBpc83,bulk-import-script,andrew.aberye-mensah@gfza.gov.gh,mda_user,ghana-free-zones-authority,capacity_building_users_import
2026-09-17T23:49:20.657Z,WKQIZj14n6Zs8PykmuNgOwqQYpl2,bulk-import-script,baffour.akuffo-ankama@gea.gov.gh,mda_user,ghana-enterprises-agency,capacity_building_users_import
2026-09-08T10:40:52.789Z,JOYb9XNSJHVZV4RKiTWHypTfY252,bulk-import-script,dennis.woode@tnma.gov.gh,mda_user,tarkwa-nsuaem-municipal,gbmsupport_users_import
2026-09-17T23:21:07.763Z,jdNePDaESKN6IdjqmItRWyppETD3,bulk-import-script,cmofori@yahoo.com,mda_user,ghana-tvet-service,capacity_building_users_import
2026-09-10T10:09:56.126Z,mANhlyS5PpVUrEWIt8a9OF9BY6F2,MKGoW62Iuaf5KXTj3a4LyRxrsaa2,appiahhagar13@gmail.com,mda_user,Wassa Amenfi West,
2026-09-17T23:49:39.833Z,mE3IAHLv24Nj2im4xuJ3qZk7v843,bulk-import-script,mercy.larbi@chraj.gov.gh,mda_user,commission-on-human-rights-and-administrative-justice,capacity_building_users_import
2026-09-02T23:33:06.821Z,811CBsskIDWwhPcm6TD995mUkTt2,bulk-import-script,ernest.gyan@iat.gov.gh,mda_user,ministry-of-finance,mda_users_import
2026-09-17T23:46:49.386Z,5o9zfHuBzgcXGz2BwNb60keRstC2,bulk-import-script,zoltan.twumbarimah@brcc.gov.gh,mda_user,bono-regional-coordinating-council,capacity_building_users_import
2026-09-02T21:46:09.199Z,10Qxgz3HZUaE9Raf4BD2aCcLuSD2,bulk-import-script,emmanuel.amakye@ghanaprisons.gov.gh,mda_user,ministry-of-the-interior,mda_users_import
2026-09-01T13:46:28.354Z,5AvZcDK8iJc0JcUXRcC6vr2c0PN2,bulk-import-script,emmanuel.adjei@okda.gov.gh,mda_user,okere-district,volta_serene_group56_users_import
2026-09-18T15:32:00.820Z,iQfX9KwTEtTGPbPKdU93R0gqUwF2,bulk-import-script,brightnkrumah@ksda.gov.gh,mda_user,kintampo-south-district,group1516_users_import
2026-09-02T21:52:34.804Z,0bIQEm3sibhR995jzSugCj4wytI2,bulk-import-script,hannah.swanzy@gsa.gov.gh,mda_user,ministry-of-trade-and-industry,mda_users_import
2026-09-02T22:13:26.264Z,aivkd1N0UbbyxWtTH6Phvt0Ed7v1,bulk-import-script,gdamalie@mofep.gov.gh,mda_user,ministry-of-finance,mda_users_import
2026-09-17T23:49:49.761Z,fQvekNKKzBTjJ0KmBC58D8ji4cF2,bulk-import-script,isaac.dwamena@scholarships.com,mda_user,ghana-scholarships-authority,capacity_building_users_import
2026-09-17T23:39:10.075Z,mjeDmMGJOwQUfqJqfbVaoIuYRaB2,bulk-import-script,abedadomako@gmail.com,mda_user,national-council-for-curriculum-and-assessment,capacity_building_users_import
2026-09-02T22:55:19.754Z,AEZajdHmOoRS4JwYfrHKhOSBkn43,bulk-import-script,kwasi.owusu-sekyere@mofad.gov.gh,mda_user,ministry-of-fisheries-aqua-culture-development,mda_users_import
2026-09-02T21:52:04.599Z,2G4jArQDEHSGUSbXeqzr99WJxRi2,bulk-import-script,theoflesv@gmail.com,mda_user,ministry-of-tourism-culture-and-creative-arts,mda_users_import
2026-09-11T13:51:05.519Z,IbGdMiFkJGRXoSqogF2Amv2U4T33,bulk-import-script,kobina.andam@sada.gov.gh,mda_user,sefwi-akontombra-district,volta_serene_group1112_users_import
2026-09-17T23:15:24.928Z,C0vvfXt9I1QwZJB9xLpGs3ztSmX2,bulk-import-script,abena.asare@mogcsp.gov.gh,mda_user,ministry-of-gender-children-and-social-protection,capacity_building_users_import
2026-09-17T23:18:14.409Z,VmP0qmL1mpbKkLaK0QtOVg5XL2Y2,bulk-import-script,noduro@mofep.gov.gh,mda_user,ministry-of-finance,capacity_building_users_import
2026-09-17T23:40:30.306Z,LmvnNw0xcZWtxST5wA8GLRWLqan1,bulk-import-script,bella.assignon@lac.gov.gh,mda_user,legal-aid-commission,capacity_building_users_import
2026-09-17T23:33:19.803Z,pRtWHeox3BUA2Pzl6Mph5Ma7iUp1,bulk-import-script,theowasty85@gmail.com,mda_user,ghana-health-service-achimota-hospital,capacity_building_users_import
2026-09-18T15:27:57.601Z,CTfkIaaJKqbwi7zu1xu5YtvirBb2,bulk-import-script,albertboppong@aada.gov.gh,mda_user,adansi-asokwa-district,group1516_users_import
2026-09-15T11:50:42.837Z,AAdAzVhuVJf5KThS2Od0Okzfcj52,bulk-import-script,aseidu.samuel@kwadma.gov.gh,mda_user,kwadaso-municipal,ashanti_users_import
2026-09-02T22:06:40.650Z,Ipj1W6cnPrW5krb7ScXK0yDbFgp2,bulk-import-script,yawnyarko2009@yahoo.com,mda_user,office-of-government-machinery,mda_users_import
2026-09-02T21:17:53.789Z,BSVyzYK4MzMiUit5WDSvVCJx7fJ3,bulk-import-script,isaac.sam@csa.gov.gh,mda_user,ministry-of-communication-and-decentralization,mda_users_import
2026-09-17T23:24:06.548Z,XIqgyZLwhpMmLI9s03Wxbb9fRBw1,bulk-import-script,jamparbin@gmail.com,mda_user,diaspora-affairs-office,capacity_building_users_import
2026-09-02T21:30:41.267Z,5x1EgbpmBEQ1yJDCq78gMzmUGdA3,bulk-import-script,david.owusu@petrocom.gov.gh,mda_user,ministry-of-energy,mda_users_import
2026-09-02T23:46:04.081Z,TF3xVNz32aZoBawvmczSULdNXCY2,bulk-import-script,james.duah@chag.org.gh,mda_user,ministry-of-health,mda_users_import
2026-09-02T23:25:38.261Z,kM1Ppz6yf0Pjw5eg2BsU7jUUO0M2,bulk-import-script,tsanziri@yahoo.com,mda_user,national-media-commission,mda_users_import
2026-09-02T22:06:54.036Z,8i7aazcRRgW5Dy5LGNPFf1Qp4242,bulk-import-script,joseph.sarfo-mensah@masloc.gov.gh,mda_user,office-of-government-machinery,mda_users_import
2026-09-02T22:57:32.459Z,RdzwDt50DcajJ9F5OWcMi2p8fYI3,bulk-import-script,afisah.zakariah@mogcsp.gov.gh,mda_user,ministry-of-gender-children-and-social-protection,mda_users_import
2026-09-02T22:52:33.615Z,69kLXI1q3Hc3tmbz7tIlOHfhL702,bulk-import-script,godwin.quansah@labourdepartment.gov.gh,mda_user,ministry-of-employment-and-labour-relations,mda_users_import
2026-09-02T22:59:43.650Z,4GXgTwfikKR3SRFV5OO2wpmdYJx2,bulk-import-script,obenewaa.otchere@bdr.gov.gh,mda_user,ministry-of-local-government,mda_users_import
2026-09-02T22:11:12.447Z,0KMiUxlFKZXQ25nscwIS4o19lnn1,bulk-import-script,kenneth.agbezuhlor@osp.gov.gh,mda_user,office-of-the-special-prosecutor,mda_users_import
2026-09-02T23:01:23.403Z,5zBiFuVt2dXYCnKCEe5prL6ehpp1,bulk-import-script,niidjeshiedouglas@yahoo.com,mda_user,ministry-of-local-government,mda_users_import
2026-09-17T23:32:41.063Z,vym2MWzuSSbrMlB3b3C86aginOH2,bulk-import-script,richard.quansah@mesti.gov.gh,mda_user,ministry-of-environment-science-technology-and-innovation,capacity_building_users_import
2026-09-02T23:07:31.003Z,iN7GTYM52HhOsJ77KoMw3eETpYc2,bulk-import-script,caroline.tsatsu@grb.gov.gh,mda_user,ministry-of-the-interior,mda_users_import
2026-09-02T22:50:40.830Z,QnwOMBxxyVNdSqINrVpgu6T7WBY2,bulk-import-script,rita.aboagye@ges.gov.gh,mda_user,ministry-of-education,mda_users_import
2026-09-02T21:49:17.098Z,LXMJWkvHP3g6NlvaiNNBwXic8Kw1,bulk-import-script,selasie.adih@grb.gov.gh,mda_user,ministry-of-the-interior,mda_users_import
2026-09-17T23:29:27.195Z,811CBsskIDWwhPcm6TD995mUkTt2,bulk-import-script,ernest.gyan@iat.gov.gh,mda_user,institute-of-accountancy-training,capacity_building_users_import
2026-09-02T21:48:09.794Z,SxKuWqBS6oZ3Zs8sJPqkWsPBrb13,bulk-import-script,john.asubonteng@ncc.gov.gh,mda_user,ministry-of-the-interior,mda_users_import
2026-09-15T11:48:25.048Z,Zlt1EeQ6Fjb7PznecnqULM1qcsq2,bulk-import-script,diana.yeboah@ssma.gov.gh,mda_user,sekyere-south-district,ashanti_users_import
2026-09-18T15:29:32.871Z,UyjfJCiTU0XmYGjmZrS9RDgOzAu1,bulk-import-script,gyasi.edmund@aaseda.gov.gh,mda_user,ahafo-ano-south-district,group1516_users_import
2026-09-02T23:09:30.046Z,JSsLc4OgIudF5ef0gNgn6VqiLsm1,bulk-import-script,hawa.seini@peacecouncil.gov.gh,mda_user,ministry-of-the-interior,mda_users_import
2026-09-02T21:17:04.214Z,CvvuBpzYAsUigtKeW2VNmMjRwaA3,bulk-import-script,chiefdirector@moc.gov.gh,mda_user,ministry-of-communication-and-decentralization,mda_users_import
2026-09-02T22:14:05.543Z,lalsIJ65YAgM0mzzfArCTNLGUuy1,bulk-import-script,myennah@mofep.gov.gh,mda_user,ministry-of-finance,mda_users_import
2026-09-02T22:50:21.851Z,j69ZGRiMLMhJvh7JHwRSyKAU3pS2,bulk-import-script,budgetsubmission@gtec.edu.gh,mda_user,ministry-of-education,mda_users_import
2026-09-02T23:36:08.285Z,GJda2VBx17SbuddR6M863K5MzvH2,bulk-import-script,samuel.esiamah@statsghana.gov.gh,mda_user,ministry-of-finance,mda_users_import
2026-09-17T23:37:55.699Z,CTOzDnGBPtZWLQfEqkRDaiV8VBv1,bulk-import-script,gifty.akoto@labourdepartment.gov.gh,mda_user,labour-department,capacity_building_users_import
2026-09-02T21:42:36.735Z,YlmF8VGsrsORxm7m2un8BKMkPQT2,bulk-import-script,mokarj@yahoo.co.uk,mda_user,ministry-of-roads-and-highways,mda_users_import
2026-09-02T21:47:56.190Z,hcTocnV8f5QY8ZXFwTIg4YVyekt1,bulk-import-script,gmakan.wujangi@mint.gov.gh,mda_user,ministry-of-the-interior,mda_users_import
2026-09-02T22:49:00.972Z,AOFgPwjcTESkB6Y40L4GwLuIBrf1,bulk-import-script,edoughan@gtec.edu.gh,mda_user,ministry-of-education,mda_users_import
2026-09-02T23:03:42.494Z,hijC88RlMlQIS2RqhTnftkWkxv63,bulk-import-script,vincentdakura@gmail.com,mda_user,ministry-of-local-government,mda_users_import
2026-09-02T22:20:06.732Z,epWjYcs8VMUFjLEdotf2NEw5fFx1,bulk-import-script,dorcas.boham@ghs.gov.gh,mda_user,ministry-of-health,mda_users_import
2026-09-17T23:32:04.656Z,z6PWd93GarNzzVMSAFt12ZbbVoj1,bulk-import-script,pkaleku@energycom.gov.gh,mda_user,energy-commission,capacity_building_users_import
2026-09-02T22:18:27.770Z,aA8vtDsXNSZIfSBRowSVVumrFrq1,bulk-import-script,atipagablaisepascal@yahoo.com,mda_user,ministry-of-health,mda_users_import
2026-09-02T23:10:44.689Z,OXGnbM2LvNdSoUMxuGacnqD9DlR2,bulk-import-script,sarthur@nsbnc.org,mda_user,ministry-of-the-interior,mda_users_import
2026-09-17T22:58:57.060Z,rWskFkZDjiZUo7EtH1mXUyhW5Gg1,bulk-import-script,john.young@gaec.gov.gh,mda_user,ghana-atomic-energy-commission,capacity_building_users_import
2026-09-17T22:58:27.880Z,lPpq7be3n5PYvU4dr4GsZa5Zt2b2,bulk-import-script,bertha.hagble@cagd.gov.gh,mda_user,controller-and-accountant-general-s-department,capacity_building_users_import
2026-09-17T23:16:57.725Z,TTPwXvsISxdMXFig67UDe9NQylG2,bulk-import-script,eric.botchway@zicds.gov.gh,mda_user,zongo-and-inner-city-development-secretariat,capacity_building_users_import
2026-09-17T23:23:02.822Z,HcKmrFg4a4UloUsDMOYEquztRva2,bulk-import-script,loretta.lartey@lac.gov.gh,mda_user,legal-aid-commission,capacity_building_users_import
2026-09-02T22:27:58.318Z,vfgWBDpRMwPQ7kA9oDOZCkWWKDF2,bulk-import-script,raymondnunoo66@yahoo.com,mda_user,ministry-of-health,mda_users_import
2026-09-17T23:21:21.575Z,Q6lhjUHg1XfdD0cErm9LMgXvUF52,bulk-import-script,ella.ameyaa-kyeremeh@gvets.gov.gh,mda_user,ghana-tvet-service,capacity_building_users_import
2026-09-17T23:23:54.234Z,CkTcHlD77bdOBh91BJjv0lBzBYQ2,bulk-import-script,bernard.mortotsi@aph.gov.gh,mda_user,accra-psychiatric-hospital,capacity_building_users_import
2026-09-02T23:18:17.730Z,aQvfiLaiDRQkd40dFjqnA8mcjwD3,bulk-import-script,eric.brightdavis@mincom.gov.gh,mda_user,ministry-of-lands-and-natural-resources,mda_users_import
2026-09-02T23:05:31.744Z,7PX8nsBoJvh9TTREuRboOgklw8n1,bulk-import-script,eadzimah@gmail.com,mda_user,ministry-of-roads-and-highways,mda_users_import
2026-09-17T23:03:14.099Z,Snh19BJccTT9t2XmUULLpwqElva2,bulk-import-script,jones.agyei@nra.gov.gh,mda_user,nuclear-regulatory-authority,capacity_building_users_import
2026-09-02T22:57:26.747Z,g9lEIyrNrJUuiCTvNj0AW9fhMku1,bulk-import-script,robert.kotei@mfa.gov.gh,mda_user,ministry-of-foreign-affairs-and-regional-integration,mda_users_import
2026-09-02T22:53:23.314Z,m4Hcl3r3vRdv4KYsjnNCfSAD4eD3,bulk-import-script,william.darlie@doc.gov.gh,mda_user,ministry-of-employment-and-labour-relations,mda_users_import
2026-09-17T23:39:36.567Z,nmZ7WsxeoWP8uqDhjTK7h7sa3Y12,bulk-import-script,kwesi.anderson@nba.gov.gh,mda_user,nba,capacity_building_users_import
2026-09-02T22:01:54.984Z,ZECsEcspeee0rASHnVcCdMzfLc93,bulk-import-script,dominic.akurubiri@nhia.gov.gh,mda_user,national-health-fund,mda_users_import
2026-09-17T23:41:35.728Z,mQctYBtcmNeqalixTt3f428YFWq1,bulk-import-script,lokko.frederick@mogcsp.gov.gh,mda_user,ministry-of-gender-children-and-social-protection,capacity_building_users_import
2026-09-02T22:13:28.750Z,HwCIKwKQWbWIeXYo0g8TI3bcABn1,bulk-import-script,henry.sain@iaa.gov.gh,mda_user,ministry-of-finance,mda_users_import
2026-09-17T23:27:00.702Z,q052wu4v8WUsAP5ZYaUrQAXFVdm1,bulk-import-script,mabugri@mofep.gov.gh,mda_user,ministry-of-finance,capacity_building_users_import
2026-09-01T13:43:20.565Z,wCxgVitfA4TW3Ii7rMvKMHtb8Zc2,bulk-import-script,bright.owusu@bcma.gov.gh,mda_user,birim-central-municipal,volta_serene_group56_users_import
2026-09-02T22:06:37.928Z,vVip2YEUlFQx0UR7hGeRzTPmMW23,bulk-import-script,awortwe.kwabena@nia.gov.gh,mda_user,office-of-government-machinery,mda_users_import
2026-09-18T15:28:25.132Z,sKjrJxi9GTNy5vcFZ1Z4J0lTjxC2,bulk-import-script,delphina.ampong@asda.gov.gh,mda_user,adansi-south-district,group1516_users_import
2026-09-17T23:15:22.043Z,hMxdumkCw8Re2luaMYhj4xqsnSr1,bulk-import-script,akuedd@gmail.com,mda_user,gratis-foundation,capacity_building_users_import
2026-09-02T22:02:14.090Z,6DXc3B8YgucLb4arKM96GesWARC2,bulk-import-script,franklin.tannor@nhia.gov.gh,mda_user,national-health-fund,mda_users_import
2026-09-02T22:53:39.719Z,hHryQZ322ZYTCK14ubQ5fU7FUUd2,bulk-import-script,george.addy-morton@petrocom.gov.gh,mda_user,ministry-of-energy,mda_users_import
2026-09-17T23:32:14.940Z,EbvlVj8IcCglCb3VfC5atI96yBB3,bulk-import-script,qobbiec@gmail.com,mda_user,ghana-tourism-authority,capacity_building_users_import
2026-09-02T23:25:41.749Z,MZ0mdh6KuQhOPUjnrfmaJcuwpUn1,bulk-import-script,anthony.baidoo@iaa.gov.gh,mda_user,office-of-government-machinery,mda_users_import
2026-09-17T23:12:53.074Z,3DkSEaPRZbPpYwiD12hVVHeVIz13,bulk-import-script,samuel.boateng@nhia.gov.gh,mda_user,national-health-insurance-authority-nhia,capacity_building_users_import
2026-09-02T22:42:59.158Z,tfB6KCIycYSkZIYfgl0dD27ANtd2,bulk-import-script,papaniiafarigyan@gmail.com,mda_user,electoral-commission,mda_users_import
2026-09-02T21:26:27.122Z,QnwOMBxxyVNdSqINrVpgu6T7WBY2,bulk-import-script,rita.aboagye@ges.gov.gh,mda_user,ministry-of-education,mda_users_import
2026-09-02T23:46:54.267Z,VplXvVyd2PfCDfgCBI2ggy17VmM2,bulk-import-script,adoteylydia70@gmail.com,mda_user,ministry-of-health,mda_users_import
2026-09-02T22:25:56.589Z,fu2FPQyAEYhwhrz6X26Mw197mj42,bulk-import-script,m.agbeko@ccth.gov.gh,mda_user,ministry-of-health,mda_users_import
2026-09-02T21:19:37.824Z,ZWNiGsNkzBSxzgQwldrFBg95vYd2,bulk-import-script,samuel.newton@moc.gov.gh,mda_user,ministry-of-communication-and-decentralization,mda_users_import
2026-09-02T23:51:37.832Z,pRtWHeox3BUA2Pzl6Mph5Ma7iUp1,bulk-import-script,theowasty85@gmail.com,mda_user,ministry-of-health,mda_users_import
2026-09-17T23:33:41.059Z,0zIT7oSuTVVOh9lHvOFOADuWdn92,bulk-import-script,eboakye@outlook.com,mda_user,council-for-scientific-and-industrial-research-csir,capacity_building_users_import
2026-09-02T22:01:45.842Z,G17ALSgn4HfcS0pyNE15wUPHSmT2,bulk-import-script,bernard.bosomprah@nhia.gov.gh,mda_user,national-health-fund,mda_users_import
2026-09-01T13:44:18.346Z,pJ7klLNzpLRIYQ19xp0wN2lGOek2,bulk-import-script,bertha.kafui@fsda.gov.gh,mda_user,fanteakwa-south-district,volta_serene_group56_users_import
2026-09-02T23:17:20.284Z,Iqy0uuFlqtc2neG91KcRK6S9Dd73,bulk-import-script,dianaaddae6@gmail.com,mda_user,ministry-of-youth-and-sports,mda_users_import
2026-09-02T21:53:35.338Z,J1tiSaSmcZhVNMS9lALzQOYvHUB3,bulk-import-script,mabel.sagoe@mot.gov.gh,mda_user,ministry-of-transport,mda_users_import
2026-09-02T22:05:02.931Z,WGuJ2NACFOPHU7STtGCLD3AGHDu1,bulk-import-script,badam@ndagh.org,mda_user,office-of-government-machinery,mda_users_import
2026-09-02T22:21:46.282Z,QO7TMAhgP7gGVdlfzc2ku3vrQ2J2,bulk-import-script,niiadjah2000@yahoo.com,mda_user,ministry-of-health,mda_users_import
2026-09-17T23:46:54.682Z,MMlQ8QZNBHX2XX0LVPVbQSew37Z2,bulk-import-script,charles.kwaw@nhia.gov.gh,mda_user,national-health-insurance-authority-nhia,capacity_building_users_import
2026-09-17T23:46:57.068Z,lCJqh6gY0SU9Z1Z6X5PrP3z5G4m2,bulk-import-script,adominic@gtec.edu.gh,mda_user,ghana-tertiary-education-commission-gtec,capacity_building_users_import
2026-09-02T23:27:41.124Z,1avXmepcjpgh0czqWdkMZjuwJ293,bulk-import-script,obdave111@yahoo.com,mda_user,office-of-government-machinery,mda_users_import
2026-09-17T23:45:33.081Z,KWTBbijNKsfwixE8bqQAkeSpXdF2,bulk-import-script,patbaidoo1975@gmail.com,mda_user,office-of-the-administrator-general,capacity_building_users_import
2026-09-01T13:47:10.171Z,aQths37huaU6Iy0bSioYXrlgcoh1,bulk-import-script,maximusmensah@yahoo.com,mda_user,west-akim-municipal,volta_serene_group56_users_import
2026-09-01T13:47:21.894Z,YBgk5raulbMjLnIEaksSp1eBl3E2,bulk-import-script,caleb.nartey@ykma.gov.gh,mda_user,yilo-krobo-district,volta_serene_group56_users_import
2026-09-17T23:07:57.922Z,F5VTX04rEahFx4iaEgUidOIQk0q1,bulk-import-script,aniaboeli@gmail.com,mda_user,national-road-safety-authority,capacity_building_users_import
2026-09-02T22:48:47.953Z,pCysi7DRTAYuKI14p17c72gpGRH2,bulk-import-script,emelia.akrofi-addo@cea.gov.gh,mda_user,ministry-of-education,mda_users_import
2026-09-02T23:11:07.350Z,Nf2VtaMe4NT5zEdAveCGNkO7qj22,bulk-import-script,solomon.appiah@gamingcommission.gov.gh,mda_user,ministry-of-the-interior,mda_users_import
2026-09-02T22:17:57.628Z,b23UzHktsSRVqBFwGRq1HUnGMQf1,bulk-import-script,pomaahotchereabena@gmail.com,mda_user,ministry-of-health,mda_users_import
2026-09-17T23:17:22.987Z,iHxXP0JQDCVJOQCofSCw5rarkFy2,bulk-import-script,ali.barko@npc.gov.gh,mda_user,national-population-council,capacity_building_users_import
2026-09-17T23:39:39.112Z,IFysiwM9nKY3zv77FfzRV8wp6tn1,bulk-import-script,alex.quayson@gmail.com,mda_user,ghana-tvet-service,capacity_building_users_import
2026-09-02T22:22:59.120Z,8fs1qSAxskf8YCdrrlfw7RhCt7j2,bulk-import-script,acquah.h@gcnm.edu.gh,mda_user,ministry-of-health,mda_users_import
2026-09-11T13:50:33.872Z,C9v7uQHJ6eQ8S3RjP9nBifTKQfT2,bulk-import-script,lawrence.amenshiah@bodida.gov.gh,mda_user,bodi-district,volta_serene_group1112_users_import
2026-09-02T23:52:14.021Z,wTxAnKupQ3PeIhdpUDRa5rAKJbp1,bulk-import-script,eric.adjei@neip.gov.gh,mda_user,ministry-of-youth-development-and-empowerment,mda_users_import
2026-09-02T22:01:21.903Z,TAQzi8Av3mgIZxhs2OSN0CSKM9F2,bulk-import-script,godfred.irabayibayee@ndpc.gov.gh,mda_user,national-development-planning-commission,mda_users_import
2026-09-17T23:42:22.244Z,Y8qsqooLTCdthrtpvml4rbgDzDb2,bulk-import-script,godfred.bayee@ndpc.gov.gh,mda_user,national-development-planning-commission,capacity_building_users_import
2026-09-02T22:09:48.627Z,0SU8T2Bjq7TaPIUoRU9UdgeRT6g1,bulk-import-script,bright.oppong98@aol.com,mda_user,office-of-the-attorney-general-and-ministry-of-justice,mda_users_import
2026-09-17T23:27:51.783Z,7oU4xV1IIqeVssLBeFAhAyOShFC3,bulk-import-script,eyeboah@gtec.edu.gh,mda_user,ghana-tertiary-education-commission-gtec,capacity_building_users_import
2026-09-17T23:36:39.679Z,wLiAwBaJ0oMLxaMSBOoqNhOSN3f2,bulk-import-script,glorianoi69@gmail.com,mda_user,ministry-of-employment-and-labour-relations,capacity_building_users_import
2026-09-04T13:39:07.282Z,XNwOlH6WbdRi4iRnS1d1dqH3HN33,bulk-import-script,evans.ubabela@tsda.gov.gh,mda_user,tatale-sanguli-district,volta_serene_group78_users_import
2026-09-02T22:06:35.211Z,YQepTAKcoReFrKQsYquyx5cxmtA2,bulk-import-script,emmanueloseia@yahoo.com,mda_user,office-of-government-machinery,mda_users_import
2026-09-15T11:48:57.932Z,9ZBm7BSwv0g59AHKf8qLHE4Mr2G2,bulk-import-script,jeff.asare@bosomtwe.gov.gh,mda_user,bosumtwi-district,ashanti_users_import
2026-09-02T22:59:03.951Z,UT3oPMSrKxPTupA2KqofoZ36wLL2,bulk-import-script,barikisurazak90@gmail.com,mda_user,ministry-of-local-government,mda_users_import
2026-09-17T23:36:53.462Z,1Y53hGDwTBYN1ItyjwQVgukmnH22,bulk-import-script,joseph.kubi@nhia.gov.gh,mda_user,national-health-insurance-authority-nhia,capacity_building_users_import
2026-09-02T23:51:18.086Z,0WLRjd4B9ihUeOgV6MsqoMGTIZb2,bulk-import-script,samuel.nugblega@chag.org.gh,mda_user,ministry-of-health,mda_users_import
2026-09-02T23:25:56.446Z,v1YN0X1YxMeYtJgN225s2p1uTA62,bulk-import-script,daniel.kpogo@ghanaids.gov.gh,mda_user,office-of-government-machinery,mda_users_import
2026-09-02T21:26:50.533Z,VUkrhmhv6lUY6D2URJwg5QTvprJ2,bulk-import-script,richard.asare@library.gov.gh,mda_user,ministry-of-education,mda_users_import
2026-09-02T21:36:44.717Z,hcrVg1UCE0OWzDACfCbQqakJoQ82,bulk-import-script,dlokko6@gmail.com,mda_user,ministry-of-local-government,mda_users_import
2026-09-02T22:52:01.702Z,yxDKQwgfb5fsOeikvyYNW1TeqE53,bulk-import-script,anthony.ampong@melr.gov.gh,mda_user,ministry-of-employment-and-labour-relations,mda_users_import
2026-09-15T11:53:20.168Z,JWMkFDMB87cDfSjQz976yxXBORj1,bulk-import-script,christian.peprah-mensah@adnda.gov.gh,mda_user,adansi-north-district,ashanti_users_import
2026-09-02T22:21:44.277Z,6OK9kFVvI7QdWVlPCDcy5P1pJ1G3,bulk-import-script,fgee2@yahoo.com,mda_user,ministry-of-health,mda_users_import
2026-09-17T23:10:57.195Z,eRef7JxUece9wkeZ80aEwzl2hZ62,bulk-import-script,seciro2010@yahoo.com,mda_user,gaming-commission,capacity_building_users_import
2026-09-17T23:11:23.717Z,STcAQToEZPWlnOsvz1uW4AJpOLD2,bulk-import-script,dappiah@mofep.gov.gh,mda_user,ministry-of-finance,capacity_building_users_import
2026-09-17T23:05:32.019Z,tZ5ayRyRI3Nbl513NvKSDiuFP0W2,bulk-import-script,abigailakwayisi@gmail.com,mda_user,creative-arts-agency,capacity_building_users_import
2026-09-02T23:40:33.759Z,fMXQu7gT5Tfeq2BxsJlsnqGfGcl1,bulk-import-script,akyen.d@gcnm.edu.gh,mda_user,ministry-of-health,mda_users_import
2026-09-02T23:36:26.324Z,QSpohbTD2ZhIqKkdJY6IHU0dLyk1,bulk-import-script,yissachar@mofep.gov.gh,mda_user,ministry-of-finance,mda_users_import
2026-09-01T13:44:27.936Z,ywKuHi9RkQOi3zZuuAmBCU7chSH3,bulk-import-script,vivian.forkuoh@kbma.gov.gh,mda_user,kwaebibirem-district,volta_serene_group56_users_import
2026-09-17T22:59:09.073Z,E6aUZaw5TSP28qqVz4QTfMy1r3r2,bulk-import-script,adjeirachel60@gmail.com,mda_user,ministry-of-environment-science-technology-and-innovation,capacity_building_users_import
2026-09-02T22:57:51.319Z,K9N2zcQdjMM0gIZtmiNL1CaYQnk1,bulk-import-script,abena.apeaa@luspa.gov.gh,mda_user,ministry-of-local-government,mda_users_import
2026-09-17T23:40:02.830Z,9Kwu4dSt8KWGk5mJF3Q2uYGsFd92,bulk-import-script,sngmenkaara@yahoo.com,mda_user,christian-health-association-of-ghana,capacity_building_users_import
2026-09-02T22:01:48.234Z,297EIPiD4VayHkceJP3f86PEO3E3,bulk-import-script,christian.ahiagbah@nhia.gov.gh,mda_user,national-health-fund,mda_users_import
2026-09-02T23:05:27.937Z,scJP0UTBAnWt7Jvsg6dr0wQlC8t1,bulk-import-script,belinda.bona@mrh.gov.gh,mda_user,ministry-of-roads-and-highways,mda_users_import
2026-09-04T13:39:04.445Z,R2ArrRWOnVVKtU2cCllwi4iFVta2,bulk-import-script,salifuadam41@yahoo.com,mda_user,tatale-sanguli-district,volta_serene_group78_users_import
2026-09-17T23:50:08.345Z,vAGEeIDxUcZshiA1uu8755S9Pf53,bulk-import-script,joana.adzatey@dpg.gov.gh,mda_user,department-of-parks-and-gardens,capacity_building_users_import
2026-09-02T22:56:32.915Z,M8imB8ZGdZSPwT5A3WhsZrC9Tra2,bulk-import-script,ruth.can@mofad.gov.gh,mda_user,ministry-of-fisheries-aqua-culture-development,mda_users_import
2026-09-02T23:12:50.549Z,M2Np5xAuX0VUKS3jZV8zf2SbHeK2,bulk-import-script,zabdulawumbei@gmail.com,mda_user,ministry-of-tourism-culture-and-creative-arts,mda_users_import
2026-09-02T21:31:46.173Z,nmZ7WsxeoWP8uqDhjTK7h7sa3Y12,bulk-import-script,kwesi.anderson@nba.gov.gh,mda_user,ministry-of-environment-science-technology-and-innovation,mda_users_import
2026-09-17T23:44:38.810Z,6VmauZjFggQKprmFI0eiTyqbDnE2,bulk-import-script,richard.opoku-sarkodie@nca.org.gh,mda_user,national-communications-authority-nca,capacity_building_users_import
2026-09-02T22:46:56.838Z,76MCUbOdKgfdqVkAF6qnXcnDRf63,bulk-import-script,vida.opoku@nita.gov.gh,mda_user,ministry-of-communication-and-decentralization,mda_users_import
2026-09-02T22:06:25.752Z,fB4UyHvuoaekPN1VamtZqg5q0xq1,bulk-import-script,doreenmengayela@gmail.com,mda_user,office-of-government-machinery,mda_users_import
2026-09-02T22:19:27.569Z,XmGBTDkKNlSiAdU3QiuMrvgpymZ2,bulk-import-script,christianapomenya@gmail.com,mda_user,ministry-of-health,mda_users_import
2026-09-02T22:52:24.115Z,fkpY6x2kMLTEAcjQzWrtpsty8xl1,bulk-import-script,dollar.agbenu@fairwages.gov.gh,mda_user,ministry-of-employment-and-labour-relations,mda_users_import
2026-09-24T09:48:57.253Z,hL1uSRuAyVNzEAaqo2CQvTmykfr2,bulk-import-script,pagyeman65@gmail.com,mda_user,ghana-police-service,interior_users_import
2026-09-02T23:13:21.547Z,ZMQ3Xv2k5hOkXKjxOkkJvZonf4o1,bulk-import-script,om.akurang@moti.gov.gh,mda_user,ministry-of-trade-and-industry,mda_users_import
2026-09-02T23:07:37.909Z,ttIY55mTbwOmlWPdnvwIXEwDPXt2,bulk-import-script,dennis.gyau@immigration.gov.gh,mda_user,ministry-of-the-interior,mda_users_import
2026-09-02T23:42:18.038Z,WDMyEkf1StMX5qjtu6MKY0rodXo2,bulk-import-script,nketaa@yahoo.com,mda_user,ministry-of-health,mda_users_import
2026-09-02T23:30:05.182Z,umk72sx1nlV4dn7RTcYkMavwm0f2,bulk-import-script,mabelamoakoatta@gmail.com,mda_user,public-services-commission,mda_users_import
2026-09-02T23:27:23.916Z,j8FKGVfaJicCZS4EbrKdIct0yZZ2,bulk-import-script,radiya.abdallah@gna.ord.gh,mda_user,office-of-government-machinery,mda_users_import
2026-09-02T21:22:36.557Z,25EDKJQPB2hOmno1PKTeEYmqlml2,bulk-import-script,david.amanorbrue@cea.gov.gh,mda_user,ministry-of-education,mda_users_import
2026-09-02T21:49:08.765Z,FdDbbt6kiZPFOfleqhm2WwtFH5y2,bulk-import-script,rebecca.sam@smallarmscommission.gov.gh,mda_user,ministry-of-the-interior,mda_users_import
2026-09-11T13:54:01.129Z,nQgsSRTadibm2BGhTXn20i2aNYp2,bulk-import-script,anastasia.ansu_gyeabour@bma.gov.gh,mda_user,bekwai-municipal,volta_serene_group1112_users_import
2026-09-02T22:10:16.283Z,ytIM1nOJdDble0BP1rbSdDJ2qct1,bulk-import-script,maame.samma-peprah@orc.gov.gh,mda_user,office-of-the-attorney-general-and-ministry-of-justice,mda_users_import
2026-09-02T22:48:46.320Z,25EDKJQPB2hOmno1PKTeEYmqlml2,bulk-import-script,david.amanorbrue@cea.gov.gh,mda_user,ministry-of-education,mda_users_import
2026-09-02T21:59:30.392Z,nWTBysOUsXdUm72hNuntpXkEfy53,bulk-import-script,ameyawossac@yahoo.com,mda_user,ministry-of-lands-and-natural-resources,mda_users_import
2026-09-11T13:51:16.722Z,xJwvwvc2tkPTp2f0dUmcqyOuTHt2,bulk-import-script,christian.nkuah@swma.gov.gh,mda_user,sefwi-wiawso-municipal,volta_serene_group1112_users_import
2026-09-02T23:42:02.686Z,yA2iOtvo2Xc1zkROozgMQCvj9lK2,bulk-import-script,lisananor138@gmail.com,mda_user,ministry-of-health,mda_users_import
2026-09-02T22:14:07.821Z,t1kl9FfEEbdFMcNwpWxbeN1OknB2,bulk-import-script,rnazar@mofep.gov.gh,mda_user,ministry-of-finance,mda_users_import
2026-09-18T15:34:44.146Z,96HfCJc94UUs9PsUef3E5wyNC9A3,bulk-import-script,sulemana.mahama@tenda.gov.gh,mda_user,techiman-north-district,group1516_users_import
2026-09-17T23:47:31.144Z,uMBdkGf2mKS1YG0O8rw7A9LL5cy1,bulk-import-script,rdarko-ampem@mofep.gov.gh,mda_user,ministry-of-finance,capacity_building_users_import
2026-09-02T23:42:10.703Z,wUmyJr1JvJMGw0yoAxOI2koQSgd2,bulk-import-script,eoa25@yahoo.com,mda_user,ministry-of-health,mda_users_import
2026-09-02T23:51:54.106Z,AoWkC7Ry5PWX48b8k7SElm7D1Fn2,bulk-import-script,wilsonoyiajo9@gmail.com,mda_user,ministry-of-health,mda_users_import
2026-09-02T23:02:27.774Z,maLP68fj5AS7Fx8kReoMyx47D9z2,bulk-import-script,oseisefagideaon@gmail.com,mda_user,ministry-of-local-government,mda_users_import
2026-09-15T11:51:18.740Z,jxRzEk69wmhnoQFqBbmmuMAFTi52,bulk-import-script,barbara.ameyaw@oeda.gov.gh,mda_user,obuasi-east-district,ashanti_users_import
2026-09-11T13:52:28.225Z,KPu4k6KMoeOZAWpF8fN7NZZkfOv2,bulk-import-script,koduah.francis@aasma.gov.gh,mda_user,asante-akim-south-district,volta_serene_group1112_users_import
2026-09-17T23:43:04.800Z,GcrgTvFZNBdB7zIMm11lElFKlR13,bulk-import-script,seth.gyeketey@mogcsp.gov.gh,mda_user,ministry-of-gender-children-and-social-protection,capacity_building_users_import
2026-09-11T13:50:44.360Z,cvOQiAFMCRSTFFRMDKMkxbibUlB3,bulk-import-script,pnkrumah9@gmail.com,mda_user,bodi-district,volta_serene_group1112_users_import
2026-09-17T23:31:07.353Z,9v5gwcHqf1eefUHK6tlxsuXrdDF3,bulk-import-script,prince.andoh@ncpd.gov.gh,mda_user,national-council-on-persons-with-disability,capacity_building_users_import
2026-09-02T23:18:10.369Z,nWTBysOUsXdUm72hNuntpXkEfy53,bulk-import-script,ameyawossac@yahoo.com,mda_user,ministry-of-lands-and-natural-resources,mda_users_import
2026-09-17T23:44:23.279Z,LGsK1q5vscQpWosGDhGZ0CpHf692,bulk-import-script,horatius.bekoe29@gmail.com,mda_user,ghana-india-kofi-annan-centre-of-excellence-in-ict-gi-kace,capacity_building_users_import
2026-09-17T23:31:51.945Z,oyKVnZnjBQPlKhzqM3SsquJU60P2,bulk-import-script,jeffreyboat3@gmail.com,mda_user,kwame-nkrumah-memorial-park,capacity_building_users_import
2026-09-02T22:41:25.385Z,oobNcgsf6FQKIWtxBohSOd2yGFh1,bulk-import-script,isaac.opoku@audit.gov.gh,mda_user,audit-service,mda_users_import
2026-09-02T23:38:02.933Z,Tyrl7fHZzAfoCGM6ZQbyolSyEEf2,bulk-import-script,a.sawiri@stjohn.org.gh,mda_user,ministry-of-health,mda_users_import
2026-09-02T22:04:01.244Z,WGuJ2NACFOPHU7STtGCLD3AGHDu1,bulk-import-script,badam@ndagh.org,mda_user,office-of-government-machinery,mda_users_import
2026-09-17T23:20:29.791Z,5o9zfHuBzgcXGz2BwNb60keRstC2,bulk-import-script,zoltan.twumbarimah@brcc.gov.gh,mda_user,bono-regional-coordinating-council,capacity_building_users_import
2026-09-02T22:27:39.517Z,0YoLSVli4Va6leyADlLd6oSmmCh1,bulk-import-script,rosemondasase@gmail.com,mda_user,ministry-of-health,mda_users_import
2026-09-17T23:02:06.978Z,0ZwisokYRyMD3VQ8wha8qwI6nCj1,bulk-import-script,henrynsoh@gmail.com,mda_user,ghana-national-fire-service,capacity_building_users_import
2026-09-02T23:13:45.703Z,Vfr2kNqQweYVYJCfJG4xeTRADdw2,bulk-import-script,festus.apreku@gsa.gov.gh,mda_user,ministry-of-trade-and-industry,mda_users_import
2026-09-17T23:43:40.937Z,GkkZgUET1KMIIwnGt5kzKkkAwcH2,bulk-import-script,mashkaisa83@gmail.com,mda_user,ministry-of-gender-children-and-social-protection,capacity_building_users_import
2026-09-18T15:28:29.719Z,JmW884YCELPI8ZqmyS7TFTqfwGH2,bulk-import-script,augustine.ofosu@asda.gov.gh,mda_user,adansi-south-district,group1516_users_import
2026-09-02T23:15:53.370Z,ICdB2pYxvzLfTFPTvNjOyq5mbQm1,bulk-import-script,bkayensu@gamil.com,mda_user,ministry-of-works-and-housing,mda_users_import
2026-09-08T10:40:22.098Z,NGneYjYjWpUY7waei69rRaITmU62,bulk-import-script,asumadu88@gmail.com,mda_user,prestea-huni-valley-municipal,gbmsupport_users_import
2026-09-02T22:26:01.009Z,dSXHmyYPX0RidZJEFKImNk13et72,bulk-import-script,amofamicheal2@gmail.com,mda_user,ministry-of-health,mda_users_import
2026-09-17T23:06:49.161Z,4XEDYhMvR7eDprPxfyaMh0Bcl8v2,bulk-import-script,jacklinedenteh99@gmail.com,mda_user,ghana-integrated-aluminium-development-corporation-giadec,capacity_building_users_import
2026-09-17T23:29:29.678Z,FdDbbt6kiZPFOfleqhm2WwtFH5y2,bulk-import-script,rebecca.sam@smallarmscommission.gov.gh,mda_user,national-commission-on-small-arms-and-light-weapons,capacity_building_users_import
2026-09-02T22:13:40.668Z,GJSxMDnQi8PsjiBCLAmuxxjMtrz2,bulk-import-script,kafui.adamah@statsghana.gov.gh,mda_user,ministry-of-finance,mda_users_import
2026-09-24T09:47:30.281Z,09NRI8Oqv3c7cGRJNFhxhMwbQSO2,bulk-import-script,georgeamoh@ymail.com,mda_user,national-peace-council,interior_users_import
2026-09-02T23:05:47.194Z,Jcz3J5QL3NQajqdtEb6R3lLeuLH3,bulk-import-script,frededrick.aduagyei@highways.gov.gh,mda_user,ministry-of-roads-and-highways,mda_users_import
2026-09-02T22:43:27.449Z,fJrVt8wVVOhe2J14qAYm4EPXYQv1,bulk-import-script,theodore.korley@lac.gov.gh,mda_user,legal-aid-commission,mda_users_import
2026-09-02T21:21:05.113Z,bOswD9WEsjavaUYLm0XTaQ80dqi2,bulk-import-script,beatrice.sallah@ges.gov.gh,mda_user,ministry-of-education,mda_users_import
2026-09-02T23:10:01.116Z,s2V4JdABUGgD27PVesYaHSIiHvM2,bulk-import-script,abukariups@gmail.com,mda_user,ministry-of-the-interior,mda_users_import
2026-09-02T22:48:13.367Z,FKGt9dxvZCUaYx8nLEadPXof6eb2,bulk-import-script,amsaleh@waecgh.org,mda_user,ministry-of-education,mda_users_import
2026-09-02T21:28:32.833Z,OOZwSsfwHvej5leEx3BjYTeNUOA2,bulk-import-script,charles.agyei@dfi.gov.gh,mda_user,ministry-of-employment-and-labour-relations,mda_users_import
2026-09-02T22:56:50.089Z,zrtkjKJSoTeXsDFHFR9WUdm7V393,bulk-import-script,ebenezer.arthur@mofa.gov.gh,mda_user,ministry-of-food-and-agriculture,mda_users_import
2026-09-02T21:49:48.181Z,ZHF8CSXLCPMfi0u0rONMfwgn6m52,bulk-import-script,stephenmensahdogbo@gmail.com,mda_user,ministry-of-the-interior,mda_users_import
2026-09-18T15:28:48.199Z,T8NOS20CDtdIOz4ENjJrjSC5XHr2,bulk-import-script,pacheampong479@gmail.com,mda_user,afigya-kwabre-south-district,group1516_users_import
2026-09-02T21:33:20.096Z,QgC0AHIyChSdNPeg0HCp7GmXFvH2,bulk-import-script,justiceaddel@gmail.com,mda_user,ministry-of-fisheries-aqua-culture-development,mda_users_import
2026-09-17T23:05:49.415Z,PSyRA8bYb6Vj6aAb8CWN0b7Rdhu2,bulk-import-script,eric.abrah@nya.gov.gh,mda_user,national-youth-authority,capacity_building_users_import
2026-09-02T23:15:59.434Z,podeFLdtGQbVCmdHMFwTBHEooN52,bulk-import-script,ashilekpey@gmail.com,mda_user,ministry-of-works-and-housing,mda_users_import
2026-09-02T23:52:03.976Z,hHI22KuSBxQvTyVBmdFvLWQ1ZKV2,bulk-import-script,etogobo@gcps.edu.gh,mda_user,ministry-of-health,mda_users_import
2026-09-18T15:29:23.968Z,hB0f9GofMReLDoWuIh94KRe0ib72,bulk-import-script,louis.essandoh@aaseda.gov.gh,mda_user,ahafo-ano-south-district,group1516_users_import
2026-09-17T23:30:04.223Z,hCBNp2oZwkT0TAEMxgZ6slBvwgF2,bulk-import-script,fuseina09@gmail.com,mda_user,fisheries-commission,capacity_building_users_import
2026-09-08T10:40:57.025Z,7aFvaUbgkQTA1Sv3WYaTJBIqExt2,bulk-import-script,chadiowusu@gmail.com,mda_user,wassa-amenfi-east-district,gbmsupport_users_import
2026-09-02T21:50:49.153Z,Am83FCB1q6MRzc6B2U2hy9h4PFl1,bulk-import-script,safiatu.musah@bgl.gov.gh,mda_user,ministry-of-tourism-culture-and-creative-arts,mda_users_import
2026-09-17T23:04:27.741Z,KlycCqX7k4RqWO4it9QSGbUmXTY2,bulk-import-script,sally.gborglah@motcca.gov.gh,mda_user,ministry-of-tourism-culture-and-creative-arts,capacity_building_users_import
2026-09-02T22:27:29.060Z,ZptKPPuPOIcjoMt5I14It125cuB3,bulk-import-script,timo68ro@yahoo.com,mda_user,ministry-of-health,mda_users_import
2026-09-02T23:50:41.219Z,fB7P6SX6vXXBjLJxCO5B2QH2a4G2,bulk-import-script,muuchae@gmail.com,mda_user,ministry-of-health,mda_users_import
2026-09-02T22:48:38.107Z,nvj5zgkf43T7OF73ok9FY6ifCEt2,bulk-import-script,cephas.gbekor@gtvets.gov.gh,mda_user,ministry-of-education,mda_users_import
2026-09-01T13:45:29.502Z,0gcmyurs6dNu8eeUBBtBgVNDK9E2,bulk-import-script,naalameleysheila@gmail.com,mda_user,kwahu-west-district,volta_serene_group56_users_import
2026-09-17T23:07:27.176Z,BTs6kpHtCnWFlHb9nBh9RU6Xh4H3,bulk-import-script,hannah.payne@mesti.gov.gh,mda_user,ministry-of-environment-science-technology-and-innovation,capacity_building_users_import
2026-09-17T23:28:33.487Z,jVMWjtp3RXWtb1PNTz5WHGmpZBS2,bulk-import-script,clara.lartey@mosr.gov.gh,mda_user,ministry-of-sports-and-recreation,capacity_building_users_import
2026-09-01T13:43:51.527Z,KWdkiqOAWDcH9ztcVIXOnTTzM243,bulk-import-script,samuel.ampoma@dda.gov.gh,mda_user,denkyembuor-district,volta_serene_group56_users_import
2026-09-02T22:02:03.885Z,8mIY5teqpcXcbIapOwoFlBhRg2E3,bulk-import-script,eric.nyantakyi@nhia.gov.gh,mda_user,national-health-fund,mda_users_import
2026-09-02T22:47:00.658Z,yDfd5O56s4abi6FzfR04tejvcuZ2,bulk-import-script,addotey.naa-ogoe@dataprotection.org.gh,mda_user,ministry-of-communication-and-decentralization,mda_users_import
2026-09-02T22:44:03.728Z,CTQAXB2tUXVkkiOVZpvfon0btsz2,bulk-import-script,elham.gausu@gi-kace.gov.gh,mda_user,ministry-of-communication-and-decentralization,mda_users_import
2026-09-02T23:48:14.080Z,3RSgEN8mjzNFEdiWNO7o24rdv3m2,bulk-import-script,ofeibiad10@gmail.com,mda_user,ministry-of-health,mda_users_import
2026-09-02T22:18:57.839Z,pl3REvDwuMgdlmD3qbQ9L7w9kh73,bulk-import-script,silorm@yahoo.com,mda_user,ministry-of-health,mda_users_import
2026-09-02T22:08:46.434Z,lI7ixXvtF8gjuYnPyZBqBlPZzPN2,bulk-import-script,megirasalifu@yahoo.com,mda_user,office-of-government-machinery,mda_users_import
2026-09-17T23:43:38.238Z,TTPwXvsISxdMXFig67UDe9NQylG2,bulk-import-script,eric.botchway@zicds.gov.gh,mda_user,zongo-and-inner-city-development-secretariat,capacity_building_users_import
2026-09-02T23:10:34.530Z,2FiUrwTCtVYjOHKhSJlmW3M6QUt2,bulk-import-script,rita.yali@peacecouncil.gov.gh,mda_user,ministry-of-the-interior,mda_users_import
2026-09-02T22:48:03.243Z,B9iHN0Y8AJay67w5uC6l6pKHW6v1,bulk-import-script,anita.avad@moe.gov.gh,mda_user,ministry-of-education,mda_users_import
2026-09-08T10:40:45.885Z,7TKiGehMFjQuievg8qgobgIJakI2,bulk-import-script,bright.appiah@tnma.gov.gh,mda_user,tarkwa-nsuaem-municipal,gbmsupport_users_import
2026-09-18T15:30:23.236Z,zRK4lWRo0zUNzoZ3BWLFpKinTfH2,bulk-import-script,kennethamoahboadi@gmail.com,mda_user,amansie-south-district,group1516_users_import
2026-09-17T23:28:12.276Z,rxJyH9ntrMeN7fpc4gGpV3hrU4G3,bulk-import-script,bernice.ampofo@gepa.gov.gh,mda_user,ghana-export-promotion-authority,capacity_building_users_import
2026-09-02T22:50:55.876Z,lOd21Jbx3eX38UkpRqyzdkcGGMU2,bulk-import-script,eagogo@gtec.edu.gh,mda_user,ministry-of-education,mda_users_import
2026-09-02T22:08:53.649Z,ylokMaPk10YYxxeeYboxu6Dmt0H2,bulk-import-script,wayo_68@yahoo.com,mda_user,office-of-government-machinery,mda_users_import
2026-09-17T23:41:58.013Z,MZ0mdh6KuQhOPUjnrfmaJcuwpUn1,bulk-import-script,anthony.baidoo@iaa.gov.gh,mda_user,internal-audit-agency,capacity_building_users_import
2026-09-02T23:51:55.704Z,41z3bArx7DewZ8tGTtF1bETk7oH2,bulk-import-script,yy.esseku@gcpharm.edu.gh,mda_user,ministry-of-health,mda_users_import
2026-09-17T23:30:20.046Z,0ZwisokYRyMD3VQ8wha8qwI6nCj1,bulk-import-script,henrynsoh@gmail.com,mda_user,ghana-national-fire-service,capacity_building_users_import
2026-09-01T13:44:06.063Z,jHnKcbMErvRTvjWtCqP6sk34nKP2,bulk-import-script,raymond.tetteh@fnda.gov.gh,mda_user,fanteakwa-north-district,volta_serene_group56_users_import
2026-09-17T23:35:41.420Z,ihxBZgbXv6X2xjBf9EblkzPnWVO2,bulk-import-script,benewindy@gmail.com,mda_user,community-22-polyclinic-ashaiman,capacity_building_users_import
2026-09-17T23:03:41.078Z,UR04SNIbAQNnodpFnUvmnkgM8im2,bulk-import-script,emmanuelamooba86@gmail.com,mda_user,department-of-community-development,capacity_building_users_import
2026-09-02T22:16:47.120Z,bfZi6w3wSsboLmtL0I5z80j34xl1,bulk-import-script,jonathan.marley@ghs.gov.gh,mda_user,ministry-of-health,mda_users_import
2026-09-02T22:19:54.213Z,eyml5iVY9bZOa3ADEfv4MP9LqdI3,bulk-import-script,debikusiboakye@gmail.com,mda_user,ministry-of-health,mda_users_import
2026-09-17T23:20:58.614Z,O9LNAX1a0GayieR1rRQPw6A2r9H2,bulk-import-script,patricksenagah@yahoo.com,mda_user,volta-regional-coordinating-council,capacity_building_users_import
2026-09-17T23:48:31.895Z,CcSNLbW0YrdWUUzgHSKMoqzSMYh2,bulk-import-script,jmsoppong1@gmail.com,mda_user,forestry-commission,capacity_building_users_import
2026-09-15T11:46:43.719Z,1byfxMZNBJglHkbpi1g7688KRcC2,bulk-import-script,daniel.agyekum@ofkma.gov.gh,mda_user,oforikrom-municipal,ashanti_users_import
2026-09-18T15:30:32.199Z,jkjaow4Uc6OeuTBNelv3Jqw7jwj2,bulk-import-script,antwiosei624@gmail.com,mda_user,amansie-south-district,group1516_users_import
2026-09-24T09:46:51.047Z,APygQeHgqfVXJAUqgbwz7siiYTc2,bulk-import-script,senyo.agboada@yahoo.com,mda_user,national-disaster-management-organisation-nadmo,interior_users_import
2026-09-02T23:11:33.534Z,Am83FCB1q6MRzc6B2U2hy9h4PFl1,bulk-import-script,safiatu.musah@bgl.gov.gh,mda_user,ministry-of-tourism-culture-and-creative-arts,mda_users_import
2026-09-04T13:40:08.241Z,KfZNODnsUJVpk9QpuC4bmrTyfQf2,bulk-import-script,miditunni@cgda.gov.gh,mda_user,gonja-central-district,volta_serene_group78_users_import
2026-09-02T22:49:31.396Z,BXtkg8oXmROb0qBYIQ7stYMeRq23,bulk-import-script,jeremiah.ansah@ges.gov.gh,mda_user,ministry-of-education,mda_users_import
2026-09-17T23:21:46.873Z,upp5PdoGFiPHHRQejawQNBLYYai1,bulk-import-script,stephebmensahdogbo@gmail.com,mda_user,national-disaster-management-organisation-nadmo,capacity_building_users_import
2026-09-02T21:31:58.228Z,Lu0vZiXDaWV1d9Ui6xd72Ol3ZlS2,bulk-import-script,fabalona@gmail.com,mda_user,ministry-of-environment-science-technology-and-innovation,mda_users_import
2026-09-17T23:45:14.439Z,cWpy0uftp6gsGBlshvkzvYb3QsZ2,bulk-import-script,nosei2011@gmail.com,mda_user,office-of-the-administrator-general,capacity_building_users_import
2026-09-11T13:53:19.111Z,HEm3i4X5L3gRYt7TaTRzhNBZprn2,bulk-import-script,breenieamysville@gmail.com,mda_user,atwima-kwanwoma-district,volta_serene_group1112_users_import
2026-09-02T22:59:31.629Z,gs3jLvnU1GfEs5dpD2BjBHNgFMi1,bulk-import-script,emmanuel.nartey@lgs.gov.gh,mda_user,ministry-of-local-government,mda_users_import
2026-09-17T23:21:50.323Z,bAkuvXttgnO8ptdjL70jT6Cqdpi1,bulk-import-script,sarah.faith@moe.gov.gh,mda_user,ministry-of-education,capacity_building_users_import
2026-09-02T23:38:00.942Z,J56EhwfKicgmhpMQ2jDZeDxnFd22,bulk-import-script,nyansh@yahoo.com,mda_user,ministry-of-health,mda_users_import
2026-09-18T15:30:37.022Z,FjbwoSbdfTO7Cs2LXvI8nQd2j2K3,bulk-import-script,mariannkansh@juma.got,mda_user,juaben-municipal,group1516_users_import
2026-09-15T11:51:23.708Z,jGy1P8qknkXtPskqHAtV6BB2tZy2,bulk-import-script,maameagyeiwaa22@gmail.com,mda_user,obuasi-east-district,ashanti_users_import
2026-09-17T23:45:09.442Z,CTQAXB2tUXVkkiOVZpvfon0btsz2,bulk-import-script,elham.gausu@gi-kace.gov.gh,mda_user,ghana-india-kofi-annan-centre-of-excellence-in-ict-gi-kace,capacity_building_users_import
2026-09-11T13:53:02.631Z,X33BBRUeMLfDG4yGOtBvvPsC8Em1,bulk-import-script,roland.gyimahankoanah@askma.gov.gh,mda_user,asokwa-municipal,volta_serene_group1112_users_import
2026-09-17T23:14:11.532Z,1iIxrlgBWzVmwotZhV6QEIK6xCH2,bulk-import-script,reginald.brimpong@gitc.gov.gh,mda_user,ghana-international-trade-commission,capacity_building_users_import
2026-09-02T23:27:57.124Z,nKgBLeiBckeaYah4IXhmOIQ4bvg2,bulk-import-script,oabernard20@gmail.com,mda_user,office-of-the-attorney-general-and-ministry-of-justice,mda_users_import
2026-09-02T23:26:20.955Z,cP5ftHnhOnUCHmG8MaMMbHuel782,bulk-import-script,ltackie-yaoboi@mida.gov.gh,mda_user,office-of-government-machinery,mda_users_import
2026-09-17T23:19:26.415Z,91tDPnIJkyMazENln5Ipnh7gEqz1,bulk-import-script,papachazzy@yahoo.co.uk,mda_user,complementary-education-agency,capacity_building_users_import
2026-09-04T13:39:43.483Z,sxpUJKjX7bRHthE0hImT0xmNH3u1,bulk-import-script,rashmufti653@gmail.com,mda_user,savannah-arba,volta_serene_group78_users_import
2026-09-17T23:22:04.810Z,Kg6dnGzEaJYPKEe38lJyJIt7WfT2,bulk-import-script,mabugri@mofep.gov.ghh,mda_user,ministry-of-finance,capacity_building_users_import
2026-09-17T23:41:02.326Z,sMZRcKa1uVQo0gBi4LYqLg7VzEF2,bulk-import-script,mubarik.seidu@lac.gov.gh,mda_user,legal-aid-commission,capacity_building_users_import
2026-09-15T11:50:05.873Z,TZSvwhoRb3eaeyi4KpPl3XYWH8u2,bulk-import-script,grant.nkrumah@kma.gov.gh,mda_user,kumasi-metropolis,ashanti_users_import
2026-09-17T23:37:46.375Z,0uU7vVxbJsUn2bUzvX3qRz5xUwP2,bulk-import-script,irene.aryee@mdpi.gov.gh,mda_user,management-development-and-productivity-institute,capacity_building_users_import
2026-09-02T21:44:45.109Z,VZtetiOGYtPFkR5mPtncCAY4VW93,bulk-import-script,doreen.annan@mint.gov.gh,mda_user,ministry-of-the-interior,mda_users_import
2026-09-02T23:05:29.820Z,AW44XOUuZPbKiAGy2ue4cz18k3J2,bulk-import-script,cynthiaamakyeagyeman@yahoo.com,mda_user,ministry-of-roads-and-highways,mda_users_import
2026-09-02T23:40:37.789Z,EBunZNWnDgb6eWXE8L0eN6Y9gg23,bulk-import-script,deeworld208@yahoo.com,mda_user,ministry-of-health,mda_users_import
2026-09-02T22:47:27.158Z,9gwv7NSRACYy7NcuXkRFVLAqV8v2,bulk-import-script,mavis.adoko@mod.gov.gh,mda_user,ministry-of-defence,mda_users_import
2026-09-17T23:00:55.609Z,yTFmLKJaNKeg7KCB3Q6BCef6UM73,bulk-import-script,anthony.mensah@rmtf.gov.gh,mda_user,road-maintenance-trust-fund,capacity_building_users_import
2026-09-17T23:47:33.579Z,HHlXTdLlMvMpuVofdODNZhTxM2G3,bulk-import-script,jeffrey.asiampong.baah@gtvets.gov.gh,mda_user,ghana-tvet-service,capacity_building_users_import
2026-09-02T22:27:24.999Z,XtWlMJ55GJNyykMhRFihpTpRqCS2,bulk-import-script,psgawu2@gmail.com,mda_user,ministry-of-health,mda_users_import
2026-09-17T23:33:04.923Z,EkstII0wvHfUnwyrdN3FagT8yAT2,bulk-import-script,francis.amesawu@gida.gov.gh,mda_user,ghana-irrigation-development-authority,capacity_building_users_import
2026-09-18T15:32:18.847Z,73MQpWdNhdhS4zc6iHqJ9po5wAG3,bulk-import-script,brain.achiew@nkonda.gov.gh,mda_user,nkoranza-north-district,group1516_users_import
2026-09-11T13:49:39.916Z,4lAG3HoVMEWxCGI6USZ99Vq4MC43,bulk-import-script,addprince1@gmail.com,mda_user,western-north-rba,volta_serene_group1112_users_import
2026-09-02T22:20:41.857Z,HOuTTh3xGCOqbFY4c15wjYrf7HO2,bulk-import-script,ekemmanuel293@gmail.com,mda_user,ministry-of-health,mda_users_import
2026-09-02T23:08:44.177Z,u5wudi6tOYgfkVPgEah7FFrrzBC2,bulk-import-script,ruby.adumuah@gmail.com,mda_user,ministry-of-the-interior,mda_users_import
2026-09-02T23:07:34.374Z,GGXLcSegb9ZzqoQ8R3aS5F1xXau1,bulk-import-script,cfognfs@gmail.com,mda_user,ministry-of-the-interior,mda_users_import
2026-09-02T23:42:08.833Z,GSR7PsWpMFUzNHNrdjaQLp9PCiC2,bulk-import-script,kwodjowusu@gmail.com,mda_user,ministry-of-health,mda_users_import
2026-09-17T23:23:14.561Z,tKZMVfbad7crR5TisDpvawM8ylE3,bulk-import-script,robert.woode@ohcs.gov.gh,mda_user,office-of-the-head-of-civil-service,capacity_building_users_import
2026-09-02T23:35:11.095Z,Rxu6sY5TTwbp6SCZX0dzZSBKmnk2,bulk-import-script,joycetsibun@gmail.com,mda_user,ministry-of-finance,mda_users_import
2026-09-17T23:10:11.551Z,wSE4QAcKxqVezcyuuipZ90OX4i12,bulk-import-script,gifty.tsatsu@melr.gov.gh,mda_user,ministry-of-employment-and-labour-relations,capacity_building_users_import
2026-09-02T22:59:06.281Z,Vrhmm2R4mObV6B1t6WMtNfF36442,bulk-import-script,lawoe.bright@northernrcc.gov.gh,mda_user,ministry-of-local-government,mda_users_import
2026-09-02T22:41:35.376Z,AwBP11h1HONSladkCJ1pqkdr0Hp2,bulk-import-script,akuamoah.boateng24@gmail.com,mda_user,commission-on-human-rights-and-administrative-justice,mda_users_import
2026-09-17T23:14:43.027Z,mQctYBtcmNeqalixTt3f428YFWq1,bulk-import-script,lokko.frederick@mogcsp.gov.gh,mda_user,ministry-of-gender-children-and-social-protection,capacity_building_users_import
2026-09-02T23:41:46.077Z,HOuTTh3xGCOqbFY4c15wjYrf7HO2,bulk-import-script,ekemmanuel293@gmail.com,mda_user,ministry-of-health,mda_users_import
2026-09-02T23:41:31.071Z,qx6PJPzKFsYxFfHDtHJKpTx4Epr1,bulk-import-script,elodzorm@gmail.com,mda_user,ministry-of-health,mda_users_import
2026-09-11T13:52:14.015Z,nrZDmHJn8KRWp7PJHkKUR70bj8Z2,bulk-import-script,christian.owusu@aanda.gov.gh,mda_user,asante-akim-north-district,volta_serene_group1112_users_import
2026-09-17T23:05:58.166Z,U3qaumx2sZaoeF2xXML3rGAo4nY2,bulk-import-script,lacquah02.law@gmail.com,mda_user,ghana-museums-and-monuments-board,capacity_building_users_import
2026-09-15T11:47:30.653Z,zJyswcOjabNgj6Txk5aG4FqCYul1,bulk-import-script,kallai@seda.gov.gh,mda_user,sekyere-east-district,ashanti_users_import
2026-09-02T22:23:19.744Z,zZqpdlyd8ccQH6xUI7tAtoZAumR2,bulk-import-script,nyaaba184@gmail.com,mda_user,ministry-of-health,mda_users_import
2026-09-02T22:59:57.239Z,c373onaDiAOqF3ENdn8WYRDRiDC2,bulk-import-script,hawulatu.issah@mlgcra.gov.gh,mda_user,ministry-of-local-government,mda_users_import
2026-09-17T23:12:20.127Z,2FiUrwTCtVYjOHKhSJlmW3M6QUt2,bulk-import-script,rita.yali@peacecouncil.gov.gh,mda_user,national-population-council,capacity_building_users_import
2026-09-02T21:42:32.259Z,Mv83ka2YqohqtW53OL6pd0ACNgQ2,bulk-import-script,aduseibaidoo@yahoo.com,mda_user,ministry-of-roads-and-highways,mda_users_import
2026-09-15T11:50:48.252Z,7atT0IgEq7fJmVP29Hw1efmnJSG3,bulk-import-script,barbara.banahene@kwadma.gov.gh,mda_user,kwadaso-municipal,ashanti_users_import
2026-09-02T23:32:43.415Z,zO8ITU5ziLgOkgAToUW8yawcndl2,bulk-import-script,ahmed.adama@statsghana.gov.gh,mda_user,ministry-of-finance,mda_users_import
2026-09-02T23:06:29.662Z,Llgg5yRYCuWRHnDYBpUehZh7k1T2,bulk-import-script,ruthafutukotey@gmail.com,mda_user,ministry-of-roads-and-highways,mda_users_import
2026-09-02T23:13:59.152Z,NZkE3xJf0TVs6dhvLKgxZrcRTRM2,bulk-import-script,diananaamoah@yahoo.com,mda_user,ministry-of-transport,mda_users_import
2026-09-02T22:47:36.530Z,139PEuZBAVdLPOn3sHa27GrSsz53,bulk-import-script,jabokuro@yahoo.com,mda_user,ministry-of-defence,mda_users_import
2026-09-02T21:26:52.878Z,Gbhko40XmkQ3GFrNaa2ammRT1Qz2,bulk-import-script,rhoda.mensah@ntc.gov.gh,mda_user,ministry-of-education,mda_users_import
2026-09-17T23:33:44.149Z,wz1k34NuZRWj0pIlUa5lF5p6Yu63,bulk-import-script,yemohchris@gmail.com,mda_user,ministry-of-lands-and-natural-resources,capacity_building_users_import
2026-09-02T21:53:26.123Z,rMiRs2wyFGMO8krDo8r6i1R6dw92,bulk-import-script,ncfosu@gmail.com,mda_user,ministry-of-transport,mda_users_import
2026-09-02T21:25:08.552Z,tUc8FxDSLcf0RCElFPEg2cP0T0n2,bulk-import-script,gloria.amoatey@ntc.gov.gh,mda_user,ministry-of-education,mda_users_import
2026-09-02T23:10:30.979Z,e4wqesDFHmUfW0YZ63BzwPwfC5n1,bulk-import-script,raymond.sackey@grb.gov.gh,mda_user,ministry-of-the-interior,mda_users_import
2026-09-02T22:19:50.055Z,MyYG1qTtvQRHkV6dS8e6xAoJq762,bulk-import-script,kwamenadaniel@gmail.com,mda_user,ministry-of-health,mda_users_import
2026-09-02T21:41:22.562Z,sFAmvdcF8KeOjC8cEoiEx9uawwx1,bulk-import-script,akwasi.asamoah@dfr.gov.gh,mda_user,ministry-of-roads-and-highways,mda_users_import
2026-09-02T23:24:34.078Z,E5q2j3V5nMP7rRBHspCYLZMAaH63,bulk-import-script,jonathan.manu@nhia.gov.gh,mda_user,national-health-fund,mda_users_import
2026-09-24T09:49:17.370Z,ByFCK72rYCNNeSSX2Sgwo6toxKI2,bulk-import-script,frank.tepe-mensah@grb.gov.gh,mda_user,ghana-refugee-board,interior_users_import
2026-09-02T22:48:31.218Z,KomWzMuS6mhquUtRTGOkUNxVppm2,bulk-import-script,charity.asamoah@ctvet.gov.gh,mda_user,ministry-of-education,mda_users_import
2026-09-17T23:50:05.360Z,4ZIeqVqC7DYtRB5ay5NSrOdKMVR2,bulk-import-script,eric.adu-boahen@ohcs.gov.gh,mda_user,office-of-the-head-of-civil-service,capacity_building_users_import
2026-09-02T23:06:02.198Z,dqAKiSDsPofNxsPYb37ZDEbMtLN2,bulk-import-script,isaackandoh@gmail.com,mda_user,ministry-of-roads-and-highways,mda_users_import
2026-09-02T21:31:38.512Z,XDUCGkCnObU3m2euW6KuAKwowpL2,bulk-import-script,felix.atse@ewastefund.gov.gh,mda_user,ministry-of-environment-science-technology-and-innovation,mda_users_import
2026-09-15T11:49:30.734Z,hhsB1CkFQYXgVs5l76CsnCp73w23,bulk-import-script,emmanuel.frimpong@ejima.gov.gh,mda_user,ejisu-municipal,ashanti_users_import
2026-09-02T21:19:42.662Z,76MCUbOdKgfdqVkAF6qnXcnDRf63,bulk-import-script,vida.opoku@nita.gov.gh,mda_user,ministry-of-communication-and-decentralization,mda_users_import
2026-09-17T23:08:47.150Z,jfuIMWSOj2VEIGuVF3ybARYFUxr2,bulk-import-script,sulleymanawudu6@gmail.com,mda_user,national-disaster-management-organisation-nadmo,capacity_building_users_import
2026-09-02T22:53:09.433Z,kpQGRG4RyuU6WeJJu5M3mHof5s63,bulk-import-script,richard.nortey@dfi.gov.gh,mda_user,ministry-of-employment-and-labour-relations,mda_users_import
2026-09-02T23:00:04.078Z,AWu6JCAyjzOhbWsIeuuFIzNx7OE3,bulk-import-script,iris.odametey@gmail.com,mda_user,ministry-of-local-government,mda_users_import
2026-09-02T23:46:46.685Z,DTKwRgGIpsZ3lT9TExDTR6hg0xs1,bulk-import-script,drkobeng@gmail.com,mda_user,ministry-of-health,mda_users_import
2026-09-02T21:20:15.960Z,9gwv7NSRACYy7NcuXkRFVLAqV8v2,bulk-import-script,mavis.adoko@mod.gov.gh,mda_user,ministry-of-defence,mda_users_import
2026-09-02T21:19:47.363Z,yDfd5O56s4abi6FzfR04tejvcuZ2,bulk-import-script,addotey.naa-ogoe@dataprotection.org.gh,mda_user,ministry-of-communication-and-decentralization,mda_users_import
2026-09-02T21:20:43.713Z,xEoNRO2S97OY5nfyANMnFlrZQQF2,bulk-import-script,pomaa.antwi-dako@gbdc.gov.gh,mda_user,ministry-of-education,mda_users_import
2026-09-15T11:47:17.063Z,OuBsEWiTO5T0zFiXyLWlmOnlQ4x1,bulk-import-script,mabel.kankam@scda.gov.gh,mda_user,sekyere-central-district,ashanti_users_import
2026-09-08T10:39:45.324Z,lWJHDGHD9obPbDB2OmMzPggI8hM2,bulk-import-script,fiifiaidoo1@gmail.com,mda_user,ellembelle-district,gbmsupport_users_import
2026-09-02T21:37:32.916Z,c373onaDiAOqF3ENdn8WYRDRiDC2,bulk-import-script,hawulatu.issah@mlgcra.gov.gh,mda_user,ministry-of-local-government,mda_users_import
2026-09-02T23:00:06.328Z,xpayNY7mgAQUVorBeWrrfF8niFu1,bulk-import-script,ampemdarkojohn@yahoo.com,mda_user,ministry-of-local-government,mda_users_import
2026-09-02T22:23:29.585Z,4QKuyPFnu8X58qctUYaK582OP2R2,bulk-import-script,jakelikem@ymail.com,mda_user,ministry-of-health,mda_users_import
2026-09-11T13:52:07.384Z,gIbCv5VoseZkiJ7F8yVlveTfMHs1,bulk-import-script,asarebediakod3@gmail.com,mda_user,asante-akim-central-municipal,volta_serene_group1112_users_import
2026-09-02T23:24:06.935Z,OeZ2ZwzHtVbFDj1ClTAuBKQf5mM2,bulk-import-script,eric.entsie@nhia.gov.gh,mda_user,national-health-fund,mda_users_import
2026-09-17T23:40:48.706Z,GmqztQGL60bDwLoBXOpdF71fjHC3,bulk-import-script,enoch.batsa@chraj.gov.gh,mda_user,commission-on-human-rights-and-administrative-justice,capacity_building_users_import
2026-09-02T22:49:21.675Z,iZUdSRFC6kfHqIqw0DKBZ2xrBi23,bulk-import-script,fnketia@gtec.edu.gh,mda_user,ministry-of-education,mda_users_import
2026-09-02T21:20:39.008Z,MG4IYmaCRjfIcONLQIsHWfes4B72,bulk-import-script,ajinapor@gtec.edu.gh,mda_user,ministry-of-education,mda_users_import
2026-09-02T21:31:14.071Z,ij188qYaLoUjB1l23JY1sULohRD3,bulk-import-script,aliyata.uthman@mesti.gov.gh,mda_user,ministry-of-environment-science-technology-and-innovation,mda_users_import
2026-09-17T23:01:31.445Z,4Mvw5CKMtyaTxOaNB4SHjlV1ldd2,bulk-import-script,bronville12@gmail.com,mda_user,fisheries-commission,capacity_building_users_import
2026-09-17T23:05:34.842Z,VBjU7kP2nUT1ynA4Qwp1w37wsLr2,bulk-import-script,michael.amofah@nia.gov.gh,mda_user,national-identification-authority,capacity_building_users_import
2026-09-17T23:36:13.145Z,jfuIMWSOj2VEIGuVF3ybARYFUxr2,bulk-import-script,sulleymanawudu6@gmail.com,mda_user,national-disaster-management-organisation-nadmo,capacity_building_users_import
2026-09-02T23:07:17.314Z,DZ53yxTfPCdrG3xvVCHIb8qM6jG2,bulk-import-script,audreysackey3@gmail.com,mda_user,ministry-of-the-interior,mda_users_import
2026-09-02T23:10:32.863Z,FdDbbt6kiZPFOfleqhm2WwtFH5y2,bulk-import-script,rebecca.sam@smallarmscommission.gov.gh,mda_user,ministry-of-the-interior,mda_users_import
2026-09-02T23:32:54.975Z,BlEnKUWDW5TLheX1PzZQR5HoVNm1,bulk-import-script,cynthia.sallah@iaa.gov.gh,mda_user,ministry-of-finance,mda_users_import
2026-09-02T22:08:48.788Z,SQHiQ7m8yMZ9fftNOmt8E0obEm12,bulk-import-script,tedumadze@imccod.gov.gh,mda_user,office-of-government-machinery,mda_users_import
2026-09-17T23:03:44.007Z,qnzxeglhFbMp8WrONzkm2PQMpou1,bulk-import-script,owusuaa436@gmail.com,mda_user,controller-and-accountant-general-s-department,capacity_building_users_import
2026-09-02T22:03:42.126Z,kM1Ppz6yf0Pjw5eg2BsU7jUUO0M2,bulk-import-script,tsanziri@yahoo.com,mda_user,national-media-commission,mda_users_import
2026-09-17T23:47:51.999Z,1G0SelVZvFeAAKiqpvDsNlGSI4h2,bulk-import-script,samsontuglo@gmail.com,mda_user,ghana-tvet-service,capacity_building_users_import
2026-09-18T15:33:06.256Z,n4lvG7MTgdXKNDbLQCUfQIPp0LY2,bulk-import-script,derrick.boateng@peda.gov.gh,mda_user,pru-east-district,group1516_users_import
2026-09-24T09:49:48.171Z,FsY9NgfUewdRB0WTsx1cRx9agWY2,bulk-import-script,samueloforiadu23@gmail.com,mda_user,ghana-police-service,interior_users_import
2026-09-17T23:48:48.024Z,FMimfUZDFCbYAnEOcRoOxgbqRvK2,bulk-import-script,mkemeh@mofep.gov.gh,mda_user,ministry-of-finance,capacity_building_users_import
2026-09-02T23:05:25.531Z,Ngmj22Hms9hvnR9APWKYtCnmrZm1,bulk-import-script,abigailshardow@yahoo.com,mda_user,ministry-of-roads-and-highways,mda_users_import
2026-09-24T09:46:38.750Z,DZ53yxTfPCdrG3xvVCHIb8qM6jG2,bulk-import-script,audreysackey3@gmail.com,mda_user,national-disaster-management-organisation-nadmo,interior_users_import
2026-09-02T21:35:45.574Z,QCYUwidP0gTlcPqlWmQ0r8GYGJv1,bulk-import-script,mag.gilbert@yahoo.com,mda_user,ministry-of-gender-children-and-social-protection,mda_users_import
2026-09-17T23:02:59.068Z,3ZhA0JBY1nNzbG8N06jCC6U7cJi1,bulk-import-script,james.kuofie@nra.gov.gh,mda_user,nuclear-regulatory-authority,capacity_building_users_import
2026-09-15T11:47:38.176Z,Fbln5BNDZGUKIPKgEH1xCx5FIln2,bulk-import-script,brian.afriyie@skda.gov.gh,mda_user,sekyere-kumawu-district,ashanti_users_import
2026-09-02T23:35:00.398Z,xlzEigbBA1Svlw1kEAio21KcOrN2,bulk-import-script,james.avedzi@sec.gov.gh,mda_user,ministry-of-finance,mda_users_import
2026-09-02T21:16:05.954Z,94IrM4nsuodRJrrbEaA0r8WMHvt2,bulk-import-script,bertha.essah@lac.gov.gh,mda_user,legal-aid-commission,mda_users_import
2026-09-17T23:31:57.013Z,Q6giAQZ4klfIMVszDOqBVf01npz1,bulk-import-script,samuel.sieh@nia.gov.gh,mda_user,national-identification-authority,capacity_building_users_import
2026-09-17T23:04:02.700Z,Q6giAQZ4klfIMVszDOqBVf01npz1,bulk-import-script,samuel.sieh@nia.gov.gh,mda_user,national-identification-authority,capacity_building_users_import
2026-09-17T23:14:34.208Z,FaGaaW7pUtP9ZmBfnhXwfaXHVkM2,bulk-import-script,tina.asante@gsa.gov.gh,mda_user,ghana-standards-authority,capacity_building_users_import
2026-09-02T23:38:22.551Z,ZRxIrmS75oYnwcqkyFtv79dJKTI3,bulk-import-script,bernice.asante@moffa.gov.gh,mda_user,ministry-of-health,mda_users_import
2026-09-01T13:43:48.255Z,h93NHzsRe2bSWL3lnHAi8F0EfzB2,bulk-import-script,andyadjewi@gmail.com,mda_user,birim-south-district,volta_serene_group56_users_import
2026-09-17T23:41:55.372Z,8i7aazcRRgW5Dy5LGNPFf1Qp4242,bulk-import-script,joseph.sarfo-mensah@masloc.gov.gh,mda_user,microfinance-and-small-loans-centre-masloc,capacity_building_users_import
2026-09-02T23:51:41.655Z,ryZK3PNwNPbKD3ZEcHyxkauDKU53,bulk-import-script,unitydeku@mail.com,mda_user,ministry-of-health,mda_users_import
2026-09-02T23:01:18.791Z,00Em9O7tUngbMB9CuZ4s8RUbqoL2,bulk-import-script,moisobdubik@yahoo.com,mda_user,ministry-of-local-government,mda_users_import
2026-09-18T15:33:24.161Z,oyOADsWN7oO01vXEa8SXBiNsSZ92,bulk-import-script,jerry.mensah@pwda.gov.gh,mda_user,pru-west-district,group1516_users_import
2026-09-02T23:50:05.608Z,vfgWBDpRMwPQ7kA9oDOZCkWWKDF2,bulk-import-script,raymondnunoo66@yahoo.com,mda_user,ministry-of-health,mda_users_import
2026-09-08T10:40:50.693Z,ESDb5QMEFySSSVOm2IkuFlyuMaG3,bulk-import-script,mavis.ackon@tnma.gov.gh,mda_user,tarkwa-nsuaem-municipal,gbmsupport_users_import
2026-09-02T23:15:45.885Z,kRJpB50MbzTTTIDnDhqrc76Ke8G3,bulk-import-script,rkreginald@gmail.com,mda_user,ministry-of-transport,mda_users_import
2026-09-17T23:03:20.618Z,x6luwVRvIYcbXjqCFEvonmd0icB3,bulk-import-script,raymondsackey27@yahoo.com,mda_user,ghana-refugee-board,capacity_building_users_import
2026-09-17T23:37:30.609Z,wSE4QAcKxqVezcyuuipZ90OX4i12,bulk-import-script,gifty.tsatsu@melr.gov.gh,mda_user,ministry-of-employment-and-labour-relations,capacity_building_users_import
2026-09-02T21:49:43.694Z,kPi28l0cVLNPqdehlBFh2ri39hl2,bulk-import-script,djilahs@yahoo.com,mda_user,ministry-of-the-interior,mda_users_import
2026-09-17T23:36:00.088Z,7Oi3wq38X7d90iPcCb9VJvQIpVf2,bulk-import-script,johnnyamedeka@yahoo.com,mda_user,council-for-scientific-and-industrial-research-csir,capacity_building_users_import
2026-09-17T23:42:06.213Z,ZqnWEY9slvMLKnNMT1V27g59yB33,bulk-import-script,mumuniisaiah@gmail.com,mda_user,northern-development-authority,capacity_building_users_import
2026-09-02T23:52:22.106Z,tYPU6BpIm3VNqtgZp4E9LhMOz8a2,bulk-import-script,blessing.nelson@nss.gov.gh,mda_user,ministry-of-youth-development-and-empowerment,mda_users_import
2026-09-17T23:42:36.097Z,52ZxQbLfhQbEiABdhA348NSKTy13,bulk-import-script,isaac.dwamena@scholarships.gov.gh,mda_user,ghana-scholarships-authority,capacity_building_users_import
2026-09-17T23:08:15.571Z,C8VReNogb7Wv09gyx7yx6dPsVXA2,bulk-import-script,rita.boadu@orc.gov.gh,mda_user,office-of-the-registrar-of-companies,capacity_building_users_import
2026-09-08T10:39:31.251Z,i6Qf7yVl5vdihPxbHim4Ghr4usv2,bulk-import-script,festus.rockson@acda.gov.gh,mda_user,amenfi-central-district,gbmsupport_users_import
2026-09-02T21:33:47.824Z,BsFTRgfd5XStYKFkz3ZY1ydJj6v1,bulk-import-script,prosper.agbenu@npfs.gov.gh,mda_user,ministry-of-fisheries-aqua-culture-development,mda_users_import
2026-09-02T23:13:57.316Z,PUfnfZTQTXhNDtMkWVpLQk0z7Ms2,bulk-import-script,abigail.tetteh@dvla.gov.com,mda_user,ministry-of-transport,mda_users_import
2026-09-02T23:33:02.182Z,6MPYpsPIDcWfAP5As7e9drNiSi83,bulk-import-script,esther.ankomah@iat.gov.gh,mda_user,ministry-of-finance,mda_users_import
2026-09-02T23:10:39.583Z,LXMJWkvHP3g6NlvaiNNBwXic8Kw1,bulk-import-script,selasie.adih@grb.gov.gh,mda_user,ministry-of-the-interior,mda_users_import
2026-09-02T22:30:30.066Z,4OBupzastHYfQrcujA4lq5rBuJC2,bulk-import-script,daney@nya.gov.gh,mda_user,ministry-of-youth-development-and-empowerment,mda_users_import
2026-09-02T21:28:55.913Z,7K6qYb9LFbOGwrEo5cSBY5T6INZ2,bulk-import-script,joysenyo@gmail.com,mda_user,ministry-of-employment-and-labour-relations,mda_users_import
2026-09-02T22:23:34.629Z,2c1N4TuIMKQZE1K3qsuWORQNJkf2,bulk-import-script,josephboye1@gmail.com,mda_user,ministry-of-health,mda_users_import
2026-09-02T22:47:02.510Z,5QdG4sO6HFUATFrFDtQAAuLHxwB3,bulk-import-script,yaw.buadu@nita.gov.gh,mda_user,ministry-of-communication-and-decentralization,mda_users_import
2026-09-17T23:29:17.126Z,VIg1XIwEH8UjZv3rRLQlIbuodDe2,bulk-import-script,edith.ababio@unescoghana.gov.gh,mda_user,ghana-commission-for-unesco,capacity_building_users_import
2026-09-02T22:57:36.488Z,t1fYrQZQXmOiMJGryEasPg0ZUWg1,bulk-import-script,florence.quartey@mogcsp.gov.gh,mda_user,ministry-of-gender-children-and-social-protection,mda_users_import
2026-09-02T22:01:19.598Z,qZoL1DUlrNVxhkxAzBYniTwUjtX2,bulk-import-script,charles.konglo@ndpc.gov.gh,mda_user,national-development-planning-commission,mda_users_import
2026-09-02T23:34:54.638Z,aivkd1N0UbbyxWtTH6Phvt0Ed7v1,bulk-import-script,gdamalie@mofep.gov.gh,mda_user,ministry-of-finance,mda_users_import
2026-09-02T23:47:47.748Z,yuMsVix0xLhiGHDade7FhhebuC12,bulk-import-script,monicatorsu1@gmail.com,mda_user,ministry-of-health,mda_users_import
2026-09-02T21:52:57.825Z,oBx0HQaGtPZvtdX7wRbGHAaspHm2,bulk-import-script,sackiteyebenezer74@gmail.com,mda_user,ministry-of-trade-and-industry,mda_users_import
2026-09-02T22:50:02.570Z,OQoQVivWhNf79EK5EqL39zs7Hgv1,bulk-import-script,jemima.mantey@ntc.gov.gh,mda_user,ministry-of-education,mda_users_import
2026-09-02T21:50:44.772Z,0Z3uzZru9oZalYau8E6w4MGnbvr1,bulk-import-script,louismens@yahoo.com,mda_user,ministry-of-tourism-culture-and-creative-arts,mda_users_import
2026-09-17T22:59:42.631Z,psOyfmas2PT7x2dwM93QLSlqc7V2,bulk-import-script,arthur.ebenezer748@gmail.com,mda_user,ministry-of-food-and-agriculture,capacity_building_users_import
2026-09-04T13:37:38.796Z,WZWyuAhTY5fYGvsRubgmLRJfiwJ3,bulk-import-script,james.sanefu@miondistrict.gov.gh,mda_user,mion-district,volta_serene_group78_users_import
2026-09-02T22:20:57.862Z,CMzfG2jExnZOE3wVEZn169k9Z352,bulk-import-script,janicemannel@gmail.com,mda_user,ministry-of-health,mda_users_import
2026-09-02T21:58:42.405Z,Iqy0uuFlqtc2neG91KcRK6S9Dd73,bulk-import-script,dianaaddae6@gmail.com,mda_user,ministry-of-youth-and-sports,mda_users_import
2026-09-02T22:50:50.264Z,7Es2HxwJdSVmXNB8JzN3rfDWAE72,bulk-import-script,selorm.atsu@ges.gov.gh,mda_user,ministry-of-education,mda_users_import
2026-09-02T22:54:11.423Z,ImtipWcSKUW5BaWHIHnTx1xRThC2,bulk-import-script,judah.odoom@epa.gov.gh,mda_user,ministry-of-environment-science-technology-and-innovation,mda_users_import
2026-09-02T23:52:05.655Z,5ZBccTDw8FZQLJ5T2ZxgTU1THOI2,bulk-import-script,edmund.togobo@nvi.gov.gh,mda_user,ministry-of-health,mda_users_import
2026-09-02T21:44:10.517Z,DZ53yxTfPCdrG3xvVCHIb8qM6jG2,bulk-import-script,audreysackey3@gmail.com,mda_user,ministry-of-the-interior,mda_users_import
2026-09-17T23:41:33.201Z,tdorrQcO8IbdidM1fdhtegvr7WK2,bulk-import-script,lynda.coffie@mogcsp.gov.gh,mda_user,ministry-of-gender-children-and-social-protection,capacity_building_users_import
2026-09-02T22:54:52.154Z,hZFyquAsddSW9mFGwHCOnpABH4n2,bulk-import-script,esther.amoah@mofad.gov.gh,mda_user,ministry-of-fisheries-aqua-culture-development,mda_users_import
2026-09-02T23:39:58.685Z,a84BOPRLCtNzp6yOHq5DHVBntIt1,bulk-import-script,dedenuer@gmail.com,mda_user,ministry-of-health,mda_users_import
2026-09-24T09:47:18.885Z,6IwNJoaJeDfBSIgcGZM0Rft2MxJ3,bulk-import-script,agy.asomaniwinifred@gmail.com,mda_user,ghana-national-fire-service,interior_users_import
2026-09-11T13:51:44.301Z,N54jGVpSKxV56WoNVwGPPET88E53,bulk-import-script,thomas.atuahene@arcc.gov.gh,mda_user,ashanti-rba,volta_serene_group1112_users_import
2026-09-17T23:34:42.881Z,vmmFM42kEFc84hcmOxpprqfboNi1,bulk-import-script,adiepenaampomah@gmail.com,mda_user,ministry-of-lands-and-natural-resources,capacity_building_users_import
2026-09-02T23:25:13.955Z,GzSmkw1RFOUCn59o3xSXd6hUnXH2,bulk-import-script,aspiro.kade@yahoo.com,mda_user,national-labour-commission,mda_users_import
2026-09-17T23:44:10.542Z,8oCaBwFMIQMhUVqU4Y4ju67fbkh1,bulk-import-script,seiduahmed101@gmail.com,mda_user,northern-development-authority,capacity_building_users_import
2026-09-17T23:06:28.466Z,t4XBsJdO0YPMTuc0psradcVUxZv2,bulk-import-script,ruth.agyeman@arcc.gov.gh,mda_user,ashanti-regional-coordinating-council,capacity_building_users_import
2026-09-02T22:02:59.041Z,9YAPYoOPtJMuJe4vXlQgiN4rCeP2,bulk-import-script,paul.effah@nhia.gov.gh,mda_user,national-health-fund,mda_users_import
2026-09-02T21:50:58.202Z,4S5f5oG1ZrY0im61MpTdj7Wf92k1,bulk-import-script,sally.ghorglah@motac.gov.gh,mda_user,ministry-of-tourism-culture-and-creative-arts,mda_users_import
2026-09-04T13:40:03.854Z,pTtQr2EqhfaIkNm9D04cxYMbzPO2,bulk-import-script,abdulai.abdul-razak@cgda.gov.gh,mda_user,gonja-central-district,volta_serene_group78_users_import
2026-09-02T23:51:34.040Z,MrkdIDwd7Ah5L9exyt4DTg02BhL2,bulk-import-script,senavidza@gmail.com,mda_user,ministry-of-health,mda_users_import
2026-09-02T22:27:47.720Z,ijiYPXSDuEgKPyLy6vqn28FPAN13,bulk-import-script,kwesipossbley2017@gmail.com,mda_user,ministry-of-health,mda_users_import
2026-09-11T13:54:03.896Z,sIE9L1jgmlOqZXoL3yFIT94NNG03,bulk-import-script,yaw.kwakye@bma.gov.gh,mda_user,bekwai-municipal,volta_serene_group1112_users_import
2026-09-17T23:00:52.737Z,VIg1XIwEH8UjZv3rRLQlIbuodDe2,bulk-import-script,edith.ababio@unescoghana.gov.gh,mda_user,ghana-commission-for-unesco,capacity_building_users_import
2026-09-02T21:42:43.423Z,3EgIuvFozjQqSRI6lqbrCeAy5i22,bulk-import-script,patienceonny@gmail.com,mda_user,ministry-of-roads-and-highways,mda_users_import
2026-09-02T23:37:53.265Z,XJUyILYpMxaILi0g4F4cWxmGUEj2,bulk-import-script,aseye.kpodotsi@ghs.gov.gh,mda_user,ministry-of-health,mda_users_import
2026-09-17T23:48:03.283Z,bAkuvXttgnO8ptdjL70jT6Cqdpi1,bulk-import-script,sarah.faith@moe.gov.gh,mda_user,ministry-of-education,capacity_building_users_import
2026-09-17T23:20:19.950Z,lAhsVWiLenPZKRWRU6EPr0hNaJY2,bulk-import-script,marvin.ankoma@mod.gov.gh,mda_user,ministry-of-defence,capacity_building_users_import
2026-09-02T23:46:23.177Z,gO8wo4iCApbiGn7z7lt12FaZrTl2,bulk-import-script,kenkwakaf@gmail.com,mda_user,ministry-of-health,mda_users_import
2026-09-02T23:40:30.072Z,5dqBYZxxNZY5iG07tSd99fOMgJj1,bulk-import-script,agyeidaniel420ad@gmail.com,mda_user,ministry-of-health,mda_users_import
2026-09-17T23:15:10.436Z,88NHQcgatmhEPwScuW0nm036tV32,bulk-import-script,benwus1@yahoo.com,mda_user,ghana-tvet-service,capacity_building_users_import
2026-09-01T13:44:39.990Z,ZyRbgbS7fbRNGxabq0Y1763RhFM2,bulk-import-script,stephen.adomako@kapsda.gov.gh,mda_user,kwahu-afram-plains-south-district,volta_serene_group56_users_import
2026-09-02T21:57:07.011Z,podeFLdtGQbVCmdHMFwTBHEooN52,bulk-import-script,ashilekpey@gmail.com,mda_user,ministry-of-works-and-housing,mda_users_import
2026-09-17T23:48:29.416Z,kmgwC9lJb3Mls2l3fvfHcpMSmfo1,bulk-import-script,raymond.ababio@mod.gov.gh,mda_user,ministry-of-defence,capacity_building_users_import
2026-09-02T21:29:23.619Z,kpQGRG4RyuU6WeJJu5M3mHof5s63,bulk-import-script,richard.nortey@dfi.gov.gh,mda_user,ministry-of-employment-and-labour-relations,mda_users_import
2026-09-17T23:30:34.537Z,AJput5hE4DbyOuABJ7d5XjPvfks1,bulk-import-script,karenasiamah@gmail.com,mda_user,ministry-of-environment-science-technology-and-innovation,capacity_building_users_import
2026-09-02T21:58:37.517Z,OVBbNzV2MYZb8a2sAtM9SKKtxgi1,bulk-import-script,vernapappoe@gmail.com,mda_user,ministry-of-works-and-housing,mda_users_import
2026-09-02T22:43:29.566Z,taXcp6gSImeJoPAAs85aggNgtb02,bulk-import-script,victor.bimah@lac.gov.gh,mda_user,legal-aid-commission,mda_users_import
2026-09-02T23:51:03.231Z,VP7Ayp06EMSoEewFeOd64vd8vPw1,bulk-import-script,shahadway84@gmail.com,mda_user,ministry-of-health,mda_users_import
2026-09-17T23:23:17.191Z,m0Gu1LhSGteIheedaxqhr6QMS373,bulk-import-script,nanaclaude88@gmail.com,mda_user,bureau-of-national-investigations-bni,capacity_building_users_import
2026-09-18T15:31:04.556Z,3M6zQBWiw7MG1XynaxcPU4wb6xC2,bulk-import-script,hammond.brokye@aama.gov.gh,mda_user,atebubu-amantin-municipal,group1516_users_import
2026-09-02T22:23:06.105Z,Rq7AX4uzmVQY0X7YjQGskevy45q1,bulk-import-script,hagyemang@ugmc.ug.edu.gh,mda_user,ministry-of-health,mda_users_import
2026-09-02T22:12:51.231Z,qM94ZIVU0dXF2QCSUx4TGKRDkMh2,bulk-import-script,daniel.otoo@ppa.gov.gh,mda_user,ministry-of-finance,mda_users_import
2026-09-17T23:10:59.885Z,JuZeIUEs2fQW5RMeFwg4WcYLO1w1,bulk-import-script,jessica.ayim@mint.gov.gh,mda_user,ministry-of-the-interior,capacity_building_users_import
2026-09-17T23:35:52.285Z,w3AeMzm35iQe6h8t3JmUttQYCJG2,bulk-import-script,elsie.lekettey@energymin.gov.gh,mda_user,ministry-of-energy-and-green-transition,capacity_building_users_import
2026-09-02T23:25:40.135Z,820Pe5JreEap3BAzycuNwi2j4p12,bulk-import-script,akwanab@yahoo.com,mda_user,office-of-government-machinery,mda_users_import
2026-09-02T22:23:43.863Z,GxhGWtv7nuXcxFHYKSaj0Rcr8dC3,bulk-import-script,janetkorankye69@gmail.com,mda_user,ministry-of-health,mda_users_import
2026-09-02T23:46:17.469Z,1WtKwmf8bJerLbAzy3DLeiQVDAo1,bulk-import-script,joniyaq@gmail.com,mda_user,ministry-of-health,mda_users_import
2026-09-15T11:49:49.655Z,wix570CPX0VhGQo64VFScIvlrPh1,bulk-import-script,albert.attakorah@esma.gov.gh,mda_user,ejura-sekyeredumasi-district,ashanti_users_import
2026-09-02T21:28:27.727Z,QLYkvvohBsO3F6DxrlArJPpkPJl2,bulk-import-script,anthony.quansah@fairwages.gov.gh,mda_user,ministry-of-employment-and-labour-relations,mda_users_import
2026-09-02T23:28:00.177Z,0SU8T2Bjq7TaPIUoRU9UdgeRT6g1,bulk-import-script,bright.oppong98@aol.com,mda_user,office-of-the-attorney-general-and-ministry-of-justice,mda_users_import
2026-09-02T22:13:03.111Z,rNpf37a89cgUsPja1L1gEbhc0tx2,bulk-import-script,eyartey@mofep.gov.gh,mda_user,ministry-of-finance,mda_users_import
2026-09-17T23:40:56.963Z,Iw6tU97COwPsGusyqauHHtDMpVK2,bulk-import-script,dankyibediako@yahoo.com,mda_user,community-water-and-sanitation-agency,capacity_building_users_import
2026-09-11T13:51:57.642Z,GOKXjzHP7dStKO93160gQfXb5b62,bulk-import-script,issahrukaya@amansiewestdistrictassemblygov.gh,mda_user,amansie-west-district,volta_serene_group1112_users_import
2026-09-02T23:48:23.839Z,tTK44DP4VMQueSXR0GYEFrR3M182,bulk-import-script,pkeleblu@gmail.com,mda_user,ministry-of-health,mda_users_import
2026-09-17T23:02:44.598Z,Iqy0uuFlqtc2neG91KcRK6S9Dd73,bulk-import-script,dianaaddae6@gmail.com,mda_user,national-sports-college-winneba,capacity_building_users_import
2026-09-02T21:41:31.831Z,daW58OtTTof2mQTeCAmGhFFRO0C3,bulk-import-script,osbalex@yahoo.com,mda_user,ministry-of-roads-and-highways,mda_users_import
2026-09-17T23:32:54.531Z,nWBIMLubrsaC0kzb30YvsEoRtp12,bulk-import-script,stephenabofuor@gmail.com,mda_user,controller-and-accountant-general-s-department,capacity_building_users_import
2026-09-02T21:29:07.036Z,fn9IaMKDinQe23aVg0Mpuuu5YG43,bulk-import-script,lawkuuem@gmail.com,mda_user,ministry-of-employment-and-labour-relations,mda_users_import
2026-09-02T23:07:04.689Z,Vx0f1F79zzQPaYYne0czKFxbUrx1,bulk-import-script,anita.forster@ncc.gov.gh,mda_user,ministry-of-the-interior,mda_users_import
2026-09-02T22:14:09.918Z,qrvWIimwaZWUfCQFxof8yAdOMWV2,bulk-import-script,okarikari@mofep.gov.gh,mda_user,ministry-of-finance,mda_users_import
2026-09-02T21:37:45.431Z,AWu6JCAyjzOhbWsIeuuFIzNx7OE3,bulk-import-script,iris.odametey@gmail.com,mda_user,ministry-of-local-government,mda_users_import
2026-09-02T23:36:45.772Z,MCICuEN2rtR1Ez0mEMEn9uANMq33,bulk-import-script,aarondodooankrah@yahoo.com,mda_user,ministry-of-health,mda_users_import
2026-09-02T22:23:01.600Z,ZA0Jf7uNrhOfKLKZUP9ReoQdPmt1,bulk-import-script,hafizadamalhaj@hotmail.com,mda_user,ministry-of-health,mda_users_import
2026-09-02T22:18:21.081Z,Z1f8jAcydDTNqiZ20n3KZyFZ34S2,bulk-import-script,brendaapedzi@gmail.com,mda_user,ministry-of-health,mda_users_import
2026-09-02T22:25:11.912Z,gO8wo4iCApbiGn7z7lt12FaZrTl2,bulk-import-script,kenkwakaf@gmail.com,mda_user,ministry-of-health,mda_users_import
2026-09-18T15:33:59.734Z,fxKhHyDQVWUleeaiKnZf4b37eca2,bulk-import-script,danjimahbaba@gmail.com,mda_user,sene-east-district,group1516_users_import
2026-09-02T23:43:40.248Z,MhyvVI1vy4QNyDiLW3DSSyzN3r03,bulk-import-script,gloria.patamia@fda.gov.gh,mda_user,ministry-of-health,mda_users_import
2026-09-15T11:48:34.658Z,zNh8fNavqpeYPARXp9Ot6VyI31D2,bulk-import-script,asamoahabeiku@yahoo.com,mda_user,suame-municipal,ashanti_users_import
2026-09-02T21:47:35.110Z,ByFCK72rYCNNeSSX2Sgwo6toxKI2,bulk-import-script,frank.tepe-mensah@grb.gov.gh,mda_user,ministry-of-the-interior,mda_users_import
2026-09-17T23:28:28.449Z,7mqhhD7QLnSImeVanDosKiu0UmL2,bulk-import-script,constance.asiedu@psc.gov.gh,mda_user,public-services-commission,capacity_building_users_import
2026-09-02T23:23:31.081Z,TAQzi8Av3mgIZxhs2OSN0CSKM9F2,bulk-import-script,godfred.irabayibayee@ndpc.gov.gh,mda_user,national-development-planning-commission,mda_users_import
2026-09-01T13:45:40.229Z,C8L1hKn4JtPrF8uqFaYJkBUYaak1,bulk-import-script,augustina.dagbui@lmkma.gov.gh,mda_user,lower-manya-krobo-district,volta_serene_group56_users_import
2026-09-04T13:39:02.111Z,FHKCmVFcPNdqvB91s4EKQVmiDKK2,bulk-import-script,alhassan.abukari@tsda.gov.gh,mda_user,tatale-sanguli-district,volta_serene_group78_users_import
2026-09-17T23:01:18.924Z,nKJezWXNDqWFbxlsJ0TjLRXRYoj2,bulk-import-script,koboraopoku@gmail.com,mda_user,national-health-insurance-authority-nhia,capacity_building_users_import
2026-09-17T23:27:39.964Z,hD6o6J0kcxR3IysLbrFru63ZnvY2,bulk-import-script,loretta.degbe@ohcs.gov.gh,mda_user,office-of-the-head-of-civil-service,capacity_building_users_import
2026-09-02T23:25:49.772Z,WGuJ2NACFOPHU7STtGCLD3AGHDu1,bulk-import-script,badam@ndagh.org,mda_user,office-of-government-machinery,mda_users_import
2026-09-02T23:15:49.679Z,SP6airj0xqRn4xAVHYgCzCxOHdl2,bulk-import-script,quakuanim2020@gmail.com,mda_user,ministry-of-transport,mda_users_import
2026-09-17T23:28:45.563Z,TMLl2ODL58QVMCOXhLcjWJTqWqz2,bulk-import-script,ttenkorangnot@gmail.com,mda_user,national-sports-authority,capacity_building_users_import
2026-09-02T21:47:47.525Z,snQoIEWuzjO1hlID2x5vlhU8B9y1,bulk-import-script,gabbyakasom@gmail.com,mda_user,ministry-of-the-interior,mda_users_import
2026-09-02T22:29:52.176Z,fajhOkc794dbo2LyipFyoL70CsJ2,bulk-import-script,kamal-deen.abdullah@myde.gov.gh,mda_user,ministry-of-youth-development-and-empowerment,mda_users_import
2026-09-17T23:42:04.022Z,MICX3ARJAMTfgJmd9OdgwzY50wz2,bulk-import-script,aseye.tinglafo@psrs.gov.gh,mda_user,public-sector-reform-secretariat,capacity_building_users_import
2026-09-02T22:12:35.474Z,iKfHnpDS5LZPv3P3rK5YVrI5pBC3,bulk-import-script,boppong@mofep.gov.gh,mda_user,ministry-of-finance,mda_users_import
2026-09-02T22:41:23.116Z,yoynEuYgfjbV76gQLQHD7Ao9fbo2,bulk-import-script,bortey.isaac-newton@audit.gov.gh,mda_user,audit-service,mda_users_import
2026-09-11T13:49:43.225Z,QNcv5jyqQmTFkjeKfLUx5pdao1r2,bulk-import-script,desmondasante2013@gmail.com,mda_user,western-north-arba,volta_serene_group1112_users_import
2026-09-02T21:15:26.563Z,aHCHeKgBdbTASMImHnBTDdMg5V03,bulk-import-script,eugenelartey@ymail.com,mda_user,district-assemblies-common-fund,mda_users_import
2026-09-17T23:18:33.210Z,44bnIS6meAQJYB6GNHUIaXRTpZ42,bulk-import-script,tabitha.darko@ghbc.gov.gh,mda_user,ghana-boundary-commission,capacity_building_users_import
2026-09-17T23:31:39.457Z,UR04SNIbAQNnodpFnUvmnkgM8im2,bulk-import-script,emmanuelamooba86@gmail.com,mda_user,department-of-community-development,capacity_building_users_import
2026-09-02T22:17:55.485Z,IGK5VAqnVPXe3kMioiYvEYziYTI2,bulk-import-script,augustus.obeng@ghs.gov.gh,mda_user,ministry-of-health,mda_users_import
2026-09-17T23:46:36.571Z,0oL4vU5tWaMoixGPaWbDwIf5BlP2,bulk-import-script,benjamin.yemidi@moe.gov.gh,mda_user,ministry-of-education,capacity_building_users_import
2026-09-02T21:36:53.419Z,rjjGjNG0PUb2IVmTOgZyipf7UYJ2,bulk-import-script,estherres34@gmail.com,mda_user,ministry-of-local-government,mda_users_import
2026-09-02T22:02:49.267Z,E5q2j3V5nMP7rRBHspCYLZMAaH63,bulk-import-script,jonathan.manu@nhia.gov.gh,mda_user,national-health-fund,mda_users_import
2026-09-18T15:35:25.562Z,39TQfsSEhLfl5WMgPyiCyB9Ri2P2,bulk-import-script,loise.owusuwaaobeng@aknda.gov.gh,mda_user,afigya-kwabre-north-district,group1516_users_import
2026-09-17T22:57:59.263Z,rpJAw0FnxdQNykHwuj8GtbvDw9o1,bulk-import-script,alexander.adu-antwi@fishcom.gov.gh,mda_user,fisheries-commission,capacity_building_users_import
2026-09-02T22:09:21.220Z,GRIrVmPD1dQMfa1rLGN8M2J61Yb2,bulk-import-script,doreen.suglee@miczd.gov.gh,mda_user,office-of-government-machinery,mda_users_import
2026-09-17T23:04:09.288Z,eVkL6VnC2lUTQiZPNyBdj9aaCDr1,bulk-import-script,fmahama@energycom.gov.gh,mda_user,energy-commission,capacity_building_users_import
2026-09-22T13:04:39.862Z,mlUPGCl27RNGof87zkz6LjQuaj83,bulk-import-script,nababilemajeed@gmail.com,mda_user,jirapa-municipal,group17_users_import
2026-09-02T23:08:46.306Z,Jaab6mEHWtbXKMkOv8TPGNKd8IB2,bulk-import-script,emmanuelakuffo73@gmail.com,mda_user,ministry-of-the-interior,mda_users_import
2026-09-18T15:33:18.935Z,o8Ym1qsZjIUghD7YcXWB1Pj3p1j1,bulk-import-script,nsanyan.peter@peda.gov.gh,mda_user,pru-east-district,group1516_users_import
2026-09-17T23:00:47.284Z,n6doHdMmnCWeGtCMpFqMzjDsnkA2,bulk-import-script,marian.nortey@unescoghana.gov.gh,mda_user,ghana-commission-for-unesco,capacity_building_users_import
2026-09-02T23:28:32.319Z,6qxDHEcFOnWxZdS0Ln2Hb0x4r382,bulk-import-script,lorlornyo.agordoh@eoco.gov.gh,mda_user,office-of-the-attorney-general-and-ministry-of-justice,mda_users_import
2026-09-02T23:35:21.767Z,IuJLu2TS4mXqtvOOBi9aiB1qJ2s1,bulk-import-script,manku@mofrp.gov.gh,mda_user,ministry-of-finance,mda_users_import
2026-09-17T23:01:34.624Z,H92QTEdGERRdMqCSlgO4XLC0rfq2,bulk-import-script,jenni.my.2@gmail.com,mda_user,public-sector-reform-secretariat,capacity_building_users_import
2026-09-04T13:40:22.076Z,Sm5llUkiruN6xj2hYaHVs9PXy9D2,bulk-import-script,kuudaar.edwin@ngda.gov.gh,mda_user,north-gonja-district,volta_serene_group78_users_import
2026-09-17T23:04:57.478Z,M0gbyzA3SwavvJgEjxMtPjYsGum1,bulk-import-script,abigail.dwirah@ncpd.gov.gh,mda_user,national-council-on-persons-with-disability,capacity_building_users_import
2026-09-17T23:47:36.270Z,Q6lhjUHg1XfdD0cErm9LMgXvUF52,bulk-import-script,ella.ameyaa-kyeremeh@gvets.gov.gh,mda_user,ghana-tvet-service,capacity_building_users_import
2026-09-02T21:52:07.213Z,UfKcM7djfuaZ2OLYGJafCoLBfh12,bulk-import-script,edwardosei77@gamil.com,mda_user,ministry-of-tourism-culture-and-creative-arts,mda_users_import
2026-09-02T23:51:30.325Z,g8aCGIljLKdk4brUaCkHZwzpfiv1,bulk-import-script,styplate@gmail.com,mda_user,ministry-of-health,mda_users_import
2026-09-15T11:50:15.495Z,TGsIHu3R7VeIq25NFeDXj6DvplN2,bulk-import-script,adjeiboateng18@yahoo.com,mda_user,kwabre-east-district,ashanti_users_import
2026-09-17T23:47:46.265Z,j5inAhEKXyOlg1KRtiQomS9c2xB2,bulk-import-script,louisa.arthur@gtvets.gov.gh,mda_user,ghana-tvet-service,capacity_building_users_import
2026-09-17T23:23:22.361Z,xLK1Up7N5Bgwiz6OFKbwLOOhBhv1,bulk-import-script,abdul-baaki.sualihu@cagd.gov.gh,mda_user,northern-development-authority,capacity_building_users_import
2026-09-17T23:05:06.848Z,mRmXLSnecaYIFyBgaCIXx6zbzGg2,bulk-import-script,bright.oppong@mojagd.gov.gh,mda_user,office-of-the-attorney-general-and-ministry-of-justice,capacity_building_users_import
2026-09-02T22:49:09.295Z,PkTbPoptWOMpQUtdl63L0W69QkK2,bulk-import-script,fiifi.bruce-ghartey@gtvets.gov.gh,mda_user,ministry-of-education,mda_users_import
2026-09-02T23:23:43.224Z,Xz8pgQO0vac8omwGQaGfm91Wi8B2,bulk-import-script,richard.tweneboah-kodua@ndpc.gov.gh,mda_user,national-development-planning-commission,mda_users_import
2026-09-02T21:41:47.744Z,t5QzJ7z6vTZQaAa6GEvn5eyb72F2,bulk-import-script,ernestapraku@ymail.com,mda_user,ministry-of-roads-and-highways,mda_users_import
2026-09-17T23:09:50.756Z,2VCRaHUK2ZM3ZTdO2GDX2kSPqJ03,bulk-import-script,robert.akuoko@mint.gov.gh,mda_user,ministry-of-the-interior,capacity_building_users_import
2026-09-02T23:13:15.999Z,0bIQEm3sibhR995jzSugCj4wytI2,bulk-import-script,hannah.swanzy@gsa.gov.gh,mda_user,ministry-of-trade-and-industry,mda_users_import
2026-09-02T22:26:53.172Z,RZ7CFXZdB8TeNOuK1QylhxqT8st2,bulk-import-script,nathaniel.nettey@nmc.gov.gh,mda_user,ministry-of-health,mda_users_import
2026-09-02T23:36:30.250Z,hGyp6MBGThhzBipgtafUiA1uxkl1,bulk-import-script,upcomingdebless520@gmail.com,mda_user,ministry-of-health,mda_users_import
2026-09-17T23:40:37.730Z,IEj05lBfkrRfU9IYILyMQwCI2SW2,bulk-import-script,stephieyankson@yahoo.com,mda_user,ministry-of-defence,capacity_building_users_import
2026-09-02T23:22:09.520Z,HNxqWgekE6bBQLR9FyLsyWlUEO03,bulk-import-script,mensahsophia647@gmail.com,mda_user,ministry-of-lands-and-natural-resources,mda_users_import
2026-09-02T23:47:03.823Z,ZXJNdnJrIVR2S5heMdL6bbxtAso1,bulk-import-script,moro_adams@yahoo.com,mda_user,ministry-of-health,mda_users_import
2026-09-02T23:18:33.191Z,CkqZR7CUD1MQQBgNNXeQVNoP75k1,bulk-import-script,gloria.koranteng@mimcom.gov.gh,mda_user,ministry-of-lands-and-natural-resources,mda_users_import
2026-09-02T22:13:05.401Z,Q4vMUPe6Y6MmmK6Spiykn1lIVhz2,bulk-import-script,fred.ali@ppa.gov.gh,mda_user,ministry-of-finance,mda_users_import
2026-09-02T23:46:39.061Z,n2MfFfj03fe3Y5Y8Y5cTUBntSti1,bulk-import-script,kudiratolabello@gmail.com,mda_user,ministry-of-health,mda_users_import
2026-09-02T22:31:34.562Z,i03PP6frAUhqs5fQpQtVB2VGYUt1,bulk-import-script,j.ntiforo@nya.gov.gh,mda_user,ministry-of-youth-development-and-empowerment,mda_users_import
2026-09-17T23:30:10.559Z,gwVfvWiv5DXH3CHkfw5ifYn964r2,bulk-import-script,bernicehansenak20@gmail.com,mda_user,korle-bu-teaching-hospital,capacity_building_users_import
2026-09-02T23:09:28.443Z,hcTocnV8f5QY8ZXFwTIg4YVyekt1,bulk-import-script,gmakan.wujangi@mint.gov.gh,mda_user,ministry-of-the-interior,mda_users_import
2026-09-02T21:28:35.541Z,6QMMhW6R56OECJn3ur86sChBjYp1,bulk-import-script,deborah.aboagye@melr.gov.gh,mda_user,ministry-of-employment-and-labour-relations,mda_users_import
2026-09-17T23:30:49.895Z,L55rYeHUTFhgvKxOV94ZtX7koda2,bulk-import-script,addylamptey77@gmail.com,mda_user,ghana-national-fire-service,capacity_building_users_import
2026-09-02T23:43:32.758Z,lhIkDzsrLQWKyba8zuLtMq1dPYx2,bulk-import-script,gladys.amankwah@chag.org.gh,mda_user,ministry-of-health,mda_users_import
2026-09-02T23:23:21.619Z,zcq75RlACrgsQ5GCfELCwrLsRI22,bulk-import-script,kathyaddy@yahoo.com,mda_user,national-commission-on-civic-education,mda_users_import
2026-09-02T22:29:00.186Z,eVzMEVY054dc0s2cuBc1xw2X3g93,bulk-import-script,samuelodame3@gmail.com,mda_user,ministry-of-health,mda_users_import
2026-09-02T22:50:44.472Z,Gbhko40XmkQ3GFrNaa2ammRT1Qz2,bulk-import-script,rhoda.mensah@ntc.gov.gh,mda_user,ministry-of-education,mda_users_import
2026-09-02T23:23:32.940Z,10wdq9yLpnfG9SzfEZcH3MlhbAc2,bulk-import-script,matilda.dichem@ndpc.gov.gh,mda_user,national-development-planning-commission,mda_users_import
2026-09-17T23:20:55.650Z,LhjS7zwasdUB2nJvnhmwTAPDwJ42,bulk-import-script,florence.awuku@energymin.gov.gh,mda_user,ministry-of-energy-and-green-transition,capacity_building_users_import
2026-09-17T23:21:44.266Z,jkZO5SZYSKXZO81q3EuNmrQ67Pk1,bulk-import-script,swancy.clottey@energymin.gov.gh,mda_user,ministry-of-energy-and-green-transition,capacity_building_users_import
2026-09-17T23:21:18.727Z,HHlXTdLlMvMpuVofdODNZhTxM2G3,bulk-import-script,jeffrey.asiampong.baah@gtvets.gov.gh,mda_user,ghana-tvet-service,capacity_building_users_import
2026-09-24T09:48:49.391Z,VGtlpwEBrjUZ06mIqk7kteaBavE3,bulk-import-script,sammyamissah@gmail.com,mda_user,ghana-police-service,interior_users_import
2026-09-02T22:19:34.330Z,olfFN842R9Uer0hTwpztFcdJP3I2,bulk-import-script,doreen.gyasi19@gmail.com,mda_user,ministry-of-health,mda_users_import
2026-09-17T23:01:16.189Z,MdKQ73KNzZXBewTylzoFUOJtroj1,bulk-import-script,esther.tetteh@hydro.gov.gh,mda_user,ghana-hydrological-authority,capacity_building_users_import
2026-09-17T23:22:18.309Z,kmgwC9lJb3Mls2l3fvfHcpMSmfo1,bulk-import-script,raymond.ababio@mod.gov.gh,mda_user,ministry-of-defence,capacity_building_users_import
2026-09-02T21:30:52.932Z,Rp5LiyxFIIUlYPQ6EndHVWvMEBs2,bulk-import-script,elsie.lekettey@enrgymin.gov.gh,mda_user,ministry-of-energy,mda_users_import
2026-09-02T22:41:41.152Z,zYg6Kwqg3haBFCF0xRJjsk9AQix1,bulk-import-script,edith.sigey@commonfund.gov.gh,mda_user,district-assemblies-common-fund,mda_users_import
2026-09-02T21:59:58.728Z,DqAXQlqzXZUgDAWmMZVRvqW4Nsn1,bulk-import-script,frankcostero2007@yahoo.com,mda_user,ministry-of-lands-and-natural-resources,mda_users_import
2026-09-17T23:17:25.734Z,cfozQkvGcxW9hA8YcNkPQRolQHp2,bulk-import-script,maame.sackey@mfa.gov.gh,mda_user,ministry-of-foreign-affairs-and-regional-integration,capacity_building_users_import
2026-09-02T21:42:13.427Z,jsC80HptyeZzF303wEj33EH384D2,bulk-import-script,gloria.lartey@dfr.gov.gh,mda_user,ministry-of-roads-and-highways,mda_users_import
2026-09-02T23:10:17.020Z,FFuMzW4RGaSllQeZFFNJfARxMsj1,bulk-import-script,asarep746@gmail.com,mda_user,ministry-of-the-interior,mda_users_import
2026-09-11T13:50:27.644Z,XlyWlkrxPTh0CEgKPGn7l0B1VGQ2,bulk-import-script,rocksonfenyi@gmail.com,mda_user,bibiani-anhwiaso-bekwai-municipal,volta_serene_group1112_users_import
2026-09-02T21:20:08.508Z,T3V0tldSPuYu5bJSYjOVBTDfeRy1,bulk-import-script,emmanuel.kartey@mod.gov.gh,mda_user,ministry-of-defence,mda_users_import
2026-09-02T23:27:39.256Z,tFoxGTgyWjasTUoeRW6sjpsCPRX2,bulk-import-script,ashiteyarmah012507@gmail.com,mda_user,office-of-government-machinery,mda_users_import
2026-09-02T21:25:47.592Z,shgCpq3ntBhEsVsLmlgREz81LOr1,bulk-import-script,kelvin.tetteh@nss.gov.gh,mda_user,ministry-of-education,mda_users_import
2026-09-17T23:39:20.731Z,jgluYlMuoybOiCcgiuUylozdhmC3,bulk-import-script,peter.prah@melr.govgh,mda_user,ministry-of-employment-and-labour-relations,capacity_building_users_import
2026-09-02T23:18:29.321Z,oOJhnLjENYa2xSD5A8CTRyjOFPy2,bulk-import-script,arwui@yahoo.com,mda_user,ministry-of-lands-and-natural-resources,mda_users_import
2026-09-02T22:41:44.940Z,WqTyoOoRP8Pg4WTDcgiUxpNtvDt2,bulk-import-script,iaddolartey30@gmail.com,mda_user,district-assemblies-common-fund,mda_users_import
2026-09-02T21:38:13.918Z,JNryThkmXjePUX4frjOcAf0Xms92,bulk-import-script,pbissiw@gmail.com,mda_user,ministry-of-local-government,mda_users_import
2026-09-17T23:32:43.236Z,M0gbyzA3SwavvJgEjxMtPjYsGum1,bulk-import-script,abigail.dwirah@ncpd.gov.gh,mda_user,national-council-on-persons-with-disability,capacity_building_users_import
2026-09-17T23:09:47.784Z,9dPwVhMV0hXT6SG7IBc2S7wfSOt1,bulk-import-script,nikoikenneth@gmail.com,mda_user,ghana-statistical-service,capacity_building_users_import
2026-09-17T22:58:21.461Z,4J63Bo7A3KOMaeXGkoi5J80KQLj1,bulk-import-script,kojo.acquah@nasia.gov.gh,mda_user,national-schools-inspectorate-authority,capacity_building_users_import
2026-09-17T23:11:05.717Z,GNb7PtnEnHRWqWoSnVojzqqXqdb2,bulk-import-script,emmanuel.otutu@melr.gov.gh,mda_user,ministry-of-employment-and-labour-relations,capacity_building_users_import
2026-09-17T23:38:12.162Z,JuZeIUEs2fQW5RMeFwg4WcYLO1w1,bulk-import-script,jessica.ayim@mint.gov.gh,mda_user,ministry-of-the-interior,capacity_building_users_import
2026-09-04T13:40:26.544Z,YqKVfPkwmKTijwMiOsYAWGwjMx73,bulk-import-script,abubakari.yahaya@ngda.gov.gh,mda_user,north-gonja-district,volta_serene_group78_users_import
2026-09-02T22:44:05.576Z,AbNak3SgPkSAJcTZRuLJviAKliu1,bulk-import-script,edmund.dsane@gi-kace.gov.gh,mda_user,ministry-of-communication-and-decentralization,mda_users_import
2026-09-15T11:50:36.636Z,34sSsUKoWRa84wmeYlPnjIVFrqw2,bulk-import-script,maxwell.frimpong@kwadma.gov.gh,mda_user,kwadaso-municipal,ashanti_users_import
2026-09-02T22:48:05.174Z,lCJqh6gY0SU9Z1Z6X5PrP3z5G4m2,bulk-import-script,adominic@gtec.edu.gh,mda_user,ministry-of-education,mda_users_import
2026-09-17T23:11:02.925Z,8wE1zWsykzRZ6afR29hu9s47hnc2,bulk-import-script,ritaofori197@gmail.com,mda_user,department-of-co-operatives,capacity_building_users_import
2026-09-02T22:02:11.935Z,9lxSGQsjAjgf2e3GHOWeTN2tWts2,bulk-import-script,kwame.nkrumah@nhia.gov.gh,mda_user,national-health-fund,mda_users_import
2026-09-02T22:21:39.582Z,lhIkDzsrLQWKyba8zuLtMq1dPYx2,bulk-import-script,gladys.amankwah@chag.org.gh,mda_user,ministry-of-health,mda_users_import
2026-09-02T22:01:36.290Z,CgygiksCMTPqeqziSkAvOT6tht42,bulk-import-script,abdul-rahman.moomen@nhia.gov.gh,mda_user,national-health-fund,mda_users_import
2026-09-02T22:27:43.718Z,JXBzi7qLSyM2O3V1bZPi8znNw9r1,bulk-import-script,awukuasanter@yahoo.com,mda_user,ministry-of-health,mda_users_import
2026-09-17T23:39:57.299Z,3DkSEaPRZbPpYwiD12hVVHeVIz13,bulk-import-script,samuel.boateng@nhia.gov.gh,mda_user,national-health-insurance-authority-nhia,capacity_building_users_import
2026-09-02T22:28:15.266Z,8A930e6BSWVORljz5zq0Y1bM6qD3,bulk-import-script,oppongadjei10@gmail.com,mda_user,ministry-of-health,mda_users_import
2026-09-02T21:29:21.503Z,us52JmVkHNY6nr7svfpd4kVy0o82,bulk-import-script,peter.prah@melr.gov.gh,mda_user,ministry-of-employment-and-labour-relations,mda_users_import
2026-09-02T22:56:54.869Z,zz4ZhtLKFJdddrMR4Z8xdSYtrv23,bulk-import-script,mne1mrannan@yahoo.com,mda_user,ministry-of-food-and-agriculture,mda_users_import
2026-09-02T22:20:19.406Z,PySZMcA3n6VjUpeF68xjP3kcKoA3,bulk-import-script,littleangeldo88@gmail.com,mda_user,ministry-of-health,mda_users_import
2026-09-17T23:14:23.138Z,QRv3KBY48qUqEJycaNZoiBJzSOw1,bulk-import-script,alfred.nartey@mogcsp.gov.gh,mda_user,ministry-of-gender-children-and-social-protection,capacity_building_users_import
2026-09-15T11:50:25.515Z,6fKtGiScePeUGSTt9Lmsqsi9Aib2,bulk-import-script,ericasumaning@gmail.com,mda_user,kwabre-east-district,ashanti_users_import
2026-09-02T23:23:25.372Z,BTvmCbl5ozTmpYKRXapzSifWW9l1,bulk-import-script,audrey.smockamoah@ndpc.gov.gh,mda_user,national-development-planning-commission,mda_users_import
2026-09-02T22:53:11.362Z,vpkFgCAwlxSJxUHk8yqQglwzJmH2,bulk-import-script,hoffmanns62@yahoo.com,mda_user,ministry-of-employment-and-labour-relations,mda_users_import
2026-09-17T23:49:14.989Z,HflUTBy65Egpjg5YklBbhniRgVl1,bulk-import-script,kadu@mofep.gov.gh,mda_user,ministry-of-finance,capacity_building_users_import
2026-09-17T11:11:13.363Z,aRK0VsLk2KZhOkebzsDV1MsqkJf1,MKGoW62Iuaf5KXTj3a4LyRxrsaa2,augustinatandoh1987@gmail.com,mda_user,Sunyani Municipal Assembly,
2026-09-17T23:30:57.380Z,Xyxt9p4qLqhA8kOj6Kov15lkn902,bulk-import-script,asanteantiprince@gmail.com,mda_user,national-teaching-council,capacity_building_users_import
2026-09-02T22:50:08.124Z,AuS7Z2iRtlTHZfXEKUzh1AxyW343,bulk-import-script,kennedy.wormi@gtvets.gov.gh,mda_user,ministry-of-education,mda_users_import
2026-09-02T23:25:45.014Z,1n5KSVpbsbaZEFt3bWT0ClWT7to1,bulk-import-script,dorasiwome@gmail.com,mda_user,office-of-government-machinery,mda_users_import
2026-09-04T13:37:43.894Z,oizsgxYPNZfYr6iCfnKlg6xJmxt2,bulk-import-script,ibrahim.mariam@miondistrict.gov.gh,mda_user,mion-district,volta_serene_group78_users_import
2026-09-17T23:14:31.652Z,ZegOKQOFxZXlosC8ExiPFxr2lzk1,bulk-import-script,isaiah.kwofie@fishcom.gov.gh,mda_user,fisheries-commission,capacity_building_users_import
2026-09-17T23:41:23.313Z,0GGSWUpMhJWypHHsnqRjYS4Syu12,bulk-import-script,emilzash@yahoo.com,mda_user,ghana-broadcasting-corporation,capacity_building_users_import
2026-09-04T13:37:33.654Z,ebTqqgdzM6gXiMtMTtLJ6ULk4G42,bulk-import-script,mahama.imoro@kuda.gov.gh,mda_user,kumbungu-district,volta_serene_group78_users_import
2026-09-17T23:09:53.455Z,iNpPgOTJFaPfWlkA8hl1pArlYoG3,bulk-import-script,al-hassan.abdul@ktc.gov.gh,mda_user,ministry-of-roads-and-highways,capacity_building_users_import
2026-09-02T22:11:45.806Z,j9QwlRmtFdeL9Pg2IiXEQUBWEFa2,bulk-import-script,vamensah2017@gmail.com,mda_user,public-services-commission,mda_users_import
2026-09-02T23:36:36.228Z,ULIlPImQBWRtvK7FaNibbW8wdOV2,bulk-import-script,k.apedzi@stjohn.org.gh,mda_user,ministry-of-health,mda_users_import
2026-09-02T22:19:17.907Z,SWywWHyXRyPYyBwEGwfnOlxGhLE2,bulk-import-script,christian.boateng@ghs.gov.gh,mda_user,ministry-of-health,mda_users_import
2026-09-01T13:43:17.181Z,fiSruna8goZSHdYXyFiX6b8YVrS2,bulk-import-script,desowu@yahoo.com,mda_user,birim-central-municipal,volta_serene_group56_users_import
2026-09-02T22:53:31.991Z,4fC0V9Rs7AeXNyk3N3drzPcLG7k1,bulk-import-script,derrick.okai@phdc.gov.gh,mda_user,ministry-of-energy,mda_users_import
2026-09-02T22:48:51.292Z,EZekhs53Nyeonsjdsy30k6LyT4o2,bulk-import-script,edward.appiah@nacca.gov.gh,mda_user,ministry-of-education,mda_users_import
2026-09-17T23:48:22.193Z,qYD3GJJTJIVxQWwrCYtXBYMi5qn2,bulk-import-script,isaac.nana-takyi@mod.gov.gh,mda_user,ministry-of-defence,capacity_building_users_import
2026-09-17T23:06:09.489Z,8eKcHleAwzdip0DCyqGGp2vsJZf2,bulk-import-script,stephen.benyin@nhia.govgh,mda_user,national-health-insurance-authority-nhia,capacity_building_users_import
2026-09-02T23:29:44.332Z,0KMiUxlFKZXQ25nscwIS4o19lnn1,bulk-import-script,kenneth.agbezuhlor@osp.gov.gh,mda_user,office-of-the-special-prosecutor,mda_users_import
2026-09-02T23:34:52.528Z,4qAMqecfKqSDUBrCte98qfpPJsz1,bulk-import-script,francis.siripi@statsghana.gov.gh,mda_user,ministry-of-finance,mda_users_import
2026-09-02T21:29:09.013Z,0KcbutVgLOVlWJ6dAtpNsz4olUw1,bulk-import-script,lawrence.simpi@labourdepartment.gov.gh,mda_user,ministry-of-employment-and-labour-relations,mda_users_import
2026-09-02T21:20:55.462Z,KuNM4wLMBGTzRXbJVczw4trXWeo1,bulk-import-script,agama@gtec.edu.gh,mda_user,ministry-of-education,mda_users_import
2026-09-02T22:21:52.591Z,D3NUtny11xea7wGDZ8ChaWa5ZsE3,bulk-import-script,cudjoedem36@gmail.com,mda_user,ministry-of-health,mda_users_import
2026-09-17T23:08:00.517Z,XtCbxWPHx8PHoOA9KrrNqQnPjvt2,bulk-import-script,emefa.tsagli@nra.gov.gh,mda_user,nuclear-regulatory-authority,capacity_building_users_import
2026-09-02T21:31:18.840Z,GDSH1WMk71d22eibxslOVsL0dzE3,bulk-import-script,emmanuel.arthur@mesti.gov.gh,mda_user,ministry-of-environment-science-technology-and-innovation,mda_users_import
2026-09-17T23:03:34.842Z,CUy5EQyyznTNOuKUNvcHSnvI0Qi1,bulk-import-script,theosoba@gmail.com,mda_user,council-for-scientific-and-industrial-research-csir,capacity_building_users_import
2026-09-17T23:10:48.385Z,tf7v6aKvppbajyhT9V1IggbnvoI2,bulk-import-script,gabynapoleon14@gmail.com,mda_user,labour-department,capacity_building_users_import
2026-09-17T23:05:15.238Z,02jemBXuYGcobFVctyyLB55dID32,bulk-import-script,felixiaoz@yahoo.com,mda_user,national-folklore-board,capacity_building_users_import
2026-09-02T21:35:24.806Z,xZ39B3xkWhbwG0U2mET1s4o92fk1,bulk-import-script,maudkyeth@gmail.com,mda_user,ministry-of-food-and-agriculture,mda_users_import
2026-09-02T23:27:25.841Z,qi7QWq5ohzgTN6efEVZpnVgpowE2,bulk-import-script,zeinabu.musah@gna.org.gh,mda_user,office-of-government-machinery,mda_users_import
2026-09-02T22:59:45.972Z,n6VNlx8zAle1EokS7CWqQ3SAwy73,bulk-import-script,asarefrancis15@yahoo.com,mda_user,ministry-of-local-government,mda_users_import
2026-09-02T21:32:27.681Z,ybnL5VLx0rT1vFb2kcHIZR9hpQo1,bulk-import-script,abednego.pappoe@fishcom.gov.gh,mda_user,ministry-of-fisheries-aqua-culture-development,mda_users_import
2026-09-17T23:37:15.291Z,iNpPgOTJFaPfWlkA8hl1pArlYoG3,bulk-import-script,al-hassan.abdul@ktc.gov.gh,mda_user,ministry-of-roads-and-highways,capacity_building_users_import
2026-09-17T23:39:59.680Z,kPSNzOa8vHaLyw8TyWXFNoxiaRy1,bulk-import-script,francis.sarpong@labourdepartment.gov.gh,mda_user,labour-department,capacity_building_users_import
2026-09-02T23:06:19.934Z,YlmF8VGsrsORxm7m2un8BKMkPQT2,bulk-import-script,mokarj@yahoo.co.uk,mda_user,ministry-of-roads-and-highways,mda_users_import
2026-09-02T21:25:43.135Z,OQoQVivWhNf79EK5EqL39zs7Hgv1,bulk-import-script,jemima.mantey@ntc.gov.gh,mda_user,ministry-of-education,mda_users_import
2026-09-17T23:36:26.172Z,FjCxsFpl86f0TASpgNr6ifh31p23,bulk-import-script,judithkyeraah@gmail.com,mda_user,office-of-the-president,capacity_building_users_import
2026-09-02T21:14:13.564Z,4UaH9sWyNAQZYzNbhOo55nbvLPT2,bulk-import-script,iabdulaziz67@yahoo.com,mda_user,commission-on-human-rights-and-administrative-justice,mda_users_import
2026-09-02T21:17:49.373Z,qSHHQbkP1nbOxbPtnQrGzX8NFNv1,bulk-import-script,horatius.bekoe@gi-kace.gov.gh,mda_user,ministry-of-communication-and-decentralization,mda_users_import
2026-09-01T13:43:56.590Z,gSjno7EbYiff2ERc4fOZ0odLHbw2,bulk-import-script,patrick.amanu@dda.gov.gh,mda_user,denkyembuor-district,volta_serene_group56_users_import
2026-09-02T21:49:19.269Z,APygQeHgqfVXJAUqgbwz7siiYTc2,bulk-import-script,senyo.agboada@yahoo.com,mda_user,ministry-of-the-interior,mda_users_import
2026-09-02T23:50:35.711Z,8A930e6BSWVORljz5zq0Y1bM6qD3,bulk-import-script,oppongadjei10@gmail.com,mda_user,ministry-of-health,mda_users_import
2026-09-02T21:21:23.733Z,nvj5zgkf43T7OF73ok9FY6ifCEt2,bulk-import-script,cephas.gbekor@gtvets.gov.gh,mda_user,ministry-of-education,mda_users_import
2026-09-04T13:38:55.499Z,dzbRwUeigdSDyGov0zTMYlUJqGA2,bulk-import-script,ayinyadia48@gmail.com,mda_user,tamale-metropolis,volta_serene_group78_users_import
2026-09-02T21:44:43.133Z,ttIY55mTbwOmlWPdnvwIXEwDPXt2,bulk-import-script,dennis.gyau@immigration.gov.gh,mda_user,ministry-of-the-interior,mda_users_import
2026-09-02T22:54:57.922Z,pEWUv6fR7GOkmn6J0H6d02IoUVN2,bulk-import-script,fred.ayornu-lansea@mofad.gov.gh,mda_user,ministry-of-fisheries-aqua-culture-development,mda_users_import
2026-09-02T21:20:20.596Z,cpaGqBURvoawPvlH76GsOpwrVt43,bulk-import-script,itsmaame@gmail.com,mda_user,ministry-of-defence,mda_users_import
2026-09-02T23:25:06.234Z,DBOTj39mx7TIXM7kW5k91MKXRWJ3,bulk-import-script,stephen.benyin@nhia.gov.gh,mda_user,national-health-fund,mda_users_import
2026-09-08T10:41:17.806Z,UUjyMNGyE6VXIBXTmBB6dhYRfvZ2,bulk-import-script,kyerewaa.darko@nema.gov.gh,mda_user,nzema-east-municipal,gbmsupport_users_import
2026-09-17T23:23:48.457Z,gIecaut1khd3ukuZCVBvXNB8X1a2,bulk-import-script,aamankwah-poku@mofep.gov.gh,mda_user,ministry-of-finance,capacity_building_users_import
2026-09-02T21:42:48.014Z,Llgg5yRYCuWRHnDYBpUehZh7k1T2,bulk-import-script,ruthafutukotey@gmail.com,mda_user,ministry-of-roads-and-highways,mda_users_import
2026-09-02T22:16:04.222Z,5I7809Bk4PbqF9aFPqmRPh8s7mp1,bulk-import-script,afua.amoako-mensah@fda.gov.gh,mda_user,ministry-of-health,mda_users_import
2026-09-02T21:37:53.631Z,ED5uqtm6MidlHdMgVyqfX30ILyu2,bulk-import-script,joshuamireku13@gmail.com,mda_user,ministry-of-local-government,mda_users_import
2026-09-17T23:42:38.821Z,hAEhJRfxYXgzxoVr2QBYNkI8sgj1,bulk-import-script,joshua.asiedu@mogcsp.gov.gh,mda_user,ministry-of-gender-children-and-social-protection,capacity_building_users_import
2026-09-17T23:20:44.174Z,KmVXMWFU2OcHW1iUEZfd3nbqnX13,bulk-import-script,john.asare@unescoghana.gov.gh,mda_user,ghana-commission-for-unesco,capacity_building_users_import
2026-09-02T21:57:16.471Z,6im7d5mWGhhIKUBqZakrPOM2n7O2,bulk-import-script,lilydakor@gmail.com,mda_user,ministry-of-works-and-housing,mda_users_import
2026-09-02T21:44:24.143Z,tp1REQJX77gqeHwTxevh6GDlz3Z2,bulk-import-script,ceciyamga@gmail.com,mda_user,ministry-of-the-interior,mda_users_import
2026-09-02T22:25:14.111Z,jH5ADa6Lpchd6BKFoE5KfQAsTIr1,bulk-import-script,billansah326@gmail.com,mda_user,ministry-of-health,mda_users_import
2026-09-02T22:15:55.030Z,AurqnY5BobUdJw9Ahnnq7xXSWDg1,bulk-import-script,thomas.thompson-aryee@iaa.gov.gh,mda_user,ministry-of-finance,mda_users_import
2026-09-24T09:46:42.614Z,QYvNiLlvwCQm0NGVAaD758wXZoJ3,bulk-import-script,manfredanokye@gmail.com,mda_user,national-disaster-management-organisation-nadmo,interior_users_import
2026-09-02T23:41:10.678Z,2GiGdfI9GTOdX9Y7A3zFk9OshFr2,bulk-import-script,esther.effahafari@ghs.gov.gh,mda_user,ministry-of-health,mda_users_import
2026-09-02T21:28:44.614Z,DhznFyl6JSV0EPb2PpPXQjdLUa32,bulk-import-script,agyekumfranks08@gmail.com,mda_user,ministry-of-employment-and-labour-relations,mda_users_import
2026-09-02T22:52:35.435Z,wSE4QAcKxqVezcyuuipZ90OX4i12,bulk-import-script,gifty.tsatsu@melr.gov.gh,mda_user,ministry-of-employment-and-labour-relations,mda_users_import
2026-09-02T22:54:18.922Z,pnFWKSGaVIbno1mfjJEF9kcRoma2,bulk-import-script,mary.amenuku@nra.gov.gh,mda_user,ministry-of-environment-science-technology-and-innovation,mda_users_import
2026-09-02T22:46:43.758Z,fjbVsChJ33XUBEL3kxhxsnRBnwm1,bulk-import-script,pmissinou@yahoo.com,mda_user,ministry-of-communication-and-decentralization,mda_users_import
2026-09-17T23:28:04.315Z,JbwQg7nHBDReJji4rT4WKPP4jo03,bulk-import-script,rubby.mac-kafui@mesti.gov.gh,mda_user,ministry-of-environment-science-technology-and-innovation,capacity_building_users_import
2026-09-17T23:15:13.522Z,MICX3ARJAMTfgJmd9OdgwzY50wz2,bulk-import-script,aseye.tinglafo@psrs.gov.gh,mda_user,public-sector-reform-secretariat,capacity_building_users_import
2026-09-17T23:14:51.203Z,45TYoxBLv5hW2Rkvy5pA8TMHSTD2,bulk-import-script,ezekiel.laryea@bdr.gov.gh,mda_user,births-and-deaths-registry,capacity_building_users_import
2026-09-18T15:29:06.166Z,B5evL5jOaNReLAQVTf7KqCQnPVe2,bulk-import-script,kwame.asante@aanma.gov.gh,mda_user,ahafo-ano-north-district,group1516_users_import
2026-09-17T23:06:11.802Z,yqYY8dL22IfVwA4BTJBc43jEYZ73,bulk-import-script,andrews.dzewoda@orc.gov.gh,mda_user,office-of-the-registrar-of-companies,capacity_building_users_import
2026-09-02T23:25:46.639Z,R5tktRXYY7dYXH2TyovbEfmI1pp1,bulk-import-script,vanessa40aseye@gmail.com,mda_user,office-of-government-machinery,mda_users_import
2026-09-02T22:25:44.824Z,gkRrim1b6WhCxKA8IG1jop2p9jn1,bulk-import-script,flawrencia2day@gmail.com,mda_user,ministry-of-health,mda_users_import
2026-09-17T23:29:48.425Z,7KPiksgeoRSRYUzWoqNyp6mLPW43,bulk-import-script,francis.dorkenoo@mogcsp.gov.gh,mda_user,ministry-of-gender-children-and-social-protection,capacity_building_users_import
2026-09-02T21:20:01.384Z,j7nZowIGwbUsAmoKuTMyb92OWPE3,bulk-import-script,haruna_abdulsalam@yahoo.com,mda_user,ministry-of-defence,mda_users_import
2026-09-02T23:42:14.338Z,G3ZHKhlMKkOfg1UuUHvVEgHP7Z22,bulk-import-script,ebenezertetteh700@gmail.com,mda_user,ministry-of-health,mda_users_import
2026-09-02T23:50:59.017Z,UBf1WOTS2XY2uKCx8YlajBSYEkj2,bulk-import-script,scommeh@gcps.edu.gh,mda_user,ministry-of-health,mda_users_import
2026-09-02T22:10:34.705Z,g9Q5jHhmDchkxbrc3P0p7MJfenx1,bulk-import-script,deborah.osei-baidoo@praad.gov.gh,mda_user,office-of-the-head-of-civil-service,mda_users_import
2026-09-02T23:03:35.664Z,0bJcy4p5budSXClho7HNWQCENGs2,bulk-import-script,samuel.tetteh@lgs.gov.gh,mda_user,ministry-of-local-government,mda_users_import
2026-09-02T23:10:48.060Z,rff5hc7eAKazWx7ZDsSUNyVxGc82,bulk-import-script,sena.dake@gamingcommission.gov.gh,mda_user,ministry-of-the-interior,mda_users_import
2026-09-02T21:26:02.230Z,OxONCvVAMWVxvWLSJmuXqsksSIH2,bulk-import-script,lawson.anaquah@ctevt.gov.gh,mda_user,ministry-of-education,mda_users_import
2026-09-02T22:16:16.516Z,1YWH3cyHYwd6jOAoVAcjW3iHs9D2,bulk-import-script,abuadu@ugmc.ug.edu.gh,mda_user,ministry-of-health,mda_users_import
2026-09-02T23:18:19.708Z,Yx3Kbj5e3gdAvoG5iwPnEXKuv3w2,bulk-import-script,eyranutsugah@yahoo.com,mda_user,ministry-of-lands-and-natural-resources,mda_users_import
2026-09-17T23:40:42.806Z,hIV3MLnc0dhRjJfSxCwsEq7baRG2,bulk-import-script,esselemmanuel1000@gmail.com,mda_user,department-of-urban-roads,capacity_building_users_import
2026-09-02T23:29:11.674Z,cFIXCKrePiTgsYcYVtZCoJK6RJ53,bulk-import-script,eunice.osae@ohcs.gov.gh,mda_user,office-of-the-head-of-civil-service,mda_users_import
2026-09-17T22:57:50.065Z,vWBMA7VQ9UeCz2wVy0CQnVCjFzl2,bulk-import-script,jonashonu6@gmail.com,mda_user,office-of-the-attorney-general-and-ministry-of-justice,capacity_building_users_import
2026-09-17T23:18:41.470Z,cWpy0uftp6gsGBlshvkzvYb3QsZ2,bulk-import-script,nosei2011@gmail.com,mda_user,office-of-the-administrator-general,capacity_building_users_import
2026-09-17T23:33:07.302Z,3wuL4XO4Q7XPlBoAnHECn0lmcbc2,bulk-import-script,nichole.abbey@fishcom.gov.gh,mda_user,fisheries-commission,capacity_building_users_import
2026-09-02T22:56:31.002Z,BsFTRgfd5XStYKFkz3ZY1ydJj6v1,bulk-import-script,prosper.agbenu@npfs.gov.gh,mda_user,ministry-of-fisheries-aqua-culture-development,mda_users_import
2026-09-02T21:29:13.140Z,szfLwF4mBdcPlyDWhTrCCPrrW2f1,bulk-import-script,misbriget@gmail.com,mda_user,ministry-of-employment-and-labour-relations,mda_users_import
2026-09-17T23:08:55.110Z,DCKKaxqTvye7SXb1eJo3jB8Q2R73,bulk-import-script,nanayaw.ofori-agyei@epa.gov.gh,mda_user,environmental-protection-agency,capacity_building_users_import
2026-09-17T23:34:45.444Z,JmK9qa82aQg4k4ZDYLNtYSN7UH43,bulk-import-script,mumin.ibrahim21@gmail.com,mda_user,ministry-of-lands-and-natural-resources,capacity_building_users_import
2026-09-02T22:28:35.545Z,UUx3Iz4EWkQoGKfLb8O8woNvuKf1,bulk-import-script,sdzokoto@hth.gov.gh,mda_user,ministry-of-health,mda_users_import
2026-09-02T21:43:00.618Z,qBZ0POHLbtgQzWrRD34ewI1Tqrh1,bulk-import-script,rdarkok@gmail.com,mda_user,ministry-of-roads-and-highways,mda_users_import
2026-09-17T23:19:42.370Z,l6MxpecgtsSNOxsFIwD09Su0EiI3,bulk-import-script,b.buenortey@kbth.gov.gh,mda_user,korle-bu-teaching-hospital,capacity_building_users_import
2026-09-11T13:50:40.953Z,ktIDfarx23PfOl8ABjy4lXoROsP2,bulk-import-script,emmanuel.opoku@gmail.com,mda_user,bodi-district,volta_serene_group1112_users_import
2026-09-11T13:52:20.881Z,KFRKQLSfM8dQekAEjRPKFMI6wmJ2,bulk-import-script,linda.appiah@aanda.gov.gh,mda_user,asante-akim-north-district,volta_serene_group1112_users_import
2026-09-02T21:18:07.405Z,Q5ueocPR1PUwm1FAnl3eWNcrY633,bulk-import-script,kwadwo.boadu@gdnr.org.gh,mda_user,ministry-of-communication-and-decentralization,mda_users_import
2026-09-02T21:20:50.672Z,lCJqh6gY0SU9Z1Z6X5PrP3z5G4m2,bulk-import-script,adominic@gtec.edu.gh,mda_user,ministry-of-education,mda_users_import
2026-09-04T13:39:19.443Z,f2MOK9oXgsdOqfwdjErGfhHaYDB2,bulk-import-script,sulemana.ganiyu@tolon.gov.gh,mda_user,tolon-district,volta_serene_group78_users_import
2026-09-02T22:11:51.585Z,zYFCPqRAagXUH4UbQV572eyMoOr2,bulk-import-script,kofi.sarpong@rtic.gov.gh,mda_user,right-to-information-commission,mda_users_import
2026-09-02T22:20:49.794Z,Kx1JCX2c88eJ8y0iBt6wOMCbclk1,bulk-import-script,send2ngyedu@gmail.com,mda_user,ministry-of-health,mda_users_import
2026-09-17T23:49:00.532Z,1jLHGGEMjMXLqlraqgBjj6VxH4u2,bulk-import-script,benedicta.akafo@gtvets.gov.gh,mda_user,ghana-tvet-service,capacity_building_users_import
2026-09-17T23:03:46.218Z,iomf0rG1GKNxNRuVpjbocWZFuWx1,bulk-import-script,magnus.amoa-bosompem@pcsrc.gov.gh,mda_user,postal-and-courier-services-regulatory-commission,capacity_building_users_import
2026-09-02T23:29:41.946Z,8EQtKFxURGVTJw2P9lwS6YK21eC2,bulk-import-script,jude.akoto@osp.gov.gh,mda_user,office-of-the-special-prosecutor,mda_users_import
2026-09-02T21:52:32.471Z,Z2zAWpIl8SMFOidt3YuRkAMBiUv2,bulk-import-script,zoekpn@gmail.com,mda_user,ministry-of-trade-and-industry,mda_users_import
2026-09-17T23:42:46.730Z,wokONA0ro7TcUe9qNMhIn6TButj1,bulk-import-script,samuel.attoh-okine@ohcs.gov.gh,mda_user,office-of-the-head-of-civil-service,capacity_building_users_import
2026-09-02T22:09:18.244Z,mftWqOOrDKWc9XVvu553WMm7AMs2,bulk-import-script,enyaahyamoah@gmail.com,mda_user,office-of-government-machinery,mda_users_import
2026-09-02T23:26:24.123Z,h2Zf8unGYwSkK6gdTUA2DosDBeC2,bulk-import-script,alha8@yahoo.com,mda_user,office-of-government-machinery,mda_users_import
2026-09-17T23:36:02.378Z,nAq4UQGHuRPd5Wak6zKD7NpLmMJ2,bulk-import-script,adjetey305@yahoo.com,mda_user,council-for-scientific-and-industrial-research-csir,capacity_building_users_import
2026-09-04T13:40:33.992Z,c0grfONtFzbsNPTQYYVfd3hh5Um2,bulk-import-script,ahmeddonkoh14@gmail.com,mda_user,sawla-tuna-kalba-district,volta_serene_group78_users_import
2026-09-24T09:49:44.947Z,wwXpgyjIZyeZVQbIAAlPpRaji1Q2,bulk-import-script,samuel.sewor@gamingcommission.gov.gh,mda_user,gaming-commission,interior_users_import
2026-09-17T23:14:48.160Z,d1zOisRPgsMatTzVqXkDAHPjOlK2,bulk-import-script,ateluj77@gmail.com,mda_user,gratis-foundation,capacity_building_users_import
2026-09-02T23:03:53.860Z,sFAmvdcF8KeOjC8cEoiEx9uawwx1,bulk-import-script,akwasi.asamoah@dfr.gov.gh,mda_user,ministry-of-roads-and-highways,mda_users_import
2026-09-17T23:26:42.093Z,MjGn1f1z4ycPr3nyuySRW3XabXV2,bulk-import-script,evans.kelly@gnrf.gov.gh,mda_user,ghana-national-research-fund,capacity_building_users_import
2026-09-17T23:18:27.951Z,Fxpa8RKWbFcNUluYNQr08wsCVvA2,bulk-import-script,faizuq@yahoo.com,mda_user,ghana-school-of-survey-and-mapping,capacity_building_users_import
2026-09-17T23:01:54.993Z,gwVfvWiv5DXH3CHkfw5ifYn964r2,bulk-import-script,bernicehansenak20@gmail.com,mda_user,korle-bu-teaching-hospital,capacity_building_users_import
2026-09-02T23:52:17.252Z,CuyhX6smYSUqAFhR4pnjV1h4Rwa2,bulk-import-script,mildred.dzre@neip.gov.gh,mda_user,ministry-of-youth-development-and-empowerment,mda_users_import
2026-09-15T11:46:27.596Z,qD5aMUXbUSgaGIC0Ydl8q6mkIRZ2,bulk-import-script,mavisnkrumah43@gmail.com,mda_user,offinso-north-district,ashanti_users_import
2026-09-02T21:36:22.191Z,TxHtjHK5Tng7WTybMRQZKR7zBi73,bulk-import-script,bkdarkey@yahoo.com,mda_user,ministry-of-local-government,mda_users_import
2026-09-18T15:29:15.123Z,C5QIdNdSaaNQjKAK57YU2YkFGkh1,bulk-import-script,frederick.gyasi@aanma.gov.gh,mda_user,ahafo-ano-north-district,group1516_users_import
2026-09-02T21:21:09.921Z,oRQyZuaxAEanUvgp0klOOgBIOIu1,bulk-import-script,budget@gtec.edu.gh,mda_user,ministry-of-education,mda_users_import
2026-09-02T22:46:25.451Z,iomf0rG1GKNxNRuVpjbocWZFuWx1,bulk-import-script,magnus.amoa-bosompem@pcsrc.gov.gh,mda_user,ministry-of-communication-and-decentralization,mda_users_import
2026-09-02T23:44:00.188Z,D3NUtny11xea7wGDZ8ChaWa5ZsE3,bulk-import-script,cudjoedem36@gmail.com,mda_user,ministry-of-health,mda_users_import
2026-09-04T13:40:40.897Z,Lu3awyxLTIcCIb6fBiJnqCmokRH3,bulk-import-script,richard.asabere@wgda.gov.gh,mda_user,west-gonja-district,volta_serene_group78_users_import
2026-09-17T23:41:05.222Z,QinqJOrsOfVDeoPeA355dAAxwpf2,bulk-import-script,elizabethaduanokye@gmail.com,mda_user,ministry-of-trade-and-industry,capacity_building_users_import
2026-09-15T11:46:30.283Z,hkWIDZmIGqe7zpAhxXLwuDonUhl1,bulk-import-script,angela.osei-tutu@ofkma.gov.gh,mda_user,oforikrom-municipal,ashanti_users_import
2026-09-02T23:52:40.041Z,DQuKKgO3lyOAyhxNY00iU2gCc5x1,bulk-import-script,benjamin.otoo@yea.gov.gh,mda_user,ministry-of-youth-development-and-empowerment,mda_users_import
2026-09-02T23:06:18.052Z,VlODbog9HZaAvGfuyzrjgb3x9Zt1,bulk-import-script,mallam.issahaku@highway.gov.gh,mda_user,ministry-of-roads-and-highways,mda_users_import
2026-09-11T13:53:09.856Z,pwur7bjlxjP7mImk8ot614laJJq2,bulk-import-script,daniel.ntiri-nyame@atkda.gov.gh,mda_user,atwima-kwanwoma-district,volta_serene_group1112_users_import
2026-09-22T13:06:09.203Z,mVa4vaVuUTcetWoOvSNYIq43kAM2,bulk-import-script,william.nyaaba@wamunicipal.gov.gh,mda_user,wa-municipal,group17_users_import
2026-09-15T11:47:06.921Z,TOC8rt0PxYMACTCnKKIRDiOuqOo1,bulk-import-script,frank.bonsu@sapda.gov.gh,mda_user,sekyere-afram-plains-district,ashanti_users_import
2026-09-17T23:47:06.867Z,ZN1JgcRVhngF1g1GiWarp7D0cRB3,bulk-import-script,naomi.addo@mod.gov.gh,mda_user,ministry-of-defence,capacity_building_users_import
2026-09-02T22:29:28.852Z,tPdOH88dVYg3Xre15rMV5goaZvC3,bulk-import-script,vida.asare@moffa.gov.gh,mda_user,ministry-of-health,mda_users_import
2026-09-02T22:41:46.850Z,OHNCMaGWmrQ7Bf65gSX3Zd1eiH43,bulk-import-script,eweanam.mary@gmail.com,mda_user,district-assemblies-common-fund,mda_users_import
2026-09-02T22:20:17.416Z,UwCQE5xdLJRgK9nO1OyiN7kzDkU2,bulk-import-script,oware.derrick@yahoo.com,mda_user,ministry-of-health,mda_users_import
2026-09-02T22:21:01.754Z,cGI0OsoVQ5ZmDmzyfgpfk6cneb42,bulk-import-script,ebenezer.yensu@ghs.gov.gh,mda_user,ministry-of-health,mda_users_import
2026-09-02T22:48:07.247Z,trDBZ5NW6KfrTaZC6LaGBmc5cm82,bulk-import-script,albert.bill@ctvet.gov.gh,mda_user,ministry-of-education,mda_users_import
2026-09-17T23:00:10.499Z,fajhOkc794dbo2LyipFyoL70CsJ2,bulk-import-script,kamal-deen.abdullah@myde.gov.gh,mda_user,ministry-of-youth-development-and-empowerment,capacity_building_users_import
2026-09-02T23:46:59.856Z,IgE4h3cr9EPUQlmS2nP74DFw2R53,bulk-import-script,justice.larbie@ghs.gov.gh,mda_user,ministry-of-health,mda_users_import
2026-09-02T23:52:12.350Z,OsJcIE4NCXP9VUI2MG2u11RGHfb2,bulk-import-script,marian.timbillah@myde.gov.gh,mda_user,ministry-of-youth-development-and-empowerment,mda_users_import
2026-09-02T21:39:53.039Z,0bJcy4p5budSXClho7HNWQCENGs2,bulk-import-script,samuel.tetteh@lgs.gov.gh,mda_user,ministry-of-local-government,mda_users_import
2026-09-02T23:25:08.257Z,CEWaRJUL9edVCfY2TJrJyKLnBFn1,bulk-import-script,samuel.larsey@nhia.gov.gh,mda_user,national-health-fund,mda_users_import
2026-09-17T23:32:26.319Z,mXkNxH9psdW62ocGW4byfwNBsML2,bulk-import-script,afimensah97@yahoo.com,mda_user,ministry-of-tourism-culture-and-creative-arts,capacity_building_users_import
2026-09-17T23:06:41.999Z,hcTocnV8f5QY8ZXFwTIg4YVyekt1,bulk-import-script,gmakan.wujangi@mint.gov.gh,mda_user,ministry-of-the-interior,capacity_building_users_import
2026-09-02T22:57:15.584Z,jDdAVhPF3qNMjWGYsFNX8hNA7mK2,bulk-import-script,linda.dottey@mfa.gov.gh,mda_user,ministry-of-foreign-affairs-and-regional-integration,mda_users_import
2026-09-02T23:10:51.416Z,wwXpgyjIZyeZVQbIAAlPpRaji1Q2,bulk-import-script,samuel.sewor@gamingcommission.gov.gh,mda_user,ministry-of-the-interior,mda_users_import
2026-09-04T13:38:44.297Z,XLBNQHq3DOddMuPcxrvAVApee072,bulk-import-script,ngbalik.bentun@kpda.gov.gh,mda_user,kpandai-district-assembly,volta_serene_group78_users_import
2026-09-17T23:04:45.442Z,fmtYpQhPCSeXJSU8JEwRH3gKuWT2,bulk-import-script,aparry@energycom.gov.gh,mda_user,energy-commission,capacity_building_users_import
2026-09-17T23:26:38.959Z,vWBMA7VQ9UeCz2wVy0CQnVCjFzl2,bulk-import-script,jonashonu6@gmail.com,mda_user,office-of-the-attorney-general-and-ministry-of-justice,capacity_building_users_import
2026-09-17T23:30:37.259Z,BbSiFWKIScSCI8HpGqn7SNCgq852,bulk-import-script,nancy.boakye-amankwah@csa.gov.gh,mda_user,cyber-security-authority,capacity_building_users_import
2026-09-17T23:42:49.169Z,ja1PuWyxX4UMH4Nme6MMAPSb68g2,bulk-import-script,ocanseynathan7@gmail.com,mda_user,ministry-of-gender-children-and-social-protection,capacity_building_users_import
2026-09-02T22:18:32.173Z,l6MxpecgtsSNOxsFIwD09Su0EiI3,bulk-import-script,b.buenortey@kbth.gov.gh,mda_user,ministry-of-health,mda_users_import
2026-09-02T21:45:00.167Z,2F3N7fZl4UU9UiQCmQVBtj2dPHe2,bulk-import-script,davek347@gmial.com,mda_user,ministry-of-the-interior,mda_users_import
2026-09-02T22:42:55.379Z,y8RG2Ed82yTOH3gp9YhecoRvbLS2,bulk-import-script,edgar.gyawu16@gmail.com,mda_user,electoral-commission,mda_users_import
2026-09-17T23:37:22.864Z,GJSxMDnQi8PsjiBCLAmuxxjMtrz2,bulk-import-script,kafui.adamah@statsghana.gov.gh,mda_user,ghana-statistical-service,capacity_building_users_import
2026-09-11T13:51:02.286Z,VZbWdEr3cDV1bTSIXSRtwZusif62,bulk-import-script,noah.ankorah@sada.gov.gh,mda_user,sefwi-akontombra-district,volta_serene_group1112_users_import
2026-09-17T23:45:25.552Z,IYAVKMdzSKhoLJwoR6WR9ih1TyS2,bulk-import-script,anthony.ocran@oag.gov.gh,mda_user,office-of-the-administrator-general,capacity_building_users_import
2026-09-17T23:06:59.816Z,xDCYWQg0VlXAF5tMLciywJpKltC3,bulk-import-script,lawrence.acolatse@cendlos.gov.gh,mda_user,centre-for-national-distance-learning-and-open-schooling-cendlos,capacity_building_users_import
2026-09-02T21:26:18.030Z,n6doHdMmnCWeGtCMpFqMzjDsnkA2,bulk-import-script,marian.nortey@unescoghana.gov.gh,mda_user,ministry-of-education,mda_users_import
2026-09-02T23:12:44.717Z,8QmlfzpAxicYgVFUB5tDWw4UNT63,bulk-import-script,vboakye781@gmail.com,mda_user,ministry-of-tourism-culture-and-creative-arts,mda_users_import
2026-09-02T23:10:36.309Z,2VCRaHUK2ZM3ZTdO2GDX2kSPqJ03,bulk-import-script,robert.akuoko@mint.gov.gh,mda_user,ministry-of-the-interior,mda_users_import
2026-09-02T21:31:09.243Z,Zphxr1eOD4aFWr3xPZ0lSWqetEH3,bulk-import-script,exo.dir@nuclearpowergh.com,mda_user,ministry-of-energy,mda_users_import
2026-09-02T23:35:35.665Z,h2YZr8q6bGc3kT15CI5fBrQTurE2,bulk-import-script,ooteng-asante@mofep.gov.gh,mda_user,ministry-of-finance,mda_users_import
2026-09-02T22:03:09.995Z,DBOTj39mx7TIXM7kW5k91MKXRWJ3,bulk-import-script,stephen.benyin@nhia.gov.gh,mda_user,national-health-fund,mda_users_import
2026-09-02T23:12:46.568Z,2G4jArQDEHSGUSbXeqzr99WJxRi2,bulk-import-script,theoflesv@gmail.com,mda_user,ministry-of-tourism-culture-and-creative-arts,mda_users_import
2026-09-02T22:26:38.639Z,1aDmY4iwakYljvpxrl59mD3fG1E2,bulk-import-script,msereboo@ugmc.ug.edu.gh,mda_user,ministry-of-health,mda_users_import
2026-09-02T23:19:46.585Z,x4q7JBdlWGgsJJZH9KqSK7YlJv03,bulk-import-script,jennifer.yankey@giadec.com,mda_user,ministry-of-lands-and-natural-resources,mda_users_import
2026-09-02T22:52:57.863Z,cbhpsnxRp8ccg8fSqmsnskLfWFF3,bulk-import-script,matilda.aboagye@mdpi.gov.gh,mda_user,ministry-of-employment-and-labour-relations,mda_users_import
2026-09-02T21:39:57.293Z,AxVNTPCZOih8lou0K2H9LIU04uS2,bulk-import-script,atuahenethomas@yahoo.com,mda_user,ministry-of-local-government,mda_users_import
2026-09-17T23:01:25.267Z,do4iWCWXMyUJCl0dSIzL6a5JMu52,bulk-import-script,innosah77@gmail.com,mda_user,weija-gbawe-municipal-hospital,capacity_building_users_import
2026-09-24T09:48:34.702Z,z55d9gnuHlajUDf8A2Wfl2HwwQE2,bulk-import-script,wisdom.otu@immigration.gov.gh,mda_user,ghana-immigration-service,interior_users_import
2026-09-02T23:42:04.815Z,Kx1JCX2c88eJ8y0iBt6wOMCbclk1,bulk-import-script,send2ngyedu@gmail.com,mda_user,ministry-of-health,mda_users_import
2026-09-02T21:42:25.354Z,VehTiGZLAcfGi4cPeUfbvvjHsxs1,bulk-import-script,just2uu@yahoo.com,mda_user,ministry-of-roads-and-highways,mda_users_import
2026-09-02T22:51:00.092Z,yxDKQwgfb5fsOeikvyYNW1TeqE53,bulk-import-script,anthony.ampong@melr.gov.gh,mda_user,ministry-of-employment-and-labour-relations,mda_users_import
2026-09-02T21:49:45.810Z,Nf2VtaMe4NT5zEdAveCGNkO7qj22,bulk-import-script,solomon.appiah@gamingcommission.gov.gh,mda_user,ministry-of-the-interior,mda_users_import
2026-09-02T22:29:45.424Z,5ZBccTDw8FZQLJ5T2ZxgTU1THOI2,bulk-import-script,edmund.togobo@nvi.gov.gh,mda_user,ministry-of-health,mda_users_import
2026-09-17T23:06:06.582Z,gU0ZUut7KPPzhCVZHfBDOzEtE9J3,bulk-import-script,kobina.sackey@mtcca.gov.gh,mda_user,ministry-of-tourism-culture-and-creative-arts,capacity_building_users_import
2026-09-02T22:31:31.971Z,4OBupzastHYfQrcujA4lq5rBuJC2,bulk-import-script,daney@nya.gov.gh,mda_user,ministry-of-youth-development-and-empowerment,mda_users_import
2026-09-02T22:47:40.359Z,MG4IYmaCRjfIcONLQIsHWfes4B72,bulk-import-script,ajinapor@gtec.edu.gh,mda_user,ministry-of-education,mda_users_import
2026-09-04T13:39:26.144Z,IeIQAEE8tqRztquDsxUhEo03htE2,bulk-import-script,alidu.amin@yma.gov.gh,mda_user,yendi-municipal,volta_serene_group78_users_import
2026-09-17T23:00:36.286Z,83Bzzt0fBiYRV0eFc9N0XEC5Dbr1,bulk-import-script,mary.nkansa@fishcom.gov.gh,mda_user,fisheries-commission,capacity_building_users_import
2026-09-17T23:35:25.716Z,5SbkpcNXz9hdPqRP9r3PuoAxTCa2,bulk-import-script,ziemgifty@gmail.com,mda_user,christ-the-teacher-college-of-education,capacity_building_users_import
2026-09-02T23:11:08.946Z,ZHF8CSXLCPMfi0u0rONMfwgn6m52,bulk-import-script,stephenmensahdogbo@gmail.com,mda_user,ministry-of-the-interior,mda_users_import
2026-09-17T23:45:04.328Z,vB3JEYi373aMm6UnAcyci5VNLZ62,bulk-import-script,asabea51@gmail.com,mda_user,ministry-of-sports-and-recreation,capacity_building_users_import
2026-09-17T23:41:15.182Z,FKgH3gBsyzYSip1sDZHgsej0NwC3,bulk-import-script,prince.attoh-okine@mogcsp.gov.gh,mda_user,ministry-of-gender-children-and-social-protection,capacity_building_users_import
2026-09-02T22:02:05.899Z,DSzb6dTKIaZ4jJo7ovjXUY1s0512,bulk-import-script,eric.sah@nhia.gov.gh,mda_user,national-health-fund,mda_users_import
2026-09-17T23:05:52.346Z,tLrz9W0wrRbcW5b8zMWvNgPU28W2,bulk-import-script,benedict.sagoe@gdnr.org.gh,mda_user,ghana-domain-name-registry,capacity_building_users_import
2026-09-02T23:18:12.248Z,QRmz1GMkulaT0YtKK7Xatil4nmc2,bulk-import-script,charles.boadi-kwakye@mincom.gov.gh,mda_user,ministry-of-lands-and-natural-resources,mda_users_import
2026-09-17T23:07:06.019Z,e5jZTFDRSEWFd7FQOBQcPM4AWZ73,bulk-import-script,owusuaa.boakye@ohcs.gov.gh,mda_user,office-of-the-head-of-civil-service,capacity_building_users_import
2026-09-24T09:47:49.096Z,Vx0f1F79zzQPaYYne0czKFxbUrx1,bulk-import-script,anita.forster@ncc.gov.gh,mda_user,narcotics-control-commission,interior_users_import
2026-09-02T21:18:22.060Z,X0UJToifk5MGQV8A8zlWBa2f1Lr2,bulk-import-script,naomi.yirenkyi@moc.gov.gh,mda_user,ministry-of-communication-and-decentralization,mda_users_import
2026-09-02T22:18:36.242Z,0cQO9W0NP9MwdzlooDD65r90QQI2,bulk-import-script,bernard.mortotsi@pantanghospital.gov.gh,mda_user,ministry-of-health,mda_users_import
2026-09-02T22:26:40.837Z,JOpCDLd2E2XqZFIPmSFbO8WkCBp2,bulk-import-script,michael.sottie@ghs.gov.gh,mda_user,ministry-of-health,mda_users_import
2026-09-18T15:34:37.541Z,7AO2BUzZBvZakQJ9vkkstGdkZ3H2,bulk-import-script,papa.acheampong@tecma.gov.gh,mda_user,techiman-municipal,group1516_users_import
2026-09-02T23:29:09.337Z,3KPK8vvb4XgjtiGSs4FVfI9Dcr22,bulk-import-script,larteyanim@gmail.com,mda_user,office-of-the-head-of-civil-service,mda_users_import
2026-09-02T21:15:42.747Z,OHNCMaGWmrQ7Bf65gSX3Zd1eiH43,bulk-import-script,eweanam.mary@gmail.com,mda_user,district-assemblies-common-fund,mda_users_import
2026-09-18T15:29:56.457Z,XOnjZTKn16Sq7CrCoQpwg9ICti03,bulk-import-script,iddrisu.abdulai@ada.gov.gh,mda_user,akrofuom-district,group1516_users_import
2026-09-02T21:15:58.905Z,O0ZSNZJZRcdGmrzTQ9OXfFbEJRU2,bulk-import-script,imeldadzisi1@gmail.com,mda_user,judicial-service,mda_users_import
2026-09-01T13:44:20.763Z,CL1coviB0mXUphEmC1v19aamP5E3,bulk-import-script,eric.eshun@kbma.gov.gh,mda_user,kwaebibirem-district,volta_serene_group56_users_import
2026-09-17T23:38:52.665Z,3apFf9IDFncwWT244KhloG2JsQG2,bulk-import-script,dynanickyden@gmail.com,mda_user,central-regional-coordinating-council,capacity_building_users_import
2026-09-17T23:45:01.589Z,Fxpa8RKWbFcNUluYNQr08wsCVvA2,bulk-import-script,faizuq@yahoo.com,mda_user,ghana-school-of-survey-and-mapping,capacity_building_users_import
2026-09-17T23:39:44.104Z,cfV3GG8FAKbgiDxxSA0R2Sbj1xA3,bulk-import-script,prince.boateng@nacca.gov.gh,mda_user,national-council-for-curriculum-and-assessment,capacity_building_users_import
2026-09-02T21:14:16.087Z,ON3BrNeb29bsmASdVztSdPDyQwH2,bulk-import-script,abigail.otoo@chraj.gov.gh,mda_user,commission-on-human-rights-and-administrative-justice,mda_users_import
2026-09-02T23:48:27.085Z,jJ5XBKEw9kd0tbnO7Gdt32sIiYb2,bulk-import-script,peter.yeboah@chag.org.gh,mda_user,ministry-of-health,mda_users_import
2026-09-02T23:51:07.978Z,6HGnwZFJcthZQap5C6oxRuf0QK92,bulk-import-script,sophia.ampofokusi@ghs.gov.gh,mda_user,ministry-of-health,mda_users_import
2026-09-01T13:46:13.963Z,ZTNghs8fo5VBQjLITWTJdNA5lUS2,bulk-import-script,samiratamim69@gmail.com,mda_user,nsawam-adoagyiri-municipal,volta_serene_group56_users_import
2026-09-18T15:30:45.885Z,vYANLRTLvuP575Yg1NKv6EjO7wR2,bulk-import-script,ellis.oppong@bonoeastrcc.gov.gh,mda_user,bono-east-regional-coordinating-council,group1516_users_import
2026-09-17T23:19:50.753Z,zO8ITU5ziLgOkgAToUW8yawcndl2,bulk-import-script,ahmed.adama@statsghana.gov.gh,mda_user,ghana-statistical-service,capacity_building_users_import
2026-09-02T21:39:20.289Z,YbmqCmSUdgSAdPEEJvRDK9cpO6k1,bulk-import-script,owusufrimpong_p@yahoo.com,mda_user,ministry-of-local-government,mda_users_import
2026-09-08T10:39:19.291Z,K6fpxsnx7nbunNjApAoOE5XStFE2,bulk-import-script,sarah.anyemi@gmail.com,mda_user,ahanta-west-municipal,gbmsupport_users_import
2026-09-02T23:12:42.833Z,4S5f5oG1ZrY0im61MpTdj7Wf92k1,bulk-import-script,sally.ghorglah@motac.gov.gh,mda_user,ministry-of-tourism-culture-and-creative-arts,mda_users_import
2026-09-02T21:48:26.717Z,Ozp9nUyoIqMz4hsKPDIWB2xzbG42,bulk-import-script,brusnikleticia48@gmail.com,mda_user,ministry-of-the-interior,mda_users_import
2026-09-15T11:49:18.361Z,ksu1zwvwJ2ZDQ71CgPcMXaaiy1C2,bulk-import-script,sally.antwiboasiako@ejima.gov.gh,mda_user,ejisu-municipal,ashanti_users_import
2026-09-02T22:03:34.036Z,cv0TXhzLnvfXXJ8CWyWZjpH92jp2,bulk-import-script,georgeksarpong@yahoo.co.uk,mda_user,national-media-commission,mda_users_import
2026-09-02T21:19:49.551Z,5QdG4sO6HFUATFrFDtQAAuLHxwB3,bulk-import-script,yaw.buadu@nita.gov.gh,mda_user,ministry-of-communication-and-decentralization,mda_users_import
2026-09-17T23:41:30.384Z,iItX49gwWPfvI2l4XzbpLkZ2RHT2,bulk-import-script,nccehq@yahoo.com,mda_user,ncce,capacity_building_users_import
2026-09-17T23:16:25.084Z,jDDmpCglJxOdlWyecAHVeSZnQYh1,bulk-import-script,zong996@gmail.com,mda_user,ministry-of-roads-and-highways,capacity_building_users_import
2026-09-02T23:06:16.102Z,Mv83ka2YqohqtW53OL6pd0ACNgQ2,bulk-import-script,aduseibaidoo@yahoo.com,mda_user,ministry-of-roads-and-highways,mda_users_import
2026-09-17T23:05:00.840Z,4E56NdglXqUMKUMnP8NrSVK3BHk1,bulk-import-script,zabdulaiwumbei@gmail.com,mda_user,national-theatre-of-ghana,capacity_building_users_import
2026-09-17T23:14:05.263Z,sMZRcKa1uVQo0gBi4LYqLg7VzEF2,bulk-import-script,mubarik.seidu@lac.gov.gh,mda_user,legal-aid-commission,capacity_building_users_import
2026-09-02T23:03:49.316Z,xWPUAU5EQwg0PzDxoNWKPTkng4Z2,bulk-import-script,wahab0515@gmail.com,mda_user,ministry-of-roads-and-highways,mda_users_import
2026-09-02T22:29:35.668Z,gJeQE4nsyVY3vgjbTqZrPxAZAus1,bulk-import-script,wagbemafo@yahoo.com,mda_user,ministry-of-health,mda_users_import
2026-09-17T23:46:09.905Z,l6MxpecgtsSNOxsFIwD09Su0EiI3,bulk-import-script,b.buenortey@kbth.gov.gh,mda_user,korle-bu-teaching-hospital,capacity_building_users_import
2026-09-17T23:43:26.204Z,mb4JM8nM1uQYedbjkR9VVycYRHb2,bulk-import-script,davek347@gmail.com,mda_user,national-security-council-secretariat,capacity_building_users_import
2026-09-04T13:39:45.573Z,Fzjbsk2uGrhMdgTbGjI5rikjBq32,bulk-import-script,osman.alhassan@bda.gov.gh,mda_user,bole-district,volta_serene_group78_users_import
2026-09-02T23:29:16.393Z,9Ja3Lgh3QuPsAWLq8FmrFXI4rhB2,bulk-import-script,gregory.setse@praad.gov.gh,mda_user,office-of-the-head-of-civil-service,mda_users_import
2026-09-04T13:40:19.630Z,dDTuLXlFnlObwnnvhZ1kwEpQ2Kn2,bulk-import-script,yakubu.tahiru@negda.gov.gh,mda_user,north-east-gonja-district,volta_serene_group78_users_import
2026-09-02T22:50:04.428Z,4J63Bo7A3KOMaeXGkoi5J80KQLj1,bulk-import-script,kojo.acquah@nasia.gov.gh,mda_user,ministry-of-education,mda_users_import
2026-09-02T21:36:11.849Z,kub8p0Y6XPbOXVlJvMtZ9HH554t1,bulk-import-script,abigail.amankwah@luspa.gov.gh,mda_user,ministry-of-local-government,mda_users_import
2026-09-17T23:18:08.842Z,zZFuqihWgEhj8ogDyEZXFLy9rVb2,bulk-import-script,austin.hesse@moc.gov.gh,mda_user,ministry-of-communications-digital-technology-and-innovations,capacity_building_users_import
2026-09-02T23:06:23.781Z,nPZUvg8l0gRfn1OrFmJULrsyZmZ2,bulk-import-script,wahab1976@yahoo.com,mda_user,ministry-of-roads-and-highways,mda_users_import
2026-09-02T23:26:34.460Z,LvVQTp2hL4Og7AjwS7VT6FTdJ6y2,bulk-import-script,paul.boye@gipc.gov.gh,mda_user,office-of-government-machinery,mda_users_import
2026-09-17T23:05:03.199Z,kNmIKDftfVaSX7fjT0z0Hjk3Yf23,bulk-import-script,gibayee@gmail.com,mda_user,national-development-planning-commission,capacity_building_users_import
2026-09-02T21:29:19.538Z,EFWnxHnk3Yem3szHhW3sUazuByC2,bulk-import-script,nanaantwi2@gmail.com,mda_user,ministry-of-employment-and-labour-relations,mda_users_import
2026-09-24T09:48:26.875Z,qtYvB9QT8cY6MOCPff288zem5gF3,bulk-import-script,rosea.kponyo@immigration.gov.gh,mda_user,ghana-immigration-service,interior_users_import
2026-09-02T22:57:42.051Z,UmMs29LWX1YDImMHDT8PrTJg6F33,bulk-import-script,dswbudgetunit@gmail.com,mda_user,ministry-of-gender-children-and-social-protection,mda_users_import
2026-09-17T23:21:16.512Z,uMBdkGf2mKS1YG0O8rw7A9LL5cy1,bulk-import-script,rdarko-ampem@mofep.gov.gh,mda_user,ministry-of-finance,capacity_building_users_import
2026-09-02T22:27:09.510Z,3RSgEN8mjzNFEdiWNO7o24rdv3m2,bulk-import-script,ofeibiad10@gmail.com,mda_user,ministry-of-health,mda_users_import
2026-09-17T23:02:30.448Z,Q37Xerq8NHaOAE9aHS8mJxJrikV2,bulk-import-script,joel.tetteh@mincom.gov.gh,mda_user,minerals-commission,capacity_building_users_import
2026-09-02T21:25:59.848Z,xDCYWQg0VlXAF5tMLciywJpKltC3,bulk-import-script,lawrence.acolatse@cendlos.gov.gh,mda_user,ministry-of-education,mda_users_import
2026-09-02T23:52:45.130Z,4OBupzastHYfQrcujA4lq5rBuJC2,bulk-import-script,daney@nya.gov.gh,mda_user,ministry-of-youth-development-and-empowerment,mda_users_import
2026-09-17T23:02:18.895Z,snQoIEWuzjO1hlID2x5vlhU8B9y1,bulk-import-script,gabbyakasom@gmail.com,mda_user,ghana-national-fire-service,capacity_building_users_import
2026-09-02T22:53:41.939Z,Tu6w56PTPNX7CjJPSKUKI1Iy6ry2,bulk-import-script,ghammond@energycom.gov.gh,mda_user,ministry-of-energy,mda_users_import
2026-09-02T22:13:23.427Z,4qAMqecfKqSDUBrCte98qfpPJsz1,bulk-import-script,francis.siripi@statsghana.gov.gh,mda_user,ministry-of-finance,mda_users_import
2026-09-17T23:34:27.378Z,GKxBLzq6emWn9VlP124SulHHgg13,bulk-import-script,yankey.jennie@gmail.com,mda_user,ghana-integrated-aluminium-development-corporation-giadec,capacity_building_users_import
2026-09-02T21:21:12.289Z,5EdzYZ9gWJTrLW4MYAa015Wewj42,bulk-import-script,comfort.ofori@gtvet.gov.gh,mda_user,ministry-of-education,mda_users_import
2026-09-02T22:12:58.427Z,811CBsskIDWwhPcm6TD995mUkTt2,bulk-import-script,ernest.gyan@iat.gov.gh,mda_user,ministry-of-finance,mda_users_import
2026-09-02T22:11:00.996Z,FqVl7ygRTrNOJzmTwhSt8IXJLcH2,bulk-import-script,ebenayel@gmail.com,mda_user,office-of-the-head-of-civil-service,mda_users_import
2026-09-17T23:49:57.974Z,alQmcSmkpbaAOYHX3brGhS1XZWH2,bulk-import-script,randy.afadzinu@npfs.gov.gh,mda_user,national-premix-fuel-secretariat,capacity_building_users_import
2026-09-17T23:29:12.558Z,n6doHdMmnCWeGtCMpFqMzjDsnkA2,bulk-import-script,marian.nortey@unescoghana.gov.gh,mda_user,ghana-commission-for-unesco,capacity_building_users_import
2026-09-22T13:04:25.892Z,g8fdLQnIoqcP83XaFnX0aLNhUFX2,bulk-import-script,abdul-mujeeb.salifu@uwrcc.gov.gh,mda_user,dafiama-bussie-issa-district,group17_users_import
2026-09-17T23:10:27.972Z,03yVKK5lUOfhe1cuEZZMsgIhRaK2,bulk-import-script,zinash4all@yahoo.com,mda_user,ghana-co-operative-college,capacity_building_users_import
2026-09-17T23:35:06.561Z,F5tQ5qrv5nQo2jYofdnM6t5ZaJC2,bulk-import-script,eyeboateng@yahoo.com,mda_user,national-media-commission,capacity_building_users_import
2026-09-02T23:28:04.987Z,IZhQ69J31GQ0l4mKfKcnkTcjq5f2,bulk-import-script,emmanuel.debrah@eoco.gov.gh,mda_user,office-of-the-attorney-general-and-ministry-of-justice,mda_users_import
2026-09-02T21:25:38.561Z,ToBqrx80JcVX6sod0HqorOG0IHd2,bulk-import-script,jemima.anokye@nss.gov.gh,mda_user,ministry-of-education,mda_users_import
2026-09-17T23:39:51.798Z,uhvpVqwq0URIkb7roMH4wpDIZp23,bulk-import-script,kingsford.adu@nhia.gov.gh,mda_user,national-health-insurance-authority-nhia,capacity_building_users_import
2026-09-17T23:00:04.794Z,axu2fVREkyeIEEEWSHDPZMzyBgd2,bulk-import-script,nathaniel.asamoah@doc.gov.gh,mda_user,department-of-co-operatives,capacity_building_users_import
2026-09-17T23:19:54.365Z,41mz2XX6SUXmPUu6ts5a6TVsezI3,bulk-import-script,setordjiadelaide@gmail.com,mda_user,weija-gbawe-municipal-hospital,capacity_building_users_import
2026-09-17T23:12:33.543Z,IFysiwM9nKY3zv77FfzRV8wp6tn1,bulk-import-script,alex.quayson@gmail.com,mda_user,ghana-tvet-service,capacity_building_users_import
2026-09-02T22:11:41.249Z,kK4HgOw4pnSP9ya78SxJRB2wf8N2,bulk-import-script,dowuonaowoogeorge@yahoo.com,mda_user,public-services-commission,mda_users_import
2026-09-17T23:42:16.332Z,qi7QWq5ohzgTN6efEVZpnVgpowE2,bulk-import-script,zeinabu.musah@gna.org.gh,mda_user,ghana-news-agency,capacity_building_users_import
2026-09-18T15:34:05.628Z,RwA3o2uW62V1hUtW26kbgFWtwDE2,bulk-import-script,andaniyakubu@yahoo.com,mda_user,sene-west-district,group1516_users_import
2026-09-17T23:43:13.389Z,QB9g7PJDyHTgOhhDSdMkpQNVLLG3,bulk-import-script,eugene.tetteh@gipa.gov.gh,mda_user,ghana-investment-promotion-authority,capacity_building_users_import
2026-09-02T22:25:58.835Z,As9bEU4L5pSb83VrpVOF5Xui3D32,bulk-import-script,maameesi.amekudzi@ghs.gov.gh,mda_user,ministry-of-health,mda_users_import
2026-09-17T23:31:29.712Z,L376SRMf31S5b3dc2srboocF24O2,bulk-import-script,elormnyat@gmail.com,mda_user,ministry-of-lands-and-natural-resources,capacity_building_users_import
2026-09-18T15:30:00.913Z,5QSF4TU0R3ZeCeHnZpIsjC8yCm23,bulk-import-script,happyjeff2000ash@gmail.com,mda_user,akrofuom-district,group1516_users_import
2026-09-02T22:25:33.011Z,cLSLwvT8geY4qED5gDwHvGO02Ca2,bulk-import-script,kwakusaffu@gmail.com,mda_user,ministry-of-health,mda_users_import
2026-09-02T21:31:40.929Z,ImtipWcSKUW5BaWHIHnTx1xRThC2,bulk-import-script,judah.odoom@epa.gov.gh,mda_user,ministry-of-environment-science-technology-and-innovation,mda_users_import
2026-09-17T22:59:32.777Z,imOxvFYyDRgadhNhIWhl8xnNs0y2,bulk-import-script,frankeyto@yahoo.com,mda_user,controller-and-accountant-general-s-department,capacity_building_users_import
2026-09-15T11:49:55.864Z,2jTlrw2mkpdjmWL7ymrGlzTwbGt2,bulk-import-script,jones.kani@kma.gov.gh,mda_user,kumasi-metropolis,ashanti_users_import
2026-09-02T21:41:40.909Z,AW44XOUuZPbKiAGy2ue4cz18k3J2,bulk-import-script,cynthiaamakyeagyeman@yahoo.com,mda_user,ministry-of-roads-and-highways,mda_users_import
2026-09-02T21:50:47.011Z,uh8bwtjjQEWqIsr6rhSScezBGD53,bulk-import-script,richlove.wiafedoffour@nfa.gov.gh,mda_user,ministry-of-tourism-culture-and-creative-arts,mda_users_import
2026-09-02T22:08:51.098Z,3YNyTWWBwuZsFK7QUDLmIzcPRtt2,bulk-import-script,victoria.antwi@spd.gov.gh,mda_user,office-of-government-machinery,mda_users_import
2026-09-02T23:50:43.132Z,iZTqpHSPmeUjl6960bxXUql459l1,bulk-import-script,solomon.boamah@ghs.gov.gh,mda_user,ministry-of-health,mda_users_import
2026-09-17T23:39:04.330Z,wiwMjcnmRrYnwnq8rCzT7pyeI4i1,bulk-import-script,eboxgh@gmail.com,mda_user,road-maintenance-trust-fund,capacity_building_users_import
2026-09-02T21:41:43.145Z,7PX8nsBoJvh9TTREuRboOgklw8n1,bulk-import-script,eadzimah@gmail.com,mda_user,ministry-of-roads-and-highways,mda_users_import
2026-09-17T23:42:56.869Z,PaBZkfgjrtfLrz5CzMh5NNQEtpx1,bulk-import-script,nuhuibrahim@yahoo.com,mda_user,ministry-of-food-and-agriculture,capacity_building_users_import
2026-09-04T13:37:22.423Z,ouQTcdtodMdgNejsL5PefQHH9JH3,bulk-import-script,mohammed.abdul-rahim@karaga.gov.gh,mda_user,karaga-district,volta_serene_group78_users_import
2026-09-02T22:28:41.384Z,6HGnwZFJcthZQap5C6oxRuf0QK92,bulk-import-script,sophia.ampofokusi@ghs.gov.gh,mda_user,ministry-of-health,mda_users_import
2026-09-02T22:53:35.673Z,Rp5LiyxFIIUlYPQ6EndHVWvMEBs2,bulk-import-script,elsie.lekettey@enrgymin.gov.gh,mda_user,ministry-of-energy,mda_users_import
2026-09-02T22:43:45.057Z,CvvuBpzYAsUigtKeW2VNmMjRwaA3,bulk-import-script,chiefdirector@moc.gov.gh,mda_user,ministry-of-communication-and-decentralization,mda_users_import
2026-09-17T23:46:41.648Z,lAhsVWiLenPZKRWRU6EPr0hNaJY2,bulk-import-script,marvin.ankoma@mod.gov.gh,mda_user,ministry-of-defence,capacity_building_users_import
2026-09-17T23:40:54.237Z,7M3ansDdpQh92LsYLP7J2XgmcWj1,bulk-import-script,magdalene.adams@oop.gov.gh,mda_user,office-of-the-president,capacity_building_users_import
2026-09-02T21:21:02.774Z,cfV3GG8FAKbgiDxxSA0R2Sbj1xA3,bulk-import-script,prince.boateng@nacca.gov.gh,mda_user,ministry-of-education,mda_users_import
2026-09-17T23:10:18.101Z,7BwYNAs7P3dQ1Q6yFk7aglmTLuc2,bulk-import-script,donchyna@yahoo.com,mda_user,ministry-of-employment-and-labour-relations,capacity_building_users_import
2026-09-17T23:06:03.799Z,wz1k34NuZRWj0pIlUa5lF5p6Yu63,bulk-import-script,yemohchris@gmail.com,mda_user,ministry-of-lands-and-natural-resources,capacity_building_users_import
2026-09-02T23:49:37.048Z,FcKIJUo3dudQ910KwOJgX907QNv2,bulk-import-script,nellyboakye1164@gmail.com,mda_user,ministry-of-health,mda_users_import
2026-09-02T22:52:37.287Z,6Czecid84faVRWTcpac1MpLszuH2,bulk-import-script,harriet.banson@melr.gov.gh,mda_user,ministry-of-employment-and-labour-relations,mda_users_import
2026-09-02T23:38:20.644Z,hTktJeMvVHVz3ECiiubsTrtpns82,bulk-import-script,benarthu211@gmail.com,mda_user,ministry-of-health,mda_users_import
2026-09-02T21:50:10.117Z,QSw19NwWHiXovdPt0FXcQMlrBF03,bulk-import-script,delanyog@gmail.com,mda_user,ministry-of-tourism-culture-and-creative-arts,mda_users_import
2026-09-17T23:48:37.763Z,mUTB2VCxNAZIzs2PYTbila2Jf1l2,bulk-import-script,glorialartey86@gmail.com,mda_user,department-of-feeder-roads,capacity_building_users_import
2026-09-24T09:47:26.489Z,Jaab6mEHWtbXKMkOv8TPGNKd8IB2,bulk-import-script,emmanuelakuffo73@gmail.com,mda_user,ghana-national-fire-service,interior_users_import
2026-09-15T11:52:21.722Z,pHisGq9McaW0tzQNvWmjYyhTPAy2,bulk-import-script,vida.mills@amansiecentral.gov.gh,mda_user,amansie-central-district,ashanti_users_import
2026-09-02T23:43:34.632Z,7kwyou3yvtfrahDefX0qrnU87G32,bulk-import-script,gerald.doe@chag.org.gh,mda_user,ministry-of-health,mda_users_import
2026-09-02T22:59:20.204Z,hcrVg1UCE0OWzDACfCbQqakJoQ82,bulk-import-script,dlokko6@gmail.com,mda_user,ministry-of-local-government,mda_users_import
2026-09-02T22:16:44.741Z,hHsKiZd44ScC9N61TYjC0n8RWap2,bulk-import-script,frempad@yahoo.com,mda_user,ministry-of-health,mda_users_import
2026-09-02T23:06:37.897Z,qBZ0POHLbtgQzWrRD34ewI1Tqrh1,bulk-import-script,rdarkok@gmail.com,mda_user,ministry-of-roads-and-highways,mda_users_import
2026-09-02T23:51:32.190Z,lZ8avpcMDcf7z3lq7WIvJTnyaNw2,bulk-import-script,suallahm@gmal.com,mda_user,ministry-of-health,mda_users_import
2026-09-17T23:32:02.264Z,eVkL6VnC2lUTQiZPNyBdj9aaCDr1,bulk-import-script,fmahama@energycom.gov.gh,mda_user,energy-commission,capacity_building_users_import
2026-09-02T22:25:19.353Z,n2MfFfj03fe3Y5Y8Y5cTUBntSti1,bulk-import-script,kudiratolabello@gmail.com,mda_user,ministry-of-health,mda_users_import
2026-09-02T22:16:42.424Z,MCICuEN2rtR1Ez0mEMEn9uANMq33,bulk-import-script,aarondodooankrah@yahoo.com,mda_user,ministry-of-health,mda_users_import
2026-09-02T22:50:52.112Z,U7iJXHt9RGaT80n3mGJQhPSUwdN2,bulk-import-script,faith.laarie@moe.gov.gh,mda_user,ministry-of-education,mda_users_import
2026-09-04T13:38:59.767Z,TAD14g5UQ6ZDRTyVxQiPCA81Mw22,bulk-import-script,musah.tayiba@tamalemetro.gov.gh,mda_user,tamale-metropolis,volta_serene_group78_users_import
2026-09-02T23:38:39.151Z,cyuDjRX0A3fSdaYbAM897yVTXL33,bulk-import-script,mpck12@yahoo.com,mda_user,ministry-of-health,mda_users_import
2026-09-02T22:50:32.995Z,n6doHdMmnCWeGtCMpFqMzjDsnkA2,bulk-import-script,marian.nortey@unescoghana.gov.gh,mda_user,ministry-of-education,mda_users_import
2026-09-02T23:10:08.560Z,Q8uUn0ZSHJc8p5K8IN1sGk1QlnB3,bulk-import-script,michael.danful@ncc.gov.gh,mda_user,ministry-of-the-interior,mda_users_import
2026-09-02T23:51:15.722Z,uiMw9QMnQWSoB1JeDxQAChQAAUJ2,bulk-import-script,mshawanatu@yahoo.com,mda_user,ministry-of-health,mda_users_import
2026-09-02T23:52:50.369Z,tLaeWSg0lST1AIZIfvrC3ijI8JA3,bulk-import-script,david.awotwe@nya.gov.gh,mda_user,ministry-of-youth-development-and-empowerment,mda_users_import
2026-09-17T23:21:24.323Z,mnhJiZ7TLzQSi6AkLsguv3ILCy12,bulk-import-script,narhkate@yahoo.com,mda_user,ghana-tvet-service,capacity_building_users_import
2026-09-02T23:52:48.745Z,PSyRA8bYb6Vj6aAb8CWN0b7Rdhu2,bulk-import-script,eric.abrah@nya.gov.gh,mda_user,ministry-of-youth-development-and-empowerment,mda_users_import
2026-09-17T23:30:07.472Z,5iPj0bXk59eEd3F9wSPiMPm0PWn1,bulk-import-script,cmuzole39@gmail.com,mda_user,council-for-scientific-and-industrial-research-csir,capacity_building_users_import
2026-09-02T23:26:57.626Z,iFBzoqih6EahynGh0grEdPm64Hn1,bulk-import-script,richard.boateng@masloc.gov.gh,mda_user,office-of-government-machinery,mda_users_import
2026-09-17T23:08:27.008Z,Pg19ZSCYtBh2FOSIy2qZuoZLF222,bulk-import-script,ahiatony2001@yahoo.com,mda_user,council-for-scientific-and-industrial-research-csir,capacity_building_users_import
2026-09-02T23:37:55.120Z,DAl7XU8UycXedYsImwTtoSjfYSG3,bulk-import-script,adwoa.kyere@ghs.gov.gh,mda_user,ministry-of-health,mda_users_import
2026-09-02T21:33:58.527Z,9eD8fPspxyRd6q0HGcRXiJ3MlEG3,bulk-import-script,vicalam@rocketmail.com,mda_user,ministry-of-food-and-agriculture,mda_users_import
2026-09-02T22:10:25.433Z,RIz16Hv9Byfwbk2mDKMoBcrApaI2,bulk-import-script,celestina.bugyei@praad.gov.gh,mda_user,office-of-the-head-of-civil-service,mda_users_import
2026-09-17T23:31:44.240Z,iomf0rG1GKNxNRuVpjbocWZFuWx1,bulk-import-script,magnus.amoa-bosompem@pcsrc.gov.gh,mda_user,postal-and-courier-services-regulatory-commission,capacity_building_users_import
2026-09-02T21:59:56.415Z,XAUpDEXxWCYvELow8CS4xgSBCCk2,bulk-import-script,esther.nyatuame@mlnr.gov.gh,mda_user,ministry-of-lands-and-natural-resources,mda_users_import
2026-09-02T23:24:08.768Z,8mIY5teqpcXcbIapOwoFlBhRg2E3,bulk-import-script,eric.nyantakyi@nhia.gov.gh,mda_user,national-health-fund,mda_users_import
2026-09-11T13:51:54.139Z,wP3ReNN8tfWa1as16CXi9fnscqE3,bulk-import-script,osei.emmanuel.oe95@gmail.com,mda_user,amansie-west-district,volta_serene_group1112_users_import
2026-09-02T22:47:08.443Z,j7nZowIGwbUsAmoKuTMyb92OWPE3,bulk-import-script,haruna_abdulsalam@yahoo.com,mda_user,ministry-of-defence,mda_users_import
2026-09-02T23:37:58.899Z,b23UzHktsSRVqBFwGRq1HUnGMQf1,bulk-import-script,pomaahotchereabena@gmail.com,mda_user,ministry-of-health,mda_users_import
2026-09-15T11:49:38.948Z,jen8pWsHhgUXMMwGiwwwpiNO1Ef2,bulk-import-script,felixkwasi1990@gmail.com,mda_user,ejura-sekyeredumasi-district,ashanti_users_import
2026-09-24T09:49:08.969Z,k5VuadTJJaXD7ZGps40j70nEBbC2,bulk-import-script,tetteh.padi@grb.gov.gh,mda_user,ghana-refugee-board,interior_users_import
2026-09-02T21:35:41.344Z,g9lEIyrNrJUuiCTvNj0AW9fhMku1,bulk-import-script,robert.kotei@mfa.gov.gh,mda_user,ministry-of-foreign-affairs-and-regional-integration,mda_users_import
2026-09-17T23:28:43.357Z,LvJBkAsxhDVjDd3NNU8Q40BxKA52,bulk-import-script,phyllis.yamoah@myde.gov.gh,mda_user,ministry-of-youth-development-and-empowerment,capacity_building_users_import
2026-09-02T23:40:00.580Z,c3R5hT9mNXQa9M3qVuYTh2HC4PC3,bulk-import-script,collins.agyenim@ghs.gov.gh,mda_user,ministry-of-health,mda_users_import
2026-09-02T22:48:15.244Z,cfV3GG8FAKbgiDxxSA0R2Sbj1xA3,bulk-import-script,prince.boateng@nacca.gov.gh,mda_user,ministry-of-education,mda_users_import
2026-09-02T21:58:49.217Z,JYEOBXfuOJQTxkdhNDhBNnQvenZ2,bulk-import-script,mavis.asare@moys.gov.gh,mda_user,ministry-of-youth-and-sports,mda_users_import
2026-09-08T10:40:15.119Z,NfMu5ruEwte88qAL8tTQUYtYNnT2,bulk-import-script,isabelladoku92@gmail.com,mda_user,nzema-east-municipal,gbmsupport_users_import
2026-09-17T23:15:57.981Z,FVFA9USGSNVdgh5zxoL8cc0bVEu2,bulk-import-script,osuabaeffrim@gmail.com,mda_user,ministry-of-roads-and-highways,capacity_building_users_import
2026-09-02T23:10:18.694Z,sLT8LgZvIsarQ6TEC6INJblNSCw2,bulk-import-script,peter.mireku@gamingcommission.gov.gh,mda_user,ministry-of-the-interior,mda_users_import
2026-09-02T22:10:58.736Z,515TKFO1DMdxA8Xl6I3AVNvNRLB3,bulk-import-script,nyarkomichael97@gmail.com,mda_user,office-of-the-head-of-civil-service,mda_users_import
2026-09-17T23:12:45.179Z,49xJqgC0jXO4oO9t8YaLRZejpWD3,bulk-import-script,nyonatorb@gmail.com,mda_user,ghana-immigration-service,capacity_building_users_import
2026-09-02T22:47:38.489Z,Ju8HTvlTIeS7yz23nO9a0leAhOz1,bulk-import-script,besahbuame@gmail.com,mda_user,ministry-of-defence,mda_users_import
2026-09-02T22:10:36.956Z,11IAQPj0PtQ50qtb4UdX5bPKTrn2,bulk-import-script,elliot.lamptey@ohcs.gov.gh,mda_user,office-of-the-head-of-civil-service,mda_users_import
2026-09-02T21:45:04.412Z,Jaab6mEHWtbXKMkOv8TPGNKd8IB2,bulk-import-script,emmanuelakuffo73@gmail.com,mda_user,ministry-of-the-interior,mda_users_import
2026-09-04T13:37:16.407Z,qF3zJleclfUjKQGSrAnGIt3DUuk1,bulk-import-script,alhassan.mohammed-awal@karaga.gov.gh,mda_user,karaga-district,volta_serene_group78_users_import
2026-09-08T10:40:43.499Z,sfGibDAidShqNIWLRMFBjcHqKZy2,bulk-import-script,agnes.borquaye@shamadistrict.gov.gh,mda_user,shama-district,gbmsupport_users_import
2026-09-02T23:38:37.185Z,aA8vtDsXNSZIfSBRowSVVumrFrq1,bulk-import-script,atipagablaisepascal@yahoo.com,mda_user,ministry-of-health,mda_users_import
2026-09-24T09:47:41.982Z,U0dTYG0TwlMxjmygQ4dKn9I03RE3,bulk-import-script,kwasi.gk@gmail.com,mda_user,national-peace-council,interior_users_import
2026-09-02T22:16:07.035Z,LD15sDQ7xOY3rjfVar4dlWFrvK93,bulk-import-script,allenseth.anku@ghs.gov.gh,mda_user,ministry-of-health,mda_users_import
2026-09-02T22:08:05.488Z,4AKg3tDtfLhMgNxvZ9StVNtin3A3,bulk-import-script,magdalenea650@gmail.com,mda_user,office-of-government-machinery,mda_users_import
2026-09-02T23:18:23.535Z,DqAXQlqzXZUgDAWmMZVRvqW4Nsn1,bulk-import-script,frankcostero2007@yahoo.com,mda_user,ministry-of-lands-and-natural-resources,mda_users_import
2026-09-02T23:24:30.269Z,fKzPkul8ghaup3qS8XAlPb4aGZV2,bulk-import-script,isaac.nyarko@nhia.gov.gh,mda_user,national-health-fund,mda_users_import
2026-09-17T23:29:10.366Z,jlNSE8FavAckQHdzmR5rFvdC1Vm2,bulk-import-script,dannyshalom39@gmail.com,mda_user,central-regional-coordinating-council,capacity_building_users_import
2026-09-02T22:11:07.893Z,BB83ewCDFEdtnTpMSStmXnKvDgA3,bulk-import-script,simon.atongo@pscmd.gov.gh,mda_user,office-of-the-head-of-civil-service,mda_users_import
2026-09-17T23:17:30.999Z,8oCaBwFMIQMhUVqU4Y4ju67fbkh1,bulk-import-script,seiduahmed101@gmail.com,mda_user,northern-development-authority,capacity_building_users_import
2026-09-11T13:50:58.926Z,vda1KEHnodhmORX6FXjpEDVyBXh1,bulk-import-script,kenneth.amakye-paul@juada.gov.gh,mda_user,juaboso-district,volta_serene_group1112_users_import
2026-09-02T23:40:39.641Z,AikyhAEztCXuyFIkNAU71CyuvbR2,bulk-import-script,obdaiannang@gmail.com,mda_user,ministry-of-health,mda_users_import
2026-09-02T22:29:08.543Z,MrkdIDwd7Ah5L9exyt4DTg02BhL2,bulk-import-script,senavidza@gmail.com,mda_user,ministry-of-health,mda_users_import
2026-09-02T22:59:15.669Z,sI2np3Cgs9hdAT2gwIqSB2cYDFm1,bulk-import-script,dorcas.jagri9@gmail.com,mda_user,ministry-of-local-government,mda_users_import
2026-09-17T23:43:10.238Z,zpLHdbp732atNgqhYi9Fe9qTt6E3,bulk-import-script,emmanuel.adu@ctvet.gov.gh,mda_user,ghana-tvet-service,capacity_building_users_import
2026-09-17T23:44:43.986Z,zZFuqihWgEhj8ogDyEZXFLy9rVb2,bulk-import-script,austin.hesse@moc.gov.gh,mda_user,ministry-of-communications-digital-technology-and-innovations,capacity_building_users_import
2026-09-04T13:40:10.592Z,HDW6RHoPFwgHNv6ZBHvpdJA7fly2,bulk-import-script,seph.boasa@cgda.gov.gh,mda_user,gonja-central-district,volta_serene_group78_users_import
2026-09-02T23:06:25.640Z,3EgIuvFozjQqSRI6lqbrCeAy5i22,bulk-import-script,patienceonny@gmail.com,mda_user,ministry-of-roads-and-highways,mda_users_import
2026-09-02T21:52:55.539Z,8i2trkOY8JRHqa40T0mZSutklil1,bulk-import-script,ahenakwa09@gmail.com,mda_user,ministry-of-trade-and-industry,mda_users_import
2026-09-02T23:13:10.399Z,0skjGNcLYXS1OxG57WTpeeBnQsG2,bulk-import-script,david.ampah@gepa.gov.gh,mda_user,ministry-of-trade-and-industry,mda_users_import
2026-09-17T23:09:18.566Z,5ZHXOwQXF8YtQaSIAAEK7uE6NN42,bulk-import-script,edwardarthur2g0@gmail.com,mda_user,christian-health-association-of-ghana,capacity_building_users_import
2026-09-17T23:48:42.911Z,AkBtXSDhiZOFcTlFAMdNvQr8H7f1,bulk-import-script,emil.tetteh@gamingcommission.gov.gh,mda_user,gaming-commission,capacity_building_users_import
2026-09-17T23:30:54.672Z,EBJT352nrYaA6HfL5y8od1xkYNJ3,bulk-import-script,sandrasiaw@yahoo.com,mda_user,weija-gbawe-municipal-hospital,capacity_building_users_import
2026-09-02T23:23:47.625Z,XmzJjKEx0mN5TWwcBHUUiNAc8XJ2,bulk-import-script,rahaman.abdulai@nhia.gov.gh,mda_user,national-health-fund,mda_users_import
2026-09-17T23:10:51.380Z,jKKFGTsGeZWrM3QS5qK5JNZGmP52,bulk-import-script,estherasambo631@gmail.com,mda_user,department-of-community-development,capacity_building_users_import
2026-09-17T23:37:01.596Z,hHLZ1mD1MMg4mEEX572yH5o5Dkr1,bulk-import-script,interestabi3@gmail.com,mda_user,centre-for-national-distance-learning-and-open-schooling-cendlos,capacity_building_users_import
2026-09-02T21:52:50.541Z,YAJhWisvsIh3D4QitJFA4Nalr5d2,bulk-import-script,motichief@moti.gov.gh,mda_user,ministry-of-trade-and-industry,mda_users_import
2026-09-02T23:17:46.282Z,TMLl2ODL58QVMCOXhLcjWJTqWqz2,bulk-import-script,ttenkorangnot@gmail.com,mda_user,ministry-of-youth-and-sports,mda_users_import
2026-09-17T23:31:49.326Z,ySt7JrUtLoU6SL5xLv4THcEhpSP2,bulk-import-script,eric.mante-bediako@motcca.gov.gh,mda_user,ministry-of-tourism-culture-and-creative-arts,capacity_building_users_import
2026-09-02T22:00:01.184Z,sMW1isAe0SdHNQZ3mBDSpEdo1g83,bulk-import-script,felix.quainoo@oasl.gov.gh,mda_user,ministry-of-lands-and-natural-resources,mda_users_import
2026-09-02T21:25:03.679Z,PkTbPoptWOMpQUtdl63L0W69QkK2,bulk-import-script,fiifi.bruce-ghartey@gtvets.gov.gh,mda_user,ministry-of-education,mda_users_import
2026-09-02T22:27:13.757Z,HaIgn1616Rac50OVwLEInp9ys7J3,bulk-import-script,portiaaadjei1@gmail.com,mda_user,ministry-of-health,mda_users_import
2026-09-17T23:19:39.738Z,9DPLLP0dLRgQOPpVcc0Ok7Q30Rr2,bulk-import-script,daniel.amankwa@lgs.gov.gh,mda_user,office-of-the-head-of-local-government-service,capacity_building_users_import
2026-09-02T23:13:49.571Z,oBx0HQaGtPZvtdX7wRbGHAaspHm2,bulk-import-script,sackiteyebenezer74@gmail.com,mda_user,ministry-of-trade-and-industry,mda_users_import
2026-09-02T21:27:13.926Z,5UoLYFvbHzNhGPuP1Rf0O1UkL9m2,bulk-import-script,albertakwasiboakye@yahoo.com,mda_user,ministry-of-employment-and-labour-relations,mda_users_import
2026-09-02T23:49:43.205Z,ijiYPXSDuEgKPyLy6vqn28FPAN13,bulk-import-script,kwesipossbley2017@gmail.com,mda_user,ministry-of-health,mda_users_import
2026-09-15T11:51:48.898Z,6QeZ84e3Dna2Z6UM18FK028TfM32,bulk-import-script,lindaapuri@gmail.com,mda_user,amansie-central-district,ashanti_users_import
2026-09-02T22:13:45.201Z,2oeREntTBNMQSh6YmvPBRVpBKU92,bulk-import-script,gbz.kafui@gmail.com,mda_user,ministry-of-finance,mda_users_import
2026-09-02T22:54:47.132Z,4HO8RUK1ajOcpba77hWfnmUGAJg2,bulk-import-script,charlotte.dadzie@mofad.gov.gh,mda_user,ministry-of-fisheries-aqua-culture-development,mda_users_import
2026-09-17T23:08:03.382Z,RJSsvBY148e8CBL1xhVkBC5k1312,bulk-import-script,bright.gyadu-addai@mofaq.gov.gh,mda_user,ministry-of-fisheries-aqua-culture-development,capacity_building_users_import
2026-09-17T23:21:55.729Z,goMrsz6vOgSHZr2sRQ8C5sVQj3B3,bulk-import-script,qjkenn@gmail.com,mda_user,weija-gbawe-municipal-hospital,capacity_building_users_import
2026-09-02T22:47:31.026Z,cpaGqBURvoawPvlH76GsOpwrVt43,bulk-import-script,itsmaame@gmail.com,mda_user,ministry-of-defence,mda_users_import
2026-09-15T11:47:01.631Z,QiU0sjIrICXG0sXWncjfxVvLzX12,bulk-import-script,godfredloung@gmail.com,mda_user,sekyere-afram-plains-district,ashanti_users_import
2026-09-17T23:05:46.703Z,MvYl9aA73nc5GxAIQmM3yXsauHS2,bulk-import-script,vida.ogoe@yahoo.co.uk,mda_user,environmental-protection-agency,capacity_building_users_import
2026-09-02T22:18:02.213Z,Tyrl7fHZzAfoCGM6ZQbyolSyEEf2,bulk-import-script,a.sawiri@stjohn.org.gh,mda_user,ministry-of-health,mda_users_import
2026-09-24T09:46:35.031Z,O2UhofLaRVUw3zLUwSyv1ticMwk2,bulk-import-script,kwameampaduhayford8@gmail.com,mda_user,national-disaster-management-organisation-nadmo,interior_users_import
2026-09-02T23:29:48.974Z,cAzl3hmeEqaHGwIl7PUCjkHPWKq1,bulk-import-script,ebenezer.djietror@yahoo.co.uk,mda_user,parliament-of-ghana,mda_users_import
2026-09-02T21:16:01.269Z,N00PrBuOl9T3GLhwFiEuHotrBul1,bulk-import-script,mbankrah11@gmail.com,mda_user,judicial-service,mda_users_import
2026-09-02T22:54:35.519Z,sDOrzpjl8maEU9tBtzfgR4chWCM2,bulk-import-script,raymond.addo@mesti.gov.gh,mda_user,ministry-of-environment-science-technology-and-innovation,mda_users_import
2026-09-02T23:25:15.850Z,F5tQ5qrv5nQo2jYofdnM6t5ZaJC2,bulk-import-script,eyeboateng@yahoo.com,mda_user,national-media-commission,mda_users_import
2026-09-02T21:36:58.395Z,fcV1ZHsDGKM32Eih5BZo568wyaZ2,bulk-import-script,oppongellis06@yahoo.com,mda_user,ministry-of-local-government,mda_users_import
2026-09-02T22:06:48.718Z,3sBuMMmkC8U8cyrxsCkzX8Vn8BJ3,bulk-import-script,jdadson@mida.gov.gh,mda_user,office-of-government-machinery,mda_users_import
2026-09-02T21:17:51.701Z,7WujJR9N5Qce635D8Dntz8SgEN23,bulk-import-script,irene.agyeman@moc.gov.gh,mda_user,ministry-of-communication-and-decentralization,mda_users_import
2026-09-17T23:32:28.467Z,EcX5U57e6McUtCcFDu1KK3vv0v52,bulk-import-script,richard.boateng24@hotmail.com,mda_user,microfinance-and-small-loans-centre-masloc,capacity_building_users_import
2026-09-02T22:02:33.506Z,G0DK5iXqq3aSU2QhORUyOMO9YtP2,bulk-import-script,issah.shiraz@nhia.gov.gh,mda_user,national-health-fund,mda_users_import
2026-09-22T13:06:27.289Z,jEa1QlrIRSX2qnhxZs12Gi9aSRo1,bulk-import-script,talutadumbu4268@gmail.com,mda_user,wa-west-district,group17_users_import
2026-09-17T23:32:56.825Z,nKgBLeiBckeaYah4IXhmOIQ4bvg2,bulk-import-script,oabernard20@gmail.com,mda_user,office-of-the-attorney-general-and-ministry-of-justice,capacity_building_users_import
2026-09-02T23:35:16.805Z,2oeREntTBNMQSh6YmvPBRVpBKU92,bulk-import-script,gbz.kafui@gmail.com,mda_user,ministry-of-finance,mda_users_import
2026-09-17T23:46:46.954Z,s8i2uqlMY7YGXH15NiSqx4TUvjx1,bulk-import-script,ckwaw1998@gmail.com,mda_user,national-health-insurance-authority-nhia,capacity_building_users_import
2026-09-17T23:04:20.756Z,NKNOi6RzvUQ6PxNKOHOzQkvCf8G2,bulk-import-script,frank.owusu@ncpd.gov.gh,mda_user,national-council-on-persons-with-disability,capacity_building_users_import
2026-09-02T21:47:30.717Z,W8DZILZj33UEZ2A9m6iP9snM2FB2,bulk-import-script,fafianko@nscs.gov.gh,mda_user,ministry-of-the-interior,mda_users_import
2026-09-17T23:31:27.332Z,KbOn4bQLVuPUp9HvV1w7J97VrL73,bulk-import-script,eboascot@yahoo.com,mda_user,national-development-planning-commission,capacity_building_users_import
2026-09-17T23:32:45.906Z,4E56NdglXqUMKUMnP8NrSVK3BHk1,bulk-import-script,zabdulaiwumbei@gmail.com,mda_user,national-theatre-of-ghana,capacity_building_users_import
2026-09-17T23:42:25.668Z,VpuWhbSiyBXr0lLcBNg0jCCvkiH2,bulk-import-script,nanbena@yahoo.com,mda_user,ncce,capacity_building_users_import
2026-09-04T13:38:16.576Z,TSK5fmJeQyTBcn4kPv51ukUfLdC3,bulk-import-script,koyaja.ndiibi@sda.gov.gh,mda_user,saboba-district,volta_serene_group78_users_import
2026-09-17T23:27:27.253Z,xZ39B3xkWhbwG0U2mET1s4o92fk1,bulk-import-script,maudkyeth@gmail.com,mda_user,ministry-of-food-and-agriculture,capacity_building_users_import
2026-09-02T22:09:30.659Z,vOokI0DJonYEb7xH0VLd0xubIxN2,bulk-import-script,nupaya.yussif@ghanaids.gov.gh,mda_user,office-of-government-machinery,mda_users_import
2026-09-17T23:39:18.212Z,00ZIbuQOzJZNOSDv5du5nsQaA8V2,bulk-import-script,oppongemma5@gmail.com,mda_user,community-water-and-sanitation-agency,capacity_building_users_import
2026-09-17T23:43:46.701Z,jMTPX5IKlqdRWxfZuQH3twca3Kx2,bulk-import-script,lhssnmurtada@gmail.com,mda_user,zongo-and-inner-city-development-secretariat,capacity_building_users_import
2026-09-02T21:53:33.107Z,xB2spW2vFAegiJFNaRAjulOCAvf1,bulk-import-script,k_addoyobo@yahoo.com,mda_user,ministry-of-transport,mda_users_import
2026-09-24T09:47:38.112Z,AtKwbGwwerbhcHwZZXZgBE14ZeZ2,bulk-import-script,semefa.asimenu@peacecouncil.gov.gh,mda_user,national-peace-council,interior_users_import
2026-09-02T23:41:12.553Z,db65lLwbNOUSKkkye6iDdFKIRI93,bulk-import-script,boakyeamponsahebenezer@gmail.com,mda_user,ministry-of-health,mda_users_import
2026-09-17T23:49:31.340Z,xLK1Up7N5Bgwiz6OFKbwLOOhBhv1,bulk-import-script,abdul-baaki.sualihu@cagd.gov.gh,mda_user,northern-development-authority,capacity_building_users_import
2026-09-17T23:45:07.181Z,44bnIS6meAQJYB6GNHUIaXRTpZ42,bulk-import-script,tabitha.darko@ghbc.gov.gh,mda_user,ghana-boundary-commission,capacity_building_users_import
2026-09-02T23:51:48.541Z,fyI7uap47gW94EMAPttlRWDOQ5y1,bulk-import-script,vinjoedeq79@gmail.com,mda_user,ministry-of-health,mda_users_import
2026-09-17T23:00:44.356Z,jlNSE8FavAckQHdzmR5rFvdC1Vm2,bulk-import-script,dannyshalom39@gmail.com,mda_user,central-regional-coordinating-council,capacity_building_users_import
2026-09-17T23:47:38.757Z,mnhJiZ7TLzQSi6AkLsguv3ILCy12,bulk-import-script,narhkate@yahoo.com,mda_user,ghana-tvet-service,capacity_building_users_import
2026-09-02T21:30:59.866Z,Tu6w56PTPNX7CjJPSKUKI1Iy6ry2,bulk-import-script,ghammond@energycom.gov.gh,mda_user,ministry-of-energy,mda_users_import
2026-09-04T13:38:06.376Z,5FYgxDiWAFX2XIPSGNjdukrezDy1,bulk-import-script,alhassan.majeed@nsda.gov.gh,mda_user,nanumba-south-district,volta_serene_group78_users_import
2026-09-17T23:42:14.108Z,C0vvfXt9I1QwZJB9xLpGs3ztSmX2,bulk-import-script,abena.asare@mogcsp.gov.gh,mda_user,ministry-of-gender-children-and-social-protection,capacity_building_users_import
2026-09-02T21:25:36.302Z,HHlXTdLlMvMpuVofdODNZhTxM2G3,bulk-import-script,jeffrey.asiampong.baah@gtvets.gov.gh,mda_user,ministry-of-education,mda_users_import
2026-09-02T21:50:14.965Z,xjP9InfoI7ZEZydL2DcerOvQcdz1,bulk-import-script,eric.mante-bediako@motac.gov.gh,mda_user,ministry-of-tourism-culture-and-creative-arts,mda_users_import
2026-09-02T22:10:30.088Z,vdWhYgnqFxWrpvfdyUXJLddMNsM2,bulk-import-script,dora.dei-tumi@cstc.gov.gh,mda_user,office-of-the-head-of-civil-service,mda_users_import
2026-09-02T21:54:50.588Z,SP6airj0xqRn4xAVHYgCzCxOHdl2,bulk-import-script,quakuanim2020@gmail.com,mda_user,ministry-of-transport,mda_users_import
2026-09-04T13:39:54.358Z,qlY4SaOnLtUsGzMQVb4bjdEuuby2,bulk-import-script,bayason42@gmail.com,mda_user,east-gonja-municipal,volta_serene_group78_users_import
2026-09-17T23:18:11.405Z,CwChUVVPoxOh2ss5fxCwOPAny613,bulk-import-script,dickson.twumasi@nita.gov.gh,mda_user,national-information-technology-agency,capacity_building_users_import
2026-09-22T13:05:00.656Z,1ScTAmsXK5aFAZgNCiy2rOJnjub2,bulk-import-script,nelson-yiryel@lawrama.gov.gh,mda_user,lawra-municipal,group17_users_import
2026-09-17T23:00:29.802Z,0xoIv50bfhUDArmJxWKVq1XW8I92,bulk-import-script,francis.yamoah@zicds.gov.gh,mda_user,zongo-and-inner-city-development-secretariat,capacity_building_users_import
2026-09-17T11:06:58.711Z,G6CXcJJQxyR26z7zobUgU72L1Ww2,MKGoW62Iuaf5KXTj3a4LyRxrsaa2,philimon.akande@kpma.gov.gh,mda_user,kpando municipal assembly,
2026-09-17T23:02:09.176Z,vbkAGXTi2rZXBtgdyTYhbkvbimG3,bulk-import-script,sarah.boamahduah@lgs.gov.gh,mda_user,office-of-the-head-of-local-government-service,capacity_building_users_import
2026-09-02T21:16:39.320Z,fJrVt8wVVOhe2J14qAYm4EPXYQv1,bulk-import-script,theodore.korley@lac.gov.gh,mda_user,legal-aid-commission,mda_users_import
2026-09-08T10:39:57.768Z,95KFIG6lZkdgnYJdhXl7dXCskRz1,bulk-import-script,armoo.plaunder1991@gmail.com,mda_user,jomoro-municipal,gbmsupport_users_import
2026-09-02T22:00:18.193Z,e0Yp5Kch2LN43PwnBIroTcrpXpH3,bulk-import-script,innocent.haligah@mlnr.gov.gh,mda_user,ministry-of-lands-and-natural-resources,mda_users_import
2026-09-17T23:27:13.655Z,XeDhCwsRoDUsZeNVacbYdoENu7u2,bulk-import-script,aotoo@energycom.gov.gh,mda_user,energy-commission,capacity_building_users_import
2026-09-11T13:49:46.277Z,xRIhm449dIPG9DvVNkgkPMC72L62,bulk-import-script,adutwum.john@aoma.gov.gh,mda_user,aowin-municipal,volta_serene_group1112_users_import
2026-09-02T21:20:06.205Z,0JsK0lfN2ffRIlvBDBPHz6YXI893,bulk-import-script,ckkpodo@gmail.com,mda_user,ministry-of-defence,mda_users_import
2026-09-17T22:59:39.238Z,ZHEiUtuyxNVZdoQEHU8PCx7VIxL2,bulk-import-script,hannah.tetteh@gepa.gov.gh,mda_user,ghana-export-promotion-authority,capacity_building_users_import
2026-09-02T21:26:06.791Z,j5inAhEKXyOlg1KRtiQomS9c2xB2,bulk-import-script,louisa.arthur@gtvets.gov.gh,mda_user,ministry-of-education,mda_users_import
2026-09-02T21:35:28.869Z,U8wEhRTifzO5xnoPpsiN81eEihG3,bulk-import-script,bright.ayim-adomako@mfa.gov.gh,mda_user,ministry-of-foreign-affairs-and-regional-integration,mda_users_import
2026-09-11T13:51:13.002Z,bC9bFfrITLdu0lbNy05mNSuvgeC2,bulk-import-script,stephen.amofah@sada.gov.gh,mda_user,sefwi-akontombra-district,volta_serene_group1112_users_import
2026-09-02T23:42:27.309Z,e4vPpSea6SVMh1bsBxUlqdcYaV23,bulk-import-script,addog84@gmail.com,mda_user,ministry-of-health,mda_users_import
2026-09-17T23:27:30.221Z,Sr75crgj3IgNCxANzzUOe4Qo5gA2,bulk-import-script,emmanuel.dadzie@mofa.gov.gh,mda_user,ministry-of-food-and-agriculture,capacity_building_users_import
2026-09-02T22:25:47.052Z,Km7qUhDNNVfreK5VLSZM40KWN9L2,bulk-import-script,lawrencekusi@gmail.com,mda_user,ministry-of-health,mda_users_import
2026-09-17T23:46:07.239Z,9DPLLP0dLRgQOPpVcc0Ok7Q30Rr2,bulk-import-script,daniel.amankwa@lgs.gov.gh,mda_user,office-of-the-head-of-local-government-service,capacity_building_users_import
2026-09-01T13:46:50.657Z,14GUSWekd8MtOyN82e6Ry48Aynr2,bulk-import-script,makafuiowulaku@gmail.com,mda_user,upper-manya-krobo-district,volta_serene_group56_users_import
2026-09-02T23:23:59.362Z,zwg1VwS3wAYiORq1sxVAKTmZTE32,bulk-import-script,da-costa.aboagye@nhia.gov.gh,mda_user,national-health-fund,mda_users_import
2026-09-02T21:26:13.585Z,j69ZGRiMLMhJvh7JHwRSyKAU3pS2,bulk-import-script,budgetsubmission@gtec.edu.gh,mda_user,ministry-of-education,mda_users_import
2026-09-02T22:08:58.441Z,ODWQRsjZXjPI20rSVsDms6QQHOZ2,bulk-import-script,zakariaiddrisu43@yahoo.com,mda_user,office-of-government-machinery,mda_users_import
2026-09-02T22:49:33.299Z,KmVXMWFU2OcHW1iUEZfd3nbqnX13,bulk-import-script,john.asare@unescoghana.gov.gh,mda_user,ministry-of-education,mda_users_import
2026-09-02T23:47:25.449Z,dSXHmyYPX0RidZJEFKImNk13et72,bulk-import-script,amofamicheal2@gmail.com,mda_user,ministry-of-health,mda_users_import
2026-09-17T22:58:53.802Z,sxpUJKjX7bRHthE0hImT0xmNH3u1,bulk-import-script,rashmufti653@gmail.com,mda_user,savannah-regional-coordinating-council,capacity_building_users_import
2026-09-02T23:11:30.109Z,0Z3uzZru9oZalYau8E6w4MGnbvr1,bulk-import-script,louismens@yahoo.com,mda_user,ministry-of-tourism-culture-and-creative-arts,mda_users_import
2026-09-17T23:00:58.024Z,XDUCGkCnObU3m2euW6KuAKwowpL2,bulk-import-script,felix.atse@ewastefund.gov.gh,mda_user,electrical-and-electronic-waste-management-fund,capacity_building_users_import
2026-09-04T13:37:30.695Z,UIcs4ga4cDcSP3ZQa7F6YBD36Ks1,bulk-import-script,barichisu.adam@kuda.gov.gh,mda_user,kumbungu-district,volta_serene_group78_users_import
2026-09-18T15:28:20.620Z,XVDkPQsoDwPPPp79nAPVbHOqKpH2,bulk-import-script,obed.asante@asda.gov.gh,mda_user,adansi-south-district,group1516_users_import
2026-09-17T23:33:12.443Z,2G4jArQDEHSGUSbXeqzr99WJxRi2,bulk-import-script,theoflesv@gmail.com,mda_user,ghana-museums-and-monuments-board,capacity_building_users_import
2026-09-02T22:14:12.241Z,r71Enio2zuOfvRxEOCRZsyTWxT12,bulk-import-script,ophelia.opare@iat.gov.gh,mda_user,ministry-of-finance,mda_users_import
2026-09-02T23:30:00.368Z,nYvVutvJBcZxVMuAA4fuNaIgkI32,bulk-import-script,francis2009asiedu@gmail.com,mda_user,public-services-commission,mda_users_import
2026-09-02T23:15:15.672Z,5pw9LOOJVcU7mPOipXhYNzTP8G72,bulk-import-script,emmanuel.kwai@mot.gov.gh,mda_user,ministry-of-transport,mda_users_import
2026-09-17T23:17:49.615Z,KFB1KIeBxShocBvV7BXEAa3VI2g1,bulk-import-script,fktorttoh@outlook.com,mda_user,lands-commission,capacity_building_users_import
2026-09-02T22:44:01.772Z,CwChUVVPoxOh2ss5fxCwOPAny613,bulk-import-script,dickson.twumasi@nita.gov.gh,mda_user,ministry-of-communication-and-decentralization,mda_users_import
2026-09-02T23:17:43.924Z,JYEOBXfuOJQTxkdhNDhBNnQvenZ2,bulk-import-script,mavis.asare@moys.gov.gh,mda_user,ministry-of-youth-and-sports,mda_users_import
2026-09-17T23:45:28.107Z,LM9PM8zi8lMIiukLJCddbjXrQlG3,bulk-import-script,emmanuel.obu-cann@orc.gov.gh,mda_user,office-of-the-registrar-of-companies,capacity_building_users_import
2026-09-02T23:32:57.478Z,w3sl0vgKpMSSEUydznTnJDDANPh2,bulk-import-script,dcollison@mofep.gov.gh,mda_user,ministry-of-finance,mda_users_import
2026-09-02T23:31:16.007Z,hELvsalpTkhkrEK5NJWtvjHqTNi2,bulk-import-script,shirley.lartey@rtic.gov.gh,mda_user,right-to-information-commission,mda_users_import
2026-09-02T23:15:47.804Z,MqI8z3tIe3fx2qZ8DTUWYK3sZY92,bulk-import-script,william.akorli@dvla.gov.gh,mda_user,ministry-of-transport,mda_users_import
2026-09-02T22:12:17.145Z,oLxlSw4lcdcZHku19DxEwdao6kw1,bulk-import-script,adzadzra@mofep.gov.gh,mda_user,ministry-of-finance,mda_users_import
2026-09-04T13:36:59.940Z,7lyXTBsF1TcirKSvihxPoZiEST53,bulk-import-script,mahamud.haruna@northernrcc.gov.gh,mda_user,northern-rba,volta_serene_group78_users_import
2026-09-24T09:49:05.075Z,FFuMzW4RGaSllQeZFFNJfARxMsj1,bulk-import-script,asarep746@gmail.com,mda_user,ghana-police-service,interior_users_import
2026-09-02T21:35:49.547Z,7KPiksgeoRSRYUzWoqNyp6mLPW43,bulk-import-script,francis.dorkenoo@mogcsp.gov.gh,mda_user,ministry-of-gender-children-and-social-protection,mda_users_import
2026-09-02T22:20:21.448Z,zFGdAfIlGpbfFsnq7grXvrHbNrs2,bulk-import-script,ritadzitse@gmail.com,mda_user,ministry-of-health,mda_users_import
2026-09-02T21:29:29.775Z,C01TtIV3iTddJ0U9Whj8GSMHaoI3,bulk-import-script,zarideen.abubakar@melr.gov.gh,mda_user,ministry-of-employment-and-labour-relations,mda_users_import
2026-09-02T23:06:14.007Z,vNVzJYsQQJfi8NXYPIZKrzq1yLw2,bulk-import-script,kntiappiagyei@gmail.com,mda_user,ministry-of-roads-and-highways,mda_users_import
2026-09-17T23:49:18.068Z,nbzNqPh2yscPc7yKwjoGPslCJV92,bulk-import-script,pluntera@mofep.gov.gh,mda_user,ministry-of-finance,capacity_building_users_import
2026-09-02T21:34:01.255Z,VajHCnjFhabBiRm7vQDeVkMJzEs1,bulk-import-script,bhtaahir24@gmail.com,mda_user,ministry-of-food-and-agriculture,mda_users_import
2026-09-02T23:24:39.875Z,iiWGMYPyjFWOE0VBwiOKkiiVKYH2,bulk-import-script,phillip.ankomako@nhia.gov.gh,mda_user,national-health-fund,mda_users_import
2026-09-15T11:48:39.295Z,Oec9XPM0lQXNdUKzEH1D1ZgSig33,bulk-import-script,sussan.osei@suamema.gov.gh,mda_user,suame-municipal,ashanti_users_import
2026-09-17T23:38:30.521Z,WUTMnBswU9XJ94ipiOtVApxiFAv1,bulk-import-script,matilgye@gmail.com,mda_user,management-development-and-productivity-institute,capacity_building_users_import
2026-09-17T23:48:14.006Z,JHRF2VAXLXPq24VIHsmCZfkm1iB2,bulk-import-script,eachuliwor@mofep.gov.gh,mda_user,ministry-of-finance,capacity_building_users_import
2026-09-02T22:25:49.937Z,IgE4h3cr9EPUQlmS2nP74DFw2R53,bulk-import-script,justice.larbie@ghs.gov.gh,mda_user,ministry-of-health,mda_users_import
2026-09-02T22:54:20.810Z,qXiZEi0Cd9ekwgEJcRD12ZBQs2N2,bulk-import-script,mabel.danquah@ewastefund.gov.gh,mda_user,ministry-of-environment-science-technology-and-innovation,mda_users_import
2026-09-15T11:51:32.377Z,TztBBpzyWBMwwAWNg9b6S0vqj7M2,bulk-import-script,richard.ofori@oma.gov.gh,mda_user,obuasi-municipal,ashanti_users_import
2026-09-02T23:06:49.818Z,gyord0hrJfUEvOImD7HWTiGpXo92,bulk-import-script,abdulai.samira@gmail.com,mda_user,ministry-of-roads-and-highways,mda_users_import
2026-09-17T23:10:02.148Z,GJSxMDnQi8PsjiBCLAmuxxjMtrz2,bulk-import-script,kafui.adamah@statsghana.gov.gh,mda_user,ghana-statistical-service,capacity_building_users_import
2026-09-02T22:08:12.589Z,PawVg8PYVddwX7zxgg3eI2FgFBg2,bulk-import-script,mohammed.haruna@zodf.gov.gh,mda_user,office-of-government-machinery,mda_users_import
2026-09-02T22:49:35.207Z,fai8qLVbjGU4tqf1wRHEWVfmM6C3,bulk-import-script,james.omari@library.gov.gh,mda_user,ministry-of-education,mda_users_import
2026-09-02T22:03:21.044Z,GzSmkw1RFOUCn59o3xSXd6hUnXH2,bulk-import-script,aspiro.kade@yahoo.com,mda_user,national-labour-commission,mda_users_import
2026-09-02T21:17:06.457Z,r8zpePtKVKPpB4XlBz9scxiXLuF2,bulk-import-script,anthony.awuviri@meteo.gov.gh,mda_user,ministry-of-communication-and-decentralization,mda_users_import
2026-09-02T21:47:58.557Z,JSsLc4OgIudF5ef0gNgn6VqiLsm1,bulk-import-script,hawa.seini@peacecouncil.gov.gh,mda_user,ministry-of-the-interior,mda_users_import
2026-09-02T23:48:10.708Z,cgcrPlLEmQgWZ7zPO0qojNzX9Kj2,bulk-import-script,osae.abigail.afua@gmail.com,mda_user,ministry-of-health,mda_users_import
2026-09-02T23:09:33.569Z,cvaUvSPPyQT4hulutoRiJcajHAq1,bulk-import-script,indira.lawson@immigration.gov.gh,mda_user,ministry-of-the-interior,mda_users_import
2026-09-02T22:28:06.605Z,NOGEMGkEwhZ49ryl68VpyMFqG6p1,bulk-import-script,addyniistephen@gmail.com,mda_user,ministry-of-health,mda_users_import
2026-09-02T22:45:13.703Z,7WujJR9N5Qce635D8Dntz8SgEN23,bulk-import-script,irene.agyeman@moc.gov.gh,mda_user,ministry-of-communication-and-decentralization,mda_users_import
2026-09-08T10:39:26.509Z,dWzMhYbmwiOtA5SR49FegzBooJk1,bulk-import-script,philp.asante@acda.gov.gh,mda_user,amenfi-central-district,gbmsupport_users_import
2026-09-02T22:41:50.620Z,2gZoIW4xi3dXEitghfogg7jvgq82,bulk-import-script,voteng2002@yahoo.com,mda_user,electoral-commission,mda_users_import
2026-09-02T23:36:32.432Z,5I7809Bk4PbqF9aFPqmRPh8s7mp1,bulk-import-script,afua.amoako-mensah@fda.gov.gh,mda_user,ministry-of-health,mda_users_import
2026-09-17T23:37:20.414Z,GifAuf8eN6e1RtQ0mTjrC2E8wvj1,bulk-import-script,akua.adu-gyamfi@gbdc.gov.gh,mda_user,ghana-book-development-council,capacity_building_users_import
2026-09-02T21:36:40.321Z,sI2np3Cgs9hdAT2gwIqSB2cYDFm1,bulk-import-script,dorcas.jagri9@gmail.com,mda_user,ministry-of-local-government,mda_users_import
2026-09-17T23:44:59.177Z,AgX6KWQL3kOsFQLJRtcm2SBYp6F3,bulk-import-script,irene.agyeman@moc.giv.gh,mda_user,ministry-of-communications-digital-technology-and-innovations,capacity_building_users_import
2026-09-02T23:10:29.252Z,qtYvB9QT8cY6MOCPff288zem5gF3,bulk-import-script,rosea.kponyo@immigration.gov.gh,mda_user,ministry-of-the-interior,mda_users_import
2026-09-11T13:53:12.897Z,Lp02sPrefphfIVcn9OimifDl7PG3,bulk-import-script,theophilus.imbeah@atkda.gov.gh,mda_user,atwima-kwanwoma-district,volta_serene_group1112_users_import
2026-09-02T23:36:05.667Z,EGteji8BvKTQyLPIqwsoSjYZr962,bulk-import-script,seth.anaglate@iaa.gov.gh,mda_user,ministry-of-finance,mda_users_import
2026-09-02T21:23:47.408Z,HUdH3jzISkY9zUCF6n0p9y1ZBMo2,bulk-import-script,asuinura.ernesticia@gbdc.gov.gh,mda_user,ministry-of-education,mda_users_import
2026-09-02T23:35:54.537Z,eCi9EEj0IxSBN3F3k5C2px001Ao2,bulk-import-script,pwujakpa@mofep.gov.gh,mda_user,ministry-of-finance,mda_users_import
2026-09-02T21:36:38.287Z,UkmvVji9cZdpub4RlgypoGA5M7y1,bulk-import-script,desskasante@gmail.com,mda_user,ministry-of-local-government,mda_users_import
2026-09-02T22:08:07.965Z,h2Zf8unGYwSkK6gdTUA2DosDBeC2,bulk-import-script,alha8@yahoo.com,mda_user,office-of-government-machinery,mda_users_import
2026-09-02T21:48:19.977Z,ZD5kInDfFiO9hpYz3fBnLYA7bQl1,bulk-import-script,donkohjohn@gmail.com,mda_user,ministry-of-the-interior,mda_users_import
2026-09-02T22:20:35.988Z,p1C77kPlnLMBiZlilqXrbDnZgVU2,bulk-import-script,evansdanso@yahoo.com,mda_user,ministry-of-health,mda_users_import
2026-09-02T22:13:38.240Z,Rxu6sY5TTwbp6SCZX0dzZSBKmnk2,bulk-import-script,joycetsibun@gmail.com,mda_user,ministry-of-finance,mda_users_import
2026-09-17T23:15:04.929Z,8i7aazcRRgW5Dy5LGNPFf1Qp4242,bulk-import-script,joseph.sarfo-mensah@masloc.gov.gh,mda_user,microfinance-and-small-loans-centre-masloc,capacity_building_users_import
2026-09-02T23:26:01.395Z,vVip2YEUlFQx0UR7hGeRzTPmMW23,bulk-import-script,awortwe.kwabena@nia.gov.gh,mda_user,office-of-government-machinery,mda_users_import
2026-09-02T22:28:19.354Z,bi2DzP8bKSeUsPSRbB5tMJ7KaLF2,bulk-import-script,tcl1063@gmail.com,mda_user,ministry-of-health,mda_users_import
2026-09-02T22:00:34.581Z,ovGnTGFq7feghP0TPs1hLTfX17w2,bulk-import-script,nyonatorek1@gmail.com,mda_user,ministry-of-lands-and-natural-resources,mda_users_import
2026-09-17T23:11:46.322Z,HiUMKxc12vcEpFBDqGx1XUBEVaM2,bulk-import-script,kofiaddoyobo551@gmail.com,mda_user,national-road-safety-authority,capacity_building_users_import
2026-09-02T22:59:48.318Z,07DaeNHB6yRXdVY6Nzn4XPjG7DP2,bulk-import-script,freda.faah@mlgrd.gov.gh,mda_user,ministry-of-local-government,mda_users_import
2026-09-17T23:50:11.201Z,XIqgyZLwhpMmLI9s03Wxbb9fRBw1,bulk-import-script,jamparbin@gmail.com,mda_user,diaspora-affairs-office,capacity_building_users_import
2026-09-02T22:01:57.268Z,DYApG4WyVph1Xajh1GuhtEXAm6T2,bulk-import-script,daniel.koomson@nhia.gov.gh,mda_user,national-health-fund,mda_users_import
2026-09-02T23:36:40.053Z,ULSKZVqegndno5zdLIBJlrueIUl2,bulk-import-script,adeashie@yahoo.co.uk,mda_user,ministry-of-health,mda_users_import
2026-09-18T15:35:55.295Z,XVDkPQsoDwPPPp79nAPVbHOqKpH2,bulk-import-script,obed.asante@asda.gov.gh,mda_user,adansi-south-district,group1516_users_import
2026-09-02T23:24:24.552Z,9lxSGQsjAjgf2e3GHOWeTN2tWts2,bulk-import-script,kwame.nkrumah@nhia.gov.gh,mda_user,national-health-fund,mda_users_import
2026-09-02T23:31:13.707Z,zYFCPqRAagXUH4UbQV572eyMoOr2,bulk-import-script,kofi.sarpong@rtic.gov.gh,mda_user,right-to-information-commission,mda_users_import
2026-09-02T23:11:10.531Z,k5VuadTJJaXD7ZGps40j70nEBbC2,bulk-import-script,tetteh.padi@grb.gov.gh,mda_user,ministry-of-the-interior,mda_users_import
2026-09-17T23:44:15.795Z,JJNhSBDAHta6J9tQoXCJVdWyi593,bulk-import-script,ishmael.genyah@ncpd.gov.gh,mda_user,national-council-on-persons-with-disability,capacity_building_users_import
2026-09-17T23:29:35.411Z,IrNMNQkcLLaWkGOARMhEoy2VBHm2,bulk-import-script,fbaffour@mofep.gov.gh,mda_user,ministry-of-finance,capacity_building_users_import
2026-09-02T23:46:05.963Z,121LmO0ojjW6c8jrrStttJuWMy92,bulk-import-script,gyim25@yahoo.com,mda_user,ministry-of-health,mda_users_import
2026-09-04T13:38:14.146Z,BbNo5tru3TXIOpFQ2jzqLpJxYqJ3,bulk-import-script,obed.turner@sda.gov.gh,mda_user,saboba-district,volta_serene_group78_users_import
2026-09-17T23:08:50.076Z,lyRfsPOKxdcxxvzOVboSrPl9mzC2,bulk-import-script,kweiawaa@yahoo.com,mda_user,national-theatre-of-ghana,capacity_building_users_import
2026-09-04T13:39:47.732Z,aawZqyxiqMd4DQ4hM3ogxMNVia33,bulk-import-script,alhassan.abubakari@bda.gov.gh,mda_user,bole-district,volta_serene_group78_users_import
2026-09-02T22:21:54.609Z,OICKOaQ09vbvDpIgWQyZkVRBaNr2,bulk-import-script,gideon.tandoh@ghs.gov.gh,mda_user,ministry-of-health,mda_users_import
2026-09-17T23:06:31.195Z,8n0LTRzQvJSy1MXXIS1AwFDpkqB3,bulk-import-script,samgyan592@gmail.com,mda_user,national-peace-council,capacity_building_users_import
2026-09-22T13:05:46.622Z,LVfJoFiDecO4npaSZSNebNUn6Vx2,bulk-import-script,munawar.ahmed@swdag.gov.gh,mda_user,sissala-west-district,group17_users_import
2026-09-02T23:48:18.947Z,Ot5epsocldh1GFtoCt59rIfzwGA2,bulk-import-script,paulina.oforiadu@ghs.gov.gh,mda_user,ministry-of-health,mda_users_import
2026-09-02T21:36:13.966Z,K9N2zcQdjMM0gIZtmiNL1CaYQnk1,bulk-import-script,abena.apeaa@luspa.gov.gh,mda_user,ministry-of-local-government,mda_users_import
2026-09-17T23:33:48.762Z,8eKcHleAwzdip0DCyqGGp2vsJZf2,bulk-import-script,stephen.benyin@nhia.govgh,mda_user,national-health-insurance-authority-nhia,capacity_building_users_import
2026-09-02T21:43:16.785Z,cGB2omcf8DUO3837qcXj8QBNdMz2,bulk-import-script,semendo@gmail.com,mda_user,ministry-of-roads-and-highways,mda_users_import
2026-09-02T22:46:51.219Z,MM67gGtm4sVoiuEAKzMdC0s1YsH2,bulk-import-script,samatigah@gmail.com,mda_user,ministry-of-communication-and-decentralization,mda_users_import
2026-09-02T22:54:33.048Z,s88BIilLfScqUO2urdH68tz9jB13,bulk-import-script,patrick.nomo@mesti.gov.gh,mda_user,ministry-of-environment-science-technology-and-innovation,mda_users_import
2026-09-02T21:35:02.037Z,VajHCnjFhabBiRm7vQDeVkMJzEs1,bulk-import-script,bhtaahir24@gmail.com,mda_user,ministry-of-food-and-agriculture,mda_users_import
2026-09-17T23:07:55.128Z,5SbkpcNXz9hdPqRP9r3PuoAxTCa2,bulk-import-script,ziemgifty@gmail.com,mda_user,christ-the-teacher-college-of-education,capacity_building_users_import
2026-09-04T13:37:54.002Z,arY3aCwKR6d8wdAFAkqEvyecIjG2,bulk-import-script,amina.alhassan@nanton.gov.gh,mda_user,nanton-district,volta_serene_group78_users_import
2026-09-17T23:20:47.061Z,G17ALSgn4HfcS0pyNE15wUPHSmT2,bulk-import-script,bernard.bosomprah@nhia.gov.gh,mda_user,national-health-insurance-authority-nhia,capacity_building_users_import
2026-09-17T23:18:16.844Z,GozBbHeLl5du963bp4ZbXxbSHDS2,bulk-import-script,sammyb495@yahoo.com,mda_user,lands-commission,capacity_building_users_import
2026-09-02T21:30:33.621Z,g3uvB5RlxNMesuVNk9yxeQ0B3Ky2,bulk-import-script,toni.aubynn@phdc.gov.gh,mda_user,ministry-of-energy,mda_users_import
2026-09-18T15:32:12.743Z,TlpMEnsKc7YmgOtjFwssPQKa2pA3,bulk-import-script,esther.ayimkonadu@ksda.gov.gh,mda_user,kintampo-south-district,group1516_users_import
2026-09-02T22:01:10.444Z,zcq75RlACrgsQ5GCfELCwrLsRI22,bulk-import-script,kathyaddy@yahoo.com,mda_user,national-commission-on-civic-education,mda_users_import
2026-09-02T22:11:14.727Z,9znXE1jpLGTROqjqfiYh3CUvJEI3,bulk-import-script,siino.issaka@osp.gov.gh,mda_user,office-of-the-special-prosecutor,mda_users_import
2026-09-17T23:27:05.514Z,4J63Bo7A3KOMaeXGkoi5J80KQLj1,bulk-import-script,kojo.acquah@nasia.gov.gh,mda_user,national-schools-inspectorate-authority,capacity_building_users_import
2026-09-02T22:09:59.922Z,vQtdViELSCcqOdRz1NTGtzjYCcR2,bulk-import-script,georgeannan504@gmail.com,mda_user,office-of-the-attorney-general-and-ministry-of-justice,mda_users_import
2026-09-02T23:33:26.499Z,OixgyGWPRgYMHArPsSWDvdw5gl93,bulk-import-script,favadzi@mofep.gov.gh,mda_user,ministry-of-finance,mda_users_import
2026-09-02T23:07:25.925Z,8oJxPGjsfRR3WKirf6V5VbCmDda2,bulk-import-script,caquah@nsbnc.org,mda_user,ministry-of-the-interior,mda_users_import
2026-09-02T21:29:17.448Z,kfP2RfiTsFRhx5ZRSKNAT2DhvcC3,bulk-import-script,asamoahnatty@gmail.com,mda_user,ministry-of-employment-and-labour-relations,mda_users_import
2026-09-01T13:43:13.725Z,qo47Xs3iC1auHcD0JnpcoTzT13n2,bulk-import-script,philip.eklu@bcma.gov.gh,mda_user,birim-central-municipal,volta_serene_group56_users_import
2026-09-02T22:00:39.782Z,c89lLLfTKcRjS9FfPkURkykqwF12,bulk-import-script,prince.baakoh@outlook.com,mda_user,ministry-of-lands-and-natural-resources,mda_users_import
2026-09-02T23:41:47.908Z,W1ALljB5sxfYvmhJ4GNwsfban4m1,bulk-import-script,macdee360@gmail.com,mda_user,ministry-of-health,mda_users_import
2026-09-02T23:31:20.785Z,zPbXIWAxSXRhvO4ZJJx1gyKrkYm2,bulk-import-script,albert.boafo@fic.gov.gh,mda_user,ministry-of-finance,mda_users_import
2026-09-02T22:25:52.175Z,U5Dt28GhThRi7fVPqlVZHcz8IiX2,bulk-import-script,niilaud@hotmail.com,mda_user,ministry-of-health,mda_users_import
2026-09-02T22:43:49.583Z,0VnweSZup6UnZw6saPxTHeSDe852,bulk-import-script,alfred.danso@moc.gov.gh,mda_user,ministry-of-communication-and-decentralization,mda_users_import
2026-09-02T22:29:10.469Z,8xjdXA1YiNMo8fAiBVhlsG9IHIn2,bulk-import-script,sandra.yenzu@nmc.gov.gh,mda_user,ministry-of-health,mda_users_import
2026-09-04T13:40:24.192Z,ti9jsbwH1haXm1xNULpa9x8qlwJ3,bulk-import-script,issahaku.elisha@ngda.gov.gh,mda_user,north-gonja-district,volta_serene_group78_users_import
2026-09-02T21:26:09.028Z,S8Dur32fgmRBJz20SSdQezs3sxH2,bulk-import-script,mark.benyih@ges.gov.gh,mda_user,ministry-of-education,mda_users_import
2026-09-17T23:29:19.358Z,yTFmLKJaNKeg7KCB3Q6BCef6UM73,bulk-import-script,anthony.mensah@rmtf.gov.gh,mda_user,road-maintenance-trust-fund,capacity_building_users_import
2026-09-11T13:50:09.683Z,VKF40KP4wWbKjode52VOVRxdTwI3,bulk-import-script,eric.dadson@bwdas.gov.gh,mda_user,bia-west-district,volta_serene_group1112_users_import
2026-09-04T13:37:48.957Z,loiYYZRSjQYsmtfOOj1X9lSC1Mg1,bulk-import-script,yussif.harruna@nanton.gov.gh,mda_user,nanton-district,volta_serene_group78_users_import
2026-09-02T23:38:44.977Z,0cQO9W0NP9MwdzlooDD65r90QQI2,bulk-import-script,bernard.mortotsi@pantanghospital.gov.gh,mda_user,ministry-of-health,mda_users_import
2026-09-02T23:02:32.437Z,VfMrTB78X2grK0DbHC82Nz9oZK72,bulk-import-script,ramgnine@gmail.com,mda_user,ministry-of-local-government,mda_users_import
2026-09-02T21:32:22.225Z,CNDr0atdPUaYvGMVzquu17i3Zc22,bulk-import-script,william.asamani-sarpong@nba.gov.gh,mda_user,ministry-of-environment-science-technology-and-innovation,mda_users_import
2026-09-02T21:50:54.084Z,62iYILtvY7U2nW9gKsEq8aftCGR2,bulk-import-script,langmagne@yahoo.com,mda_user,ministry-of-tourism-culture-and-creative-arts,mda_users_import
2026-09-17T23:37:12.838Z,2VCRaHUK2ZM3ZTdO2GDX2kSPqJ03,bulk-import-script,robert.akuoko@mint.gov.gh,mda_user,ministry-of-the-interior,capacity_building_users_import
2026-09-02T23:46:57.996Z,Km7qUhDNNVfreK5VLSZM40KWN9L2,bulk-import-script,lawrencekusi@gmail.com,mda_user,ministry-of-health,mda_users_import
2026-09-24T09:49:29.543Z,LXMJWkvHP3g6NlvaiNNBwXic8Kw1,bulk-import-script,selasie.adih@grb.gov.gh,mda_user,ghana-refugee-board,interior_users_import
2026-09-02T21:59:32.759Z,QRmz1GMkulaT0YtKK7Xatil4nmc2,bulk-import-script,charles.boadi-kwakye@mincom.gov.gh,mda_user,ministry-of-lands-and-natural-resources,mda_users_import
2026-09-02T21:27:02.260Z,U7iJXHt9RGaT80n3mGJQhPSUwdN2,bulk-import-script,faith.laarie@moe.gov.gh,mda_user,ministry-of-education,mda_users_import
2026-09-17T23:38:55.399Z,HiUMKxc12vcEpFBDqGx1XUBEVaM2,bulk-import-script,kofiaddoyobo551@gmail.com,mda_user,national-road-safety-authority,capacity_building_users_import
2026-09-17T23:42:44.298Z,FVFA9USGSNVdgh5zxoL8cc0bVEu2,bulk-import-script,osuabaeffrim@gmail.com,mda_user,ministry-of-roads-and-highways,capacity_building_users_import